agent,iteration,sigma_mhz,num_samples,average_fidelity,average_gate_fidelity,fidelity_variance,nominal_fidelity,nominal_cost,nominal_leakage,time_ns
noise,1,0.1,200,0.9857639326104146,0.9822049157630182,5.569206426785651e-06,0.9827388019369104,0.6770774419650775,0.00024573887577999254,180.0
noise,1,0.25,200,0.9824993160763937,0.9781241450954918,3.596906450403234e-05,0.9827388019369104,0.6770774419650775,0.00024573887577999254,180.0
noise,1,0.5,200,0.9720490268861037,0.9650612836076294,0.00017155958874180076,0.9827388019369104,0.6770774419650775,0.00024573887577999254,180.0
noise,1,0.75,200,0.9580612242555268,0.9475765303194085,0.0004070042039780801,0.9827388019369104,0.6770774419650775,0.00024573887577999254,180.0
noise,1,1.0,200,0.9352848183462307,0.9191060229327883,0.0009160230738448545,0.9827388019369104,0.6770774419650775,0.00024573887577999254,180.0
noise,1,1.25,200,0.903190623474822,0.8789882793435274,0.00247162787977115,0.9827388019369104,0.6770774419650775,0.00024573887577999254,180.0
noise,1,1.5,200,0.8700781377092132,0.8375976721365166,0.003094509010188541,0.9827388019369104,0.6770774419650775,0.00024573887577999254,180.0
noise,1,2.0,200,0.8054237968068965,0.7567797460086203,0.007488849713252857,0.9827388019369104,0.6770774419650775,0.00024573887577999254,180.0
noise,1,2.5,200,0.7295397981864228,0.6619247477330285,0.008972324966528921,0.9827388019369104,0.6770774419650775,0.00024573887577999254,180.0
noise,1,3.0,200,0.6385808395943822,0.5482260494929776,0.017152221306854783,0.9827388019369104,0.6770774419650775,0.00024573887577999254,180.0
noise,1,3.5,200,0.5617178225526626,0.45214727819082823,0.019129683563408377,0.9827388019369104,0.6770774419650775,0.00024573887577999254,180.0
noise,2,0.1,200,0.9828633182378472,0.978579147797309,5.791481213215364e-06,0.9794957549964468,0.527327624603531,0.0005578463179590549,180.0
noise,2,0.25,200,0.9798808948034389,0.9748511185042986,4.18779818606304e-05,0.9794957549964468,0.527327624603531,0.0005578463179590549,180.0
noise,2,0.5,200,0.9708467468552382,0.9635584335690478,0.00017488692950741108,0.9794957549964468,0.527327624603531,0.0005578463179590549,180.0
noise,2,0.75,200,0.9545305452426235,0.9431631815532794,0.00039930572467216096,0.9794957549964468,0.527327624603531,0.0005578463179590549,180.0
noise,2,1.0,200,0.9339242041992174,0.9174052552490217,0.0010303926933871012,0.9794957549964468,0.527327624603531,0.0005578463179590549,180.0
noise,2,1.25,200,0.9062753252792153,0.8828441565990189,0.002179104829804054,0.9794957549964468,0.527327624603531,0.0005578463179590549,180.0
noise,2,1.5,200,0.8700632352693788,0.8375790440867235,0.003247159949846741,0.9794957549964468,0.527327624603531,0.0005578463179590549,180.0
noise,2,2.0,200,0.8008014682704223,0.7510018353380278,0.00778019041600837,0.9794957549964468,0.527327624603531,0.0005578463179590549,180.0
noise,2,2.5,200,0.7281794359407942,0.6602242949259925,0.009240320047155028,0.9794957549964468,0.527327624603531,0.0005578463179590549,180.0
noise,2,3.0,200,0.634099514254397,0.5426243928179961,0.017976088236039064,0.9794957549964468,0.527327624603531,0.0005578463179590549,180.0
noise,2,3.5,200,0.5590334825846817,0.44879185323085197,0.01934739065073348,0.9794957549964468,0.527327624603531,0.0005578463179590549,180.0
noise,3,0.1,200,0.997481994719082,0.9968524933988525,5.241008646048365e-07,0.997297296778989,0.3761323431161916,0.0003907753350652741,126.0
noise,3,0.25,200,0.9952911865830765,0.9941139832288454,4.417377640556961e-06,0.997297296778989,0.3761323431161916,0.0003907753350652741,126.0
noise,3,0.5,200,0.988618903960142,0.9857736299501774,2.5383192629689608e-05,0.997297296778989,0.3761323431161916,0.0003907753350652741,126.0
noise,3,0.75,200,0.9769263525484493,0.9711579406855616,0.00010233879312346619,0.997297296778989,0.3761323431161916,0.0003907753350652741,126.0
noise,3,1.0,200,0.9609923775382522,0.9512404719228149,0.0002678205554613145,0.997297296778989,0.3761323431161916,0.0003907753350652741,126.0
noise,3,1.25,200,0.9428761195277531,0.9285951494096917,0.0007593184274985752,0.997297296778989,0.3761323431161916,0.0003907753350652741,126.0
noise,3,1.5,200,0.916689519584855,0.8958618994810689,0.0013610618755790676,0.997297296778989,0.3761323431161916,0.0003907753350652741,126.0
noise,3,2.0,200,0.8611225223819624,0.826403152977453,0.004887427482015496,0.997297296778989,0.3761323431161916,0.0003907753350652741,126.0
noise,3,2.5,200,0.8013791596929064,0.751723949616133,0.006365011137750649,0.997297296778989,0.3761323431161916,0.0003907753350652741,126.0
noise,3,3.0,200,0.7216252990243678,0.6520316237804596,0.01064295578419547,0.997297296778989,0.3761323431161916,0.0003907753350652741,126.0
noise,3,3.5,200,0.6501353157876217,0.5626691447345271,0.013544391368193793,0.997297296778989,0.3761323431161916,0.0003907753350652741,126.0
noise,4,0.1,200,0.9965232140591272,0.995654017573909,6.788494237856942e-07,0.9960525342943445,0.37186595683135093,0.0003556197695670206,112.0
noise,4,0.25,200,0.9948262578519698,0.9935328223149622,5.628708149706772e-06,0.9960525342943445,0.37186595683135093,0.0003556197695670206,112.0
noise,4,0.5,200,0.9882280831946493,0.9852851039933114,3.062349870833342e-05,0.9960525342943445,0.37186595683135093,0.0003556197695670206,112.0
noise,4,0.75,200,0.9782770114234953,0.972846264279369,9.2917362638394e-05,0.9960525342943445,0.37186595683135093,0.0003556197695670206,112.0
noise,4,1.0,200,0.9635365297702321,0.9544206622127899,0.00027500353711818886,0.9960525342943445,0.37186595683135093,0.0003556197695670206,112.0
noise,4,1.25,200,0.9471958823279103,0.9339948529098876,0.0005997363471644197,0.9960525342943445,0.37186595683135093,0.0003556197695670206,112.0
noise,4,1.5,200,0.9265981620620232,0.9082477025775287,0.001227593218599671,0.9960525342943445,0.37186595683135093,0.0003556197695670206,112.0
noise,4,2.0,200,0.8767293002247811,0.8459116252809763,0.0032417465438392586,0.9960525342943445,0.37186595683135093,0.0003556197695670206,112.0
noise,4,2.5,200,0.819544499545081,0.7744306244313516,0.005841602099087641,0.9960525342943445,0.37186595683135093,0.0003556197695670206,112.0
noise,4,3.0,200,0.7477563957505714,0.6846954946882142,0.011793408997719457,0.9960525342943445,0.37186595683135093,0.0003556197695670206,112.0
noise,4,3.5,200,0.6869374129903805,0.6086717662379757,0.012233865024513848,0.9960525342943445,0.37186595683135093,0.0003556197695670206,112.0
noise,5,0.1,200,0.9968718906807323,0.9960898633509158,5.325861497464829e-07,0.99648637153632,0.3886082744871211,0.00038883953350167565,106.0
noise,5,0.25,200,0.995291912668434,0.9941148908355427,4.238496763053348e-06,0.99648637153632,0.3886082744871211,0.00038883953350167565,106.0
noise,5,0.5,200,0.9890896326843994,0.9863620408554991,2.7339987726749424e-05,0.99648637153632,0.3886082744871211,0.00038883953350167565,106.0
noise,5,0.75,200,0.9802416281087117,0.9753020351358895,7.341325163433777e-05,0.99648637153632,0.3886082744871211,0.00038883953350167565,106.0
noise,5,1.0,200,0.9663305586925784,0.9579131983657229,0.0002111490816862187,0.99648637153632,0.3886082744871211,0.00038883953350167565,106.0
noise,5,1.25,200,0.9501798680302834,0.9377248350378542,0.0005863191760784905,0.99648637153632,0.3886082744871211,0.00038883953350167565,106.0
noise,5,1.5,200,0.9303977856198268,0.9129972320247837,0.0010562528016116067,0.99648637153632,0.3886082744871211,0.00038883953350167565,106.0
noise,5,2.0,200,0.8830181417861569,0.8537726772326962,0.002451524068596008,0.99648637153632,0.3886082744871211,0.00038883953350167565,106.0
noise,5,2.5,200,0.8312140342038185,0.7890175427547729,0.004934043042816028,0.99648637153632,0.3886082744871211,0.00038883953350167565,106.0
noise,5,3.0,200,0.7622059031910203,0.7027573789887753,0.010249688800333447,0.99648637153632,0.3886082744871211,0.00038883953350167565,106.0
noise,5,3.5,200,0.6993543575783009,0.6241929469728761,0.012525103757635372,0.99648637153632,0.3886082744871211,0.00038883953350167565,106.0
noise,6,0.1,200,0.9964531503076002,0.9955664378845,6.098371434162898e-07,0.9958904396417341,0.3717435422054335,0.0004429428967126773,102.0
noise,6,0.25,200,0.9948594353758543,0.9935742942198175,4.850342808086327e-06,0.9958904396417341,0.3717435422054335,0.0004429428967126773,102.0
noise,6,0.5,200,0.988807614835303,0.9860095185441287,2.820166951422405e-05,0.9958904396417341,0.3717435422054335,0.0004429428967126773,102.0
noise,6,0.75,200,0.9803668219345614,0.9754585274182018,8.361466074248345e-05,0.9958904396417341,0.3717435422054335,0.0004429428967126773,102.0
noise,6,1.0,200,0.967634243348035,0.959542804185044,0.00021897649025497609,0.9958904396417341,0.3717435422054335,0.0004429428967126773,102.0
noise,6,1.25,200,0.9526791806322532,0.940848975790316,0.0004934293664483583,0.9958904396417341,0.3717435422054335,0.0004429428967126773,102.0
noise,6,1.5,200,0.9317404481846104,0.914675560230763,0.0012167717425802362,0.9958904396417341,0.3717435422054335,0.0004429428967126773,102.0
noise,6,2.0,200,0.887671335301401,0.8595891691267511,0.0023671829836629885,0.9958904396417341,0.3717435422054335,0.0004429428967126773,102.0
noise,6,2.5,200,0.8309775532728383,0.7887219415910478,0.004985499011825458,0.9958904396417341,0.3717435422054335,0.0004429428967126773,102.0
noise,6,3.0,200,0.7660486943055895,0.7075608678819867,0.009792034593927421,0.9958904396417341,0.3717435422054335,0.0004429428967126773,102.0
noise,6,3.5,200,0.7033214279710358,0.6291517849637946,0.011464051559857146,0.9958904396417341,0.3717435422054335,0.0004429428967126773,102.0
noise,7,0.1,200,0.9958951280217857,0.9948689100272321,6.376627178076161e-07,0.9952338401136447,0.3759943005079821,0.0004742515762670425,102.0
noise,7,0.25,200,0.9942038807189422,0.9927548508986778,4.443255923429769e-06,0.9952338401136447,0.3759943005079821,0.0004742515762670425,102.0
noise,7,0.5,200,0.988351812942876,0.985439766178595,3.641570091798624e-05,0.9952338401136447,0.3759943005079821,0.0004742515762670425,102.0
noise,7,0.75,200,0.980001838179198,0.9750022977239974,8.091087092697286e-05,0.9952338401136447,0.3759943005079821,0.0004742515762670425,102.0
noise,7,1.0,200,0.9667653413262445,0.9584566766578055,0.00021344018531199125,0.9952338401136447,0.3759943005079821,0.0004742515762670425,102.0
noise,7,1.25,200,0.9517272132860015,0.9396590166075016,0.000542801296406458,0.9952338401136447,0.3759943005079821,0.0004742515762670425,102.0
noise,7,1.5,200,0.9306592865447982,0.9133241081809976,0.0012770377570137737,0.9952338401136447,0.3759943005079821,0.0004742515762670425,102.0
noise,7,2.0,200,0.8881653774914233,0.860206721864279,0.002386957340772685,0.9952338401136447,0.3759943005079821,0.0004742515762670425,102.0
noise,7,2.5,200,0.8309645720943815,0.7887057151179768,0.005006680410490477,0.9952338401136447,0.3759943005079821,0.0004742515762670425,102.0
noise,7,3.0,200,0.7642060132329361,0.7052575165411702,0.009738512931090237,0.9952338401136447,0.3759943005079821,0.0004742515762670425,102.0
noise,7,3.5,200,0.7007971278812093,0.6259964098515114,0.011704534018519114,0.9952338401136447,0.3759943005079821,0.0004742515762670425,102.0
noise,8,0.1,200,0.9942959328242339,0.9928699160302921,8.646204952867245e-07,0.993179793266949,0.3573746470535296,0.00045233045757444424,100.0
noise,8,0.25,200,0.9927448617937433,0.990931077242179,7.503262824495443e-06,0.993179793266949,0.3573746470535296,0.00045233045757444424,100.0
noise,8,0.5,200,0.9865894653543873,0.9832368316929841,3.361577435744851e-05,0.993179793266949,0.3573746470535296,0.00045233045757444424,100.0
noise,8,0.75,200,0.9784116321064599,0.9730145401330751,9.847355771341629e-05,0.993179793266949,0.3573746470535296,0.00045233045757444424,100.0
noise,8,1.0,200,0.9641561846468059,0.9551952308085073,0.0002696839518374736,0.993179793266949,0.3573746470535296,0.00045233045757444424,100.0
noise,8,1.25,200,0.9499702042203261,0.9374627552754075,0.0006005914900738318,0.993179793266949,0.3573746470535296,0.00045233045757444424,100.0
noise,8,1.5,200,0.930619730547328,0.9132746631841598,0.0010475322364328164,0.993179793266949,0.3573746470535296,0.00045233045757444424,100.0
noise,8,2.0,200,0.8866162524214733,0.8582703155268415,0.0026094264590744353,0.993179793266949,0.3573746470535296,0.00045233045757444424,100.0
noise,8,2.5,200,0.8341571808743347,0.792696476092918,0.004823677656873804,0.993179793266949,0.3573746470535296,0.00045233045757444424,100.0
noise,8,3.0,200,0.7735521834612278,0.7169402293265347,0.010096834467770039,0.993179793266949,0.3573746470535296,0.00045233045757444424,100.0
noise,8,3.5,200,0.7075809759980449,0.6344762199975561,0.011477567805025018,0.993179793266949,0.3573746470535296,0.00045233045757444424,100.0
noise,9,0.1,200,0.9926910935541358,0.9908638669426696,1.283301379974256e-06,0.9911378509807725,0.3956057854332443,0.0004379413766114779,98.0
noise,9,0.25,200,0.991199184558105,0.9889989806976313,8.131420861148178e-06,0.9911378509807725,0.3956057854332443,0.0004379413766114779,98.0
noise,9,0.5,200,0.9849468055355537,0.9811835069194423,4.8518932982874984e-05,0.9911378509807725,0.3956057854332443,0.0004379413766114779,98.0
noise,9,0.75,200,0.9769951187009053,0.9712438983761317,0.0001032099126478505,0.9911378509807725,0.3956057854332443,0.0004379413766114779,98.0
noise,9,1.0,200,0.9646280208309129,0.9557850260386409,0.00026091053893171116,0.9911378509807725,0.3956057854332443,0.0004379413766114779,98.0
noise,9,1.25,200,0.9488043522447974,0.9360054403059967,0.0005550666205552744,0.9911378509807725,0.3956057854332443,0.0004379413766114779,98.0
noise,9,1.5,200,0.9309592494648311,0.9136990618310383,0.0011127872525668711,0.9911378509807725,0.3956057854332443,0.0004379413766114779,98.0
noise,9,2.0,200,0.8899654063994125,0.8624567579992651,0.0025486556730888264,0.9911378509807725,0.3956057854332443,0.0004379413766114779,98.0
noise,9,2.5,200,0.8383961080769483,0.7979951350961854,0.004291416288290928,0.9911378509807725,0.3956057854332443,0.0004379413766114779,98.0
noise,9,3.0,200,0.7733147868538048,0.7166434835672559,0.009212505605925358,0.9911378509807725,0.3956057854332443,0.0004379413766114779,98.0
noise,9,3.5,200,0.7100112180378365,0.6375140225472955,0.01248031546018694,0.9911378509807725,0.3956057854332443,0.0004379413766114779,98.0
noise,10,0.1,200,0.9928827805449203,0.9911034756811502,1.2836461780710844e-06,0.9913662118693796,0.36357368660724276,0.0005040353428036347,98.0
noise,10,0.25,200,0.9913663084080708,0.9892078855100889,7.747225151824218e-06,0.9913662118693796,0.36357368660724276,0.0005040353428036347,98.0
noise,10,0.5,200,0.985087537093762,0.9813594213672023,4.940072212384459e-05,0.9913662118693796,0.36357368660724276,0.0005040353428036347,98.0
noise,10,0.75,200,0.9772213619271682,0.9715267024089604,0.00010291941044751115,0.9913662118693796,0.36357368660724276,0.0005040353428036347,98.0
noise,10,1.0,200,0.9647808849111197,0.9559761061388996,0.00024992080672547553,0.9913662118693796,0.36357368660724276,0.0005040353428036347,98.0
noise,10,1.25,200,0.9486818957117887,0.9358523696397356,0.0005612919535150272,0.9913662118693796,0.36357368660724276,0.0005040353428036347,98.0
noise,10,1.5,200,0.9308186591613059,0.9135233239516322,0.001120327575521545,0.9913662118693796,0.36357368660724276,0.0005040353428036347,98.0
noise,10,2.0,200,0.8905734293344182,0.8632167866680226,0.0025546804712036995,0.9913662118693796,0.36357368660724276,0.0005040353428036347,98.0
noise,10,2.5,200,0.8381550240946126,0.7976937801182654,0.004290230358464899,0.9913662118693796,0.36357368660724276,0.0005040353428036347,98.0
noise,10,3.0,200,0.7734052778782123,0.7167565973477653,0.009142685714972095,0.9913662118693796,0.36357368660724276,0.0005040353428036347,98.0
noise,10,3.5,200,0.709366918978961,0.6367086487237011,0.012593065191714891,0.9913662118693796,0.36357368660724276,0.0005040353428036347,98.0
noise,11,0.1,200,0.992422294361408,0.99052786795176,1.3805914439024862e-06,0.9907799387396189,0.353693159621321,0.0004726311337104531,98.0
noise,11,0.25,200,0.9908872704240967,0.988609088030121,8.031434872080418e-06,0.9907799387396189,0.353693159621321,0.0004726311337104531,98.0
noise,11,0.5,200,0.984594800028488,0.98074350003561,5.196185036020432e-05,0.9907799387396189,0.353693159621321,0.0004726311337104531,98.0
noise,11,0.75,200,0.9767174980843033,0.9708968726053788,0.00010581580491933324,0.9907799387396189,0.353693159621321,0.0004726311337104531,98.0
noise,11,1.0,200,0.9641703256083229,0.9552129070104037,0.00026141431988772245,0.9907799387396189,0.353693159621321,0.0004726311337104531,98.0
noise,11,1.25,200,0.9482554839894789,0.9353193549868487,0.0005706902793480934,0.9907799387396189,0.353693159621321,0.0004726311337104531,98.0
noise,11,1.5,200,0.9302854140347355,0.9128567675434194,0.0011368921263410524,0.9907799387396189,0.353693159621321,0.0004726311337104531,98.0
noise,11,2.0,200,0.8898910958783399,0.8623638698479249,0.002598357773363631,0.9907799387396189,0.353693159621321,0.0004726311337104531,98.0
noise,11,2.5,200,0.8372847043310785,0.7966058804138482,0.004367364697250127,0.9907799387396189,0.353693159621321,0.0004726311337104531,98.0
noise,11,3.0,200,0.7726972860965498,0.7158716076206872,0.009192429489037807,0.9907799387396189,0.353693159621321,0.0004726311337104531,98.0
noise,11,3.5,200,0.7084932663259242,0.6356165829074052,0.012582445241805124,0.9907799387396189,0.353693159621321,0.0004726311337104531,98.0
noise,12,0.1,200,0.9887331457315924,0.9859164321644903,2.100087211418046e-06,0.986160437322681,0.3988853408126698,0.0004822430008351509,96.0
noise,12,0.25,200,0.9872032346425872,0.984004043303234,1.200909271319067e-05,0.986160437322681,0.3988853408126698,0.0004822430008351509,96.0
noise,12,0.5,200,0.9810539787836228,0.9763174734795282,6.487467898023485e-05,0.986160437322681,0.3988853408126698,0.0004822430008351509,96.0
noise,12,0.75,200,0.9735471976130065,0.9669339970162583,0.0001518047814825118,0.986160437322681,0.3988853408126698,0.0004822430008351509,96.0
noise,12,1.0,200,0.9599958566563753,0.9499948208204692,0.0003423454248155859,0.986160437322681,0.3988853408126698,0.0004822430008351509,96.0
noise,12,1.25,200,0.9461551609621918,0.9326939512027397,0.0005889268401738095,0.986160437322681,0.3988853408126698,0.0004822430008351509,96.0
noise,12,1.5,200,0.9271352742808814,0.9089190928511016,0.0012787006298809428,0.986160437322681,0.3988853408126698,0.0004822430008351509,96.0
noise,12,2.0,200,0.8857616829808319,0.8572021037260399,0.0025051134461676,0.986160437322681,0.3988853408126698,0.0004822430008351509,96.0
noise,12,2.5,200,0.8326728737559574,0.7908410921949468,0.004996828376035522,0.986160437322681,0.3988853408126698,0.0004822430008351509,96.0
noise,12,3.0,200,0.7769865707797801,0.7212332134747251,0.009199423852637051,0.986160437322681,0.3988853408126698,0.0004822430008351509,96.0
noise,12,3.5,200,0.7164219806095119,0.6455274757618897,0.01032096806843611,0.986160437322681,0.3988853408126698,0.0004822430008351509,96.0
noise,13,0.1,200,0.9839673130215962,0.979959141276995,2.989036201430104e-06,0.9801571948408684,0.3955666314052813,0.00047797208603768756,98.0
noise,13,0.25,200,0.9825055577983284,0.9781319472479103,1.7169060095930054e-05,0.9801571948408684,0.3955666314052813,0.00047797208603768756,98.0
noise,13,0.5,200,0.9759846436754533,0.9699808045943166,8.9743687929565e-05,0.9801571948408684,0.3955666314052813,0.00047797208603768756,98.0
noise,13,0.75,200,0.9682395628735532,0.9602994535919415,0.00018215327878629684,0.9801571948408684,0.3955666314052813,0.00047797208603768756,98.0
noise,13,1.0,200,0.9561372861456416,0.945171607682052,0.0004131968554451862,0.9801571948408684,0.3955666314052813,0.00047797208603768756,98.0
noise,13,1.25,200,0.9401838722430587,0.9252298403038232,0.0007679353422863169,0.9801571948408684,0.3955666314052813,0.00047797208603768756,98.0
noise,13,1.5,200,0.92228161786351,0.9028520223293874,0.0014321684055355539,0.9801571948408684,0.3955666314052813,0.00047797208603768756,98.0
noise,13,2.0,200,0.8825488222724662,0.8531860278405826,0.002930670032157412,0.9801571948408684,0.3955666314052813,0.00047797208603768756,98.0
noise,13,2.5,200,0.8307459911696056,0.7884324889620069,0.004939940104049309,0.9801571948408684,0.3955666314052813,0.00047797208603768756,98.0
noise,13,3.0,200,0.7675710140778365,0.7094637675972953,0.00987743279882152,0.9801571948408684,0.3955666314052813,0.00047797208603768756,98.0
noise,13,3.5,200,0.7043889224879245,0.6304861531099055,0.013055393829335675,0.9801571948408684,0.3955666314052813,0.00047797208603768756,98.0
noise,14,0.1,200,0.9892854983507235,0.986606872938404,1.9604964077553928e-06,0.986850040888118,0.38012209715906076,0.0004878882188494176,96.0
noise,14,0.25,200,0.9877405270667364,0.9846756588334206,1.1433420878404206e-05,0.986850040888118,0.38012209715906076,0.0004878882188494176,96.0
noise,14,0.5,200,0.9816836186745832,0.977104523343229,6.111917741990481e-05,0.986850040888118,0.38012209715906076,0.0004878882188494176,96.0
noise,14,0.75,200,0.9740468584123487,0.9675585730154356,0.00014545843832056203,0.986850040888118,0.38012209715906076,0.0004878882188494176,96.0
noise,14,1.0,200,0.9603965098928022,0.9504956373660025,0.00032423487940971656,0.986850040888118,0.38012209715906076,0.0004878882188494176,96.0
noise,14,1.25,200,0.9466943379150448,0.933367922393806,0.0005616387140284911,0.986850040888118,0.38012209715906076,0.0004878882188494176,96.0
noise,14,1.5,200,0.9277152442492125,0.9096440553115156,0.0012369785289690802,0.986850040888118,0.38012209715906076,0.0004878882188494176,96.0
noise,14,2.0,200,0.8859667879794921,0.8574584849743649,0.0025023498189112375,0.986850040888118,0.38012209715906076,0.0004878882188494176,96.0
noise,14,2.5,200,0.8330167990334687,0.7912709987918356,0.004885669161759016,0.986850040888118,0.38012209715906076,0.0004878882188494176,96.0
noise,14,3.0,200,0.7770564542724174,0.7213205678405213,0.009170072693411337,0.986850040888118,0.38012209715906076,0.0004878882188494176,96.0
noise,14,3.5,200,0.7162801800004355,0.6453502250005444,0.010193813750585994,0.986850040888118,0.38012209715906076,0.0004878882188494176,96.0
noise,15,0.1,200,0.9889129404308337,0.9861411755385422,1.999034900949526e-06,0.9863898991476757,0.37351102721944307,0.0004910416693397853,96.0
noise,15,0.25,200,0.9874299092051125,0.9842873865063906,1.1300257259410477e-05,0.9863898991476757,0.37351102721944307,0.0004910416693397853,96.0
noise,15,0.5,200,0.9813171298710568,0.976646412338821,6.010774834810356e-05,0.9863898991476757,0.37351102721944307,0.0004910416693397853,96.0
noise,15,0.75,200,0.9737305861393772,0.9671632326742216,0.00014160013791317572,0.9863898991476757,0.37351102721944307,0.0004910416693397853,96.0
noise,15,1.0,200,0.9605695994914474,0.9507119993643093,0.00031460143752675703,0.9863898991476757,0.37351102721944307,0.0004910416693397853,96.0
noise,15,1.25,200,0.9462195863819693,0.9327744829774615,0.000617655056420089,0.9863898991476757,0.37351102721944307,0.0004910416693397853,96.0
noise,15,1.5,200,0.9268706711041539,0.9085883388801921,0.001289926283851279,0.9863898991476757,0.37351102721944307,0.0004910416693397853,96.0
noise,15,2.0,200,0.8870802412039531,0.8588503015049411,0.0024504923765905177,0.9863898991476757,0.37351102721944307,0.0004910416693397853,96.0
noise,15,2.5,200,0.8332034586264006,0.7915043232830006,0.005036380510878702,0.9863898991476757,0.37351102721944307,0.0004910416693397853,96.0
noise,15,3.0,200,0.7773665110077554,0.7217081387596942,0.009057779045361128,0.9863898991476757,0.37351102721944307,0.0004910416693397853,96.0
noise,15,3.5,200,0.7175524252057998,0.6469405315072495,0.010410980587720131,0.9863898991476757,0.37351102721944307,0.0004910416693397853,96.0
noise,16,0.1,200,0.9874359898372314,0.9842949872965393,2.4227529562084666e-06,0.9845445614940316,0.38573847221031643,0.0005402206701785318,96.0
noise,16,0.25,200,0.9859115639753075,0.9823894549691343,1.4004211759102575e-05,0.9845445614940316,0.38573847221031643,0.0005402206701785318,96.0
noise,16,0.5,200,0.9798300244213363,0.97478753052667,7.25713562757215e-05,0.9845445614940316,0.38573847221031643,0.0005402206701785318,96.0
noise,16,0.75,200,0.972390916713465,0.9654886458918313,0.0001679034443607589,0.9845445614940316,0.38573847221031643,0.0005402206701785318,96.0
noise,16,1.0,200,0.9585377052705426,0.9481721315881783,0.0003649522956974137,0.9845445614940316,0.38573847221031643,0.0005402206701785318,96.0
noise,16,1.25,200,0.9449811267244382,0.9312264084055478,0.0006055487222084295,0.9845445614940316,0.38573847221031643,0.0005402206701785318,96.0
noise,16,1.5,200,0.9262010648780905,0.907751331097613,0.001308436514172407,0.9845445614940316,0.38573847221031643,0.0005402206701785318,96.0
noise,16,2.0,200,0.8847674911962706,0.8559593639953385,0.002564947581084399,0.9845445614940316,0.38573847221031643,0.0005402206701785318,96.0
noise,16,2.5,200,0.8319880616724641,0.7899850770905801,0.004965986768690374,0.9845445614940316,0.38573847221031643,0.0005402206701785318,96.0
noise,16,3.0,200,0.7761634562375982,0.7202043202969974,0.009218707709252807,0.9845445614940316,0.38573847221031643,0.0005402206701785318,96.0
noise,16,3.5,200,0.7151664161927348,0.6439580202409183,0.01020927689033266,0.9845445614940316,0.38573847221031643,0.0005402206701785318,96.0
noise,17,0.1,200,0.9844972137242451,0.980621517155306,2.8890165644366435e-06,0.9808417165868191,0.38266576564076227,0.000543565228353218,98.0
noise,17,0.25,200,0.9829729495135151,0.978716186891894,1.747887630880141e-05,0.9808417165868191,0.38266576564076227,0.000543565228353218,98.0
noise,17,0.5,200,0.9764359688672025,0.9705449610840029,8.901385820534981e-05,0.9808417165868191,0.38266576564076227,0.000543565228353218,98.0
noise,17,0.75,200,0.9689768854112585,0.961221106764073,0.00017097303351671403,0.9808417165868191,0.38266576564076227,0.000543565228353218,98.0
noise,17,1.0,200,0.9558016480875344,0.944752060109418,0.0004266645103131955,0.9808417165868191,0.38266576564076227,0.000543565228353218,98.0
noise,17,1.25,200,0.9409389917918807,0.9261737397398511,0.0007470417236950314,0.9808417165868191,0.38266576564076227,0.000543565228353218,98.0
noise,17,1.5,200,0.9232914958767939,0.9041143698459924,0.001359517572745868,0.9808417165868191,0.38266576564076227,0.000543565228353218,98.0
noise,17,2.0,200,0.8816210245953781,0.8520262807442224,0.0029812242921381095,0.9808417165868191,0.38266576564076227,0.000543565228353218,98.0
noise,17,2.5,200,0.8304718515488905,0.788089814436113,0.004855533014883876,0.9808417165868191,0.38266576564076227,0.000543565228353218,98.0
noise,17,3.0,200,0.767712876887809,0.7096410961097611,0.0097958225269657,0.9808417165868191,0.38266576564076227,0.000543565228353218,98.0
noise,17,3.5,200,0.7036688115616254,0.6295860144520318,0.012842286471008456,0.9808417165868191,0.38266576564076227,0.000543565228353218,98.0
noise,18,0.1,200,0.9848097490606208,0.9810121863257757,2.693599163808518e-06,0.9812247688009351,0.3930360818001401,0.0006030639506071338,96.0
noise,18,0.25,200,0.9832839277511216,0.9791049096889017,1.4870943080535413e-05,0.9812247688009351,0.3930360818001401,0.0006030639506071338,96.0
noise,18,0.5,200,0.9770133135929306,0.9712666419911633,7.70318315346868e-05,0.9812247688009351,0.3930360818001401,0.0006030639506071338,96.0
noise,18,0.75,200,0.9696613346799681,0.9620766683499599,0.00018108184296102337,0.9812247688009351,0.3930360818001401,0.0006030639506071338,96.0
noise,18,1.0,200,0.9561610144075031,0.9452012680093789,0.00038657769255538065,0.9812247688009351,0.3930360818001401,0.0006030639506071338,96.0
noise,18,1.25,200,0.9421511788249,0.9276889735311248,0.0006819221063768949,0.9812247688009351,0.3930360818001401,0.0006030639506071338,96.0
noise,18,1.5,200,0.9231637152812667,0.903954644101583,0.0014094897889792488,0.9812247688009351,0.3930360818001401,0.0006030639506071338,96.0
noise,18,2.0,200,0.8824763535503806,0.8530954419379758,0.0026700304573300995,0.9812247688009351,0.3930360818001401,0.0006030639506071338,96.0
noise,18,2.5,200,0.8292302283716371,0.7865377854645466,0.005209268842612569,0.9812247688009351,0.3930360818001401,0.0006030639506071338,96.0
noise,18,3.0,200,0.7743303125793822,0.7179128907242278,0.009380284279871708,0.9812247688009351,0.3930360818001401,0.0006030639506071338,96.0
noise,18,3.5,200,0.7140825554862524,0.6426031943578155,0.010428537612925188,0.9812247688009351,0.3930360818001401,0.0006030639506071338,96.0
noise,19,0.1,200,0.9846269246425842,0.9807836558032301,2.7529318393454416e-06,0.9810057504940581,0.38696355786948416,0.0006348909834590626,96.0
noise,19,0.25,200,0.9831063197678998,0.9788828997098744,1.486603794884244e-05,0.9810057504940581,0.38696355786948416,0.0006348909834590626,96.0
noise,19,0.5,200,0.9768598314131567,0.9710747892664454,7.858750321246902e-05,0.9810057504940581,0.38696355786948416,0.0006348909834590626,96.0
noise,19,0.75,200,0.9695740256729155,0.961967532091144,0.00018480781794763028,0.9810057504940581,0.38696355786948416,0.0006348909834590626,96.0
noise,19,1.0,200,0.9558984382872929,0.9448730478591161,0.0003756316734391274,0.9810057504940581,0.38696355786948416,0.0006348909834590626,96.0
noise,19,1.25,200,0.94184108874781,0.9273013609347626,0.0006867138224806576,0.9810057504940581,0.38696355786948416,0.0006348909834590626,96.0
noise,19,1.5,200,0.9228703218342708,0.9035879022928381,0.0014239142069617028,0.9810057504940581,0.38696355786948416,0.0006348909834590626,96.0
noise,19,2.0,200,0.8829229340730858,0.853653667591357,0.0026171111597280234,0.9810057504940581,0.38696355786948416,0.0006348909834590626,96.0
noise,19,2.5,200,0.8290553846759926,0.7863192308449904,0.005115423754249828,0.9810057504940581,0.38696355786948416,0.0006348909834590626,96.0
noise,19,3.0,200,0.7741983761000122,0.7177479701250153,0.009281190549243598,0.9810057504940581,0.38696355786948416,0.0006348909834590626,96.0
noise,19,3.5,200,0.713410652000918,0.6417633150011475,0.010298251954891369,0.9810057504940581,0.38696355786948416,0.0006348909834590626,96.0
noise,20,0.1,200,0.985361323206358,0.9817016540079474,2.6362694631832326e-06,0.9819191771658266,0.37852718614497294,0.0006687245108739364,96.0
noise,20,0.25,200,0.9838199479537224,0.9797749349421531,1.4321681038058781e-05,0.9819191771658266,0.37852718614497294,0.0006687245108739364,96.0
noise,20,0.5,200,0.9774853406800775,0.9718566758500969,7.482905705130266e-05,0.9819191771658266,0.37852718614497294,0.0006687245108739364,96.0
noise,20,0.75,200,0.9701246791203556,0.9626558489004445,0.00017598660843614136,0.9819191771658266,0.37852718614497294,0.0006687245108739364,96.0
noise,20,1.0,200,0.956800301130198,0.9460003764127473,0.0003802019514549314,0.9819191771658266,0.37852718614497294,0.0006687245108739364,96.0
noise,20,1.25,200,0.9426728356017989,0.9283410445022484,0.000678624678766677,0.9819191771658266,0.37852718614497294,0.0006687245108739364,96.0
noise,20,1.5,200,0.9234252031174144,0.904281503896768,0.0014119503189630445,0.9819191771658266,0.37852718614497294,0.0006687245108739364,96.0
noise,20,2.0,200,0.8827283758983541,0.8534104698729424,0.002642060773465161,0.9819191771658266,0.37852718614497294,0.0006687245108739364,96.0
noise,20,2.5,200,0.8292412659860324,0.7865515824825405,0.005228201859167547,0.9819191771658266,0.37852718614497294,0.0006687245108739364,96.0
noise,20,3.0,200,0.7745017747643632,0.718127218455454,0.009393897488580305,0.9819191771658266,0.37852718614497294,0.0006687245108739364,96.0
noise,20,3.5,200,0.7143810057017757,0.6429762571272194,0.010499672779391171,0.9819191771658266,0.37852718614497294,0.0006687245108739364,96.0
noise,21,0.1,200,0.9853795235663321,0.9817244044579152,2.6706921948366534e-06,0.9819336625883874,0.3908304076788605,0.0006953293477671016,96.0
noise,21,0.25,200,0.9838344630619574,0.9797930788274468,1.4990375664221041e-05,0.9819336625883874,0.3908304076788605,0.0006953293477671016,96.0
noise,21,0.5,200,0.9775371535030946,0.9719214418788681,7.654845342740475e-05,0.9819336625883874,0.3908304076788605,0.0006953293477671016,96.0
noise,21,0.75,200,0.9701309977379298,0.9626637471724121,0.00017941308609190242,0.9819336625883874,0.3908304076788605,0.0006953293477671016,96.0
noise,21,1.0,200,0.9567243521775382,0.9459054402219228,0.00039395766818049944,0.9819336625883874,0.3908304076788605,0.0006953293477671016,96.0
noise,21,1.25,200,0.9428149587028113,0.9285186983785141,0.0006711760257448636,0.9819336625883874,0.3908304076788605,0.0006953293477671016,96.0
noise,21,1.5,200,0.9237254501890736,0.9046568127363424,0.001405447287342722,0.9819336625883874,0.3908304076788605,0.0006953293477671016,96.0
noise,21,2.0,200,0.8823068511092595,0.8528835638865744,0.0027279496579503703,0.9819336625883874,0.3908304076788605,0.0006953293477671016,96.0
noise,21,2.5,200,0.8294450727079461,0.7868063408849326,0.00525248979629778,0.9819336625883874,0.3908304076788605,0.0006953293477671016,96.0
noise,21,3.0,200,0.7744362310917223,0.7180452888646529,0.009476924220230538,0.9819336625883874,0.3908304076788605,0.0006953293477671016,96.0
noise,21,3.5,200,0.7143905748731496,0.6429882185914368,0.010499800515643715,0.9819336625883874,0.3908304076788605,0.0006953293477671016,96.0
noise,22,0.1,200,0.9846816904454689,0.9808521130568362,2.823166812662427e-06,0.981046083777852,0.38194565773657174,0.0007253977428136431,98.0
noise,22,0.25,200,0.9831487443398373,0.9789359304247965,1.649120902619487e-05,0.981046083777852,0.38194565773657174,0.0007253977428136431,98.0
noise,22,0.5,200,0.9765343326879177,0.9706679158598971,8.929875766870216e-05,0.981046083777852,0.38194565773657174,0.0007253977428136431,98.0
noise,22,0.75,200,0.9690904072211244,0.9613630090264056,0.00017010142334026164,0.981046083777852,0.38194565773657174,0.0007253977428136431,98.0
noise,22,1.0,200,0.956148604002938,0.9451857550036723,0.00040329968186534156,0.981046083777852,0.38194565773657174,0.0007253977428136431,98.0
noise,22,1.25,200,0.940626271163867,0.9257828389548337,0.0007501636443081189,0.981046083777852,0.38194565773657174,0.0007253977428136431,98.0
noise,22,1.5,200,0.9230260019633163,0.9037825024541454,0.0013818594011293336,0.981046083777852,0.38194565773657174,0.0007253977428136431,98.0
noise,22,2.0,200,0.882533725338568,0.8531671566732101,0.002941316317462807,0.981046083777852,0.38194565773657174,0.0007253977428136431,98.0
noise,22,2.5,200,0.8306359180750196,0.7882948975937744,0.004851281603427136,0.981046083777852,0.38194565773657174,0.0007253977428136431,98.0
noise,22,3.0,200,0.7680628026074781,0.7100785032593474,0.009690102606857648,0.981046083777852,0.38194565773657174,0.0007253977428136431,98.0
noise,22,3.5,200,0.7033768998071478,0.6292211247589347,0.013025257555203533,0.981046083777852,0.38194565773657174,0.0007253977428136431,98.0
noise,23,0.1,200,0.9836067538197302,0.9795084422746626,2.8660306356716256e-06,0.9797325755326876,0.3896340348473577,0.0006670424431776827,96.0
noise,23,0.25,200,0.982077186317881,0.9775964828973511,1.5092727660396548e-05,0.9797325755326876,0.3896340348473577,0.0006670424431776827,96.0
noise,23,0.5,200,0.9757230246632033,0.969653780829004,8.013275423400488e-05,0.9797325755326876,0.3896340348473577,0.0006670424431776827,96.0
noise,23,0.75,200,0.9685502960373541,0.9606878700466926,0.0001902993336748445,0.9797325755326876,0.3896340348473577,0.0006670424431776827,96.0
noise,23,1.0,200,0.9551271053023473,0.9439088816279343,0.0003981757773127606,0.9797325755326876,0.3896340348473577,0.0006670424431776827,96.0
noise,23,1.25,200,0.9409271325267042,0.9261589156583803,0.0007112200246287285,0.9797325755326876,0.3896340348473577,0.0006670424431776827,96.0
noise,23,1.5,200,0.9218241777496685,0.9022802221870859,0.0014659198144353436,0.9797325755326876,0.3896340348473577,0.0006670424431776827,96.0
noise,23,2.0,200,0.8819111943883847,0.8523889929854809,0.002618693862626802,0.9797325755326876,0.3896340348473577,0.0006670424431776827,96.0
noise,23,2.5,200,0.8280700484074952,0.7850875605093691,0.005221490785923384,0.9797325755326876,0.3896340348473577,0.0006670424431776827,96.0
noise,23,3.0,200,0.7736380068724813,0.7170475085906015,0.00938386226000297,0.9797325755326876,0.3896340348473577,0.0006670424431776827,96.0
noise,23,3.5,200,0.7134340936286123,0.6417926170357652,0.010483279777189112,0.9797325755326876,0.3896340348473577,0.0006670424431776827,96.0
noise,24,0.1,200,0.9861257689003825,0.9826572111254782,2.5511318104207645e-06,0.9828952577706854,0.37664014617183394,0.0007151416048994947,96.0
noise,24,0.25,200,0.9845763925867449,0.9807204907334313,1.415463341932927e-05,0.9828952577706854,0.37664014617183394,0.0007151416048994947,96.0
noise,24,0.5,200,0.9783766679042961,0.9729708348803701,7.455741786615834e-05,0.9828952577706854,0.37664014617183394,0.0007151416048994947,96.0
noise,24,0.75,200,0.9710343812483755,0.9637929765604695,0.00017645101543761074,0.9828952577706854,0.37664014617183394,0.0007151416048994947,96.0
noise,24,1.0,200,0.9573031792352431,0.9466289740440539,0.00037552517004377765,0.9828952577706854,0.37664014617183394,0.0007151416048994947,96.0
noise,24,1.25,200,0.9435704791351093,0.9294630989188868,0.000630565324528439,0.9828952577706854,0.37664014617183394,0.0007151416048994947,96.0
noise,24,1.5,200,0.9246532827201513,0.9058166034001893,0.001362445515185658,0.9828952577706854,0.37664014617183394,0.0007151416048994947,96.0
noise,24,2.0,200,0.8834488074465509,0.8543110093081887,0.0025974309089506777,0.9828952577706854,0.37664014617183394,0.0007151416048994947,96.0
noise,24,2.5,200,0.8302274860050588,0.7877843575063234,0.005012270455166767,0.9828952577706854,0.37664014617183394,0.0007151416048994947,96.0
noise,24,3.0,200,0.7750266067455628,0.7187832584319535,0.009316646667598318,0.9828952577706854,0.37664014617183394,0.0007151416048994947,96.0
noise,24,3.5,200,0.7141786588281042,0.6427233235351301,0.010261927517183944,0.9828952577706854,0.37664014617183394,0.0007151416048994947,96.0
noise,25,0.1,200,0.9694584464948375,0.9618230581185468,8.457750784141177e-06,0.9622784024949177,0.8457558444570392,0.0012246958736543423,180.0
noise,25,0.25,200,0.9665595389513051,0.9581994236891314,6.352159844566744e-05,0.9622784024949177,0.8457558444570392,0.0012246958736543423,180.0
noise,25,0.5,200,0.9562087022930861,0.9452608778663576,0.0002493038971647032,0.9622784024949177,0.8457558444570392,0.0012246958736543423,180.0
noise,25,0.75,200,0.94322081009785,0.9290260126223125,0.0005226181689662934,0.9622784024949177,0.8457558444570392,0.0012246958736543423,180.0
noise,25,1.0,200,0.9217677687654815,0.902209710956852,0.0013235319281606395,0.9622784024949177,0.8457558444570392,0.0012246958736543423,180.0
noise,25,1.25,200,0.8887579337730114,0.8609474172162641,0.0030828455379571284,0.9622784024949177,0.8457558444570392,0.0012246958736543423,180.0
noise,25,1.5,200,0.8607934636272394,0.825991829534049,0.003960135364949957,0.9622784024949177,0.8457558444570392,0.0012246958736543423,180.0
noise,25,2.0,200,0.7978727433736131,0.7473409292170163,0.007952032145356032,0.9622784024949177,0.8457558444570392,0.0012246958736543423,180.0
noise,25,2.5,200,0.7246803331995645,0.6558504164994556,0.009650604277102666,0.9622784024949177,0.8457558444570392,0.0012246958736543423,180.0
noise,25,3.0,200,0.6380190090993498,0.5475237613741873,0.018664863527399055,0.9622784024949177,0.8457558444570392,0.0012246958736543423,180.0
noise,25,3.5,200,0.5621480299113799,0.45268503738922483,0.02130134115561017,0.9622784024949177,0.8457558444570392,0.0012246958736543423,180.0
noise,26,0.1,200,0.9879001983162109,0.9848752478952637,2.2946235223076263e-06,0.9851112821049898,0.39587900791997466,0.0007855745356829864,94.0
noise,26,0.25,200,0.9863786138980626,0.9829732673725782,1.292733860968019e-05,0.9851112821049898,0.39587900791997466,0.0007855745356829864,94.0
noise,26,0.5,200,0.9803045212792855,0.9753806515991067,5.706125498825616e-05,0.9851112821049898,0.39587900791997466,0.0007855745356829864,94.0
noise,26,0.75,200,0.9735735891880601,0.9669669864850752,0.00014245764832111188,0.9851112821049898,0.39587900791997466,0.0007855745356829864,94.0
noise,26,1.0,200,0.9602637271683099,0.9503296589603873,0.0002912955409129388,0.9851112821049898,0.39587900791997466,0.0007855745356829864,94.0
noise,26,1.25,200,0.9454859730370754,0.9318574662963441,0.0006304042373117892,0.9851112821049898,0.39587900791997466,0.0007855745356829864,94.0
noise,26,1.5,200,0.9285648986899135,0.9107061233623917,0.0012216979701305444,0.9851112821049898,0.39587900791997466,0.0007855745356829864,94.0
noise,26,2.0,200,0.8868412102043068,0.8585515127553837,0.003028331493966642,0.9851112821049898,0.39587900791997466,0.0007855745356829864,94.0
noise,26,2.5,200,0.8356883013167997,0.7946103766459995,0.004582938508023904,0.9851112821049898,0.39587900791997466,0.0007855745356829864,94.0
noise,26,3.0,200,0.7802645291488599,0.7253306614360748,0.008297558708353227,0.9851112821049898,0.39587900791997466,0.0007855745356829864,94.0
noise,26,3.5,200,0.7177209337002903,0.647151167125363,0.010488608178401826,0.9851112821049898,0.39587900791997466,0.0007855745356829864,94.0
noise,27,0.1,200,0.9843928167928131,0.9804910209910165,2.869301505471791e-06,0.9806915242452825,0.3893256717542899,0.0008298481495839503,96.0
noise,27,0.25,200,0.9828501204395501,0.9785626505494375,1.6029720621614344e-05,0.9806915242452825,0.3893256717542899,0.0008298481495839503,96.0
noise,27,0.5,200,0.9765064161795115,0.9706330202243894,8.017952662286887e-05,0.9806915242452825,0.3893256717542899,0.0008298481495839503,96.0
noise,27,0.75,200,0.9691382221942281,0.9614227777427848,0.00018856717509261114,0.9806915242452825,0.3893256717542899,0.0008298481495839503,96.0
noise,27,1.0,200,0.9558435639298799,0.9448044549123495,0.0004170557376318582,0.9806915242452825,0.3893256717542899,0.0008298481495839503,96.0
noise,27,1.25,200,0.9418351619103126,0.9272939523878905,0.0007062221190497855,0.9806915242452825,0.3893256717542899,0.0008298481495839503,96.0
noise,27,1.5,200,0.9227365610350677,0.903420701293835,0.0014513207162248328,0.9806915242452825,0.3893256717542899,0.0008298481495839503,96.0
noise,27,2.0,200,0.8813878300917022,0.8517347876146277,0.002815027031684694,0.9806915242452825,0.3893256717542899,0.0008298481495839503,96.0
noise,27,2.5,200,0.8284111249209373,0.7855139061511717,0.0053756393934861965,0.9806915242452825,0.3893256717542899,0.0008298481495839503,96.0
noise,27,3.0,200,0.7735653760286786,0.716956720035848,0.009558378766628807,0.9806915242452825,0.3893256717542899,0.0008298481495839503,96.0
noise,27,3.5,200,0.7139643667677652,0.6424554584597064,0.01068029237428514,0.9806915242452825,0.3893256717542899,0.0008298481495839503,96.0
noise,28,0.1,200,0.9866038763692893,0.9832548454616113,2.4516955631523726e-06,0.9834952460435645,0.3962780764190117,0.0008432318839934048,96.0
noise,28,0.25,200,0.9850661634780279,0.9813327043475347,1.3145379241870846e-05,0.9834952460435645,0.3962780764190117,0.0008432318839934048,96.0
noise,28,0.5,200,0.9788406832550228,0.9735508540687786,7.031223114694102e-05,0.9834952460435645,0.3962780764190117,0.0008432318839934048,96.0
noise,28,0.75,200,0.9714416869519517,0.9643021086899393,0.00016733692251915452,0.9834952460435645,0.3962780764190117,0.0008432318839934048,96.0
noise,28,1.0,200,0.9579717081935674,0.9474646352419591,0.0003433730398355331,0.9834952460435645,0.3962780764190117,0.0008432318839934048,96.0
noise,28,1.25,200,0.9437784734136623,0.929723091767078,0.00065009013068945,0.9834952460435645,0.3962780764190117,0.0008432318839934048,96.0
noise,28,1.5,200,0.9244996587099021,0.9056245733873776,0.0013743830455015392,0.9834952460435645,0.3962780764190117,0.0008432318839934048,96.0
noise,28,2.0,200,0.8845242746429136,0.855655343303642,0.002552143591480143,0.9834952460435645,0.3962780764190117,0.0008432318839934048,96.0
noise,28,2.5,200,0.8301578682533273,0.7876973353166591,0.005039137284896435,0.9834952460435645,0.3962780764190117,0.0008432318839934048,96.0
noise,28,3.0,200,0.7751803271855567,0.718975408981946,0.009229018513045239,0.9834952460435645,0.3962780764190117,0.0008432318839934048,96.0
noise,28,3.5,200,0.714502796903162,0.6431284961289525,0.010361339538307184,0.9834952460435645,0.3962780764190117,0.0008432318839934048,96.0
noise,29,0.1,200,0.9860463353716423,0.9825579192145529,2.490848771635233e-06,0.9827555488834223,0.38930171580116957,0.0008216203524605099,98.0
noise,29,0.25,200,0.9845435585984004,0.9806794482480004,1.3673412465805921e-05,0.9827555488834223,0.38930171580116957,0.0008216203524605099,98.0
noise,29,0.5,200,0.9780126165619919,0.9725157707024898,7.620648753522619e-05,0.9827555488834223,0.38930171580116957,0.0008216203524605099,98.0
noise,29,0.75,200,0.9701941005073395,0.9627426256341741,0.00015694534499321517,0.9827555488834223,0.38930171580116957,0.0008216203524605099,98.0
noise,29,1.0,200,0.9578297413559897,0.9472871766949871,0.00037460010574403457,0.9827555488834223,0.38930171580116957,0.0008216203524605099,98.0
noise,29,1.25,200,0.9421269910392334,0.9276587387990418,0.0007164468057571541,0.9827555488834223,0.38930171580116957,0.0008216203524605099,98.0
noise,29,1.5,200,0.9241530990117784,0.9051913737647229,0.001348054750194649,0.9827555488834223,0.38930171580116957,0.0008216203524605099,98.0
noise,29,2.0,200,0.8831058970228733,0.8538823712785919,0.0029196546867740624,0.9827555488834223,0.38930171580116957,0.0008216203524605099,98.0
noise,29,2.5,200,0.8311232562100147,0.7889040702625181,0.004898812724610674,0.9827555488834223,0.38930171580116957,0.0008216203524605099,98.0
noise,29,3.0,200,0.7681213696101336,0.7101517120126669,0.009826544270147324,0.9827555488834223,0.38930171580116957,0.0008216203524605099,98.0
noise,29,3.5,200,0.7045524278458728,0.6306905348073409,0.013032857787352175,0.9827555488834223,0.38930171580116957,0.0008216203524605099,98.0
noise,30,0.1,200,0.9875419424915144,0.984427428114393,2.221586045089632e-06,0.9846521597430753,0.39442634091918055,0.0008311569773531893,96.0
noise,30,0.25,200,0.9860162135853362,0.9825202669816698,1.2371748268019092e-05,0.9846521597430753,0.39442634091918055,0.0008311569773531893,96.0
noise,30,0.5,200,0.9798050484915968,0.9747563106144957,6.507210050416847e-05,0.9846521597430753,0.39442634091918055,0.0008311569773531893,96.0
noise,30,0.75,200,0.9723072442572017,0.9653840553215021,0.00015676371778091433,0.9846521597430753,0.39442634091918055,0.0008311569773531893,96.0
noise,30,1.0,200,0.9590017962271212,0.9487522452839017,0.0003420812797347476,0.9846521597430753,0.39442634091918055,0.0008311569773531893,96.0
noise,30,1.25,200,0.9448124778904762,0.9310155973630954,0.000637175687367287,0.9846521597430753,0.39442634091918055,0.0008311569773531893,96.0
noise,30,1.5,200,0.925500134218369,0.9068751677729614,0.0013373915667229692,0.9846521597430753,0.39442634091918055,0.0008311569773531893,96.0
noise,30,2.0,200,0.8849497901997769,0.8561872377497208,0.0026049214675091348,0.9846521597430753,0.39442634091918055,0.0008311569773531893,96.0
noise,30,2.5,200,0.8312137449941428,0.7890171812426785,0.005114403211849616,0.9846521597430753,0.39442634091918055,0.0008311569773531893,96.0
noise,30,3.0,200,0.7759071578568454,0.7198839473210564,0.009296474145070777,0.9846521597430753,0.39442634091918055,0.0008311569773531893,96.0
noise,30,3.5,200,0.7158140652186753,0.6447675815233441,0.010526700185145631,0.9846521597430753,0.39442634091918055,0.0008311569773531893,96.0
noise,31,0.1,200,0.9836264000031755,0.9795330000039695,3.2000512009089473e-06,0.9797469142797072,0.39660314143131453,0.0009917097700758036,104.0
noise,31,0.25,200,0.9820751057096416,0.9775938821370519,1.79170749304717e-05,0.9797469142797072,0.39660314143131453,0.0009917097700758036,104.0
noise,31,0.5,200,0.9752441410435001,0.9690551763043749,7.078932283615739e-05,0.9797469142797072,0.39660314143131453,0.0009917097700758036,104.0
noise,31,0.75,200,0.9662315003012782,0.9577893753765978,0.00022657655043545864,0.9797469142797072,0.39660314143131453,0.0009917097700758036,104.0
noise,31,1.0,200,0.9520976794767844,0.9401220993459803,0.00047853594245031786,0.9797469142797072,0.39660314143131453,0.0009917097700758036,104.0
noise,31,1.25,200,0.9383754187555967,0.9229692734444959,0.0008402580782985387,0.9797469142797072,0.39660314143131453,0.0009917097700758036,104.0
noise,31,1.5,200,0.9174636251916901,0.8968295314896128,0.001658369850355405,0.9797469142797072,0.39660314143131453,0.0009917097700758036,104.0
noise,31,2.0,200,0.8706270489584871,0.8382838111981085,0.003588413616492616,0.9797469142797072,0.39660314143131453,0.0009917097700758036,104.0
noise,31,2.5,200,0.8188955185574189,0.7736193981967736,0.0049290108754719815,0.9797469142797072,0.39660314143131453,0.0009917097700758036,104.0
noise,31,3.0,200,0.7570173036805499,0.6962716296006873,0.010546649785026417,0.9797469142797072,0.39660314143131453,0.0009917097700758036,104.0
noise,31,3.5,200,0.6921822485925084,0.6152278107406355,0.011936473961562846,0.9797469142797072,0.39660314143131453,0.0009917097700758036,104.0
noise,32,0.1,200,0.986205683535448,0.9827571044193101,2.4328599850516364e-06,0.9829419996700955,0.390973414111316,0.0009231312040613449,98.0
noise,32,0.25,200,0.9846126273284727,0.9807657841605907,1.3368130652914992e-05,0.9829419996700955,0.390973414111316,0.0009231312040613449,98.0
noise,32,0.5,200,0.9780346777440923,0.972543347180115,7.690368971539532e-05,0.9829419996700955,0.390973414111316,0.0009231312040613449,98.0
noise,32,0.75,200,0.9704478213524546,0.9630597766905682,0.0001508635091169148,0.9829419996700955,0.390973414111316,0.0009231312040613449,98.0
noise,32,1.0,200,0.9572265484529536,0.9465331855661921,0.0003750853989775769,0.9829419996700955,0.390973414111316,0.0009231312040613449,98.0
noise,32,1.25,200,0.9419448363273664,0.9274310454092077,0.0007124736389392297,0.9829419996700955,0.390973414111316,0.0009231312040613449,98.0
noise,32,1.5,200,0.9242211043422679,0.9052763804278343,0.001301326812655963,0.9829419996700955,0.390973414111316,0.0009231312040613449,98.0
noise,32,2.0,200,0.8822913416209768,0.8528641770262206,0.002970117940298976,0.9829419996700955,0.390973414111316,0.0009231312040613449,98.0
noise,32,2.5,200,0.8301643417339183,0.7877054271673978,0.004865175884688694,0.9829419996700955,0.390973414111316,0.0009231312040613449,98.0
noise,32,3.0,200,0.767934400054516,0.7099180000681448,0.009810013454571592,0.9829419996700955,0.390973414111316,0.0009231312040613449,98.0
noise,32,3.5,200,0.7027062117140924,0.6283827646426154,0.013129821902632169,0.9829419996700955,0.390973414111316,0.0009231312040613449,98.0
noise,33,0.1,200,0.9852706066445429,0.9815882583056785,2.6312825687677473e-06,0.981786329307969,0.3944150982960592,0.0008589291639263141,96.0
noise,33,0.25,200,0.9837285924930484,0.9796607406163105,1.409481534309068e-05,0.981786329307969,0.3944150982960592,0.0008589291639263141,96.0
noise,33,0.5,200,0.977374370918978,0.9717179636487225,7.402598533280143e-05,0.981786329307969,0.3944150982960592,0.0008589291639263141,96.0
noise,33,0.75,200,0.9700511714001611,0.9625639642502014,0.00017941020530615168,0.981786329307969,0.3944150982960592,0.0008589291639263141,96.0
noise,33,1.0,200,0.9566823974423454,0.9458529968029318,0.00037843994059262196,0.981786329307969,0.3944150982960592,0.0008589291639263141,96.0
noise,33,1.25,200,0.9423715967158846,0.9279644958948557,0.0007043749281827887,0.981786329307969,0.3944150982960592,0.0008589291639263141,96.0
noise,33,1.5,200,0.9230543677925489,0.9038179597406861,0.0014311916153620732,0.981786329307969,0.3944150982960592,0.0008589291639263141,96.0
noise,33,2.0,200,0.8827033750545783,0.853379218818223,0.002742778690175588,0.981786329307969,0.3944150982960592,0.0008589291639263141,96.0
noise,33,2.5,200,0.8285955117754169,0.7857443897192711,0.005294951855174821,0.981786329307969,0.3944150982960592,0.0008589291639263141,96.0
noise,33,3.0,200,0.7738964848086818,0.717370606010852,0.009465886582519982,0.981786329307969,0.3944150982960592,0.0008589291639263141,96.0
noise,33,3.5,200,0.713718283271117,0.6421478540888963,0.01072777431074183,0.981786329307969,0.3944150982960592,0.0008589291639263141,96.0
noise,34,0.1,200,0.9839064745604333,0.9798830932005417,2.6221910062714836e-06,0.9800813138116209,0.39511129750246843,0.0009438467591252284,100.0
noise,34,0.25,200,0.9824085681957915,0.9780107102447392,1.767656450415584e-05,0.9800813138116209,0.39511129750246843,0.0009438467591252284,100.0
noise,34,0.5,200,0.9756415366846259,0.9695519208557823,7.237674387912776e-05,0.9800813138116209,0.39511129750246843,0.0009438467591252284,100.0
noise,34,0.75,200,0.9681080197674794,0.960135024709349,0.0001758962082736678,0.9800813138116209,0.39511129750246843,0.0009438467591252284,100.0
noise,34,1.0,200,0.9539151676862382,0.9423939596077975,0.00041240233183417567,0.9800813138116209,0.39511129750246843,0.0009438467591252284,100.0
noise,34,1.25,200,0.9386115209788521,0.9232644012235651,0.0009251475596695217,0.9800813138116209,0.39511129750246843,0.0009438467591252284,100.0
noise,34,1.5,200,0.9196150576550537,0.8995188220688174,0.0014292484420532154,0.9800813138116209,0.39511129750246843,0.0009438467591252284,100.0
noise,34,2.0,200,0.8776389096731472,0.8470486370914341,0.0031281689887792865,0.9800813138116209,0.39511129750246843,0.0009438467591252284,100.0
noise,34,2.5,200,0.8242698054920528,0.7803372568650659,0.005161201379619277,0.9800813138116209,0.39511129750246843,0.0009438467591252284,100.0
noise,34,3.0,200,0.7662675563160706,0.7078344453950882,0.010544867216920802,0.9800813138116209,0.39511129750246843,0.0009438467591252284,100.0
noise,34,3.5,200,0.7004304294125467,0.6255380367656833,0.012154439705246496,0.9800813138116209,0.39511129750246843,0.0009438467591252284,100.0
noise,35,0.1,200,0.9889145205134136,0.9861431506417668,1.973019640735794e-06,0.9863509908449176,0.3755908498639849,0.000919909817363916,96.0
noise,35,0.25,200,0.9873585274460339,0.9841981593075423,1.1428327259305173e-05,0.9863509908449176,0.3755908498639849,0.000919909817363916,96.0
noise,35,0.5,200,0.9812044147665016,0.9765055184581268,6.098153905802005e-05,0.9863509908449176,0.3755908498639849,0.000919909817363916,96.0
noise,35,0.75,200,0.9736172833550282,0.9670216041937849,0.00015090880284081114,0.9863509908449176,0.3755908498639849,0.000919909817363916,96.0
noise,35,1.0,200,0.9600758134405138,0.9500947668006422,0.00033419767619969313,0.9863509908449176,0.3755908498639849,0.000919909817363916,96.0
noise,35,1.25,200,0.9461423094686243,0.9326778868357803,0.0005969315957902416,0.9863509908449176,0.3755908498639849,0.000919909817363916,96.0
noise,35,1.5,200,0.9269227338622928,0.9086534173278659,0.0012770915605925398,0.9863509908449176,0.3755908498639849,0.000919909817363916,96.0
noise,35,2.0,200,0.8851916356545306,0.8564895445681632,0.002676395622793124,0.9863509908449176,0.3755908498639849,0.000919909817363916,96.0
noise,35,2.5,200,0.8319495566705835,0.789936945838229,0.005037648253330708,0.9863509908449176,0.3755908498639849,0.000919909817363916,96.0
noise,35,3.0,200,0.776147386627135,0.7201842332839189,0.009331048154828553,0.9863509908449176,0.3755908498639849,0.000919909817363916,96.0
noise,35,3.5,200,0.7156610378646358,0.6445762973307947,0.010551997333304803,0.9863509908449176,0.3755908498639849,0.000919909817363916,96.0
noise,36,0.1,200,0.9868717216839769,0.9835896521049711,2.370882412129917e-06,0.9842337308194549,0.9059225579848268,0.001753104076074384,180.0
noise,36,0.25,200,0.9839692654657601,0.9799615818322002,1.7625347083916422e-05,0.9842337308194549,0.9059225579848268,0.001753104076074384,180.0
noise,36,0.5,200,0.9742724379543368,0.9678405474429209,9.584511804249569e-05,0.9842337308194549,0.9059225579848268,0.001753104076074384,180.0
noise,36,0.75,200,0.9599810638681332,0.9499763298351663,0.00028912947122177547,0.9842337308194549,0.9059225579848268,0.001753104076074384,180.0
noise,36,1.0,200,0.9393063341001137,0.924132917625142,0.0007857777883198504,0.9842337308194549,0.9059225579848268,0.001753104076074384,180.0
noise,36,1.25,200,0.908993177074208,0.88624147134276,0.0019347141209388003,0.9842337308194549,0.9059225579848268,0.001753104076074384,180.0
noise,36,1.5,200,0.8769970991330563,0.8462463739163204,0.00323450244099759,0.9842337308194549,0.9059225579848268,0.001753104076074384,180.0
noise,36,2.0,200,0.8121246314443203,0.7651557893054004,0.007272642608463707,0.9842337308194549,0.9059225579848268,0.001753104076074384,180.0
noise,36,2.5,200,0.7410446598789743,0.6763058248487179,0.008999394402114964,0.9842337308194549,0.9059225579848268,0.001753104076074384,180.0
noise,36,3.0,200,0.6506134294796687,0.563266786849586,0.019511615825059062,0.9842337308194549,0.9059225579848268,0.001753104076074384,180.0
noise,36,3.5,200,0.5737384666036002,0.4671730832545001,0.02192411038033686,0.9842337308194549,0.9059225579848268,0.001753104076074384,180.0
noise,37,0.1,200,0.986185498262337,0.9827318728279212,2.524478112974215e-06,0.982936884799422,0.38995077824053903,0.0008830182944817485,98.0
noise,37,0.25,200,0.9846192603536228,0.9807740754420283,1.5107155814301463e-05,0.982936884799422,0.38995077824053903,0.0008830182944817485,98.0
noise,37,0.5,200,0.9781350542331992,0.9726688177914988,8.047035718633402e-05,0.982936884799422,0.38995077824053903,0.0008830182944817485,98.0
noise,37,0.75,200,0.9705794925661773,0.9632243657077217,0.00015807710120647342,0.982936884799422,0.38995077824053903,0.0008830182944817485,98.0
noise,37,1.0,200,0.9573270923155754,0.9466588653944692,0.00039459375444092883,0.982936884799422,0.38995077824053903,0.0008830182944817485,98.0
noise,37,1.25,200,0.9422171692546499,0.927771461568312,0.0007160028068640789,0.982936884799422,0.38995077824053903,0.0008830182944817485,98.0
noise,37,1.5,200,0.9243568410982036,0.9054460513727547,0.0013129316942114765,0.982936884799422,0.38995077824053903,0.0008830182944817485,98.0
noise,37,2.0,200,0.8826858652299304,0.8533573315374129,0.002987925388779464,0.982936884799422,0.38995077824053903,0.0008830182944817485,98.0
noise,37,2.5,200,0.8307485459415406,0.7884356824269255,0.0048909496245625106,0.982936884799422,0.38995077824053903,0.0008830182944817485,98.0
noise,37,3.0,200,0.7682511360151457,0.7103139200189319,0.00995405294860034,0.982936884799422,0.38995077824053903,0.0008830182944817485,98.0
noise,37,3.5,200,0.7033471085137262,0.6291838856421577,0.013200258359602694,0.982936884799422,0.38995077824053903,0.0008830182944817485,98.0
noise,38,0.1,200,0.9885189012142543,0.9856486265178177,2.094801607541912e-06,0.9858656723640689,0.3835785751762708,0.000844248381545999,96.0
noise,38,0.25,200,0.9869884812799523,0.9837356015999403,1.183395114970065e-05,0.9858656723640689,0.3835785751762708,0.000844248381545999,96.0
noise,38,0.5,200,0.9807639150283877,0.9759548937854845,6.116913478747595e-05,0.9858656723640689,0.3835785751762708,0.000844248381545999,96.0
noise,38,0.75,200,0.973234604210963,0.9665432552637037,0.00014956297179613987,0.9858656723640689,0.3835785751762708,0.000844248381545999,96.0
noise,38,1.0,200,0.9600469235011064,0.9500586543763829,0.0003380761047204292,0.9858656723640689,0.3835785751762708,0.000844248381545999,96.0
noise,38,1.25,200,0.9457846493715156,0.9322308117143945,0.0006312396086273983,0.9858656723640689,0.3835785751762708,0.000844248381545999,96.0
noise,38,1.5,200,0.9262633485686014,0.9078291857107516,0.0013171049317100263,0.9858656723640689,0.3835785751762708,0.000844248381545999,96.0
noise,38,2.0,200,0.8853878532636377,0.8567348165795469,0.0026536878031358747,0.9858656723640689,0.3835785751762708,0.000844248381545999,96.0
noise,38,2.5,200,0.8318758431044376,0.7898448038805472,0.005166916070463613,0.9858656723640689,0.3835785751762708,0.000844248381545999,96.0
noise,38,3.0,200,0.7762047646805792,0.7202559558507238,0.009319698123433836,0.9858656723640689,0.3835785751762708,0.000844248381545999,96.0
noise,38,3.5,200,0.71641548129392,0.6455193516174,0.010738660290830582,0.9858656723640689,0.3835785751762708,0.000844248381545999,96.0
noise,39,0.1,200,0.9890604315327256,0.9863255394159068,1.9961089047075316e-06,0.9865541488580165,0.3712688479973937,0.0008731340764906084,96.0
noise,39,0.25,200,0.9875587340736799,0.9844484175920997,1.1454597904852447e-05,0.9865541488580165,0.3712688479973937,0.0008731340764906084,96.0
noise,39,0.5,200,0.9814142516609841,0.97676781457623,6.127498008288967e-05,0.9865541488580165,0.3712688479973937,0.0008731340764906084,96.0
noise,39,0.75,200,0.9738920270739859,0.9673650338424826,0.00014716500145531408,0.9865541488580165,0.3712688479973937,0.0008731340764906084,96.0
noise,39,1.0,200,0.9604948977669786,0.9506186222087232,0.00032074619670599357,0.9865541488580165,0.3712688479973937,0.0008731340764906084,96.0
noise,39,1.25,200,0.9463399800367918,0.9329249750459898,0.0006200845542640065,0.9865541488580165,0.3712688479973937,0.0008731340764906084,96.0
noise,39,1.5,200,0.9269454753075541,0.9086818441344425,0.0012978470747480133,0.9865541488580165,0.3712688479973937,0.0008731340764906084,96.0
noise,39,2.0,200,0.886427195294446,0.8580339941180577,0.002624469511773687,0.9865541488580165,0.3712688479973937,0.0008731340764906084,96.0
noise,39,2.5,200,0.8329085555665205,0.7911356944581507,0.005062205799465826,0.9865541488580165,0.3712688479973937,0.0008731340764906084,96.0
noise,39,3.0,200,0.7768308990386428,0.7210386237983034,0.009203021719277543,0.9865541488580165,0.3712688479973937,0.0008731340764906084,96.0
noise,39,3.5,200,0.7166434603950321,0.64580432549379,0.010552876415708163,0.9865541488580165,0.3712688479973937,0.0008731340764906084,96.0
noise,40,0.1,200,0.987878155589538,0.9848476944869223,2.230759393212055e-06,0.985081615803764,0.3772421614929955,0.0008912964966539197,96.0
noise,40,0.25,200,0.9863803709632253,0.9829754637040315,1.249687169164633e-05,0.985081615803764,0.3772421614929955,0.0008912964966539197,96.0
noise,40,0.5,200,0.980228500616028,0.9752856257700347,6.750000806746616e-05,0.985081615803764,0.3772421614929955,0.0008912964966539197,96.0
noise,40,0.75,200,0.9728550215824238,0.9660687769780296,0.0001613714577709424,0.985081615803764,0.3772421614929955,0.0008912964966539197,96.0
noise,40,1.0,200,0.9592526870557713,0.9490658588197141,0.00034123533130360565,0.985081615803764,0.3772421614929955,0.0008912964966539197,96.0
noise,40,1.25,200,0.9451795437834207,0.9314744297292757,0.0006391674763895742,0.985081615803764,0.3772421614929955,0.0008912964966539197,96.0
noise,40,1.5,200,0.9259893058464927,0.9074866323081159,0.0013415276676291938,0.985081615803764,0.3772421614929955,0.0008912964966539197,96.0
noise,40,2.0,200,0.8857706324495048,0.8572132905618808,0.0026292825269546684,0.985081615803764,0.3772421614929955,0.0008912964966539197,96.0
noise,40,2.5,200,0.8321056072802778,0.7901320091003473,0.005056339139496454,0.985081615803764,0.3772421614929955,0.0008912964966539197,96.0
noise,40,3.0,200,0.7762625842480992,0.7203282303101237,0.00921571661329514,0.985081615803764,0.3772421614929955,0.0008912964966539197,96.0
noise,40,3.5,200,0.7156690347716261,0.6445862934645328,0.010491556840748109,0.985081615803764,0.3772421614929955,0.0008912964966539197,96.0
noise,41,0.1,200,0.9865338039038705,0.9831672548798381,2.4457416367906413e-06,0.9833870514474243,0.38840388717762925,0.000880629121541588,96.0
noise,41,0.25,200,0.9850481391356759,0.9813101739195946,1.364181028818182e-05,0.9833870514474243,0.38840388717762925,0.000880629121541588,96.0
noise,41,0.5,200,0.9788221381674455,0.9735276727093068,7.199372074913475e-05,0.9833870514474243,0.38840388717762925,0.000880629121541588,96.0
noise,41,0.75,200,0.9715142176928673,0.9643927721160843,0.0001702228071785284,0.9833870514474243,0.38840388717762925,0.000880629121541588,96.0
noise,41,1.0,200,0.9580543827508378,0.9475679784385471,0.00035810949207420133,0.9833870514474243,0.38840388717762925,0.000880629121541588,96.0
noise,41,1.25,200,0.9438087861545008,0.9297609826931259,0.0006900484220702664,0.9833870514474243,0.38840388717762925,0.000880629121541588,96.0
noise,41,1.5,200,0.9245374329020563,0.9056717911275701,0.001398749951135199,0.9833870514474243,0.38840388717762925,0.000880629121541588,96.0
noise,41,2.0,200,0.8847642058490085,0.8559552573112604,0.0027039347221543514,0.9833870514474243,0.38840388717762925,0.000880629121541588,96.0
noise,41,2.5,200,0.831036804435656,0.78879600554457,0.005226254691142993,0.9833870514474243,0.38840388717762925,0.000880629121541588,96.0
noise,41,3.0,200,0.7755457463351838,0.7194321829189796,0.009300523957521003,0.9833870514474243,0.38840388717762925,0.000880629121541588,96.0
noise,41,3.5,200,0.7152298910491561,0.6440373638114452,0.010643543894675185,0.9833870514474243,0.38840388717762925,0.000880629121541588,96.0
noise,42,0.1,200,0.9872193005038968,0.9840241256298708,2.348697587911861e-06,0.9842608644595569,0.38302562783024297,0.0009375404633986436,98.0
noise,42,0.25,200,0.9857217542560719,0.98215219282009,1.4055960124764815e-05,0.9842608644595569,0.38302562783024297,0.0009375404633986436,98.0
noise,42,0.5,200,0.9792376897011125,0.9740471121263904,7.673445200376535e-05,0.9842608644595569,0.38302562783024297,0.0009375404633986436,98.0
noise,42,0.75,200,0.9717821073406472,0.9647276341758088,0.00014999225687014307,0.9842608644595569,0.38302562783024297,0.0009375404633986436,98.0
noise,42,1.0,200,0.9588323491526172,0.9485404364407717,0.000367256274065184,0.9842608644595569,0.38302562783024297,0.0009375404633986436,98.0
noise,42,1.25,200,0.9435382848515739,0.9294228560644675,0.0006948850174400736,0.9842608644595569,0.38302562783024297,0.0009375404633986436,98.0
noise,42,1.5,200,0.9253927821191754,0.9067409776489691,0.0013174597299079637,0.9842608644595569,0.38302562783024297,0.0009375404633986436,98.0
noise,42,2.0,200,0.8851113102571162,0.8563891378213953,0.0028904859126925673,0.9842608644595569,0.38302562783024297,0.0009375404633986436,98.0
noise,42,2.5,200,0.8326820168390427,0.7908525210488034,0.00484255437740484,0.9842608644595569,0.38302562783024297,0.0009375404633986436,98.0
noise,42,3.0,200,0.7700077928941322,0.7125097411176651,0.009681281870954059,0.9842608644595569,0.38302562783024297,0.0009375404633986436,98.0
noise,42,3.5,200,0.7052374912035124,0.6315468640043905,0.013136583660573688,0.9842608644595569,0.38302562783024297,0.0009375404633986436,98.0
noise,43,0.1,200,0.9858055566395884,0.9822569457994851,2.3064112407130473e-06,0.9824763145288241,0.38570449012552055,0.0009641365272809347,100.0
noise,43,0.25,200,0.984302125133082,0.9803776564163527,1.7285168344047718e-05,0.9824763145288241,0.38570449012552055,0.0009641365272809347,100.0
noise,43,0.5,200,0.9775946506458507,0.9719933133073133,7.139677448528265e-05,0.9824763145288241,0.38570449012552055,0.0009641365272809347,100.0
noise,43,0.75,200,0.9701398826082152,0.9626748532602689,0.00017305089835710843,0.9824763145288241,0.38570449012552055,0.0009641365272809347,100.0
noise,43,1.0,200,0.9557101861174815,0.9446377326468516,0.0004074182661638362,0.9824763145288241,0.38570449012552055,0.0009641365272809347,100.0
noise,43,1.25,200,0.9409183683664488,0.9261479604580609,0.0008813871799039008,0.9824763145288241,0.38570449012552055,0.0009641365272809347,100.0
noise,43,1.5,200,0.9221716153150501,0.9027145191438126,0.001347938834123763,0.9824763145288241,0.38570449012552055,0.0009641365272809347,100.0
noise,43,2.0,200,0.8791955286785882,0.8489944108482351,0.0031400602427138755,0.9824763145288241,0.38570449012552055,0.0009641365272809347,100.0
noise,43,2.5,200,0.8267598403686588,0.7834498004608236,0.00518006687734142,0.9824763145288241,0.38570449012552055,0.0009641365272809347,100.0
noise,43,3.0,200,0.7681814998999983,0.7102268748749977,0.010664943301718273,0.9824763145288241,0.38570449012552055,0.0009641365272809347,100.0
noise,43,3.5,200,0.7025276582642368,0.628159572830296,0.01233517405305696,0.9824763145288241,0.38570449012552055,0.0009641365272809347,100.0
noise,44,0.1,200,0.9861632990087058,0.9827041237608823,2.558678338575721e-06,0.9829296049678747,0.39513123567270336,0.0008906343821946859,96.0
noise,44,0.25,200,0.9846544788799897,0.9808180985999871,1.4014762499158653e-05,0.9829296049678747,0.39513123567270336,0.0008906343821946859,96.0
noise,44,0.5,200,0.9783329339573538,0.972916167446692,7.347285451209433e-05,0.9829296049678747,0.39513123567270336,0.0008906343821946859,96.0
noise,44,0.75,200,0.9710702209872175,0.9638377762340218,0.0001731400890031737,0.9829296049678747,0.39513123567270336,0.0008906343821946859,96.0
noise,44,1.0,200,0.9577568435214033,0.9471960544017543,0.00037563363906033904,0.9829296049678747,0.39513123567270336,0.0008906343821946859,96.0
noise,44,1.25,200,0.9435205743889062,0.9294007179861326,0.000691274439045781,0.9829296049678747,0.39513123567270336,0.0008906343821946859,96.0
noise,44,1.5,200,0.9241423344271891,0.9051779180339863,0.0014180740806664632,0.9829296049678747,0.39513123567270336,0.0008906343821946859,96.0
noise,44,2.0,200,0.8839267796850803,0.8549084746063501,0.0027075072737762205,0.9829296049678747,0.39513123567270336,0.0008906343821946859,96.0
noise,44,2.5,200,0.8302340158167182,0.7877925197708978,0.005304431643731162,0.9829296049678747,0.39513123567270336,0.0008906343821946859,96.0
noise,44,3.0,200,0.7752640648086949,0.7190800810108686,0.009392207694982075,0.9829296049678747,0.39513123567270336,0.0008906343821946859,96.0
noise,44,3.5,200,0.7151597868001593,0.6439497335001991,0.010784761063712085,0.9829296049678747,0.39513123567270336,0.0008906343821946859,96.0
noise,45,0.1,200,0.9847798475902678,0.9809748094878347,2.8558001174682793e-06,0.9811895119196224,0.3920793773514921,0.0009131662399450789,98.0
noise,45,0.25,200,0.9832972144637048,0.9791215180796311,1.6966126667784558e-05,0.9811895119196224,0.3920793773514921,0.0009131662399450789,98.0
noise,45,0.5,200,0.9766815073321986,0.9708518841652483,8.644285641873812e-05,0.9811895119196224,0.3920793773514921,0.0009131662399450789,98.0
noise,45,0.75,200,0.9692449202995347,0.9615561503744183,0.0001743577374358396,0.9811895119196224,0.3920793773514921,0.0009131662399450789,98.0
noise,45,1.0,200,0.9563794677303735,0.9454743346629669,0.0004176227096856559,0.9811895119196224,0.3920793773514921,0.0009131662399450789,98.0
noise,45,1.25,200,0.9410960559281947,0.9263700699102432,0.0007603490675807193,0.9811895119196224,0.3920793773514921,0.0009131662399450789,98.0
noise,45,1.5,200,0.923225881975108,0.9040323524688847,0.0013950020397750975,0.9811895119196224,0.3920793773514921,0.0009131662399450789,98.0
noise,45,2.0,200,0.8819909221379177,0.8524886526723973,0.0030171988807296836,0.9811895119196224,0.3920793773514921,0.0009131662399450789,98.0
noise,45,2.5,200,0.830425300271612,0.788031625339515,0.005005565523757191,0.9811895119196224,0.3920793773514921,0.0009131662399450789,98.0
noise,45,3.0,200,0.7683915271820089,0.7104894089775109,0.009978318172695703,0.9811895119196224,0.3920793773514921,0.0009131662399450789,98.0
noise,45,3.5,200,0.7041797768331369,0.6302247210414212,0.01331664478011883,0.9811895119196224,0.3920793773514921,0.0009131662399450789,98.0
noise,46,0.1,200,0.9856219945074921,0.982027493134365,2.6934426783500507e-06,0.9822451907737092,0.39657045948109126,0.0008965170409004302,96.0
noise,46,0.25,200,0.9841049908066701,0.9801312385083374,1.5093670970459299e-05,0.9822451907737092,0.39657045948109126,0.0008965170409004302,96.0
noise,46,0.5,200,0.9777663463221583,0.9722079329026976,7.572547172184562e-05,0.9822451907737092,0.39657045948109126,0.0008965170409004302,96.0
noise,46,0.75,200,0.970437975123052,0.9630474689038148,0.00017683004539214973,0.9822451907737092,0.39657045948109126,0.0008965170409004302,96.0
noise,46,1.0,200,0.9572395986718347,0.9465494983397932,0.00039255021880118716,0.9822451907737092,0.39657045948109126,0.0008965170409004302,96.0
noise,46,1.25,200,0.9430946486831392,0.9288683108539237,0.0006999692793635711,0.9822451907737092,0.39657045948109126,0.0008965170409004302,96.0
noise,46,1.5,200,0.9237023433250979,0.9046279291563724,0.0014337542925615114,0.9822451907737092,0.39657045948109126,0.0008965170409004302,96.0
noise,46,2.0,200,0.8829589937504256,0.8536987421880319,0.0027805030556306565,0.9822451907737092,0.39657045948109126,0.0008965170409004302,96.0
noise,46,2.5,200,0.8297419512556943,0.787177439069618,0.0053864023177793065,0.9822451907737092,0.39657045948109126,0.0008965170409004302,96.0
noise,46,3.0,200,0.7749109520517958,0.7186386900647449,0.009510182550672314,0.9822451907737092,0.39657045948109126,0.0008965170409004302,96.0
noise,46,3.5,200,0.7151270898693698,0.6439088623367124,0.010854344089239416,0.9822451907737092,0.39657045948109126,0.0008965170409004302,96.0
noise,47,0.1,200,0.9871307769414662,0.9839134711768327,2.4035142682260058e-06,0.9841331224443666,0.3832523347976745,0.0009732982338498341,98.0
noise,47,0.25,200,0.9856026817224621,0.9820033521530775,1.3890463898051228e-05,0.9841331224443666,0.3832523347976745,0.0009732982338498341,98.0
noise,47,0.5,200,0.9790200704417222,0.973775088052153,7.568596047573272e-05,0.9841331224443666,0.3832523347976745,0.0009732982338498341,98.0
noise,47,0.75,200,0.9715663610194867,0.9644579512743583,0.0001509670019741909,0.9841331224443666,0.3832523347976745,0.0009732982338498341,98.0
noise,47,1.0,200,0.958405825469768,0.94800728183721,0.00037557153604879883,0.9841331224443666,0.3832523347976745,0.0009732982338498341,98.0
noise,47,1.25,200,0.9432667623449309,0.9290834529311632,0.0007020343359137286,0.9841331224443666,0.3832523347976745,0.0009732982338498341,98.0
noise,47,1.5,200,0.9253660175381037,0.9067075219226294,0.001304042685342563,0.9841331224443666,0.3832523347976745,0.0009732982338498341,98.0
noise,47,2.0,200,0.883724068598835,0.8546550857485437,0.002954300827571205,0.9841331224443666,0.3832523347976745,0.0009732982338498341,98.0
noise,47,2.5,200,0.8318236076350296,0.7897795095437868,0.004849642591415772,0.9841331224443666,0.3832523347976745,0.0009732982338498341,98.0
noise,47,3.0,200,0.7695169695488056,0.7118962119360068,0.00974140219757041,0.9841331224443666,0.3832523347976745,0.0009732982338498341,98.0
noise,47,3.5,200,0.7045638641753357,0.6307048302191695,0.013157776854634986,0.9841331224443666,0.3832523347976745,0.0009732982338498341,98.0
noise,48,0.1,200,0.9862287144983469,0.9827858931229336,2.5794300573326247e-06,0.9829994749595768,0.39936593917607266,0.001009414964167827,98.0
noise,48,0.25,200,0.9846746610492296,0.980843326311537,1.5180093812520866e-05,0.9829994749595768,0.39936593917607266,0.001009414964167827,98.0
noise,48,0.5,200,0.9780650973682641,0.9725813717103304,8.141046224865128e-05,0.9829994749595768,0.39936593917607266,0.001009414964167827,98.0
noise,48,0.75,200,0.9707566764926807,0.9634458456158506,0.00015717857626032676,0.9829994749595768,0.39936593917607266,0.001009414964167827,98.0
noise,48,1.0,200,0.9572773393063132,0.9465966741328916,0.00039126507648820944,0.9829994749595768,0.39936593917607266,0.001009414964167827,98.0
noise,48,1.25,200,0.9422647302195687,0.927830912774461,0.0007213782476244183,0.9829994749595768,0.39936593917607266,0.001009414964167827,98.0
noise,48,1.5,200,0.9245093015096728,0.905636626887091,0.0013228864366916127,0.9829994749595768,0.39936593917607266,0.001009414964167827,98.0
noise,48,2.0,200,0.8830641876025824,0.8538302345032279,0.0029836975335937456,0.9829994749595768,0.39936593917607266,0.001009414964167827,98.0
noise,48,2.5,200,0.8311677771441106,0.788959721430138,0.004864279637405142,0.9829994749595768,0.39936593917607266,0.001009414964167827,98.0
noise,48,3.0,200,0.7691387139919242,0.7114233924899053,0.009707032954988096,0.9829994749595768,0.39936593917607266,0.001009414964167827,98.0
noise,48,3.5,200,0.7034482218903153,0.629310277362894,0.013221238602116063,0.9829994749595768,0.39936593917607266,0.001009414964167827,98.0
noise,49,0.1,200,0.9787808438448423,0.9734760548060529,5.18079727574007e-06,0.9743040758417566,1.1263109484701688,0.0018670450903694286,180.0
noise,49,0.25,200,0.97602673767866,0.970033422098325,3.066979202088566e-05,0.9743040758417566,1.1263109484701688,0.0018670450903694286,180.0
noise,49,0.5,200,0.9669819634416946,0.958727454302118,0.00014392436159038868,0.9743040758417566,1.1263109484701688,0.0018670450903694286,180.0
noise,49,0.75,200,0.9522776433743184,0.9403470542178978,0.00042254006869361287,0.9743040758417566,1.1263109484701688,0.0018670450903694286,180.0
noise,49,1.0,200,0.9327991000461169,0.915998875057646,0.0010302721122318235,0.9743040758417566,1.1263109484701688,0.0018670450903694286,180.0
noise,49,1.25,200,0.9041447081799,0.880180885224875,0.0021094397166502208,0.9743040758417566,1.1263109484701688,0.0018670450903694286,180.0
noise,49,1.5,200,0.8712776905222231,0.8390971131527789,0.0037067852240893987,0.9743040758417566,1.1263109484701688,0.0018670450903694286,180.0
noise,49,2.0,200,0.8052368444231451,0.7565460555289314,0.00799791639849593,0.9743040758417566,1.1263109484701688,0.0018670450903694286,180.0
noise,49,2.5,200,0.7373311140633134,0.6716638925791417,0.009468930096237236,0.9743040758417566,1.1263109484701688,0.0018670450903694286,180.0
noise,49,3.0,200,0.647894345343629,0.5598679316795362,0.02097956806744915,0.9743040758417566,1.1263109484701688,0.0018670450903694286,180.0
noise,49,3.5,200,0.5721064253366269,0.4651330316707834,0.022538900939017247,0.9743040758417566,1.1263109484701688,0.0018670450903694286,180.0
noise,50,0.1,200,0.9858479042157176,0.9823098802696465,2.531448628359332e-06,0.9825408171994217,0.39714119463860886,0.0011012622704070897,102.0
noise,50,0.25,200,0.9842542898258513,0.980317862282314,1.5656718169663066e-05,0.9825408171994217,0.39714119463860886,0.0011012622704070897,102.0
noise,50,0.5,200,0.977483948849503,0.9718549360618789,7.79625803555061e-05,0.9825408171994217,0.39714119463860886,0.0011012622704070897,102.0
noise,50,0.75,200,0.9698717831648529,0.9623397289560658,0.00018123279544496714,0.9825408171994217,0.39714119463860886,0.0011012622704070897,102.0
noise,50,1.0,200,0.9564696747474883,0.9455870934343605,0.0004195721078498642,0.9825408171994217,0.39714119463860886,0.0011012622704070897,102.0
noise,50,1.25,200,0.9411870621443159,0.9264838276803947,0.0007754770711219045,0.9825408171994217,0.39714119463860886,0.0011012622704070897,102.0
noise,50,1.5,200,0.9217036291501236,0.9021295364376543,0.0016988931521029968,0.9825408171994217,0.39714119463860886,0.0011012622704070897,102.0
noise,50,2.0,200,0.8768943727070391,0.8461179658837987,0.0029988419029238532,0.9825408171994217,0.39714119463860886,0.0011012622704070897,102.0
noise,50,2.5,200,0.8195767459571965,0.7744709324464956,0.005493097367566246,0.9825408171994217,0.39714119463860886,0.0011012622704070897,102.0
noise,50,3.0,200,0.759075208705097,0.6988440108813712,0.00960002507793518,0.9825408171994217,0.39714119463860886,0.0011012622704070897,102.0
noise,50,3.5,200,0.6937381588770983,0.6171726985963728,0.012115958155474692,0.9825408171994217,0.39714119463860886,0.0011012622704070897,102.0
noise,51,0.1,200,0.9849741292313546,0.9812176615391932,3.1312497606603997e-06,0.9814366334136914,0.3972405468675244,0.001145261402840758,106.0
noise,51,0.25,200,0.9834532373007537,0.9793165466259421,1.7935349542655237e-05,0.9814366334136914,0.3972405468675244,0.001145261402840758,106.0
noise,51,0.5,200,0.9762328734759589,0.9702910918449484,8.377085964623441e-05,0.9814366334136914,0.3972405468675244,0.001145261402840758,106.0
noise,51,0.75,200,0.9678204434644713,0.9597755543305891,0.00020161740232368434,0.9814366334136914,0.3972405468675244,0.001145261402840758,106.0
noise,51,1.0,200,0.9538680295966874,0.9423350369958591,0.00044636030721774384,0.9814366334136914,0.3972405468675244,0.001145261402840758,106.0
noise,51,1.25,200,0.9377363381070499,0.9221704226338124,0.0009637651143990794,0.9814366334136914,0.3972405468675244,0.001145261402840758,106.0
noise,51,1.5,200,0.9178506026450223,0.8973132533062773,0.0015875489165028754,0.9814366334136914,0.3972405468675244,0.001145261402840758,106.0
noise,51,2.0,200,0.8699388236070971,0.8374235295088712,0.0034575918901786308,0.9814366334136914,0.3972405468675244,0.001145261402840758,106.0
noise,51,2.5,200,0.8160235221189215,0.7700294026486516,0.00574462540084939,0.9814366334136914,0.3972405468675244,0.001145261402840758,106.0
noise,51,3.0,200,0.7526153147253377,0.6907691434066721,0.011389220912797532,0.9814366334136914,0.3972405468675244,0.001145261402840758,106.0
noise,51,3.5,200,0.6898741736602942,0.6123427170753677,0.012785097610358039,0.9814366334136914,0.3972405468675244,0.001145261402840758,106.0
noise,52,0.1,200,0.9822936608344653,0.9778670760430813,4.429282211959741e-06,0.9787747867254443,1.1238829594909543,0.0019964339773315552,180.0
noise,52,0.25,200,0.979649229350569,0.9745615366882112,2.756297548620679e-05,0.9787747867254443,1.1238829594909543,0.0019964339773315552,180.0
noise,52,0.5,200,0.9705267004458937,0.9631583755573672,0.00013798674234791382,0.9787747867254443,1.1238829594909543,0.0019964339773315552,180.0
noise,52,0.75,200,0.9549764608355846,0.9437205760444808,0.00039270597522518053,0.9787747867254443,1.1238829594909543,0.0019964339773315552,180.0
noise,52,1.0,200,0.9359300653300567,0.9199125816625707,0.0009383021873782875,0.9787747867254443,1.1238829594909543,0.0019964339773315552,180.0
noise,52,1.25,200,0.9083662471435237,0.8854578089294044,0.001973929417865138,0.9787747867254443,1.1238829594909543,0.0019964339773315552,180.0
noise,52,1.5,200,0.8743831050501929,0.842978881312741,0.0035902748204115144,0.9787747867254443,1.1238829594909543,0.0019964339773315552,180.0
noise,52,2.0,200,0.8053278590136455,0.7566598237670568,0.00821380264491427,0.9787747867254443,1.1238829594909543,0.0019964339773315552,180.0
noise,52,2.5,200,0.7367223855113698,0.6709029818892123,0.009357575084725003,0.9787747867254443,1.1238829594909543,0.0019964339773315552,180.0
noise,52,3.0,200,0.646215394295563,0.5577692428694536,0.021197555122478614,0.9787747867254443,1.1238829594909543,0.0019964339773315552,180.0
noise,52,3.5,200,0.5709963497199076,0.4637454371498845,0.022553406008700393,0.9787747867254443,1.1238829594909543,0.0019964339773315552,180.0
noise,53,0.1,200,0.9846822093082301,0.9808527616352875,3.927387676960312e-06,0.9817121484588733,1.0789673056915146,0.0020271732239948953,180.0
noise,53,0.25,200,0.9819457863876526,0.9774322329845657,2.4881924164705925e-05,0.9817121484588733,1.0789673056915146,0.0020271732239948953,180.0
noise,53,0.5,200,0.9726790483320363,0.9658488104150456,0.00012432179886290515,0.9817121484588733,1.0789673056915146,0.0020271732239948953,180.0
noise,53,0.75,200,0.9572084970548058,0.9465106213185073,0.0003691411678886311,0.9817121484588733,1.0789673056915146,0.0020271732239948953,180.0
noise,53,1.0,200,0.9377985202824197,0.9222481503530247,0.000887308488485366,0.9817121484588733,1.0789673056915146,0.0020271732239948953,180.0
noise,53,1.25,200,0.9097699905243423,0.887212488155428,0.0019396768979091177,0.9817121484588733,1.0789673056915146,0.0020271732239948953,180.0
noise,53,1.5,200,0.8754810465865314,0.844351308233164,0.0035991949114089847,0.9817121484588733,1.0789673056915146,0.0020271732239948953,180.0
noise,53,2.0,200,0.8072339914168958,0.7590424892711195,0.0081740579591768,0.9817121484588733,1.0789673056915146,0.0020271732239948953,180.0
noise,53,2.5,200,0.7376688246782253,0.6720860308477816,0.009229231831694537,0.9817121484588733,1.0789673056915146,0.0020271732239948953,180.0
noise,53,3.0,200,0.6466069724629242,0.5582587155786551,0.02104513975893714,0.9817121484588733,1.0789673056915146,0.0020271732239948953,180.0
noise,53,3.5,200,0.5713881606314913,0.46423520078936403,0.022477422156366552,0.9817121484588733,1.0789673056915146,0.0020271732239948953,180.0
noise,54,0.1,200,0.9857523897901596,0.9821904872376994,4.0098773059688554e-06,0.9830454242783472,1.0398550726106581,0.0020253241509789826,180.0
noise,54,0.25,200,0.9829569405005639,0.9786961756257049,2.5246846300056125e-05,0.9830454242783472,1.0398550726106581,0.0020253241509789826,180.0
noise,54,0.5,200,0.9736200422022172,0.9670250527527713,0.00012477404084830447,0.9830454242783472,1.0398550726106581,0.0020253241509789826,180.0
noise,54,0.75,200,0.9583183772789824,0.947897971598728,0.0003701771194095371,0.9830454242783472,1.0398550726106581,0.0020253241509789826,180.0
noise,54,1.0,200,0.9385856644647692,0.9232320805809613,0.0009044053698025844,0.9830454242783472,1.0398550726106581,0.0020253241509789826,180.0
noise,54,1.25,200,0.9100028289794253,0.8875035362242818,0.0019858223384351926,0.9830454242783472,1.0398550726106581,0.0020253241509789826,180.0
noise,54,1.5,200,0.8755388123111081,0.8444235153888848,0.0036223573224863285,0.9830454242783472,1.0398550726106581,0.0020253241509789826,180.0
noise,54,2.0,200,0.8076549460477876,0.7595686825597346,0.008139331703610626,0.9830454242783472,1.0398550726106581,0.0020253241509789826,180.0
noise,54,2.5,200,0.7377416402443764,0.6721770503054703,0.009155082875591159,0.9830454242783472,1.0398550726106581,0.0020253241509789826,180.0
noise,54,3.0,200,0.6463365927228377,0.5579207409035473,0.02097965342908477,0.9830454242783472,1.0398550726106581,0.0020253241509789826,180.0
noise,54,3.5,200,0.5710807913525112,0.46385098919063905,0.022101820504265728,0.9830454242783472,1.0398550726106581,0.0020253241509789826,180.0
noise,55,0.1,200,0.9859101363250267,0.9823876704062832,4.097370274033199e-06,0.98322765582083,1.0409917345855326,0.002013169273981035,180.0
noise,55,0.25,200,0.9830775678384364,0.978846959798045,2.6310712343695563e-05,0.98322765582083,1.0409917345855326,0.002013169273981035,180.0
noise,55,0.5,200,0.9737975037077456,0.9672468796346818,0.0001264194008226499,0.98322765582083,1.0409917345855326,0.002013169273981035,180.0
noise,55,0.75,200,0.9585501236862863,0.9481876546078578,0.00037569147860772576,0.98322765582083,1.0409917345855326,0.002013169273981035,180.0
noise,55,1.0,200,0.9387345550426318,0.9234181938032896,0.0009196662326596169,0.98322765582083,1.0409917345855326,0.002013169273981035,180.0
noise,55,1.25,200,0.9098038649376555,0.887254831172069,0.0020219088830183795,0.98322765582083,1.0409917345855326,0.002013169273981035,180.0
noise,55,1.5,200,0.8753832992959574,0.8442291241199468,0.0036234470631413595,0.98322765582083,1.0409917345855326,0.002013169273981035,180.0
noise,55,2.0,200,0.8078838168635081,0.759854771079385,0.008134933094333247,0.98322765582083,1.0409917345855326,0.002013169273981035,180.0
noise,55,2.5,200,0.7377148024336649,0.6721435030420809,0.009197229599030587,0.98322765582083,1.0409917345855326,0.002013169273981035,180.0
noise,55,3.0,200,0.6463546807364792,0.5579433509205988,0.020943768651869615,0.98322765582083,1.0409917345855326,0.002013169273981035,180.0
noise,55,3.5,200,0.5710365905101842,0.46379573813773023,0.02207024189394879,0.98322765582083,1.0409917345855326,0.002013169273981035,180.0
noise,56,0.1,200,0.9869037544091228,0.9836296930114037,2.1585008033734757e-06,0.9838598445582979,0.390781123110031,0.0011353643563048403,100.0
noise,56,0.25,200,0.9854119561011587,0.9817649451264484,1.5327718608277695e-05,0.9838598445582979,0.390781123110031,0.0011353643563048403,100.0
noise,56,0.5,200,0.9787413436925466,0.973426679615683,6.528604390092704e-05,0.9838598445582979,0.390781123110031,0.0011353643563048403,100.0
noise,56,0.75,200,0.9711998703797088,0.9639998379746357,0.00015901462349552037,0.9838598445582979,0.390781123110031,0.0011353643563048403,100.0
noise,56,1.0,200,0.9568940430873337,0.946117553859167,0.00038152198200657155,0.9838598445582979,0.390781123110031,0.0011353643563048403,100.0
noise,56,1.25,200,0.941826607423307,0.9272832592791338,0.0008532714535341609,0.9838598445582979,0.390781123110031,0.0011353643563048403,100.0
noise,56,1.5,200,0.9226379569996173,0.9032974462495218,0.0013334213766503429,0.9838598445582979,0.390781123110031,0.0011353643563048403,100.0
noise,56,2.0,200,0.880684696161438,0.8508558702017973,0.0030717845643892907,0.9838598445582979,0.390781123110031,0.0011353643563048403,100.0
noise,56,2.5,200,0.8273783873401688,0.7842229841752109,0.0051400840784856195,0.9838598445582979,0.390781123110031,0.0011353643563048403,100.0
noise,56,3.0,200,0.768727243732843,0.7109090546660538,0.010523898135295051,0.9838598445582979,0.390781123110031,0.0011353643563048403,100.0
noise,56,3.5,200,0.7028945281104755,0.6286181601380942,0.012211999755041924,0.9838598445582979,0.390781123110031,0.0011353643563048403,100.0
noise,57,0.1,200,0.9850292754949191,0.9812865943686486,3.1377213507395324e-06,0.9815128679794988,0.3932912580149345,0.0012083436930588882,106.0
noise,57,0.25,200,0.9835705145972551,0.9794631432465687,1.85128677265769e-05,0.9815128679794988,0.3932912580149345,0.0012083436930588882,106.0
noise,57,0.5,200,0.9763275358658072,0.970409419832259,8.655743642294709e-05,0.9815128679794988,0.3932912580149345,0.0012083436930588882,106.0
noise,57,0.75,200,0.9680491963866402,0.9600614954833,0.00020216689173055825,0.9815128679794988,0.3932912580149345,0.0012083436930588882,106.0
noise,57,1.0,200,0.9539062835414094,0.9423828544267618,0.00046646509747393816,0.9815128679794988,0.3932912580149345,0.0012083436930588882,106.0
noise,57,1.25,200,0.9380813060139623,0.922601632517453,0.0009524996373444865,0.9815128679794988,0.3932912580149345,0.0012083436930588882,106.0
noise,57,1.5,200,0.9178459723451248,0.8973074654314058,0.0015978277409108609,0.9815128679794988,0.3932912580149345,0.0012083436930588882,106.0
noise,57,2.0,200,0.870434721055047,0.838043401318809,0.0034388670425994634,0.9815128679794988,0.3932912580149345,0.0012083436930588882,106.0
noise,57,2.5,200,0.8164931148386986,0.7706163935483733,0.005787795226267459,0.9815128679794988,0.3932912580149345,0.0012083436930588882,106.0
noise,57,3.0,200,0.7531532085110818,0.6914415106388521,0.011460030180126956,0.9815128679794988,0.3932912580149345,0.0012083436930588882,106.0
noise,57,3.5,200,0.6906842388238774,0.6133552985298467,0.012686734765975457,0.9815128679794988,0.3932912580149345,0.0012083436930588882,106.0
noise,58,0.1,200,0.9856939836133942,0.9821174795167426,2.7772281385490837e-06,0.9823682555722321,0.39183641979670175,0.0012337648775999578,104.0
noise,58,0.25,200,0.9842000565426503,0.9802500706783127,1.708353329284265e-05,0.9823682555722321,0.39183641979670175,0.0012337648775999578,104.0
noise,58,0.5,200,0.9774127793641517,0.9717659742051894,6.855303608965894e-05,0.9823682555722321,0.39183641979670175,0.0012337648775999578,104.0
noise,58,0.75,200,0.9684631872451082,0.9605789840563852,0.0002146062897425001,0.9823682555722321,0.39183641979670175,0.0012337648775999578,104.0
noise,58,1.0,200,0.9543134044402489,0.9428917555503112,0.0004470963289437668,0.9823682555722321,0.39183641979670175,0.0012337648775999578,104.0
noise,58,1.25,200,0.9404906701731651,0.9256133377164565,0.0008112811142524404,0.9823682555722321,0.39183641979670175,0.0012337648775999578,104.0
noise,58,1.5,200,0.9196030593502755,0.8995038241878445,0.0016007652091026793,0.9823682555722321,0.39183641979670175,0.0012337648775999578,104.0
noise,58,2.0,200,0.8733503136579291,0.8416878920724113,0.0036181416307716897,0.9823682555722321,0.39183641979670175,0.0012337648775999578,104.0
noise,58,2.5,200,0.8213387620666943,0.7766734525833675,0.0049401241010140024,0.9823682555722321,0.39183641979670175,0.0012337648775999578,104.0
noise,58,3.0,200,0.7592924624465053,0.6991155780581316,0.010624186345742368,0.9823682555722321,0.39183641979670175,0.0012337648775999578,104.0
noise,58,3.5,200,0.694677006809883,0.6183462585123535,0.011646191074459473,0.9823682555722321,0.39183641979670175,0.0012337648775999578,104.0
noise,59,0.1,200,0.9859080388857615,0.9823850486072019,2.7087419527981195e-06,0.9826401413989622,0.394378741457429,0.001233231742811609,104.0
noise,59,0.25,200,0.9844253025043491,0.9805316281304366,1.594443566567819e-05,0.9826401413989622,0.394378741457429,0.001233231742811609,104.0
noise,59,0.5,200,0.977685423516816,0.9721067793960201,6.533168700366686e-05,0.9826401413989622,0.394378741457429,0.001233231742811609,104.0
noise,59,0.75,200,0.9686604716115866,0.9608255895144834,0.00020683427236953885,0.9826401413989622,0.394378741457429,0.001233231742811609,104.0
noise,59,1.0,200,0.954633007374779,0.9432912592184735,0.0004419762420418159,0.9826401413989622,0.394378741457429,0.001233231742811609,104.0
noise,59,1.25,200,0.9406017091774519,0.925752136471815,0.0008069349174373936,0.9826401413989622,0.394378741457429,0.001233231742811609,104.0
noise,59,1.5,200,0.9196204713777931,0.8995255892222412,0.0015947426093419876,0.9826401413989622,0.394378741457429,0.001233231742811609,104.0
noise,59,2.0,200,0.8739563072052736,0.8424453840065919,0.0035788001371118362,0.9826401413989622,0.394378741457429,0.001233231742811609,104.0
noise,59,2.5,200,0.8214573946768637,0.7768217433460797,0.0049276546148395075,0.9826401413989622,0.394378741457429,0.001233231742811609,104.0
noise,59,3.0,200,0.7592142889725486,0.6990178612156859,0.010568984527364217,0.9826401413989622,0.394378741457429,0.001233231742811609,104.0
noise,59,3.5,200,0.6947455065840582,0.6184318832300726,0.011624951808133341,0.9826401413989622,0.394378741457429,0.001233231742811609,104.0
noise,60,0.1,200,0.9864609455232591,0.983076181904074,2.9727457572119617e-06,0.9833913021229689,0.39936666863845854,0.001475004938240957,126.0
noise,60,0.25,200,0.9843603458456798,0.9804504323070998,2.0664016151080298e-05,0.9833913021229689,0.39936666863845854,0.001475004938240957,126.0
noise,60,0.5,200,0.9765116912958898,0.970639614119862,9.137772889912955e-05,0.9833913021229689,0.39936666863845854,0.001475004938240957,126.0
noise,60,0.75,200,0.9660453358347664,0.9575566697934579,0.0002312244614632078,0.9833913021229689,0.39936666863845854,0.001475004938240957,126.0
noise,60,1.0,200,0.9497717372603263,0.9372146715754074,0.0005582083049901153,0.9833913021229689,0.39936666863845854,0.001475004938240957,126.0
noise,60,1.25,200,0.9309013696284222,0.9136267120355277,0.0011145900084577496,0.9833913021229689,0.39936666863845854,0.001475004938240957,126.0
noise,60,1.5,200,0.9041666284368148,0.8802082855460185,0.0019519821481486389,0.9833913021229689,0.39936666863845854,0.001475004938240957,126.0
noise,60,2.0,200,0.8491693143949736,0.8114616429937166,0.005619828446582236,0.9833913021229689,0.39936666863845854,0.001475004938240957,126.0
noise,60,2.5,200,0.7922429777778768,0.7403037222223459,0.0072773132491526105,0.9833913021229689,0.39936666863845854,0.001475004938240957,126.0
noise,60,3.0,200,0.7159612116088234,0.6449515145110293,0.011227470273060076,0.9833913021229689,0.39936666863845854,0.001475004938240957,126.0
noise,60,3.5,200,0.6458558729882871,0.5573198412353587,0.014662026141570575,0.9833913021229689,0.39936666863845854,0.001475004938240957,126.0
noise,61,0.1,200,0.9870528407455214,0.9838160509319015,2.6236182647926267e-06,0.9840666856220094,0.3908656853414431,0.0011958954760222895,104.0
noise,61,0.25,200,0.9855856856740858,0.981982107092607,1.5192021693093195e-05,0.9840666856220094,0.3908656853414431,0.0011958954760222895,104.0
noise,61,0.5,200,0.9788651084432094,0.9735813855540116,6.084785593532382e-05,0.9840666856220094,0.3908656853414431,0.0011958954760222895,104.0
noise,61,0.75,200,0.9698877306610172,0.9623596633262713,0.00018591881923537106,0.9840666856220094,0.3908656853414431,0.0011958954760222895,104.0
noise,61,1.0,200,0.9557679598887069,0.9447099498608835,0.0004283140260525171,0.9840666856220094,0.3908656853414431,0.0011958954760222895,104.0
noise,61,1.25,200,0.9416688583508837,0.9270860729386046,0.0007673691716173586,0.9840666856220094,0.3908656853414431,0.0011958954760222895,104.0
noise,61,1.5,200,0.9206669691360528,0.9008337114200659,0.0016083082293416073,0.9840666856220094,0.3908656853414431,0.0011958954760222895,104.0
noise,61,2.0,200,0.8749897528992915,0.843737191124114,0.0035176547558597882,0.9840666856220094,0.3908656853414431,0.0011958954760222895,104.0
noise,61,2.5,200,0.8227325942683387,0.7784157428354233,0.00485859091631055,0.9840666856220094,0.3908656853414431,0.0011958954760222895,104.0
noise,61,3.0,200,0.7597734350225428,0.6997167937781782,0.010580258357182327,0.9840666856220094,0.3908656853414431,0.0011958954760222895,104.0
noise,61,3.5,200,0.6954230583384747,0.6192788229230932,0.011586597877045919,0.9840666856220094,0.3908656853414431,0.0011958954760222895,104.0
noise,62,0.1,200,0.9863960282167108,0.9829950352708886,2.7673995046433485e-06,0.9832487863426533,0.39322567739704906,0.001205390966411136,104.0
noise,62,0.25,200,0.9849469200014394,0.981183650001799,1.715046227944248e-05,0.9832487863426533,0.39322567739704906,0.001205390966411136,104.0
noise,62,0.5,200,0.9781595609285747,0.9726994511607182,6.564407338970711e-05,0.9832487863426533,0.39322567739704906,0.001205390966411136,104.0
noise,62,0.75,200,0.9693141614582909,0.9616427018228635,0.00019910494140179148,0.9832487863426533,0.39322567739704906,0.001205390966411136,104.0
noise,62,1.0,200,0.9551369795557876,0.9439212244447345,0.0004464099405931657,0.9832487863426533,0.39322567739704906,0.001205390966411136,104.0
noise,62,1.25,200,0.9412633927931208,0.9265792409914009,0.0007724703158527798,0.9832487863426533,0.39322567739704906,0.001205390966411136,104.0
noise,62,1.5,200,0.9203632039607765,0.9004540049509706,0.00163226142917656,0.9832487863426533,0.39322567739704906,0.001205390966411136,104.0
noise,62,2.0,200,0.874554428981904,0.8431930362273801,0.00349770344018255,0.9832487863426533,0.39322567739704906,0.001205390966411136,104.0
noise,62,2.5,200,0.8228189937401922,0.7785237421752399,0.004890047380953922,0.9832487863426533,0.39322567739704906,0.001205390966411136,104.0
noise,62,3.0,200,0.7600691680846586,0.7000864601058231,0.010579777911676165,0.9832487863426533,0.39322567739704906,0.001205390966411136,104.0
noise,62,3.5,200,0.6956738927896224,0.6195923659870282,0.011601974719513818,0.9832487863426533,0.39322567739704906,0.001205390966411136,104.0
noise,63,0.1,200,0.986951059955544,0.9836888249444299,2.3467521183288308e-06,0.9839637036538967,0.3998123292402905,0.0012256118732704832,102.0
noise,63,0.25,200,0.9854302395922799,0.9817877994903498,1.4764691979841811e-05,0.9839637036538967,0.3998123292402905,0.0012256118732704832,102.0
noise,63,0.5,200,0.9786791774363665,0.9733489717954578,7.826659042207837e-05,0.9839637036538967,0.3998123292402905,0.0012256118732704832,102.0
noise,63,0.75,200,0.9711093765385179,0.9638867206731474,0.00016966529765135712,0.9839637036538967,0.3998123292402905,0.0012256118732704832,102.0
noise,63,1.0,200,0.9577617930158127,0.9472022412697657,0.0004101693867020567,0.9839637036538967,0.3998123292402905,0.0012256118732704832,102.0
noise,63,1.25,200,0.9425259419599374,0.9281574274499218,0.0007528002888952324,0.9839637036538967,0.3998123292402905,0.0012256118732704832,102.0
noise,63,1.5,200,0.9231795205706469,0.9039744007133084,0.0016947421149439037,0.9839637036538967,0.3998123292402905,0.0012256118732704832,102.0
noise,63,2.0,200,0.8789094986525179,0.8486368733156473,0.0029386075673487606,0.9839637036538967,0.3998123292402905,0.0012256118732704832,102.0
noise,63,2.5,200,0.8220110393295725,0.7775137991619655,0.0054842654597889616,0.9839637036538967,0.3998123292402905,0.0012256118732704832,102.0
noise,63,3.0,200,0.760359022382636,0.7004487779782949,0.009655760513012203,0.9839637036538967,0.3998123292402905,0.0012256118732704832,102.0
noise,63,3.5,200,0.6950332474872698,0.6187915593590871,0.012074209404511715,0.9839637036538967,0.3998123292402905,0.0012256118732704832,102.0
noise,64,0.1,200,0.9889939708639037,0.9862424635798797,2.2047632702089457e-06,0.9865295925372305,0.3878877308061752,0.0012903711802628116,104.0
noise,64,0.25,200,0.987520415590279,0.9844005194878487,1.3301898865603342e-05,0.9865295925372305,0.3878877308061752,0.0012903711802628116,104.0
noise,64,0.5,200,0.9808819940639009,0.9761024925798761,5.4622087892556324e-05,0.9865295925372305,0.3878877308061752,0.0012903711802628116,104.0
noise,64,0.75,200,0.9720874713408553,0.965109339176069,0.00017494627285965465,0.9865295925372305,0.3878877308061752,0.0012903711802628116,104.0
noise,64,1.0,200,0.958044827970949,0.9475560349636862,0.00037885538199735556,0.9865295925372305,0.3878877308061752,0.0012903711802628116,104.0
noise,64,1.25,200,0.9437675364264724,0.9297094205330905,0.0007072755560086705,0.9865295925372305,0.3878877308061752,0.0012903711802628116,104.0
noise,64,1.5,200,0.9223537032494025,0.9029421290617531,0.001565149247186733,0.9865295925372305,0.3878877308061752,0.0012903711802628116,104.0
noise,64,2.0,200,0.8784631370177195,0.8480789212721495,0.0031845879083520884,0.9865295925372305,0.3878877308061752,0.0012903711802628116,104.0
noise,64,2.5,200,0.8253144408860994,0.7816430511076241,0.004763236356297524,0.9865295925372305,0.3878877308061752,0.0012903711802628116,104.0
noise,64,3.0,200,0.7617503243760915,0.7021879054701141,0.010357001274041946,0.9865295925372305,0.3878877308061752,0.0012903711802628116,104.0
noise,64,3.5,200,0.69768726406161,0.6221090800770124,0.01161212478519867,0.9865295925372305,0.3878877308061752,0.0012903711802628116,104.0
noise,65,0.1,200,0.9870524747526572,0.9838155934408213,2.751115900969385e-06,0.984092352801242,0.3889651358275029,0.0012873491335792632,106.0
noise,65,0.25,200,0.9855819704026705,0.9819774630033379,1.7187850308217e-05,0.984092352801242,0.3889651358275029,0.0012873491335792632,106.0
noise,65,0.5,200,0.9785005173513422,0.9731256466891776,8.045725967539187e-05,0.984092352801242,0.3889651358275029,0.0012873491335792632,106.0
noise,65,0.75,200,0.9702256157941669,0.9627820197427082,0.00018240770340209733,0.984092352801242,0.3889651358275029,0.0012873491335792632,106.0
noise,65,1.0,200,0.9561901209571992,0.9452376511964988,0.00040159783992481325,0.984092352801242,0.3889651358275029,0.0012873491335792632,106.0
noise,65,1.25,200,0.9400658217737242,0.9250822772171557,0.00093435178425751,0.984092352801242,0.3889651358275029,0.0012873491335792632,106.0
noise,65,1.5,200,0.9204457267955717,0.9005571584944642,0.0015206676105045825,0.984092352801242,0.3889651358275029,0.0012873491335792632,106.0
noise,65,2.0,200,0.8735139988408307,0.8418924985510384,0.0032754166942854375,0.984092352801242,0.3889651358275029,0.0012873491335792632,106.0
noise,65,2.5,200,0.820218214734776,0.7752727684184699,0.005573470759604447,0.984092352801242,0.3889651358275029,0.0012873491335792632,106.0
noise,65,3.0,200,0.7560022388169335,0.6950027985211668,0.011053410904943557,0.984092352801242,0.3889651358275029,0.0012873491335792632,106.0
noise,65,3.5,200,0.6926760764596941,0.6158450955746175,0.012828667624627253,0.984092352801242,0.3889651358275029,0.0012873491335792632,106.0
noise,66,0.1,200,0.9846150988998407,0.9807688736248009,3.2978850221651764e-06,0.9810012780667116,0.39996464908153134,0.00125135955658254,108.0
noise,66,0.25,200,0.9830703736847962,0.9788379671059951,2.0668470775037175e-05,0.9810012780667116,0.39996464908153134,0.00125135955658254,108.0
noise,66,0.5,200,0.9759425046304693,0.9699281307880864,9.44585330162627e-05,0.9810012780667116,0.39996464908153134,0.00125135955658254,108.0
noise,66,0.75,200,0.9672953561820403,0.9591191952275505,0.00019384535159597393,0.9810012780667116,0.39996464908153134,0.00125135955658254,108.0
noise,66,1.0,200,0.9527780638401986,0.9409725798002484,0.00047218213750818125,0.9810012780667116,0.39996464908153134,0.00125135955658254,108.0
noise,66,1.25,200,0.9360048587295486,0.9200060734119355,0.0009462279115120564,0.9810012780667116,0.39996464908153134,0.00125135955658254,108.0
noise,66,1.5,200,0.9176791336145208,0.8970989170181509,0.0015948465672245738,0.9810012780667116,0.39996464908153134,0.00125135955658254,108.0
noise,66,2.0,200,0.8717065202579187,0.8396331503223982,0.0033639169729674677,0.9810012780667116,0.39996464908153134,0.00125135955658254,108.0
noise,66,2.5,200,0.8161065907129608,0.7701332383912012,0.005977531748523819,0.9810012780667116,0.39996464908153134,0.00125135955658254,108.0
noise,66,3.0,200,0.7497567337006233,0.6871959171257791,0.011552911783491689,0.9810012780667116,0.39996464908153134,0.00125135955658254,108.0
noise,66,3.5,200,0.6831770469859401,0.603971308732425,0.012828658693118743,0.9810012780667116,0.39996464908153134,0.00125135955658254,108.0
noise,67,0.1,200,0.9859546723850485,0.9824433404813103,2.924462126901003e-06,0.9826806605048358,0.39409333721983825,0.0012551320086895842,106.0
noise,67,0.25,200,0.9844353328375046,0.980544166046881,1.772001926909455e-05,0.9826806605048358,0.39409333721983825,0.0012551320086895842,106.0
noise,67,0.5,200,0.9772774227625103,0.9715967784531379,8.431944404423402e-05,0.9826806605048358,0.39409333721983825,0.0012551320086895842,106.0
noise,67,0.75,200,0.9690398771135071,0.9612998463918839,0.00019385865730094757,0.9826806605048358,0.39409333721983825,0.0012551320086895842,106.0
noise,67,1.0,200,0.9547353425616052,0.9434191782020064,0.00042242601507477676,0.9826806605048358,0.39409333721983825,0.0012551320086895842,106.0
noise,67,1.25,200,0.9388943866975965,0.9236179833719956,0.0009490574148474145,0.9826806605048358,0.39409333721983825,0.0012551320086895842,106.0
noise,67,1.5,200,0.9187188755304518,0.8983985944130646,0.0015946103230163233,0.9826806605048358,0.39409333721983825,0.0012551320086895842,106.0
noise,67,2.0,200,0.8715014790610316,0.8393768488262896,0.0033943491999866736,0.9826806605048358,0.39409333721983825,0.0012551320086895842,106.0
noise,67,2.5,200,0.8173252660033047,0.771656582504131,0.0057260285082377845,0.9826806605048358,0.39409333721983825,0.0012551320086895842,106.0
noise,67,3.0,200,0.7538823806275997,0.6923529757844995,0.011278902878581923,0.9826806605048358,0.39409333721983825,0.0012551320086895842,106.0
noise,67,3.5,200,0.6901588076624997,0.6126985095781246,0.012798265099118182,0.9826806605048358,0.39409333721983825,0.0012551320086895842,106.0
noise,68,0.1,200,0.985691406645151,0.9821142583064386,2.8801139364821374e-06,0.9823709067830293,0.39442240051545874,0.0011574017376840937,104.0
noise,68,0.25,200,0.9842117769011488,0.9802647211264357,1.7413885450080316e-05,0.9823709067830293,0.39442240051545874,0.0011574017376840937,104.0
noise,68,0.5,200,0.977454870650496,0.9718185883131198,6.84551441775013e-05,0.9823709067830293,0.39442240051545874,0.0011574017376840937,104.0
noise,68,0.75,200,0.9685075848613786,0.9606344810767229,0.0002106242455029339,0.9823709067830293,0.39442240051545874,0.0011574017376840937,104.0
noise,68,1.0,200,0.9542388487718185,0.9427985609647729,0.0004562420818821054,0.9823709067830293,0.39442240051545874,0.0011574017376840937,104.0
noise,68,1.25,200,0.9405204746705792,0.9256505933382239,0.0008037267561318818,0.9823709067830293,0.39442240051545874,0.0011574017376840937,104.0
noise,68,1.5,200,0.9197993510079485,0.8997491887599354,0.0016336799611532892,0.9823709067830293,0.39442240051545874,0.0011574017376840937,104.0
noise,68,2.0,200,0.8734672167162003,0.8418340208952502,0.0036035751970755303,0.9823709067830293,0.39442240051545874,0.0011574017376840937,104.0
noise,68,2.5,200,0.8217874927822927,0.7772343659778655,0.004929172310329573,0.9823709067830293,0.39442240051545874,0.0011574017376840937,104.0
noise,68,3.0,200,0.7594171000876937,0.6992713751096171,0.01052558023517654,0.9823709067830293,0.39442240051545874,0.0011574017376840937,104.0
noise,68,3.5,200,0.6946533923324341,0.6183167404155424,0.011729648967689674,0.9823709067830293,0.39442240051545874,0.0011574017376840937,104.0
noise,69,0.1,200,0.9870353100752182,0.9837941375940228,2.3721498711054525e-06,0.9840696701948509,0.39269424987235235,0.0011571119942199643,102.0
noise,69,0.25,200,0.9855467087324403,0.9819333859155505,1.4421610345742628e-05,0.9840696701948509,0.39269424987235235,0.0011571119942199643,102.0
noise,69,0.5,200,0.9787713041632407,0.9734641302040508,7.442624011133917e-05,0.9840696701948509,0.39269424987235235,0.0011571119942199643,102.0
noise,69,0.75,200,0.9710583160842469,0.9638228951053088,0.00016808752656629635,0.9840696701948509,0.39269424987235235,0.0011571119942199643,102.0
noise,69,1.0,200,0.9577448938994924,0.9471811173743656,0.0004054448861347244,0.9840696701948509,0.39269424987235235,0.0011571119942199643,102.0
noise,69,1.25,200,0.9425029227558167,0.9281286534447709,0.0007457955869383248,0.9840696701948509,0.39269424987235235,0.0011571119942199643,102.0
noise,69,1.5,200,0.9232741208353815,0.9040926510442268,0.0016851958759843578,0.9840696701948509,0.39269424987235235,0.0011571119942199643,102.0
noise,69,2.0,200,0.8783964330230184,0.8479955412787733,0.002930108228410066,0.9840696701948509,0.39269424987235235,0.0011571119942199643,102.0
noise,69,2.5,200,0.8214106571735424,0.7767633214669281,0.005493477176900652,0.9840696701948509,0.39269424987235235,0.0011571119942199643,102.0
noise,69,3.0,200,0.7600560036862387,0.7000700046077981,0.009705943131731357,0.9840696701948509,0.39269424987235235,0.0011571119942199643,102.0
noise,69,3.5,200,0.6940956821703497,0.6176196027129371,0.012202600025525702,0.9840696701948509,0.39269424987235235,0.0011571119942199643,102.0
noise,70,0.1,200,0.9852048000374819,0.9815060000468526,3.133926147555527e-06,0.9817954723541354,0.3970769011887803,0.0012931210023450904,110.0
noise,70,0.25,200,0.9836811798381518,0.9796014747976897,1.818955333909228e-05,0.9817954723541354,0.3970769011887803,0.0012931210023450904,110.0
noise,70,0.5,200,0.9761444038859066,0.9701805048573833,8.20128777943748e-05,0.9817954723541354,0.3970769011887803,0.0012931210023450904,110.0
noise,70,0.75,200,0.9676794982917856,0.959599372864732,0.0001968764541575663,0.9817954723541354,0.3970769011887803,0.0012931210023450904,110.0
noise,70,1.0,200,0.9516192310337083,0.9395240387921352,0.0005196745287834943,0.9817954723541354,0.3970769011887803,0.0012931210023450904,110.0
noise,70,1.25,200,0.936823547629214,0.9210294345365176,0.0007694628672066518,0.9817954723541354,0.3970769011887803,0.0012931210023450904,110.0
noise,70,1.5,200,0.9153436575950522,0.894179571993815,0.0015401329135179276,0.9817954723541354,0.3970769011887803,0.0012931210023450904,110.0
noise,70,2.0,200,0.8665803988848382,0.8332254986060477,0.004129171330811184,0.9817954723541354,0.3970769011887803,0.0012931210023450904,110.0
noise,70,2.5,200,0.8114597505713583,0.7643246882141979,0.005382359689285215,0.9817954723541354,0.3970769011887803,0.0012931210023450904,110.0
noise,70,3.0,200,0.7484759692870007,0.6855949616087507,0.010543751540503297,0.9817954723541354,0.3970769011887803,0.0012931210023450904,110.0
noise,70,3.5,200,0.6801881710715757,0.6002352138394694,0.01363046865944817,0.9817954723541354,0.3970769011887803,0.0012931210023450904,110.0
noise,71,0.1,200,0.9856999478555974,0.9821249348194964,2.972726852368509e-06,0.9823717512527832,0.3978517432587123,0.0012698664020772375,108.0
noise,71,0.25,200,0.9841114051783765,0.9801392564729706,1.8544157369517073e-05,0.9823717512527832,0.3978517432587123,0.0012698664020772375,108.0
noise,71,0.5,200,0.9769470431721742,0.9711838039652173,8.68298041910911e-05,0.9823717512527832,0.3978517432587123,0.0012698664020772375,108.0
noise,71,0.75,200,0.9683856651092834,0.960482081386604,0.00018827003408989157,0.9823717512527832,0.3978517432587123,0.0012698664020772375,108.0
noise,71,1.0,200,0.9532579160788477,0.9415723950985594,0.0004576432137944024,0.9823717512527832,0.3978517432587123,0.0012698664020772375,108.0
noise,71,1.25,200,0.936957291652999,0.921196614566249,0.000912894645788491,0.9823717512527832,0.3978517432587123,0.0012698664020772375,108.0
noise,71,1.5,200,0.9186600560340916,0.8983250700426144,0.0015359925650724007,0.9823717512527832,0.3978517432587123,0.0012698664020772375,108.0
noise,71,2.0,200,0.8713779202070161,0.8392224002587699,0.0033536734844352182,0.9823717512527832,0.3978517432587123,0.0012698664020772375,108.0
noise,71,2.5,200,0.8163560678884878,0.7704450848606095,0.005892976727956898,0.9823717512527832,0.3978517432587123,0.0012698664020772375,108.0
noise,71,3.0,200,0.749234173657372,0.6865427170717149,0.011385662722180787,0.9823717512527832,0.3978517432587123,0.0012698664020772375,108.0
noise,71,3.5,200,0.6826435146357246,0.6033043932946558,0.012841222427124115,0.9823717512527832,0.3978517432587123,0.0012698664020772375,108.0
noise,72,0.1,200,0.9868210698097853,0.9835263372622314,2.6699209987225756e-06,0.9837948935254934,0.39086905408008404,0.0012076716989123629,104.0
noise,72,0.25,200,0.9853293455401104,0.981661681925138,1.573418171334078e-05,0.9837948935254934,0.39086905408008404,0.0012076716989123629,104.0
noise,72,0.5,200,0.9786415721096037,0.9733019651370044,6.25916305670373e-05,0.9837948935254934,0.39086905408008404,0.0012076716989123629,104.0
noise,72,0.75,200,0.9698961757692592,0.962370219711574,0.00019422192409086078,0.9837948935254934,0.39086905408008404,0.0012076716989123629,104.0
noise,72,1.0,200,0.9554635961577751,0.9443294951972185,0.0004303581167212621,0.9837948935254934,0.39086905408008404,0.0012076716989123629,104.0
noise,72,1.25,200,0.941768582894985,0.927210728618731,0.0007572987999406788,0.9837948935254934,0.39086905408008404,0.0012076716989123629,104.0
noise,72,1.5,200,0.9207894918474615,0.9009868648093269,0.0016269817140746718,0.9837948935254934,0.39086905408008404,0.0012076716989123629,104.0
noise,72,2.0,200,0.8753366324455453,0.8441707905569316,0.0034354849370063444,0.9837948935254934,0.39086905408008404,0.0012076716989123629,104.0
noise,72,2.5,200,0.8232404870698254,0.7790506088372814,0.004860017653569459,0.9837948935254934,0.39086905408008404,0.0012076716989123629,104.0
noise,72,3.0,200,0.7601296767087526,0.7001620958859409,0.010387887728053734,0.9837948935254934,0.39086905408008404,0.0012076716989123629,104.0
noise,72,3.5,200,0.6956230568830916,0.6195288211038645,0.011695107913620773,0.9837948935254934,0.39086905408008404,0.0012076716989123629,104.0
noise,73,0.1,200,0.9861117359741425,0.982639669967678,2.79995598669489e-06,0.9828998003343737,0.3908143703106496,0.0011788503688282131,104.0
noise,73,0.25,200,0.9846449926591077,0.9808062408238846,1.658796849017429e-05,0.9828998003343737,0.3908143703106496,0.0011788503688282131,104.0
noise,73,0.5,200,0.9779604793330567,0.9724505991663206,6.335367675829082e-05,0.9828998003343737,0.3908143703106496,0.0011788503688282131,104.0
noise,73,0.75,200,0.9690525982846442,0.9613157478558049,0.00020270397657377404,0.9828998003343737,0.3908143703106496,0.0011788503688282131,104.0
noise,73,1.0,200,0.9550083074672756,0.9437603843340946,0.0004623046865424249,0.9828998003343737,0.3908143703106496,0.0011788503688282131,104.0
noise,73,1.25,200,0.9412973839865728,0.9266217299832158,0.0007735960739424838,0.9828998003343737,0.3908143703106496,0.0011788503688282131,104.0
noise,73,1.5,200,0.9200530152063465,0.9000662690079331,0.001669757620220304,0.9828998003343737,0.3908143703106496,0.0011788503688282131,104.0
noise,73,2.0,200,0.875114204390874,0.8438927554885924,0.0033702249869714974,0.9828998003343737,0.3908143703106496,0.0011788503688282131,104.0
noise,73,2.5,200,0.823034233549003,0.7787927919362536,0.004936792605569837,0.9828998003343737,0.3908143703106496,0.0011788503688282131,104.0
noise,73,3.0,200,0.7599683251426846,0.6999604064283558,0.010484378573055975,0.9828998003343737,0.3908143703106496,0.0011788503688282131,104.0
noise,73,3.5,200,0.6964076672159463,0.6205095840199328,0.011653239519145143,0.9828998003343737,0.3908143703106496,0.0011788503688282131,104.0
noise,74,0.1,200,0.9857649059483462,0.9822061324354326,2.928612276374195e-06,0.9824914172862959,0.3926122477203152,0.0012428974578937186,108.0
noise,74,0.25,200,0.9842781290933318,0.980347661366665,1.995311413512541e-05,0.9824914172862959,0.3926122477203152,0.0012428974578937186,108.0
noise,74,0.5,200,0.9772028677928468,0.9715035847410587,8.599526685109837e-05,0.9824914172862959,0.3926122477203152,0.0012428974578937186,108.0
noise,74,0.75,200,0.96845200165223,0.9605650020652873,0.00018282293271079428,0.9824914172862959,0.3926122477203152,0.0012428974578937186,108.0
noise,74,1.0,200,0.9538455177003533,0.9423068971254415,0.0004728376738025245,0.9824914172862959,0.3926122477203152,0.0012428974578937186,108.0
noise,74,1.25,200,0.9378300268107979,0.9222875335134972,0.0008929135037954775,0.9824914172862959,0.3926122477203152,0.0012428974578937186,108.0
noise,74,1.5,200,0.9196226542130056,0.8995283177662569,0.0015332758404998025,0.9824914172862959,0.3926122477203152,0.0012428974578937186,108.0
noise,74,2.0,200,0.8722500268763558,0.8403125335954448,0.0032457194174640848,0.9824914172862959,0.3926122477203152,0.0012428974578937186,108.0
noise,74,2.5,200,0.8179929199804399,0.7724911499755498,0.005975443537249853,0.9824914172862959,0.3926122477203152,0.0012428974578937186,108.0
noise,74,3.0,200,0.7516929663721412,0.6896162079651763,0.011539107661323685,0.9824914172862959,0.3926122477203152,0.0012428974578937186,108.0
noise,74,3.5,200,0.6855398412156518,0.6069248015195648,0.012806521085464024,0.9824914172862959,0.3926122477203152,0.0012428974578937186,108.0
noise,75,0.1,200,0.9874551958453935,0.9843189948067419,2.656532904552793e-06,0.984612537126319,0.387160440417219,0.0012062052265159626,106.0
noise,75,0.25,200,0.9859947626360044,0.9824934532950054,1.6689847185897836e-05,0.984612537126319,0.387160440417219,0.0012062052265159626,106.0
noise,75,0.5,200,0.9789905200248366,0.9737381500310454,7.540703011896145e-05,0.984612537126319,0.387160440417219,0.0012062052265159626,106.0
noise,75,0.75,200,0.9704675504566439,0.9630844380708047,0.0001791426589908992,0.984612537126319,0.387160440417219,0.0012062052265159626,106.0
noise,75,1.0,200,0.9567475604988126,0.9459344506235157,0.00041384238533046576,0.984612537126319,0.387160440417219,0.0012062052265159626,106.0
noise,75,1.25,200,0.9408577175987297,0.9260721469984122,0.000879058889841286,0.984612537126319,0.387160440417219,0.0012062052265159626,106.0
noise,75,1.5,200,0.9211655530802528,0.901456941350316,0.001483045276167746,0.984612537126319,0.387160440417219,0.0012062052265159626,106.0
noise,75,2.0,200,0.8738651066575707,0.8423313833219632,0.00318496178567967,0.984612537126319,0.387160440417219,0.0012062052265159626,106.0
noise,75,2.5,200,0.8210235781753852,0.7762794727192316,0.005650596484487327,0.984612537126319,0.387160440417219,0.0012062052265159626,106.0
noise,75,3.0,200,0.756745087103073,0.6959313588788412,0.011158811185520449,0.984612537126319,0.387160440417219,0.0012062052265159626,106.0
noise,75,3.5,200,0.6938516662281249,0.617314582785156,0.012727948060270942,0.984612537126319,0.387160440417219,0.0012062052265159626,106.0
noise,76,0.1,200,0.9870973613825011,0.9838717017281264,2.5038201967655904e-06,0.9841504579713045,0.3935153303092692,0.001167303708043307,104.0
noise,76,0.25,200,0.9856240257247635,0.9820300321559543,1.536191200397156e-05,0.9841504579713045,0.3935153303092692,0.001167303708043307,104.0
noise,76,0.5,200,0.9790357966638725,0.9737947458298407,5.891258246423952e-05,0.9841504579713045,0.3935153303092692,0.001167303708043307,104.0
noise,76,0.75,200,0.9699871339897247,0.9624839174871558,0.0001943660782821533,0.9841504579713045,0.3935153303092692,0.001167303708043307,104.0
noise,76,1.0,200,0.9561077284061663,0.9451346605077078,0.00043660096300931204,0.9841504579713045,0.3935153303092692,0.001167303708043307,104.0
noise,76,1.25,200,0.9424843616582192,0.9281054520727738,0.0007402655614186673,0.9841504579713045,0.3935153303092692,0.001167303708043307,104.0
noise,76,1.5,200,0.9210848923671066,0.901356115458883,0.0016106984628864256,0.9841504579713045,0.3935153303092692,0.001167303708043307,104.0
noise,76,2.0,200,0.8762496448990881,0.8453120561238603,0.0032408778440654817,0.9841504579713045,0.3935153303092692,0.001167303708043307,104.0
noise,76,2.5,200,0.8242791852810094,0.7803489816012616,0.0048805424199759835,0.9841504579713045,0.3935153303092692,0.001167303708043307,104.0
noise,76,3.0,200,0.760957701083907,0.7011971263548835,0.01044911708101448,0.9841504579713045,0.3935153303092692,0.001167303708043307,104.0
noise,76,3.5,200,0.6976539491057046,0.6220674363821306,0.01162172768904437,0.9841504579713045,0.3935153303092692,0.001167303708043307,104.0
noise,77,0.1,200,0.9883209881512196,0.9854012351890244,2.2202215039413747e-06,0.9856900741810883,0.3965930148791227,0.0012428876141012714,104.0
noise,77,0.25,200,0.9867987434546035,0.9834984293182544,1.4371074056609774e-05,0.9856900741810883,0.3965930148791227,0.0012428876141012714,104.0
noise,77,0.5,200,0.9802015070865583,0.9752518838581977,5.687974779467992e-05,0.9856900741810883,0.3965930148791227,0.0012428876141012714,104.0
noise,77,0.75,200,0.9713628541368866,0.964203567671108,0.0001873956432787955,0.9856900741810883,0.3965930148791227,0.0012428876141012714,104.0
noise,77,1.0,200,0.957064135969014,0.9463301699612673,0.00039583613707914675,0.9856900741810883,0.3965930148791227,0.0012428876141012714,104.0
noise,77,1.25,200,0.9437854109724594,0.9297317637155744,0.0007065070483235368,0.9856900741810883,0.3965930148791227,0.0012428876141012714,104.0
noise,77,1.5,200,0.922513800783235,0.9031422509790437,0.001520036192724667,0.9856900741810883,0.3965930148791227,0.0012428876141012714,104.0
noise,77,2.0,200,0.8767551117633637,0.8459438897042049,0.003250657864450236,0.9856900741810883,0.3965930148791227,0.0012428876141012714,104.0
noise,77,2.5,200,0.8251572746253241,0.781446593281655,0.00480292008736437,0.9856900741810883,0.3965930148791227,0.0012428876141012714,104.0
noise,77,3.0,200,0.7619017133387069,0.7023771416733835,0.010452527416800035,0.9856900741810883,0.3965930148791227,0.0012428876141012714,104.0
noise,77,3.5,200,0.6978510097607364,0.6223137622009204,0.011620583494762839,0.9856900741810883,0.3965930148791227,0.0012428876141012714,104.0
noise,78,0.1,200,0.9863450880074862,0.9829313600093578,2.8312265909740872e-06,0.9832044627336103,0.39273071285190386,0.00126194148805406,108.0
noise,78,0.25,200,0.9848242510789377,0.9810303138486722,1.8366337978460838e-05,0.9832044627336103,0.39273071285190386,0.00126194148805406,108.0
noise,78,0.5,200,0.9778125438131753,0.9722656797664692,8.246749045539506e-05,0.9832044627336103,0.39273071285190386,0.00126194148805406,108.0
noise,78,0.75,200,0.9689092794848548,0.9611365993560683,0.00017321602327265498,0.9832044627336103,0.39273071285190386,0.00126194148805406,108.0
noise,78,1.0,200,0.9545130890715282,0.9431413613394102,0.00044656480356013335,0.9832044627336103,0.39273071285190386,0.00126194148805406,108.0
noise,78,1.25,200,0.938216323160389,0.922770403950486,0.0008810618035348511,0.9832044627336103,0.39273071285190386,0.00126194148805406,108.0
noise,78,1.5,200,0.919593560486508,0.8994919506081349,0.0015066768583527257,0.9832044627336103,0.39273071285190386,0.00126194148805406,108.0
noise,78,2.0,200,0.8726637133441852,0.8408296416802316,0.003230327065018783,0.9832044627336103,0.39273071285190386,0.00126194148805406,108.0
noise,78,2.5,200,0.8174491590807726,0.7718114488509659,0.005977874724800856,0.9832044627336103,0.39273071285190386,0.00126194148805406,108.0
noise,78,3.0,200,0.7512812039874452,0.6891015049843066,0.01148989311904097,0.9832044627336103,0.39273071285190386,0.00126194148805406,108.0
noise,78,3.5,200,0.6850868677383897,0.6063585846729869,0.012743287806634307,0.9832044627336103,0.39273071285190386,0.00126194148805406,108.0
noise,79,0.1,200,0.9895739416905874,0.9869674271132339,1.6995098111927217e-06,0.9872209555085009,0.39177051189028694,0.0012142072750019903,100.0
noise,79,0.25,200,0.9880715925379686,0.9850894906724605,1.2462007106480684e-05,0.9872209555085009,0.39177051189028694,0.0012142072750019903,100.0
noise,79,0.5,200,0.9815030821737424,0.9768788527171778,5.2207246929611446e-05,0.9872209555085009,0.39177051189028694,0.0012142072750019903,100.0
noise,79,0.75,200,0.9739483471920561,0.9674354339900699,0.00013364685306458307,0.9872209555085009,0.39177051189028694,0.0012142072750019903,100.0
noise,79,1.0,200,0.9594635913636957,0.9493294892046193,0.00032952239394499436,0.9872209555085009,0.39177051189028694,0.0012142072750019903,100.0
noise,79,1.25,200,0.9445303807708018,0.9306629759635021,0.0007850785248307259,0.9872209555085009,0.39177051189028694,0.0012142072750019903,100.0
noise,79,1.5,200,0.9254593903584571,0.9068242379480712,0.0012441451105906878,0.9872209555085009,0.39177051189028694,0.0012142072750019903,100.0
noise,79,2.0,200,0.8829727046776252,0.8537158808470315,0.00289140056225683,0.9872209555085009,0.39177051189028694,0.0012142072750019903,100.0
noise,79,2.5,200,0.8304011831568249,0.788001478946031,0.004882919102990104,0.9872209555085009,0.39177051189028694,0.0012142072750019903,100.0
noise,79,3.0,200,0.7712099637780034,0.7140124547225042,0.010300070051182657,0.9872209555085009,0.39177051189028694,0.0012142072750019903,100.0
noise,79,3.5,200,0.7047208635073781,0.6309010793842225,0.01191744644219352,0.9872209555085009,0.39177051189028694,0.0012142072750019903,100.0
noise,80,0.1,200,0.987134288514212,0.9839178606427649,2.321630834481127e-06,0.984197787837453,0.3924703199432046,0.0012312056761263873,102.0
noise,80,0.25,200,0.9856430983023965,0.9820538728779954,1.4913289296439995e-05,0.984197787837453,0.3924703199432046,0.0012312056761263873,102.0
noise,80,0.5,200,0.9789032281422667,0.9736290351778333,7.166523615710045e-05,0.984197787837453,0.3924703199432046,0.0012312056761263873,102.0
noise,80,0.75,200,0.9712471476970296,0.9640589346212869,0.00016872777668116963,0.984197787837453,0.3924703199432046,0.0012312056761263873,102.0
noise,80,1.0,200,0.9578457432000665,0.9473071790000833,0.00039895226305719755,0.984197787837453,0.3924703199432046,0.0012312056761263873,102.0
noise,80,1.25,200,0.9428110073142334,0.9285137591427918,0.0007307858962883146,0.984197787837453,0.3924703199432046,0.0012312056761263873,102.0
noise,80,1.5,200,0.9235022611270619,0.9043778264088275,0.0016611774370350737,0.984197787837453,0.3924703199432046,0.0012312056761263873,102.0
noise,80,2.0,200,0.8783568260193224,0.8479460325241531,0.0029223142028247883,0.984197787837453,0.3924703199432046,0.0012312056761263873,102.0
noise,80,2.5,200,0.8216861452878492,0.7771076816098114,0.005434504494442136,0.984197787837453,0.3924703199432046,0.0012312056761263873,102.0
noise,80,3.0,200,0.7607099394633017,0.700887424329127,0.009686278847407916,0.984197787837453,0.3924703199432046,0.0012312056761263873,102.0
noise,80,3.5,200,0.6949625291937538,0.6187031614921922,0.012197467531359285,0.984197787837453,0.3924703199432046,0.0012312056761263873,102.0
noise,81,0.1,200,0.9878580447070825,0.984822555883853,2.1432484141701593e-06,0.9851052298446324,0.39319723854802546,0.0012600833604441656,102.0
noise,81,0.25,200,0.9863365948146279,0.9829207435182846,1.3420587842957664e-05,0.9851052298446324,0.39319723854802546,0.0012600833604441656,102.0
noise,81,0.5,200,0.979644470770848,0.9745555884635598,6.801817006495836e-05,0.9851052298446324,0.39319723854802546,0.0012600833604441656,102.0
noise,81,0.75,200,0.971907180204633,0.9648839752557913,0.00015840287738524988,0.9851052298446324,0.39319723854802546,0.0012600833604441656,102.0
noise,81,1.0,200,0.9584394804566284,0.9480493505707855,0.00037899133846972075,0.9851052298446324,0.39319723854802546,0.0012600833604441656,102.0
noise,81,1.25,200,0.9433599104837868,0.9291998881047335,0.0007122005584366717,0.9851052298446324,0.39319723854802546,0.0012600833604441656,102.0
noise,81,1.5,200,0.9240671938001246,0.9050839922501557,0.0016288914895162725,0.9851052298446324,0.39319723854802546,0.0012600833604441656,102.0
noise,81,2.0,200,0.8787188551259686,0.8483985689074607,0.0028846640042773514,0.9851052298446324,0.39319723854802546,0.0012600833604441656,102.0
noise,81,2.5,200,0.8219577407495877,0.7774471759369844,0.0054072694119666346,0.9851052298446324,0.39319723854802546,0.0012600833604441656,102.0
noise,81,3.0,200,0.7606788967637228,0.7008486209546534,0.009672144958777967,0.9851052298446324,0.39319723854802546,0.0012600833604441656,102.0
noise,81,3.5,200,0.6946015138710685,0.6182518923388356,0.012197153016573198,0.9851052298446324,0.39319723854802546,0.0012600833604441656,102.0
noise,82,0.1,200,0.9876709326170311,0.9845886657712888,2.6082008554552613e-06,0.9848744623784971,0.38735700931157047,0.0012856468459313962,106.0
noise,82,0.25,200,0.986212155587812,0.9827651944847647,1.6433313573661015e-05,0.9848744623784971,0.38735700931157047,0.0012856468459313962,106.0
noise,82,0.5,200,0.9792248164418998,0.9740310205523748,7.464415569160445e-05,0.9848744623784971,0.38735700931157047,0.0012856468459313962,106.0
noise,82,0.75,200,0.9706550302854642,0.96331878785683,0.00017606140827328845,0.9848744623784971,0.38735700931157047,0.0012856468459313962,106.0
noise,82,1.0,200,0.9568523588019016,0.946065448502377,0.00040970596082224393,0.9848744623784971,0.38735700931157047,0.0012856468459313962,106.0
noise,82,1.25,200,0.941100825157848,0.9263760314473101,0.000863622344759457,0.9848744623784971,0.38735700931157047,0.0012856468459313962,106.0
noise,82,1.5,200,0.9211789637234091,0.9014737046542617,0.0014798662032156006,0.9848744623784971,0.38735700931157047,0.0012856468459313962,106.0
noise,82,2.0,200,0.8736881487036732,0.8421101858795914,0.0031834387838911393,0.9848744623784971,0.38735700931157047,0.0012856468459313962,106.0
noise,82,2.5,200,0.8206608791578494,0.7758260989473115,0.0056880519928170295,0.9848744623784971,0.38735700931157047,0.0012856468459313962,106.0
noise,82,3.0,200,0.7565369903891356,0.6956712379864193,0.011267849063081004,0.9848744623784971,0.38735700931157047,0.0012856468459313962,106.0
noise,82,3.5,200,0.693559360309964,0.6169492003874548,0.012668520326360623,0.9848744623784971,0.38735700931157047,0.0012856468459313962,106.0
noise,83,0.1,200,0.9885666014031568,0.9857082517539459,2.396186126860674e-06,0.9860060855452573,0.3971002285506213,0.001274388769042974,106.0
noise,83,0.25,200,0.9871027997248819,0.9838784996561023,1.5306656966416525e-05,0.9860060855452573,0.3971002285506213,0.001274388769042974,106.0
noise,83,0.5,200,0.9802379759044499,0.9752974698805622,7.123045958645122e-05,0.9860060855452573,0.3971002285506213,0.001274388769042974,106.0
noise,83,0.75,200,0.9715652238974384,0.9644565298717979,0.00016437230218209142,0.9860060855452573,0.3971002285506213,0.001274388769042974,106.0
noise,83,1.0,200,0.9579413050379583,0.947426631297448,0.00038565005304782673,0.9860060855452573,0.3971002285506213,0.001274388769042974,106.0
noise,83,1.25,200,0.9420965499370318,0.9276206874212898,0.0008329000933029943,0.9860060855452573,0.3971002285506213,0.001274388769042974,106.0
noise,83,1.5,200,0.9221555538856286,0.9026944423570356,0.0014388496665571496,0.9860060855452573,0.3971002285506213,0.001274388769042974,106.0
noise,83,2.0,200,0.8749776860220845,0.8437221075276057,0.0030637551742104373,0.9860060855452573,0.3971002285506213,0.001274388769042974,106.0
noise,83,2.5,200,0.8219883000825998,0.7774853751032496,0.005703606767258555,0.9860060855452573,0.3971002285506213,0.001274388769042974,106.0
noise,83,3.0,200,0.7574656549478956,0.6968320686848694,0.011243123758786097,0.9860060855452573,0.3971002285506213,0.001274388769042974,106.0
noise,83,3.5,200,0.6945972772926927,0.6182465966158659,0.012671473755355099,0.9860060855452573,0.3971002285506213,0.001274388769042974,106.0
noise,84,0.1,200,0.9876867115314143,0.9846083894142679,2.5877462150513754e-06,0.9848890007475934,0.39567300897765767,0.0013208489567342705,108.0
noise,84,0.25,200,0.9861435245412915,0.9826794056766143,1.714039687851335e-05,0.9848890007475934,0.39567300897765767,0.0013208489567342705,108.0
noise,84,0.5,200,0.9791149056254952,0.9738936320318691,7.840934512314065e-05,0.9848890007475934,0.39567300897765767,0.0013208489567342705,108.0
noise,84,0.75,200,0.9703239624845467,0.9629049531056834,0.00016684874220970183,0.9848890007475934,0.39567300897765767,0.0013208489567342705,108.0
noise,84,1.0,200,0.9555684042559289,0.9444605053199111,0.0004295363020444058,0.9848890007475934,0.39567300897765767,0.0013208489567342705,108.0
noise,84,1.25,200,0.9393163821387431,0.9241454776734287,0.0008527888558579511,0.9848890007475934,0.39567300897765767,0.0013208489567342705,108.0
noise,84,1.5,200,0.9209894753855448,0.9012368442319308,0.0014569139053718966,0.9848890007475934,0.39567300897765767,0.0013208489567342705,108.0
noise,84,2.0,200,0.8736645539637113,0.8420806924546391,0.003200867471837641,0.9848890007475934,0.39567300897765767,0.0013208489567342705,108.0
noise,84,2.5,200,0.8190892630498756,0.7738615788123445,0.005862758743838835,0.9848890007475934,0.39567300897765767,0.0013208489567342705,108.0
noise,84,3.0,200,0.7518895921518651,0.6898619901898313,0.011432951024263364,0.9848890007475934,0.39567300897765767,0.0013208489567342705,108.0
noise,84,3.5,200,0.6854878264391782,0.6068597830489726,0.012727994368917488,0.9848890007475934,0.39567300897765767,0.0013208489567342705,108.0
noise,85,0.1,200,0.9891436406061033,0.986429550757629,2.2994856761738907e-06,0.9867368385507725,0.3915801182888201,0.0013408942674611065,106.0
noise,85,0.25,200,0.9876811104047154,0.9846013880058939,1.4980313544919045e-05,0.9867368385507725,0.3915801182888201,0.0013408942674611065,106.0
noise,85,0.5,200,0.9807226649623703,0.9759033312029627,6.829405296418814e-05,0.9867368385507725,0.3915801182888201,0.0013408942674611065,106.0
noise,85,0.75,200,0.9722477389350616,0.9653096736688266,0.00016347992149896463,0.9867368385507725,0.3915801182888201,0.0013408942674611065,106.0
noise,85,1.0,200,0.9582818673167136,0.9478523341458921,0.0003840895513487203,0.9867368385507725,0.3915801182888201,0.0013408942674611065,106.0
noise,85,1.25,200,0.9425793865479305,0.9282242331849133,0.0008357533933506579,0.9867368385507725,0.3915801182888201,0.0013408942674611065,106.0
noise,85,1.5,200,0.9226549220881521,0.9033186526101902,0.0014321129313308145,0.9867368385507725,0.3915801182888201,0.0013408942674611065,106.0
noise,85,2.0,200,0.8752154425345563,0.8440193031681953,0.0031432156288492704,0.9867368385507725,0.3915801182888201,0.0013408942674611065,106.0
noise,85,2.5,200,0.8223500991644266,0.777937623955533,0.00556033683254181,0.9867368385507725,0.3915801182888201,0.0013408942674611065,106.0
noise,85,3.0,200,0.7577984727425426,0.6972480909281784,0.011118276813951397,0.9867368385507725,0.3915801182888201,0.0013408942674611065,106.0
noise,85,3.5,200,0.6945602418420306,0.6182003023025383,0.012710273914303002,0.9867368385507725,0.3915801182888201,0.0013408942674611065,106.0
noise,86,0.1,200,0.9875401100278097,0.9844251375347619,2.694592485339573e-06,0.9847156297868954,0.39078666003559254,0.0013185679310327028,106.0
noise,86,0.25,200,0.9860864998923795,0.9826081248654741,1.678449058364974e-05,0.9847156297868954,0.39078666003559254,0.0013185679310327028,106.0
noise,86,0.5,200,0.9790773997713696,0.9738467497142119,7.663681608760308e-05,0.9847156297868954,0.39078666003559254,0.0013185679310327028,106.0
noise,86,0.75,200,0.9705455595248209,0.9631819494060259,0.0001796423085162782,0.9847156297868954,0.39078666003559254,0.0013185679310327028,106.0
noise,86,1.0,200,0.9569181372010942,0.9461476715013677,0.0004097839320793039,0.9847156297868954,0.39078666003559254,0.0013185679310327028,106.0
noise,86,1.25,200,0.940836962716729,0.9260462033959109,0.0008900692410356621,0.9847156297868954,0.39078666003559254,0.0013185679310327028,106.0
noise,86,1.5,200,0.9212284682120159,0.9015355852650196,0.001480381121133218,0.9847156297868954,0.39078666003559254,0.0013185679310327028,106.0
noise,86,2.0,200,0.8739668527013613,0.8424585658767016,0.0032031171823299707,0.9847156297868954,0.39078666003559254,0.0013185679310327028,106.0
noise,86,2.5,200,0.821123178805787,0.7764039735072337,0.005668479134646394,0.9847156297868954,0.39078666003559254,0.0013185679310327028,106.0
noise,86,3.0,200,0.7569159551417288,0.6961449439271611,0.0112115960091648,0.9847156297868954,0.39078666003559254,0.0013185679310327028,106.0
noise,86,3.5,200,0.6937617078707436,0.6172021348384296,0.012781953200690364,0.9847156297868954,0.39078666003559254,0.0013185679310327028,106.0
noise,87,0.1,200,0.9875236067113239,0.9844045083891548,2.657448626583921e-06,0.9846521778380817,0.39590999227938595,0.0013701272176558379,108.0
noise,87,0.25,200,0.9859408671790082,0.9824260839737604,1.6752456049333935e-05,0.9846521778380817,0.39590999227938595,0.0013701272176558379,108.0
noise,87,0.5,200,0.9789519379656189,0.9736899224570231,7.834653383545301e-05,0.9846521778380817,0.39590999227938595,0.0013701272176558379,108.0
noise,87,0.75,200,0.9700264036628078,0.9625330045785097,0.00016432973545185754,0.9846521778380817,0.39590999227938595,0.0013701272176558379,108.0
noise,87,1.0,200,0.9555427981415066,0.944428497676883,0.0004223336172297484,0.9846521778380817,0.39590999227938595,0.0013701272176558379,108.0
noise,87,1.25,200,0.9388593173377668,0.9235741466722086,0.0008681278657868462,0.9846521778380817,0.39590999227938595,0.0013701272176558379,108.0
noise,87,1.5,200,0.9205734774625406,0.9007168468281757,0.0014682169186938459,0.9846521778380817,0.39590999227938595,0.0013701272176558379,108.0
noise,87,2.0,200,0.8735571284993227,0.8419464106241531,0.00325230372972278,0.9846521778380817,0.39590999227938595,0.0013701272176558379,108.0
noise,87,2.5,200,0.8182373421710434,0.7727966777138042,0.005934865465053434,0.9846521778380817,0.39590999227938595,0.0013701272176558379,108.0
noise,87,3.0,200,0.7510660471335969,0.6888325589169962,0.011425752448643111,0.9846521778380817,0.39590999227938595,0.0013701272176558379,108.0
noise,87,3.5,200,0.6847748071176033,0.605968508897004,0.012754644085127,0.9846521778380817,0.39590999227938595,0.0013701272176558379,108.0
noise,88,0.1,200,0.9907486385675256,0.9884357982094069,1.8399805185200338e-06,0.9887135247568831,0.3832837794933483,0.0013180940973408339,104.0
noise,88,0.25,200,0.9892104116606156,0.9865130145757693,1.1911400612958043e-05,0.9887135247568831,0.3832837794933483,0.0013180940973408339,104.0
noise,88,0.5,200,0.9826957967537546,0.978369745942193,4.858131038321251e-05,0.9887135247568831,0.3832837794933483,0.0013180940973408339,104.0
noise,88,0.75,200,0.9733640377101426,0.9667050471376778,0.00016381576809386796,0.9887135247568831,0.3832837794933483,0.0013180940973408339,104.0
noise,88,1.0,200,0.9593078711100369,0.949134838887546,0.0003604176390366297,0.9887135247568831,0.3832837794933483,0.0013180940973408339,104.0
noise,88,1.25,200,0.9458086260927392,0.9322607826159239,0.0006815767305278003,0.9887135247568831,0.3832837794933483,0.0013180940973408339,104.0
noise,88,1.5,200,0.9245587380446048,0.9056984225557556,0.0014191507029058087,0.9887135247568831,0.3832837794933483,0.0013180940973408339,104.0
noise,88,2.0,200,0.8778576884707857,0.847322110588482,0.0033262897716659634,0.9887135247568831,0.3832837794933483,0.0013180940973408339,104.0
noise,88,2.5,200,0.8260805483185291,0.7826006853981613,0.004720217707201448,0.9887135247568831,0.3832837794933483,0.0013180940973408339,104.0
noise,88,3.0,200,0.762564429346114,0.7032055366826424,0.010597271937575141,0.9887135247568831,0.3832837794933483,0.0013180940973408339,104.0
noise,88,3.5,200,0.6985460168139911,0.6231825210174887,0.011483238562406923,0.9887135247568831,0.3832837794933483,0.0013180940973408339,104.0
noise,89,0.1,200,0.988051287990751,0.9850641099884387,2.3511402657511747e-06,0.9853437883098601,0.38825958524148196,0.0012967824960578563,104.0
noise,89,0.25,200,0.9865490038081198,0.9831862547601498,1.4989432611091036e-05,0.9853437883098601,0.38825958524148196,0.0012967824960578563,104.0
noise,89,0.5,200,0.9798878814019155,0.9748598517523942,5.974818741342828e-05,0.9853437883098601,0.38825958524148196,0.0012967824960578563,104.0
noise,89,0.75,200,0.9708546503047679,0.9635683128809598,0.0001980590767263871,0.9853437883098601,0.38825958524148196,0.0012967824960578563,104.0
noise,89,1.0,200,0.9567776359907558,0.9459720449884444,0.00040735619580162724,0.9853437883098601,0.38825958524148196,0.0012967824960578563,104.0
noise,89,1.25,200,0.9431699675493497,0.928962459436687,0.000743672468390624,0.9853437883098601,0.38825958524148196,0.0012967824960578563,104.0
noise,89,1.5,200,0.9220272962543462,0.9025341203179326,0.001535263484256693,0.9853437883098601,0.38825958524148196,0.0012967824960578563,104.0
noise,89,2.0,200,0.8763598827502641,0.8454498534378303,0.0033549812166377402,0.9853437883098601,0.38825958524148196,0.0012967824960578563,104.0
noise,89,2.5,200,0.8243021988218185,0.7803777485272733,0.004849597654310841,0.9853437883098601,0.38825958524148196,0.0012967824960578563,104.0
noise,89,3.0,200,0.7615220077669589,0.7019025097086988,0.010504584267422576,0.9853437883098601,0.38825958524148196,0.0012967824960578563,104.0
noise,89,3.5,200,0.6974553050040527,0.6218191312550659,0.01164873392276809,0.9853437883098601,0.38825958524148196,0.0012967824960578563,104.0
noise,90,0.1,200,0.9876573966657436,0.9845717458321793,2.6714569672354854e-06,0.9848526118965594,0.3943348053636603,0.0013141177178007128,106.0
noise,90,0.25,200,0.9862123878061806,0.9827654847577253,1.622493595304103e-05,0.9848526118965594,0.3943348053636603,0.0013141177178007128,106.0
noise,90,0.5,200,0.979147841760107,0.9739348022001338,7.313233236126396e-05,0.9848526118965594,0.3943348053636603,0.0013141177178007128,106.0
noise,90,0.75,200,0.9706813191665987,0.9633516489582482,0.000181224973636523,0.9848526118965594,0.3943348053636603,0.0013141177178007128,106.0
noise,90,1.0,200,0.9565712276910935,0.9457140346138668,0.00042122243649052803,0.9848526118965594,0.3943348053636603,0.0013141177178007128,106.0
noise,90,1.25,200,0.9407371027949651,0.9259213784937065,0.0008863728276032232,0.9848526118965594,0.3943348053636603,0.0013141177178007128,106.0
noise,90,1.5,200,0.9208476879275924,0.9010596099094903,0.0014893431727513477,0.9848526118965594,0.3943348053636603,0.0013141177178007128,106.0
noise,90,2.0,200,0.8729864509367679,0.8412330636709595,0.0032930480134128128,0.9848526118965594,0.3943348053636603,0.0013141177178007128,106.0
noise,90,2.5,200,0.8200589537324721,0.77507369216559,0.005616987508384745,0.9848526118965594,0.3943348053636603,0.0013141177178007128,106.0
noise,90,3.0,200,0.7556015474005684,0.6945019342507104,0.011267563059484708,0.9848526118965594,0.3943348053636603,0.0013141177178007128,106.0
noise,90,3.5,200,0.6927830870919783,0.615978858864973,0.012775024970723919,0.9848526118965594,0.3943348053636603,0.0013141177178007128,106.0
noise,91,0.1,200,0.9900263005297651,0.9875328756622064,2.0001638398141466e-06,0.9878172317647098,0.3822430963111507,0.001316250853708855,104.0
noise,91,0.25,200,0.9885364953399218,0.9856706191749022,1.2614756990084616e-05,0.9878172317647098,0.3822430963111507,0.001316250853708855,104.0
noise,91,0.5,200,0.9819938779415924,0.9774923474269903,5.074774347694397e-05,0.9878172317647098,0.3822430963111507,0.001316250853708855,104.0
noise,91,0.75,200,0.9726055382513732,0.9657569228142165,0.0001730283516551375,0.9878172317647098,0.3822430963111507,0.001316250853708855,104.0
noise,91,1.0,200,0.9588443684956449,0.9485554606195562,0.00038030774148429256,0.9878172317647098,0.3822430963111507,0.001316250853708855,104.0
noise,91,1.25,200,0.9450485235820789,0.9313106544775986,0.0007026310089021297,0.9878172317647098,0.3822430963111507,0.001316250853708855,104.0
noise,91,1.5,200,0.9237329753020435,0.9046662191275542,0.0014699910925084934,0.9878172317647098,0.3822430963111507,0.001316250853708855,104.0
noise,91,2.0,200,0.8780345662558654,0.8475432078198315,0.0032797775061115648,0.9878172317647098,0.3822430963111507,0.001316250853708855,104.0
noise,91,2.5,200,0.825863443509811,0.7823293043872636,0.004764443777615469,0.9878172317647098,0.3822430963111507,0.001316250853708855,104.0
noise,91,3.0,200,0.7624857279735409,0.7031071599669261,0.010554009385602175,0.9878172317647098,0.3822430963111507,0.001316250853708855,104.0
noise,91,3.5,200,0.6988545674011357,0.6235682092514196,0.011480670605202763,0.9878172317647098,0.3822430963111507,0.001316250853708855,104.0
noise,92,0.1,200,0.9905267639379819,0.9881584549224772,1.7448327672049398e-06,0.988437301255114,0.39063130847038186,0.0012946148654992143,102.0
noise,92,0.25,200,0.9890047729371679,0.98625596617146,1.0938156511175469e-05,0.988437301255114,0.39063130847038186,0.0012946148654992143,102.0
noise,92,0.5,200,0.98242376637608,0.9780297079700998,5.686305374618188e-05,0.988437301255114,0.39063130847038186,0.0012946148654992143,102.0
noise,92,0.75,200,0.974381572035171,0.9679769650439636,0.00013770941185333994,0.988437301255114,0.39063130847038186,0.0012946148654992143,102.0
noise,92,1.0,200,0.9615576711630563,0.9519470889538204,0.0003329150584066669,0.988437301255114,0.39063130847038186,0.0012946148654992143,102.0
noise,92,1.25,200,0.9461121759359336,0.9326402199199166,0.0006626760470674676,0.988437301255114,0.39063130847038186,0.0012946148654992143,102.0
noise,92,1.5,200,0.9265629664410704,0.9082037080513381,0.0015459440275575548,0.988437301255114,0.39063130847038186,0.0012946148654992143,102.0
noise,92,2.0,200,0.8822992420294288,0.8528740525367857,0.0027509940615964203,0.988437301255114,0.39063130847038186,0.0012946148654992143,102.0
noise,92,2.5,200,0.8244880462327029,0.7806100577908786,0.005305376162742865,0.988437301255114,0.39063130847038186,0.0012946148654992143,102.0
noise,92,3.0,200,0.7631907582677839,0.7039884478347298,0.009435539398291832,0.988437301255114,0.39063130847038186,0.0012946148654992143,102.0
noise,92,3.5,200,0.6969239922672729,0.6211549903340912,0.012009759337096422,0.988437301255114,0.39063130847038186,0.0012946148654992143,102.0
noise,93,0.1,200,0.9909132485992882,0.9886415607491102,1.68161792093294e-06,0.9889345255474296,0.383646619329718,0.0013062727981919997,102.0
noise,93,0.25,200,0.9893946038723463,0.9867432548404329,9.981119838144472e-06,0.9889345255474296,0.383646619329718,0.0013062727981919997,102.0
noise,93,0.5,200,0.9828118639889465,0.978514829986183,5.5312238048638806e-05,0.9889345255474296,0.383646619329718,0.0013062727981919997,102.0
noise,93,0.75,200,0.9748614830104473,0.9685768537630589,0.0001339408401971915,0.9889345255474296,0.383646619329718,0.0013062727981919997,102.0
noise,93,1.0,200,0.9618647839318979,0.9523309799148723,0.00031999836373458574,0.9889345255474296,0.383646619329718,0.0013062727981919997,102.0
noise,93,1.25,200,0.9464127279230774,0.9330159099038465,0.0006548961331530695,0.9889345255474296,0.383646619329718,0.0013062727981919997,102.0
noise,93,1.5,200,0.9269369695653277,0.9086712119566596,0.0015268572431704128,0.9889345255474296,0.383646619329718,0.0013062727981919997,102.0
noise,93,2.0,200,0.8827442909017034,0.8534303636271293,0.002748368532915159,0.9889345255474296,0.383646619329718,0.0013062727981919997,102.0
noise,93,2.5,200,0.8247794867508752,0.7809743584385942,0.0052853947085182715,0.9889345255474296,0.383646619329718,0.0013062727981919997,102.0
noise,93,3.0,200,0.7630891465358387,0.7038614331697982,0.009427289736302549,0.9889345255474296,0.383646619329718,0.0013062727981919997,102.0
noise,93,3.5,200,0.6965786035034117,0.6207232543792646,0.01204406861521887,0.9889345255474296,0.383646619329718,0.0013062727981919997,102.0
noise,94,0.1,200,0.9891080881115418,0.9863851101394271,2.023750370204324e-06,0.9866688224573397,0.38930247467281187,0.0012963429691584462,102.0
noise,94,0.25,200,0.9876117089548541,0.9845146361935675,1.1636502375560551e-05,0.9866688224573397,0.38930247467281187,0.0012963429691584462,102.0
noise,94,0.5,200,0.9809311668406846,0.9761639585508556,6.348808769809834e-05,0.9866688224573397,0.38930247467281187,0.0012963429691584462,102.0
noise,94,0.75,200,0.9730312024194856,0.9662890030243569,0.00014958972830658715,0.9866688224573397,0.38930247467281187,0.0012963429691584462,102.0
noise,94,1.0,200,0.9600645521552761,0.950080690194095,0.00035373720053647926,0.9866688224573397,0.38930247467281187,0.0012963429691584462,102.0
noise,94,1.25,200,0.9445236953195568,0.9306546191494459,0.0006998621900696526,0.9866688224573397,0.38930247467281187,0.0012963429691584462,102.0
noise,94,1.5,200,0.9252953448985191,0.9066191811231487,0.0016033773677562142,0.9866688224573397,0.38930247467281187,0.0012963429691584462,102.0
noise,94,2.0,200,0.881181699982713,0.8514771249783912,0.002828661659610535,0.9866688224573397,0.38930247467281187,0.0012963429691584462,102.0
noise,94,2.5,200,0.8231189428207323,0.7788986785259155,0.0053795755722434845,0.9866688224573397,0.38930247467281187,0.0012963429691584462,102.0
noise,94,3.0,200,0.761904669451955,0.7023808368149435,0.009430411061100125,0.9866688224573397,0.38930247467281187,0.0012963429691584462,102.0
noise,94,3.5,200,0.6949316122746012,0.6186645153432516,0.012150003215986057,0.9866688224573397,0.38930247467281187,0.0012963429691584462,102.0
noise,95,0.1,200,0.9895773390592212,0.9869716738240264,1.9253022969503768e-06,0.9872624616423948,0.3934462120244774,0.0013168475216294253,102.0
noise,95,0.25,200,0.9880868813193356,0.9851086016491695,1.1651575193559658e-05,0.9872624616423948,0.3934462120244774,0.0013168475216294253,102.0
noise,95,0.5,200,0.9814323125883189,0.9767903907353986,6.16356388604068e-05,0.9872624616423948,0.3934462120244774,0.0013168475216294253,102.0
noise,95,0.75,200,0.9734958116609495,0.9668697645761867,0.0001454277595348877,0.9872624616423948,0.3934462120244774,0.0013168475216294253,102.0
noise,95,1.0,200,0.9604888943939539,0.9506111179924421,0.0003499529626796179,0.9872624616423948,0.3934462120244774,0.0013168475216294253,102.0
noise,95,1.25,200,0.9450822284631333,0.9313527855789167,0.0006827451076089316,0.9872624616423948,0.3934462120244774,0.0013168475216294253,102.0
noise,95,1.5,200,0.9258786732140774,0.9073483415175966,0.0015924676079107048,0.9872624616423948,0.3934462120244774,0.0013168475216294253,102.0
noise,95,2.0,200,0.8812880972130093,0.8516101215162613,0.0028033786330894646,0.9872624616423948,0.3934462120244774,0.0013168475216294253,102.0
noise,95,2.5,200,0.8237312767559599,0.7796640959449497,0.005359704812225916,0.9872624616423948,0.3934462120244774,0.0013168475216294253,102.0
noise,95,3.0,200,0.7624406067019646,0.7030507583774557,0.009480318640221667,0.9872624616423948,0.3934462120244774,0.0013168475216294253,102.0
noise,95,3.5,200,0.6956187789917818,0.6195234737397272,0.012134438408850343,0.9872624616423948,0.3934462120244774,0.0013168475216294253,102.0
noise,96,0.1,200,0.988782444031817,0.9859780550397713,2.212814303347289e-06,0.9862629701980029,0.3838972344715389,0.0013637311805560558,104.0
noise,96,0.25,200,0.9872788589130048,0.984098573641256,1.4911240927616589e-05,0.9862629701980029,0.3838972344715389,0.0013637311805560558,104.0
noise,96,0.5,200,0.980671550928366,0.9758394386604575,5.93214553806941e-05,0.9862629701980029,0.3838972344715389,0.0013637311805560558,104.0
noise,96,0.75,200,0.971474697459264,0.9643433718240797,0.00018716907996890638,0.9862629701980029,0.3838972344715389,0.0013637311805560558,104.0
noise,96,1.0,200,0.9572103331405238,0.9465129164256548,0.0003931413127909889,0.9862629701980029,0.3838972344715389,0.0013637311805560558,104.0
noise,96,1.25,200,0.9437815516747536,0.9297269395934419,0.0007308412146791753,0.9862629701980029,0.3838972344715389,0.0013637311805560558,104.0
noise,96,1.5,200,0.9230470809195359,0.9038088511494199,0.0014791308412717458,0.9862629701980029,0.3838972344715389,0.0013637311805560558,104.0
noise,96,2.0,200,0.8759503911223849,0.8449379889029811,0.003513475535886531,0.9862629701980029,0.3838972344715389,0.0013637311805560558,104.0
noise,96,2.5,200,0.8246201168146498,0.7807751460183122,0.004783197075667161,0.9862629701980029,0.3838972344715389,0.0013637311805560558,104.0
noise,96,3.0,200,0.7617432317200088,0.7021790396500108,0.010539055880897359,0.9862629701980029,0.3838972344715389,0.0013637311805560558,104.0
noise,96,3.5,200,0.6969848759714647,0.6212310949643307,0.01155222036590893,0.9862629701980029,0.3838972344715389,0.0013637311805560558,104.0
noise,97,0.1,200,0.9878652052016554,0.9848315065020691,2.0177951292107363e-06,0.985057752155716,0.3983870863510215,0.0012669112074328067,100.0
noise,97,0.25,200,0.9863712427663232,0.9829640534579039,1.4930924711138974e-05,0.985057752155716,0.3983870863510215,0.0012669112074328067,100.0
noise,97,0.5,200,0.9797028554142163,0.9746285692677703,6.184431272837178e-05,0.985057752155716,0.3983870863510215,0.0012669112074328067,100.0
noise,97,0.75,200,0.9721897015405129,0.965237126925641,0.0001507288210587713,0.985057752155716,0.3983870863510215,0.0012669112074328067,100.0
noise,97,1.0,200,0.9578294318687368,0.9472867898359207,0.00036565518340218476,0.985057752155716,0.3983870863510215,0.0012669112074328067,100.0
noise,97,1.25,200,0.9427879883679765,0.9284849854599707,0.0008459900582597273,0.985057752155716,0.3983870863510215,0.0012669112074328067,100.0
noise,97,1.5,200,0.9239169618872755,0.9048962023590943,0.0012965818275748556,0.985057752155716,0.3983870863510215,0.0012669112074328067,100.0
noise,97,2.0,200,0.8812876916909762,0.8516096146137204,0.003035976093674731,0.985057752155716,0.3983870863510215,0.0012669112074328067,100.0
noise,97,2.5,200,0.8289601560603068,0.7862001950753834,0.005003671287810897,0.985057752155716,0.3983870863510215,0.0012669112074328067,100.0
noise,97,3.0,200,0.7700289456130722,0.71253618201634,0.010432661586064452,0.985057752155716,0.3983870863510215,0.0012669112074328067,100.0
noise,97,3.5,200,0.7036918309660497,0.629614788707562,0.012146506905999383,0.985057752155716,0.3983870863510215,0.0012669112074328067,100.0
noise,98,0.1,200,0.9872869793486674,0.9841087241858343,2.11638779589919e-06,0.9843332405142533,0.3947159761364394,0.0012520831044293002,100.0
noise,98,0.25,200,0.9858225203350566,0.9822781504188204,1.567841535469983e-05,0.9843332405142533,0.3947159761364394,0.0012520831044293002,100.0
noise,98,0.5,200,0.9791557703646685,0.9739447129558357,6.44453445810181e-05,0.9843332405142533,0.3947159761364394,0.0012520831044293002,100.0
noise,98,0.75,200,0.9715511919806432,0.9644389899758039,0.00015415679462984502,0.9843332405142533,0.3947159761364394,0.0012520831044293002,100.0
noise,98,1.0,200,0.9574136349093281,0.9467670436366601,0.0003794007926743029,0.9843332405142533,0.3947159761364394,0.0012520831044293002,100.0
noise,98,1.25,200,0.9423785494098003,0.9279731867622502,0.0008706970956748991,0.9843332405142533,0.3947159761364394,0.0012520831044293002,100.0
noise,98,1.5,200,0.9232945929536781,0.9041182411920975,0.0013201077746409417,0.9843332405142533,0.3947159761364394,0.0012520831044293002,100.0
noise,98,2.0,200,0.8807140116369736,0.8508925145462171,0.00305679732005617,0.9843332405142533,0.3947159761364394,0.0012520831044293002,100.0
noise,98,2.5,200,0.8287528132579148,0.7859410165723935,0.005099729397514488,0.9843332405142533,0.3947159761364394,0.0012520831044293002,100.0
noise,98,3.0,200,0.7697683366262891,0.7122104207828613,0.010427406278848684,0.9843332405142533,0.3947159761364394,0.0012520831044293002,100.0
noise,98,3.5,200,0.7039040067611682,0.6298800084514602,0.012140904802673973,0.9843332405142533,0.3947159761364394,0.0012520831044293002,100.0
noise,99,0.1,200,0.9881334428415383,0.9851668035519225,2.1933244781397963e-06,0.9854082828057124,0.3884252374398508,0.0013429770919915378,102.0
noise,99,0.25,200,0.9866184012372925,0.9832730015466157,1.4122703508243713e-05,0.9854082828057124,0.3884252374398508,0.0013429770919915378,102.0
noise,99,0.5,200,0.9799147552370159,0.9748934440462693,6.43227736688562e-05,0.9854082828057124,0.3884252374398508,0.0013429770919915378,102.0
noise,99,0.75,200,0.9718414499712117,0.9648018124640145,0.00016224504348588415,0.9854082828057124,0.3884252374398508,0.0013429770919915378,102.0
noise,99,1.0,200,0.9591096922426801,0.94888711530335,0.00037936404093380434,0.9854082828057124,0.3884252374398508,0.0013429770919915378,102.0
noise,99,1.25,200,0.9436665617227935,0.9295832021534917,0.0007093797930884449,0.9854082828057124,0.3884252374398508,0.0013429770919915378,102.0
noise,99,1.5,200,0.9244206699045723,0.9055258373807156,0.00162827542402252,0.9854082828057124,0.3884252374398508,0.0013429770919915378,102.0
noise,99,2.0,200,0.8785490968028729,0.8481863710035911,0.0028959583345403305,0.9854082828057124,0.3884252374398508,0.0013429770919915378,102.0
noise,99,2.5,200,0.8214492977659571,0.7768116222074463,0.005522438475349634,0.9854082828057124,0.3884252374398508,0.0013429770919915378,102.0
noise,99,3.0,200,0.7611965586607337,0.7014956983259171,0.009692587496121384,0.9854082828057124,0.3884252374398508,0.0013429770919915378,102.0
noise,99,3.5,200,0.6952445900802487,0.6190557376003106,0.012165117561585646,0.9854082828057124,0.3884252374398508,0.0013429770919915378,102.0
noise,100,0.1,200,0.9886747317447924,0.9858434146809901,1.8526925519413757e-06,0.9860794965756933,0.395539454977412,0.0013245811378139692,100.0
noise,100,0.25,200,0.9871856556118784,0.9839820695148479,1.4263123263552638e-05,0.9860794965756933,0.395539454977412,0.0013245811378139692,100.0
noise,100,0.5,200,0.9805865098850095,0.9757331373562618,5.9560892181934145e-05,0.9860794965756933,0.395539454977412,0.0013245811378139692,100.0
noise,100,0.75,200,0.9728504123594672,0.966063015449334,0.00014627108705742538,0.9860794965756933,0.395539454977412,0.0013245811378139692,100.0
noise,100,1.0,200,0.9585382586073318,0.9481728232591645,0.0003625521482591707,0.9860794965756933,0.395539454977412,0.0013245811378139692,100.0
noise,100,1.25,200,0.9438678253554657,0.9298347816943321,0.0008223188745411478,0.9860794965756933,0.395539454977412,0.0013245811378139692,100.0
noise,100,1.5,200,0.9248773081661898,0.906096635207737,0.001262841774859168,0.9860794965756933,0.395539454977412,0.0013245811378139692,100.0
noise,100,2.0,200,0.881237609266583,0.8515470115832287,0.0030006988983445255,0.9860794965756933,0.395539454977412,0.0013245811378139692,100.0
noise,100,2.5,200,0.8298721364391796,0.7873401705489746,0.0050627327206702755,0.9860794965756933,0.395539454977412,0.0013245811378139692,100.0
noise,100,3.0,200,0.7705090611294758,0.7131363264118445,0.010467096556039756,0.9860794965756933,0.395539454977412,0.0013245811378139692,100.0
noise,100,3.5,200,0.7047360227400746,0.6309200284250932,0.012181933514138326,0.9860794965756933,0.395539454977412,0.0013245811378139692,100.0
nominal,1,0.1,200,0.9903328924479334,0.987916115559917,3.9223808289404e-06,0.9884892456969291,0.617223898661735,0.0002506754791714725,180.0
nominal,1,0.25,200,0.9871070579392381,0.9838838224240475,2.377865518819287e-05,0.9884892456969291,0.617223898661735,0.0002506754791714725,180.0
nominal,1,0.5,200,0.9766277306925333,0.9707846633656666,0.00012969430350967225,0.9884892456969291,0.617223898661735,0.0002506754791714725,180.0
nominal,1,0.75,200,0.962132450863356,0.9526655635791949,0.0003243694437213936,0.9884892456969291,0.617223898661735,0.0002506754791714725,180.0
nominal,1,1.0,200,0.9395695249830642,0.92446190622883,0.0007713765104298537,0.9884892456969291,0.617223898661735,0.0002506754791714725,180.0
nominal,1,1.25,200,0.9080622008558251,0.8850777510697815,0.002224290757754234,0.9884892456969291,0.617223898661735,0.0002506754791714725,180.0
nominal,1,1.5,200,0.874080359974991,0.8426004499687388,0.0028232936937562956,0.9884892456969291,0.617223898661735,0.0002506754791714725,180.0
nominal,1,2.0,200,0.8079579300754962,0.7599474125943704,0.007303739343373525,0.9884892456969291,0.617223898661735,0.0002506754791714725,180.0
nominal,1,2.5,200,0.7315121467182749,0.6643901833978435,0.0087660400031088,0.9884892456969291,0.617223898661735,0.0002506754791714725,180.0
nominal,1,3.0,200,0.6396646362294366,0.5495807952867957,0.01704650750885322,0.9884892456969291,0.617223898661735,0.0002506754791714725,180.0
nominal,1,3.5,200,0.5626377975039712,0.45329724687996403,0.019148620692722728,0.9884892456969291,0.617223898661735,0.0002506754791714725,180.0
nominal,2,0.1,200,0.9864513832707186,0.9830642290883981,4.21409653019431e-06,0.9839400373021937,0.47675027204606146,0.0005584854094367978,180.0
nominal,2,0.25,200,0.9834909215915847,0.9793636519894807,3.320444794138503e-05,0.9839400373021937,0.47675027204606146,0.0005584854094367978,180.0
nominal,2,0.5,200,0.9744143816946651,0.9680179771183316,0.00014033443515399684,0.9839400373021937,0.47675027204606146,0.0005584854094367978,180.0
nominal,2,0.75,200,0.9578537227173229,0.9473171533966536,0.0003438370883185406,0.9839400373021937,0.47675027204606146,0.0005584854094367978,180.0
nominal,2,1.0,200,0.9374065979423091,0.9217582474278859,0.0008996148425896583,0.9839400373021937,0.47675027204606146,0.0005584854094367978,180.0
nominal,2,1.25,200,0.9099979686749244,0.8874974608436554,0.001962669966969342,0.9839400373021937,0.47675027204606146,0.0005584854094367978,180.0
nominal,2,1.5,200,0.8734463199408229,0.8418078999260287,0.003114789337340922,0.9839400373021937,0.47675027204606146,0.0005584854094367978,180.0
nominal,2,2.0,200,0.8039735106459475,0.7549668883074342,0.00755559284588111,0.9839400373021937,0.47675027204606146,0.0005584854094367978,180.0
nominal,2,2.5,200,0.7311657632203632,0.6639572040254539,0.009098618891314574,0.9839400373021937,0.47675027204606146,0.0005584854094367978,180.0
nominal,2,3.0,200,0.636622012658471,0.5457775158230888,0.017900994799471923,0.9839400373021937,0.47675027204606146,0.0005584854094367978,180.0
nominal,2,3.5,200,0.5612503846290607,0.4515629807863259,0.019280627087335935,0.9839400373021937,0.47675027204606146,0.0005584854094367978,180.0
nominal,3,0.1,200,0.9976088116557382,0.9970110145696723,3.423069931486813e-07,0.9974004036447875,0.3944422596019782,0.0003665522685431957,120.0
nominal,3,0.25,200,0.9954854994916706,0.9943568743645885,3.4349254631093325e-06,0.9974004036447875,0.3944422596019782,0.0003665522685431957,120.0
nominal,3,0.5,200,0.9886361192474855,0.9857951490593568,2.544118855008836e-05,0.9974004036447875,0.3944422596019782,0.0003665522685431957,120.0
nominal,3,0.75,200,0.9779667216292687,0.9724584020365858,9.25112828273573e-05,0.9974004036447875,0.3944422596019782,0.0003665522685431957,120.0
nominal,3,1.0,200,0.9629601787917719,0.9537002234897147,0.0002529085064379978,0.9974004036447875,0.3944422596019782,0.0003665522685431957,120.0
nominal,3,1.25,200,0.9425747358703824,0.9282184198379779,0.0006930238241092351,0.9974004036447875,0.3944422596019782,0.0003665522685431957,120.0
nominal,3,1.5,200,0.9214254506705567,0.9017818133381956,0.0012338060117041655,0.9974004036447875,0.3944422596019782,0.0003665522685431957,120.0
nominal,3,2.0,200,0.8679713661919017,0.8349642077398769,0.0040109176294192165,0.9974004036447875,0.3944422596019782,0.0003665522685431957,120.0
nominal,3,2.5,200,0.8063188437943254,0.7578985547429068,0.006137756200440447,0.9974004036447875,0.3944422596019782,0.0003665522685431957,120.0
nominal,3,3.0,200,0.737441897386346,0.6718023717329323,0.01005201010298276,0.9974004036447875,0.3944422596019782,0.0003665522685431957,120.0
nominal,3,3.5,200,0.6585475084674487,0.5731843855843108,0.013737523905480064,0.9974004036447875,0.3944422596019782,0.0003665522685431957,120.0
nominal,4,0.1,200,0.994908451096589,0.993635563870736,1.0334650894069822e-06,0.9939743142822708,0.3970767815516024,0.00031729883875933964,108.0
nominal,4,0.25,200,0.9933336838644866,0.9916671048306083,7.409283950326258e-06,0.9939743142822708,0.3970767815516024,0.00031729883875933964,108.0
nominal,4,0.5,200,0.9866918263413432,0.983364782926679,3.941310088488817e-05,0.9939743142822708,0.3970767815516024,0.00031729883875933964,108.0
nominal,4,0.75,200,0.9771851787366185,0.9714814734207728,9.75793436057475e-05,0.9939743142822708,0.3970767815516024,0.00031729883875933964,108.0
nominal,4,1.0,200,0.963043826926524,0.953804783658155,0.0002872602664728088,0.9939743142822708,0.3970767815516024,0.00031729883875933964,108.0
nominal,4,1.25,200,0.9467779272938153,0.9334724091172691,0.0005720457359525482,0.9939743142822708,0.3970767815516024,0.00031729883875933964,108.0
nominal,4,1.5,200,0.9274859084528657,0.9093573855660821,0.0010924751312364888,0.9939743142822708,0.3970767815516024,0.00031729883875933964,108.0
nominal,4,2.0,200,0.878645089676963,0.8483063620962038,0.0028020150516653974,0.9939743142822708,0.3970767815516024,0.00031729883875933964,108.0
nominal,4,2.5,200,0.8240218989145935,0.7800273736432419,0.005363994294593844,0.9939743142822708,0.3970767815516024,0.00031729883875933964,108.0
nominal,4,3.0,200,0.7558198954706075,0.6947748693382592,0.010922358196328797,0.9939743142822708,0.3970767815516024,0.00031729883875933964,108.0
nominal,4,3.5,200,0.6886314936627528,0.6107893670784408,0.012949055314781294,0.9939743142822708,0.3970767815516024,0.00031729883875933964,108.0
nominal,5,0.1,200,0.9951245483306306,0.993905685413288,9.296958371788811e-07,0.9943057566829848,0.3960144354916614,0.0003811062149304857,104.0
nominal,5,0.25,200,0.9935408157957721,0.9919260197447151,6.375467117769166e-06,0.9943057566829848,0.3960144354916614,0.0003811062149304857,104.0
nominal,5,0.5,200,0.9875286366352424,0.9844107957940529,3.14628451120881e-05,0.9943057566829848,0.3960144354916614,0.0003811062149304857,104.0
nominal,5,0.75,200,0.9786249008796624,0.973281126099578,0.00010214209994843397,0.9943057566829848,0.3960144354916614,0.0003811062149304857,104.0
nominal,5,1.0,200,0.9643390922349678,0.9554238652937096,0.0002166327293891116,0.9943057566829848,0.3960144354916614,0.0003811062149304857,104.0
nominal,5,1.25,200,0.9503412075005825,0.937926509375728,0.0005221515061705159,0.9943057566829848,0.3960144354916614,0.0003811062149304857,104.0
nominal,5,1.5,200,0.9287061785296556,0.9108827231620695,0.0011593216234368113,0.9943057566829848,0.3960144354916614,0.0003811062149304857,104.0
nominal,5,2.0,200,0.8846259255106308,0.8557824068882884,0.002658150832287277,0.9943057566829848,0.3960144354916614,0.0003811062149304857,104.0
nominal,5,2.5,200,0.8313379516007626,0.789172439500953,0.004391199838002114,0.9943057566829848,0.3960144354916614,0.0003811062149304857,104.0
nominal,5,3.0,200,0.7654101347589619,0.7067626684487024,0.010163005404114944,0.9943057566829848,0.3960144354916614,0.0003811062149304857,104.0
nominal,5,3.5,200,0.7002682459317544,0.6253353074146931,0.011623864948736597,0.9943057566829848,0.3960144354916614,0.0003811062149304857,104.0
nominal,6,0.1,200,0.9927113612155586,0.990889201519448,1.526220151725609e-06,0.9911565037738721,0.3942576108639203,0.00042292721618463245,102.0
nominal,6,0.25,200,0.99108407854576,0.9888550981822,9.338039985842556e-06,0.9911565037738721,0.3942576108639203,0.00042292721618463245,102.0
nominal,6,0.5,200,0.9851501193445277,0.9814376491806596,4.171724528069216e-05,0.9911565037738721,0.3942576108639203,0.00042292721618463245,102.0
nominal,6,0.75,200,0.9762752944779461,0.9703441180974326,0.00012162020712287825,0.9911565037738721,0.3942576108639203,0.00042292721618463245,102.0
nominal,6,1.0,200,0.9644468422531466,0.9555585528164332,0.0002793413300508576,0.9911565037738721,0.3942576108639203,0.00042292721618463245,102.0
nominal,6,1.25,200,0.9490016068124838,0.9362520085156048,0.0006091363719745165,0.9911565037738721,0.3942576108639203,0.00042292721618463245,102.0
nominal,6,1.5,200,0.927488196653515,0.9093602458168937,0.0013453295532775066,0.9911565037738721,0.3942576108639203,0.00042292721618463245,102.0
nominal,6,2.0,200,0.8849185608230425,0.8561482010288032,0.0024806745129439976,0.9911565037738721,0.3942576108639203,0.00042292721618463245,102.0
nominal,6,2.5,200,0.8273031789877638,0.7841289737347046,0.005278351549897514,0.9911565037738721,0.3942576108639203,0.00042292721618463245,102.0
nominal,6,3.0,200,0.7626768292301678,0.7033460365377096,0.010016638586170927,0.9911565037738721,0.3942576108639203,0.00042292721618463245,102.0
nominal,6,3.5,200,0.7012903455132931,0.6266129318916163,0.011444897522882167,0.9911565037738721,0.3942576108639203,0.00042292721618463245,102.0
nominal,7,0.1,200,0.9929492817947839,0.9911866022434801,1.3035895014768247e-06,0.9915541907182244,0.3676092866101972,0.0004591730082395516,102.0
nominal,7,0.25,200,0.9912476986998767,0.9890596233748458,7.6173514213608385e-06,0.9915541907182244,0.3676092866101972,0.0004591730082395516,102.0
nominal,7,0.5,200,0.9852077400539797,0.9815096750674743,5.133397990352477e-05,0.9915541907182244,0.3676092866101972,0.0004591730082395516,102.0
nominal,7,0.75,200,0.977330069784086,0.9716625872301075,0.00010934740148020043,0.9915541907182244,0.3676092866101972,0.0004591730082395516,102.0
nominal,7,1.0,200,0.9633638693639694,0.9542048367049619,0.00026210605791722843,0.9915541907182244,0.3676092866101972,0.0004591730082395516,102.0
nominal,7,1.25,200,0.9486682388841832,0.9358352986052288,0.0006298312251857514,0.9915541907182244,0.3676092866101972,0.0004591730082395516,102.0
nominal,7,1.5,200,0.9282637419957084,0.9103296774946352,0.0013657649582962555,0.9915541907182244,0.3676092866101972,0.0004591730082395516,102.0
nominal,7,2.0,200,0.8843579867913199,0.8554474834891499,0.00261132369933057,0.9915541907182244,0.3676092866101972,0.0004591730082395516,102.0
nominal,7,2.5,200,0.8282555255259094,0.7853194069073868,0.0051844753026055535,0.9915541907182244,0.3676092866101972,0.0004591730082395516,102.0
nominal,7,3.0,200,0.7621163663425892,0.7026454579282364,0.009923911505319485,0.9915541907182244,0.3676092866101972,0.0004591730082395516,102.0
nominal,7,3.5,200,0.697874394351411,0.6223429929392637,0.01194431959618853,0.9915541907182244,0.3676092866101972,0.0004591730082395516,102.0
nominal,8,0.1,200,0.9894036934599811,0.9867546168249762,2.0495580340758644e-06,0.9870208513774548,0.3936998400248624,0.0004184057109286853,100.0
nominal,8,0.25,200,0.9879587591543061,0.9849484489428826,1.4075427964186228e-05,0.9870208513774548,0.3936998400248624,0.0004184057109286853,100.0
nominal,8,0.5,200,0.9819438525576836,0.9774298156971044,6.17587517543439e-05,0.9870208513774548,0.3936998400248624,0.0004184057109286853,100.0
nominal,8,0.75,200,0.9729389837993399,0.9661737297491746,0.00013726735011469624,0.9870208513774548,0.3936998400248624,0.0004184057109286853,100.0
nominal,8,1.0,200,0.9602337236525106,0.9502921545656382,0.00037499546972408253,0.9870208513774548,0.3936998400248624,0.0004184057109286853,100.0
nominal,8,1.25,200,0.9458555070608153,0.9323193838260191,0.0007449844327269547,0.9870208513774548,0.3936998400248624,0.0004184057109286853,100.0
nominal,8,1.5,200,0.9256023255133763,0.9070029068917205,0.0012393682689263296,0.9870208513774548,0.3936998400248624,0.0004184057109286853,100.0
nominal,8,2.0,200,0.880686462296729,0.850858077870911,0.0028174770440784896,0.9870208513774548,0.3936998400248624,0.0004184057109286853,100.0
nominal,8,2.5,200,0.8303300585975596,0.7879125732469494,0.005539381513444123,0.9870208513774548,0.3936998400248624,0.0004184057109286853,100.0
nominal,8,3.0,200,0.7691113167905297,0.711389145988162,0.010312677466476954,0.9870208513774548,0.3936998400248624,0.0004184057109286853,100.0
nominal,8,3.5,200,0.70646598410835,0.6330824801354376,0.011668851169557024,0.9870208513774548,0.3936998400248624,0.0004184057109286853,100.0
nominal,9,0.1,200,0.9906493268793523,0.9883116585991901,1.823655618226619e-06,0.988637987230459,0.3715053020666875,0.0004930287757902596,100.0
nominal,9,0.25,200,0.9890216705926207,0.9862770882407759,1.2519934855092156e-05,0.988637987230459,0.3715053020666875,0.0004930287757902596,100.0
nominal,9,0.5,200,0.9828544558955206,0.9785680698694003,5.171005066943358e-05,0.988637987230459,0.3715053020666875,0.0004930287757902596,100.0
nominal,9,0.75,200,0.9752261445673138,0.9690326807091423,0.00014005162497991675,0.988637987230459,0.3715053020666875,0.0004930287757902596,100.0
nominal,9,1.0,200,0.9602096170580747,0.9502620213225933,0.0003111668057443693,0.988637987230459,0.3715053020666875,0.0004930287757902596,100.0
nominal,9,1.25,200,0.9458159512540633,0.9322699390675792,0.0006900461058096971,0.988637987230459,0.3715053020666875,0.0004930287757902596,100.0
nominal,9,1.5,200,0.9269451452384566,0.9086814315480707,0.0011734957787246003,0.988637987230459,0.3715053020666875,0.0004930287757902596,100.0
nominal,9,2.0,200,0.8852861269334839,0.8566076586668544,0.0028166685989852625,0.988637987230459,0.3715053020666875,0.0004930287757902596,100.0
nominal,9,2.5,200,0.830456187901011,0.7880702348762637,0.004781379373556806,0.988637987230459,0.3715053020666875,0.0004930287757902596,100.0
nominal,9,3.0,200,0.7708484388026899,0.713560548503362,0.010324887746941758,0.988637987230459,0.3715053020666875,0.0004930287757902596,100.0
nominal,9,3.5,200,0.70291846802808,0.6286480850351,0.011759628987881722,0.988637987230459,0.3715053020666875,0.0004930287757902596,100.0
nominal,10,0.1,200,0.9875796125290024,0.984474515661253,2.4612678680804943e-06,0.9847172221731394,0.3962597264040906,0.0005279805273086834,98.0
nominal,10,0.25,200,0.9861956818883018,0.982744602360377,1.4500174047930238e-05,0.9847172221731394,0.3962597264040906,0.0005279805273086834,98.0
nominal,10,0.5,200,0.980025697455909,0.975032121819886,6.463070921740492e-05,0.9847172221731394,0.3962597264040906,0.0005279805273086834,98.0
nominal,10,0.75,200,0.971560442625605,0.9644505532820061,0.00016000862780686363,0.9847172221731394,0.3962597264040906,0.0005279805273086834,98.0
nominal,10,1.0,200,0.9605912069168183,0.9507390086460228,0.0003428558727037704,0.9847172221731394,0.3962597264040906,0.0005279805273086834,98.0
nominal,10,1.25,200,0.9439896080434207,0.9299870100542758,0.0006940277987895327,0.9847172221731394,0.3962597264040906,0.0005279805273086834,98.0
nominal,10,1.5,200,0.9257330341653578,0.9071662927066972,0.0013093405029642674,0.9847172221731394,0.3962597264040906,0.0005279805273086834,98.0
nominal,10,2.0,200,0.8854764448146508,0.8568455560183134,0.002757455009406549,0.9847172221731394,0.3962597264040906,0.0005279805273086834,98.0
nominal,10,2.5,200,0.8343959656783538,0.7929949570979423,0.004762406420844932,0.9847172221731394,0.3962597264040906,0.0005279805273086834,98.0
nominal,10,3.0,200,0.7690189341867089,0.7112736677333862,0.009992614275078575,0.9847172221731394,0.3962597264040906,0.0005279805273086834,98.0
nominal,10,3.5,200,0.7083543968665275,0.6354429960831592,0.013001714409504723,0.9847172221731394,0.3962597264040906,0.0005279805273086834,98.0
nominal,11,0.1,200,0.9866841684135625,0.9833552105169531,2.5804155633897335e-06,0.9835977369020441,0.39656388980771146,0.0005495216582811979,98.0
nominal,11,0.25,200,0.9850155814107961,0.9812694767634952,1.585385683774126e-05,0.9835977369020441,0.39656388980771146,0.0005495216582811979,98.0
nominal,11,0.5,200,0.9787151216693314,0.9733939020866644,8.186140483589928e-05,0.9835977369020441,0.39656388980771146,0.0005495216582811979,98.0
nominal,11,0.75,200,0.9714727090631469,0.9643408863289334,0.00015088075044669043,0.9835977369020441,0.39656388980771146,0.0005495216582811979,98.0
nominal,11,1.0,200,0.9576329845734242,0.9470412307167803,0.0003599159819643389,0.9835977369020441,0.39656388980771146,0.0005495216582811979,98.0
nominal,11,1.25,200,0.9424534143649597,0.9280667679561997,0.0007063005346286419,0.9835977369020441,0.39656388980771146,0.0005495216582811979,98.0
nominal,11,1.5,200,0.925056225465151,0.9063202818314388,0.0013142751335431593,0.9835977369020441,0.39656388980771146,0.0005495216582811979,98.0
nominal,11,2.0,200,0.885435058661831,0.8567938233272889,0.0028257079226710635,0.9835977369020441,0.39656388980771146,0.0005495216582811979,98.0
nominal,11,2.5,200,0.8323533367040302,0.790441670880038,0.004706238724139222,0.9835977369020441,0.39656388980771146,0.0005495216582811979,98.0
nominal,11,3.0,200,0.7695187364903057,0.711898420612882,0.009086782708195603,0.9835977369020441,0.39656388980771146,0.0005495216582811979,98.0
nominal,11,3.5,200,0.7021184043985231,0.627648005498154,0.012879602459284552,0.9835977369020441,0.39656388980771146,0.0005495216582811979,98.0
nominal,12,0.1,200,0.9879374660198366,0.9849218325247956,2.2410731338638926e-06,0.9851399638366762,0.3863143258135472,0.0005517250715624891,96.0
nominal,12,0.25,200,0.9863908029954818,0.9829885037443522,1.3568635546505849e-05,0.9851399638366762,0.3863143258135472,0.0005517250715624891,96.0
nominal,12,0.5,200,0.980240816069941,0.975301020087426,6.271166983707077e-05,0.9851399638366762,0.3863143258135472,0.0005517250715624891,96.0
nominal,12,0.75,200,0.9724343475665727,0.9655429344582158,0.00015297136991958757,0.9851399638366762,0.3863143258135472,0.0005517250715624891,96.0
nominal,12,1.0,200,0.9596075748058219,0.9495094685072771,0.0003773473163881104,0.9851399638366762,0.3863143258135472,0.0005517250715624891,96.0
nominal,12,1.25,200,0.9456348225897749,0.9320435282372185,0.0006078734965202965,0.9851399638366762,0.3863143258135472,0.0005517250715624891,96.0
nominal,12,1.5,200,0.9263347122501966,0.9079183903127458,0.0013056039302940697,0.9851399638366762,0.3863143258135472,0.0005517250715624891,96.0
nominal,12,2.0,200,0.8835995579679694,0.8544994474599615,0.002695971811848403,0.9851399638366762,0.3863143258135472,0.0005517250715624891,96.0
nominal,12,2.5,200,0.8315199150496941,0.7893998938121177,0.005339472180480574,0.9851399638366762,0.3863143258135472,0.0005517250715624891,96.0
nominal,12,3.0,200,0.7757822735880316,0.7197278419850395,0.00951117583040031,0.9851399638366762,0.3863143258135472,0.0005517250715624891,96.0
nominal,12,3.5,200,0.7170293894816043,0.6462867368520051,0.010884489553803656,0.9851399638366762,0.3863143258135472,0.0005517250715624891,96.0
nominal,13,0.1,200,0.8564418456943313,0.8205523071179143,3.745957014850698e-05,0.8207718419320901,2.1180889776363845,0.0010690438109287803,180.0
nominal,13,0.25,200,0.8543528237959777,0.8179410297449721,0.00027261693080709237,0.8207718419320901,2.1180889776363845,0.0010690438109287803,180.0
nominal,13,0.5,200,0.8434897163900512,0.8043621454875638,0.0009254019201667151,0.8207718419320901,2.1180889776363845,0.0010690438109287803,180.0
nominal,13,0.75,200,0.8336712798214766,0.7920890997768454,0.001708596236418088,0.8207718419320901,2.1180889776363845,0.0010690438109287803,180.0
nominal,13,1.0,200,0.8151615866644886,0.7689519833306108,0.0037303327626206245,0.8207718419320901,2.1180889776363845,0.0010690438109287803,180.0
nominal,13,1.25,200,0.784496529962084,0.7306206624526049,0.006654837841176923,0.8207718419320901,2.1180889776363845,0.0010690438109287803,180.0
nominal,13,1.5,200,0.7658459533276736,0.7073074416595919,0.00812590622323023,0.8207718419320901,2.1180889776363845,0.0010690438109287803,180.0
nominal,13,2.0,200,0.7120266882328474,0.640033360291059,0.012573077943620472,0.8207718419320901,2.1180889776363845,0.0010690438109287803,180.0
nominal,13,2.5,200,0.6452940523146015,0.5566175653932518,0.013631581720142151,0.8207718419320901,2.1180889776363845,0.0010690438109287803,180.0
nominal,13,3.0,200,0.5760461607863782,0.4700577009829728,0.019512447413483458,0.8207718419320901,2.1180889776363845,0.0010690438109287803,180.0
nominal,13,3.5,200,0.5087378001751749,0.38592225021896853,0.022273500539792344,0.8207718419320901,2.1180889776363845,0.0010690438109287803,180.0
nominal,14,0.1,200,0.9891807524566526,0.9864759405708157,1.8936007010002468e-06,0.9867345391996288,0.3876404047571622,0.0005339980013021081,94.0
nominal,14,0.25,200,0.987700715208121,0.9846258940101512,1.2790222769476686e-05,0.9867345391996288,0.3876404047571622,0.0005339980013021081,94.0
nominal,14,0.5,200,0.9815455894681563,0.9769319868351951,5.419436940210383e-05,0.9867345391996288,0.3876404047571622,0.0005339980013021081,94.0
nominal,14,0.75,200,0.9744374256195993,0.9680467820244991,0.00012932793605362897,0.9867345391996288,0.3876404047571622,0.0005339980013021081,94.0
nominal,14,1.0,200,0.9615893394956454,0.9519866743695566,0.00028943827938563387,0.9867345391996288,0.3876404047571622,0.0005339980013021081,94.0
nominal,14,1.25,200,0.9480855636974065,0.9351069546217579,0.0005697950335076273,0.9867345391996288,0.3876404047571622,0.0005339980013021081,94.0
nominal,14,1.5,200,0.9301794079818557,0.9127242599773198,0.0011500841398248496,0.9867345391996288,0.3876404047571622,0.0005339980013021081,94.0
nominal,14,2.0,200,0.8856973287496835,0.8571216609371041,0.0031413606717710695,0.9867345391996288,0.3876404047571622,0.0005339980013021081,94.0
nominal,14,2.5,200,0.8368721377329793,0.7960901721662242,0.004766511358525235,0.9867345391996288,0.3876404047571622,0.0005339980013021081,94.0
nominal,14,3.0,200,0.7794964910250606,0.7243706137813257,0.008563415267510817,0.9867345391996288,0.3876404047571622,0.0005339980013021081,94.0
nominal,14,3.5,200,0.7203898714433583,0.6504873393041979,0.010107196581333562,0.9867345391996288,0.3876404047571622,0.0005339980013021081,94.0
nominal,15,0.1,200,0.9856425508910788,0.9820531886138485,2.623418702830168e-06,0.9823458524431466,0.38408727870000525,0.0005803991384269303,96.0
nominal,15,0.25,200,0.9841703381951246,0.9802129227439055,1.4032482229528338e-05,0.9823458524431466,0.38408727870000525,0.0005803991384269303,96.0
nominal,15,0.5,200,0.9780342275039623,0.9725427843799528,7.575965616104319e-05,0.9823458524431466,0.38408727870000525,0.0005803991384269303,96.0
nominal,15,0.75,200,0.970743928416447,0.9634299105205585,0.0001731573475680484,0.9823458524431466,0.38408727870000525,0.0005803991384269303,96.0
nominal,15,1.0,200,0.9572719371972016,0.9465899214965019,0.00032553348128568847,0.9823458524431466,0.38408727870000525,0.0005803991384269303,96.0
nominal,15,1.25,200,0.9427560791518819,0.9284450989398519,0.0006863875014858132,0.9823458524431466,0.38408727870000525,0.0005803991384269303,96.0
nominal,15,1.5,200,0.9232679157597838,0.9040848946997297,0.0014395029742383858,0.9823458524431466,0.38408727870000525,0.0005803991384269303,96.0
nominal,15,2.0,200,0.8858873918071439,0.8573592397589299,0.0023360848948631298,0.9823458524431466,0.38408727870000525,0.0005803991384269303,96.0
nominal,15,2.5,200,0.8302560509221952,0.7878200636527439,0.004950308723161586,0.9823458524431466,0.38408727870000525,0.0005803991384269303,96.0
nominal,15,3.0,200,0.7755301161729724,0.7194126452162155,0.008946846050487392,0.9823458524431466,0.38408727870000525,0.0005803991384269303,96.0
nominal,15,3.5,200,0.7141895382542081,0.64273692281776,0.010324013421931668,0.9823458524431466,0.38408727870000525,0.0005803991384269303,96.0
nominal,16,0.1,200,0.9879137092782545,0.9848921365978179,2.2303838328463673e-06,0.985143009788771,0.38380296012261694,0.000564351541255202,94.0
nominal,16,0.25,200,0.9864218114570455,0.9830272643213072,1.5052342568458247e-05,0.985143009788771,0.38380296012261694,0.000564351541255202,94.0
nominal,16,0.5,200,0.9801457253729456,0.9751821567161822,6.286254375295054e-05,0.985143009788771,0.38380296012261694,0.000564351541255202,94.0
nominal,16,0.75,200,0.9734042430817725,0.9667553038522158,0.00014505643546898624,0.985143009788771,0.38380296012261694,0.000564351541255202,94.0
nominal,16,1.0,200,0.9602344707336249,0.9502930884170313,0.00031499720351771426,0.985143009788771,0.38380296012261694,0.000564351541255202,94.0
nominal,16,1.25,200,0.9467866968737617,0.9334833710922021,0.0006112497777611126,0.985143009788771,0.38380296012261694,0.000564351541255202,94.0
nominal,16,1.5,200,0.9291435736961566,0.9114294671201958,0.0012221904352242862,0.985143009788771,0.38380296012261694,0.000564351541255202,94.0
nominal,16,2.0,200,0.8849133030571515,0.8561416288214392,0.003262719140990086,0.985143009788771,0.38380296012261694,0.000564351541255202,94.0
nominal,16,2.5,200,0.835738835039276,0.7946735437990949,0.0047976963254413585,0.985143009788771,0.38380296012261694,0.000564351541255202,94.0
nominal,16,3.0,200,0.7789520687169168,0.7236900858961459,0.008582455250597002,0.985143009788771,0.38380296012261694,0.000564351541255202,94.0
nominal,16,3.5,200,0.7195434003636865,0.6494292504546081,0.010253162759683505,0.985143009788771,0.38380296012261694,0.000564351541255202,94.0
nominal,17,0.1,200,0.9557773516708816,0.9447216895886019,1.2602489209089392e-05,0.9451253143079356,1.0716715043920555,0.0011157401847451947,180.0
nominal,17,0.25,200,0.953143854065142,0.9414298175814275,9.983021584930976e-05,0.9451253143079356,1.0716715043920555,0.0011157401847451947,180.0
nominal,17,0.5,200,0.9421600182917733,0.9277000228647166,0.00037018757720961416,0.9451253143079356,1.0716715043920555,0.0011157401847451947,180.0
nominal,17,0.75,200,0.929528801221797,0.9119110015272462,0.0007411432335317541,0.9451253143079356,1.0716715043920555,0.0011157401847451947,180.0
nominal,17,1.0,200,0.908861997089458,0.8860774963618226,0.0017243237262577977,0.9451253143079356,1.0716715043920555,0.0011157401847451947,180.0
nominal,17,1.25,200,0.8763728164919169,0.8454660206148961,0.0035494886074213996,0.9451253143079356,1.0716715043920555,0.0011157401847451947,180.0
nominal,17,1.5,200,0.8495300812921557,0.8119126016151949,0.004685826931969854,0.9451253143079356,1.0716715043920555,0.0011157401847451947,180.0
nominal,17,2.0,200,0.7872921485403459,0.7341151856754322,0.008725385647007963,0.9451253143079356,1.0716715043920555,0.0011157401847451947,180.0
nominal,17,2.5,200,0.7153107282271485,0.6441384102839356,0.010190371411758915,0.9451253143079356,1.0716715043920555,0.0011157401847451947,180.0
nominal,17,3.0,200,0.6314022928901317,0.5392528661126645,0.018932397664196944,0.9451253143079356,1.0716715043920555,0.0011157401847451947,180.0
nominal,17,3.5,200,0.5553642617115946,0.4442053271394933,0.021383110104136224,0.9451253143079356,1.0716715043920555,0.0011157401847451947,180.0
nominal,18,0.1,200,0.9853026414215109,0.9816283017768884,2.7399491660457623e-06,0.9818291949418166,0.3940107079712447,0.0007042849844873714,96.0
nominal,18,0.25,200,0.9837811935204357,0.9797264919005447,1.5816750361535004e-05,0.9818291949418166,0.3940107079712447,0.0007042849844873714,96.0
nominal,18,0.5,200,0.9774871865113429,0.9718589831391787,7.547907949653751e-05,0.9818291949418166,0.3940107079712447,0.0007042849844873714,96.0
nominal,18,0.75,200,0.9699405753822004,0.9624257192277506,0.0001772509825570067,0.9818291949418166,0.3940107079712447,0.0007042849844873714,96.0
nominal,18,1.0,200,0.9569505045694099,0.9461881307117623,0.0004073636577829956,0.9818291949418166,0.3940107079712447,0.0007042849844873714,96.0
nominal,18,1.25,200,0.942861110320333,0.9285763879004162,0.0007058416625605616,0.9818291949418166,0.3940107079712447,0.0007042849844873714,96.0
nominal,18,1.5,200,0.9235520185969712,0.9044400232462138,0.0014159377290272807,0.9818291949418166,0.3940107079712447,0.0007042849844873714,96.0
nominal,18,2.0,200,0.8819968323218451,0.852496040402306,0.0028315987995056026,0.9818291949418166,0.3940107079712447,0.0007042849844873714,96.0
nominal,18,2.5,200,0.8294146476196167,0.7867683095245209,0.005476420479043334,0.9818291949418166,0.3940107079712447,0.0007042849844873714,96.0
nominal,18,3.0,200,0.7742432556789954,0.7178040695987442,0.009526351422973731,0.9818291949418166,0.3940107079712447,0.0007042849844873714,96.0
nominal,18,3.5,200,0.7151646390809573,0.6439557988511967,0.010817865132750768,0.9818291949418166,0.3940107079712447,0.0007042849844873714,96.0
nominal,19,0.1,200,0.9848543263400402,0.9810679079250503,2.9645889617994285e-06,0.9812698290285652,0.3986021781218576,0.0006990900502302966,94.0
nominal,19,0.25,200,0.9833648495594013,0.9792060619492514,1.6358146984315234e-05,0.9812698290285652,0.3986021781218576,0.0006990900502302966,94.0
nominal,19,0.5,200,0.9772300880450191,0.9715376100562737,7.073950080309458e-05,0.9812698290285652,0.3986021781218576,0.0006990900502302966,94.0
nominal,19,0.75,200,0.9706259498858432,0.963282437357304,0.00017249679205625919,0.9812698290285652,0.3986021781218576,0.0006990900502302966,94.0
nominal,19,1.0,200,0.9573414165655318,0.9466767707069149,0.00033885500096919667,0.9812698290285652,0.3986021781218576,0.0006990900502302966,94.0
nominal,19,1.25,200,0.9422201076668568,0.9277751345835707,0.0007296946725723862,0.9812698290285652,0.3986021781218576,0.0006990900502302966,94.0
nominal,19,1.5,200,0.9255425541172841,0.906928192646605,0.0013254378657171924,0.9812698290285652,0.3986021781218576,0.0006990900502302966,94.0
nominal,19,2.0,200,0.884779156832363,0.8559739460404535,0.003206432443145177,0.9812698290285652,0.3986021781218576,0.0006990900502302966,94.0
nominal,19,2.5,200,0.8330673682231918,0.7913342102789899,0.004798603930574567,0.9812698290285652,0.3986021781218576,0.0006990900502302966,94.0
nominal,19,3.0,200,0.7782767211641736,0.7228459014552171,0.008430796189730359,0.9812698290285652,0.3986021781218576,0.0006990900502302966,94.0
nominal,19,3.5,200,0.7155098720637478,0.6443873400796847,0.010687006921915891,0.9812698290285652,0.3986021781218576,0.0006990900502302966,94.0
nominal,20,0.1,200,0.9832199969180762,0.9790249961475953,3.0872938816227037e-06,0.9792233111547037,0.39646961775767864,0.000712929459767327,98.0
nominal,20,0.25,200,0.9817239776696172,0.9771549720870212,1.7269196507467684e-05,0.9792233111547037,0.39646961775767864,0.000712929459767327,98.0
nominal,20,0.5,200,0.9750653442069078,0.9688316802586345,8.812310582119211e-05,0.9792233111547037,0.39646961775767864,0.000712929459767327,98.0
nominal,20,0.75,200,0.9674861464705142,0.9593576830881426,0.00018493986372011416,0.9792233111547037,0.39646961775767864,0.000712929459767327,98.0
nominal,20,1.0,200,0.9546676849857656,0.943334606232207,0.00044912696790730904,0.9792233111547037,0.39646961775767864,0.000712929459767327,98.0
nominal,20,1.25,200,0.9395616194251084,0.9244520242813853,0.0007805474800164586,0.9792233111547037,0.39646961775767864,0.000712929459767327,98.0
nominal,20,1.5,200,0.9218134897929918,0.9022668622412396,0.0013979329561257892,0.9792233111547037,0.39646961775767864,0.000712929459767327,98.0
nominal,20,2.0,200,0.8791527234797153,0.8489409043496441,0.0031178882390899888,0.9792233111547037,0.39646961775767864,0.000712929459767327,98.0
nominal,20,2.5,200,0.8280632085671882,0.785079010708985,0.005006576126554015,0.9792233111547037,0.39646961775767864,0.000712929459767327,98.0
nominal,20,3.0,200,0.765783155176784,0.7072289439709799,0.010116731336175154,0.9792233111547037,0.39646961775767864,0.000712929459767327,98.0
nominal,20,3.5,200,0.7028251509419725,0.6285314386774654,0.013116642550501,0.9792233111547037,0.39646961775767864,0.000712929459767327,98.0
nominal,21,0.1,200,0.9883256171218271,0.9854070214022836,2.1681989110591553e-06,0.9856571698129979,0.39803972540311483,0.0007316870153287852,96.0
nominal,21,0.25,200,0.9867824127302299,0.9834780159127877,1.1895228569535473e-05,0.9856571698129979,0.39803972540311483,0.0007316870153287852,96.0
nominal,21,0.5,200,0.9805492281636732,0.9756865352045915,6.490097433321759e-05,0.9856571698129979,0.39803972540311483,0.0007316870153287852,96.0
nominal,21,0.75,200,0.9731234568160473,0.9664043210200591,0.00015517691218468215,0.9856571698129979,0.39803972540311483,0.0007316870153287852,96.0
nominal,21,1.0,200,0.9596986834729748,0.9496233543412184,0.0003380904191509365,0.9856571698129979,0.39803972540311483,0.0007316870153287852,96.0
nominal,21,1.25,200,0.9456748240128614,0.9320935300160764,0.0006049724486835646,0.9856571698129979,0.39803972540311483,0.0007316870153287852,96.0
nominal,21,1.5,200,0.9262861341806723,0.9078576677258403,0.0013059238320451189,0.9856571698129979,0.39803972540311483,0.0007316870153287852,96.0
nominal,21,2.0,200,0.8853513964612049,0.8566892455765057,0.002521045979815817,0.9856571698129979,0.39803972540311483,0.0007316870153287852,96.0
nominal,21,2.5,200,0.8316402896721415,0.7895503620901769,0.004985504697957563,0.9856571698129979,0.39803972540311483,0.0007316870153287852,96.0
nominal,21,3.0,200,0.7762805347504269,0.7203506684380335,0.00917815363493127,0.9856571698129979,0.39803972540311483,0.0007316870153287852,96.0
nominal,21,3.5,200,0.7156917590344078,0.6446146987930098,0.010418263357532083,0.9856571698129979,0.39803972540311483,0.0007316870153287852,96.0
nominal,22,0.1,200,0.9892548696412439,0.9865685870515548,2.2415621563159846e-06,0.9871006457184552,0.8572142245142484,0.0012607315734233244,180.0
nominal,22,0.25,200,0.9862944874695612,0.9828681093369515,2.0718488804559766e-05,0.9871006457184552,0.8572142245142484,0.0012607315734233244,180.0
nominal,22,0.5,200,0.976143184194061,0.9701789802425764,0.00010518368298117849,0.9871006457184552,0.8572142245142484,0.0012607315734233244,180.0
nominal,22,0.75,200,0.9618721795807025,0.9523402244758779,0.000278966588898442,0.9871006457184552,0.8572142245142484,0.0012607315734233244,180.0
nominal,22,1.0,200,0.9406958884676133,0.9258698605845163,0.0007884094882596626,0.9871006457184552,0.8572142245142484,0.0012607315734233244,180.0
nominal,22,1.25,200,0.9083728165058287,0.8854660206322859,0.00215007021779798,0.9871006457184552,0.8572142245142484,0.0012607315734233244,180.0
nominal,22,1.5,200,0.8774305965069612,0.8467882456337013,0.0031552482942025623,0.9871006457184552,0.8572142245142484,0.0012607315734233244,180.0
nominal,22,2.0,200,0.8122247063599322,0.7652808829499151,0.007282215250964068,0.9871006457184552,0.8572142245142484,0.0012607315734233244,180.0
nominal,22,2.5,200,0.7378397507516328,0.672299688439541,0.009046894040198204,0.9871006457184552,0.8572142245142484,0.0012607315734233244,180.0
nominal,22,3.0,200,0.6473085004114233,0.559135625514279,0.018955112752251865,0.9871006457184552,0.8572142245142484,0.0012607315734233244,180.0
nominal,22,3.5,200,0.5707991503861063,0.4634989379826328,0.021330436965113945,0.9871006457184552,0.8572142245142484,0.0012607315734233244,180.0
nominal,23,0.1,200,0.9884069009457837,0.9855086261822293,2.2519809936328265e-06,0.9857436594079368,0.3867295665213707,0.0007537421257490443,94.0
nominal,23,0.25,200,0.9869151842430329,0.9836439803037911,1.2837423638894533e-05,0.9857436594079368,0.3867295665213707,0.0007537421257490443,94.0
nominal,23,0.5,200,0.9808665691009573,0.9760832113761964,5.710481676555844e-05,0.9857436594079368,0.3867295665213707,0.0007537421257490443,94.0
nominal,23,0.75,200,0.9740601180808087,0.9675751476010107,0.00014023481710944886,0.9857436594079368,0.3867295665213707,0.0007537421257490443,94.0
nominal,23,1.0,200,0.9607596086778738,0.9509495108473422,0.00028968790094756314,0.9857436594079368,0.3867295665213707,0.0007537421257490443,94.0
nominal,23,1.25,200,0.9460684818780909,0.9325856023476135,0.0006322677330963478,0.9857436594079368,0.3867295665213707,0.0007537421257490443,94.0
nominal,23,1.5,200,0.9292263104067422,0.9115328880084277,0.0012080319222026541,0.9857436594079368,0.3867295665213707,0.0007537421257490443,94.0
nominal,23,2.0,200,0.8873562123007087,0.8591952653758859,0.00304850760455779,0.9857436594079368,0.3867295665213707,0.0007537421257490443,94.0
nominal,23,2.5,200,0.8365112715808195,0.7956390894760241,0.004588090174969677,0.9857436594079368,0.3867295665213707,0.0007537421257490443,94.0
nominal,23,3.0,200,0.7805743545508134,0.7257179431885166,0.008307194177572103,0.9857436594079368,0.3867295665213707,0.0007537421257490443,94.0
nominal,23,3.5,200,0.71842122545897,0.6480265318237126,0.010465918141113029,0.9857436594079368,0.3867295665213707,0.0007537421257490443,94.0
nominal,24,0.1,200,0.9892874396128747,0.9866092995160934,1.894964324583123e-06,0.9871303812210901,0.835464693147102,0.0014157050644375713,180.0
nominal,24,0.25,200,0.9861894293242797,0.9827367866553496,1.7643426858947613e-05,0.9871303812210901,0.835464693147102,0.0014157050644375713,180.0
nominal,24,0.5,200,0.9763263742626173,0.9704079678282713,8.291831898479621e-05,0.9871303812210901,0.835464693147102,0.0014157050644375713,180.0
nominal,24,0.75,200,0.9618008536255552,0.952251067031944,0.00025397108866308097,0.9871303812210901,0.835464693147102,0.0014157050644375713,180.0
nominal,24,1.0,200,0.9405110115043958,0.9256387643804951,0.0007417373393140256,0.9871303812210901,0.835464693147102,0.0014157050644375713,180.0
nominal,24,1.25,200,0.9100113062356281,0.8875141327945352,0.0019978516655462654,0.9871303812210901,0.835464693147102,0.0014157050644375713,180.0
nominal,24,1.5,200,0.8776829365178049,0.847103670647256,0.003006455103630695,0.9871303812210901,0.835464693147102,0.0014157050644375713,180.0
nominal,24,2.0,200,0.8120026515722399,0.7650033144652998,0.007302640031447283,0.9871303812210901,0.835464693147102,0.0014157050644375713,180.0
nominal,24,2.5,200,0.7388147797615522,0.67351847470194,0.008870926005798674,0.9871303812210901,0.835464693147102,0.0014157050644375713,180.0
nominal,24,3.0,200,0.6475237255366633,0.5594046569208292,0.018874397665216938,0.9871303812210901,0.835464693147102,0.0014157050644375713,180.0
nominal,24,3.5,200,0.5720821486330264,0.4651026857912829,0.021328742941158295,0.9871303812210901,0.835464693147102,0.0014157050644375713,180.0
nominal,25,0.1,200,0.9862428301231922,0.9828035376539904,2.506897267735454e-06,0.9829977036708438,0.3993147442205037,0.0008399158298248171,98.0
nominal,25,0.25,200,0.9847437661437453,0.9809297076796816,1.4020290604208245e-05,0.9829977036708438,0.3993147442205037,0.0008399158298248171,98.0
nominal,25,0.5,200,0.9782898388604331,0.9728622985755413,7.378969192034613e-05,0.9829977036708438,0.3993147442205037,0.0008399158298248171,98.0
nominal,25,0.75,200,0.9703121881962922,0.9628902352453653,0.00015907208908684848,0.9829977036708438,0.3993147442205037,0.0008399158298248171,98.0
nominal,25,1.0,200,0.958136858022975,0.9476710725287184,0.0003780921936954956,0.9829977036708438,0.3993147442205037,0.0008399158298248171,98.0
nominal,25,1.25,200,0.942393353403157,0.9279916917539458,0.0007139714350931667,0.9829977036708438,0.3993147442205037,0.0008399158298248171,98.0
nominal,25,1.5,200,0.9243051558708113,0.905381444838514,0.001332749375133837,0.9829977036708438,0.3993147442205037,0.0008399158298248171,98.0
nominal,25,2.0,200,0.8830560902979674,0.8538201128724588,0.002896675219584164,0.9829977036708438,0.3993147442205037,0.0008399158298248171,98.0
nominal,25,2.5,200,0.8314432666373108,0.7893040832966384,0.004956181159177755,0.9829977036708438,0.3993147442205037,0.0008399158298248171,98.0
nominal,25,3.0,200,0.768288418949445,0.7103605236868062,0.009930642551982595,0.9829977036708438,0.3993147442205037,0.0008399158298248171,98.0
nominal,25,3.5,200,0.7047737849590177,0.630967231198772,0.013132120325194174,0.9829977036708438,0.3993147442205037,0.0008399158298248171,98.0
nominal,26,0.1,200,0.9856208013617895,0.9820260017022366,2.5690014404117178e-06,0.9822231279859953,0.3841661760751518,0.0009209449766173775,98.0
nominal,26,0.25,200,0.9840137281022404,0.9800171601278004,1.5572033710832868e-05,0.9822231279859953,0.3841661760751518,0.0009209449766173775,98.0
nominal,26,0.5,200,0.9775238934798097,0.9719048668497622,8.309553686872652e-05,0.9822231279859953,0.3841661760751518,0.0009209449766173775,98.0
nominal,26,0.75,200,0.970090507264548,0.9626131340806849,0.0001544166010707426,0.9822231279859953,0.3841661760751518,0.0009209449766173775,98.0
nominal,26,1.0,200,0.9565838433077563,0.9457298041346952,0.00038390722670251945,0.9822231279859953,0.3841661760751518,0.0009209449766173775,98.0
nominal,26,1.25,200,0.9414864441431178,0.9268580551788971,0.0007166517534663816,0.9822231279859953,0.3841661760751518,0.0009209449766173775,98.0
nominal,26,1.5,200,0.9239250848995191,0.9049063561243987,0.0013177477534636153,0.9822231279859953,0.3841661760751518,0.0009209449766173775,98.0
nominal,26,2.0,200,0.882839196532456,0.8535489956655701,0.002897501167677432,0.9822231279859953,0.3841661760751518,0.0009209449766173775,98.0
nominal,26,2.5,200,0.8308111175535281,0.7885138969419097,0.004863036350013696,0.9822231279859953,0.3841661760751518,0.0009209449766173775,98.0
nominal,26,3.0,200,0.7687842395910605,0.7109802994888257,0.009562034069944839,0.9822231279859953,0.3841661760751518,0.0009209449766173775,98.0
nominal,26,3.5,200,0.7023094410138326,0.6278868012672905,0.013036579789819012,0.9822231279859953,0.3841661760751518,0.0009209449766173775,98.0
nominal,27,0.1,200,0.9892387614069463,0.9865484517586828,2.0694916362829247e-06,0.9867753141871844,0.38278442055472023,0.0008457878809134922,94.0
nominal,27,0.25,200,0.9877830173638815,0.9847287717048517,1.2220399677609647e-05,0.9867753141871844,0.38278442055472023,0.0008457878809134922,94.0
nominal,27,0.5,200,0.9816178891995829,0.9770223614994787,5.2990802729976456e-05,0.9867753141871844,0.38278442055472023,0.0008457878809134922,94.0
nominal,27,0.75,200,0.9745476358405227,0.9681845448006534,0.00013079068700071062,0.9867753141871844,0.38278442055472023,0.0008457878809134922,94.0
nominal,27,1.0,200,0.9618754049997777,0.9523442562497223,0.0002807095980010819,0.9867753141871844,0.38278442055472023,0.0008457878809134922,94.0
nominal,27,1.25,200,0.9475115157703098,0.9343893947128871,0.0006234260660082689,0.9867753141871844,0.38278442055472023,0.0008457878809134922,94.0
nominal,27,1.5,200,0.9298864755327294,0.9123580944159115,0.00116551952980579,0.9867753141871844,0.38278442055472023,0.0008457878809134922,94.0
nominal,27,2.0,200,0.8867646465889174,0.8584558082361464,0.0030823680456601426,0.9867753141871844,0.38278442055472023,0.0008457878809134922,94.0
nominal,27,2.5,200,0.8369243193827902,0.7961553992284877,0.004829632520585629,0.9867753141871844,0.38278442055472023,0.0008457878809134922,94.0
nominal,27,3.0,200,0.7796655695902008,0.7245819619877507,0.008537731369716679,0.9867753141871844,0.38278442055472023,0.0008457878809134922,94.0
nominal,27,3.5,200,0.7198175655078648,0.649771956884831,0.010183237647069505,0.9867753141871844,0.38278442055472023,0.0008457878809134922,94.0
nominal,28,0.1,200,0.9840323579113757,0.9800404473892194,2.8390995148757836e-06,0.9802701035813628,0.3959195940518243,0.0009363816031490237,102.0
nominal,28,0.25,200,0.9824862864441908,0.9781078580552384,1.6404991560997275e-05,0.9802701035813628,0.3959195940518243,0.0009363816031490237,102.0
nominal,28,0.5,200,0.9756828493658619,0.9696035617073272,9.018342536623562e-05,0.9802701035813628,0.3959195940518243,0.0009363816031490237,102.0
nominal,28,0.75,200,0.967846648666693,0.9598083108333662,0.00018636635299358595,0.9802701035813628,0.3959195940518243,0.0009363816031490237,102.0
nominal,28,1.0,200,0.954869983879391,0.9435874798492386,0.0004602737824652839,0.9802701035813628,0.3959195940518243,0.0009363816031490237,102.0
nominal,28,1.25,200,0.9392913732690297,0.9241142165862868,0.0008341167578253214,0.9802701035813628,0.3959195940518243,0.0009363816031490237,102.0
nominal,28,1.5,200,0.919654177864792,0.89956772233099,0.001793707730449851,0.9802701035813628,0.3959195940518243,0.0009363816031490237,102.0
nominal,28,2.0,200,0.8763741800799084,0.8454677250998855,0.00298790151295656,0.9802701035813628,0.3959195940518243,0.0009363816031490237,102.0
nominal,28,2.5,200,0.8184935883299996,0.7731169854124996,0.005577944465495404,0.9802701035813628,0.3959195940518243,0.0009363816031490237,102.0
nominal,28,3.0,200,0.7574113926337976,0.6967642407922469,0.009556545703856447,0.9802701035813628,0.3959195940518243,0.0009363816031490237,102.0
nominal,28,3.5,200,0.6915252494992193,0.6144065618740241,0.012210972035635814,0.9802701035813628,0.3959195940518243,0.0009363816031490237,102.0
nominal,29,0.1,200,0.9892220981378514,0.9865276226723141,1.8820092001445841e-06,0.9867790546828774,0.39682987108578394,0.0009086208943855865,96.0
nominal,29,0.25,200,0.9877289624077744,0.9846612030097179,1.106563437116246e-05,0.9867790546828774,0.39682987108578394,0.0009086208943855865,96.0
nominal,29,0.5,200,0.9816644121893341,0.9770805152366675,5.348570189097859e-05,0.9867790546828774,0.39682987108578394,0.0009086208943855865,96.0
nominal,29,0.75,200,0.9737685432717836,0.9672106790897295,0.00012920439609650751,0.9867790546828774,0.39682987108578394,0.0009086208943855865,96.0
nominal,29,1.0,200,0.9611652675264981,0.9514565844081226,0.0002847505778219423,0.9867790546828774,0.39682987108578394,0.0009086208943855865,96.0
nominal,29,1.25,200,0.9464752407791842,0.9330940509739801,0.000625281140685304,0.9867790546828774,0.39682987108578394,0.0009086208943855865,96.0
nominal,29,1.5,200,0.9265134055055548,0.9081417568819435,0.001265809476418874,0.9867790546828774,0.39682987108578394,0.0009086208943855865,96.0
nominal,29,2.0,200,0.8870227232981414,0.8587784041226766,0.002523136343974641,0.9867790546828774,0.39682987108578394,0.0009086208943855865,96.0
nominal,29,2.5,200,0.8322854851981586,0.7903568564976982,0.005048369215708317,0.9867790546828774,0.39682987108578394,0.0009086208943855865,96.0
nominal,29,3.0,200,0.7765624662159493,0.7207030827699364,0.00906031528042894,0.9867790546828774,0.39682987108578394,0.0009086208943855865,96.0
nominal,29,3.5,200,0.7176032744812781,0.6470040931015976,0.010582933884322769,0.9867790546828774,0.39682987108578394,0.0009086208943855865,96.0
nominal,30,0.1,200,0.9919678973051109,0.9899598716313888,1.5396721589343526e-06,0.9906235337240294,0.8502303028642676,0.0016397776927303649,180.0
nominal,30,0.25,200,0.9890580060643729,0.9863225075804661,1.2431424448127417e-05,0.9906235337240294,0.8502303028642676,0.0016397776927303649,180.0
nominal,30,0.5,200,0.9795975666207432,0.9744969582759287,7.193982194488264e-05,0.9906235337240294,0.8502303028642676,0.0016397776927303649,180.0
nominal,30,0.75,200,0.9640179470111709,0.9550224337639637,0.0002481824957002434,0.9906235337240294,0.8502303028642676,0.0016397776927303649,180.0
nominal,30,1.0,200,0.9438616319509276,0.9298270399386596,0.000664496898426966,0.9906235337240294,0.8502303028642676,0.0016397776927303649,180.0
nominal,30,1.25,200,0.9143348548146115,0.8929185685182643,0.0017434224568763405,0.9906235337240294,0.8502303028642676,0.0016397776927303649,180.0
nominal,30,1.5,200,0.8806812652462206,0.850851581557776,0.0030434318570916026,0.9906235337240294,0.8502303028642676,0.0016397776927303649,180.0
nominal,30,2.0,200,0.8132049831708804,0.7665062289636003,0.007532820651086108,0.9906235337240294,0.8502303028642676,0.0016397776927303649,180.0
nominal,30,2.5,200,0.7404560970271493,0.6755701212839367,0.009105496493997937,0.9906235337240294,0.8502303028642676,0.0016397776927303649,180.0
nominal,30,3.0,200,0.6481888910775203,0.5602361138469003,0.01982566391659268,0.9906235337240294,0.8502303028642676,0.0016397776927303649,180.0
nominal,30,3.5,200,0.5729134998963675,0.46614187487045927,0.021836094876680145,0.9906235337240294,0.8502303028642676,0.0016397776927303649,180.0
nominal,31,0.1,200,0.9895678361139183,0.9869597951423976,1.9073191998810369e-06,0.9871746094760185,0.391909213905573,0.0009303923948501509,98.0
nominal,31,0.25,200,0.9879977109013635,0.9849971386267043,1.0354289919488966e-05,0.9871746094760185,0.391909213905573,0.0009303923948501509,98.0
nominal,31,0.5,200,0.9816105638232241,0.9770132047790301,6.405868434326027e-05,0.9871746094760185,0.391909213905573,0.0009303923948501509,98.0
nominal,31,0.75,200,0.9738397607600675,0.9672997009500844,0.00012653651525650024,0.9871746094760185,0.391909213905573,0.0009303923948501509,98.0
nominal,31,1.0,200,0.9608948227263536,0.9511185284079421,0.00032483429750376975,0.9871746094760185,0.391909213905573,0.0009303923948501509,98.0
nominal,31,1.25,200,0.9455546730683881,0.9319433413354852,0.0006476126424800015,0.9871746094760185,0.391909213905573,0.0009303923948501509,98.0
nominal,31,1.5,200,0.9271263328734052,0.908907916091756,0.0012287571947265704,0.9871746094760185,0.391909213905573,0.0009303923948501509,98.0
nominal,31,2.0,200,0.8863744755254365,0.8579680944067956,0.002821544874610591,0.9871746094760185,0.391909213905573,0.0009303923948501509,98.0
nominal,31,2.5,200,0.8332977620911373,0.7916222026139215,0.004824520569808638,0.9871746094760185,0.391909213905573,0.0009303923948501509,98.0
nominal,31,3.0,200,0.7704079172322196,0.713009896540274,0.00963797906497633,0.9871746094760185,0.391909213905573,0.0009303923948501509,98.0
nominal,31,3.5,200,0.7049790668668825,0.6312238335836029,0.013097271604556116,0.9871746094760185,0.391909213905573,0.0009303923948501509,98.0
nominal,32,0.1,200,0.9864532738926345,0.983066592365793,2.512492523398787e-06,0.9832877599643786,0.39999215618102724,0.000889283690170386,96.0
nominal,32,0.25,200,0.9849024737921334,0.9811280922401664,1.4101964081200608e-05,0.9832877599643786,0.39999215618102724,0.000889283690170386,96.0
nominal,32,0.5,200,0.9785849425950343,0.9732311782437928,7.293108495936548e-05,0.9832877599643786,0.39999215618102724,0.000889283690170386,96.0
nominal,32,0.75,200,0.9712061719004282,0.9640077148755353,0.00017282384378426442,0.9832877599643786,0.39999215618102724,0.000889283690170386,96.0
nominal,32,1.0,200,0.9578379964454348,0.9472974955567934,0.00038066308942466044,0.9832877599643786,0.39999215618102724,0.000889283690170386,96.0
nominal,32,1.25,200,0.9438565635930609,0.929820704491326,0.0006555633076893905,0.9832877599643786,0.39999215618102724,0.000889283690170386,96.0
nominal,32,1.5,200,0.9245463284161716,0.9056829105202143,0.0013854510752890619,0.9832877599643786,0.39999215618102724,0.000889283690170386,96.0
nominal,32,2.0,200,0.8831736574625577,0.8539670718281969,0.002731356034832744,0.9832877599643786,0.39999215618102724,0.000889283690170386,96.0
nominal,32,2.5,200,0.8297368244544181,0.7871710305680227,0.005219322790167116,0.9832877599643786,0.39999215618102724,0.000889283690170386,96.0
nominal,32,3.0,200,0.7749123906296599,0.7186404882870747,0.0094559818790535,0.9832877599643786,0.39999215618102724,0.000889283690170386,96.0
nominal,32,3.5,200,0.7146374884814711,0.6432968606018389,0.010717953252821233,0.9832877599643786,0.39999215618102724,0.000889283690170386,96.0
nominal,33,0.1,200,0.9844403270732859,0.9805504088416072,2.7834671656945064e-06,0.9807801500355214,0.39988388638570144,0.0009395801385724531,102.0
nominal,33,0.25,200,0.9828518574686875,0.9785648218358591,1.6559487652565916e-05,0.9807801500355214,0.39988388638570144,0.0009395801385724531,102.0
nominal,33,0.5,200,0.976047277163459,0.9700590964543235,8.71264272024034e-05,0.9807801500355214,0.39988388638570144,0.0009395801385724531,102.0
nominal,33,0.75,200,0.9685294291169374,0.9606617863961716,0.0001913510488411833,0.9807801500355214,0.39988388638570144,0.0009395801385724531,102.0
nominal,33,1.0,200,0.9551451506934416,0.9439314383668023,0.00044634599123347866,0.9807801500355214,0.39988388638570144,0.0009395801385724531,102.0
nominal,33,1.25,200,0.9397759320145872,0.9247199150182339,0.0008164048992883847,0.9807801500355214,0.39988388638570144,0.0009395801385724531,102.0
nominal,33,1.5,200,0.9201253940139866,0.9001567425174832,0.0017562276562857182,0.9807801500355214,0.39988388638570144,0.0009395801385724531,102.0
nominal,33,2.0,200,0.8764883402987647,0.8456104253734558,0.003015651671180598,0.9807801500355214,0.39988388638570144,0.0009395801385724531,102.0
nominal,33,2.5,200,0.818698895989077,0.773373619986346,0.005508401571530923,0.9807801500355214,0.39988388638570144,0.0009395801385724531,102.0
nominal,33,3.0,200,0.7583348584276878,0.6979185730346096,0.009462340409705297,0.9807801500355214,0.39988388638570144,0.0009395801385724531,102.0
nominal,33,3.5,200,0.6925648404418757,0.6157060505523448,0.01222168123173759,0.9807801500355214,0.39988388638570144,0.0009395801385724531,102.0
nominal,34,0.1,200,0.9874065793258424,0.9842582241573031,2.016733968522159e-06,0.9844675899541585,0.39596057281038277,0.0009466198911880534,100.0
nominal,34,0.25,200,0.9858923642494418,0.9823654553118021,1.2843265652879278e-05,0.9844675899541585,0.39596057281038277,0.0009466198911880534,100.0
nominal,34,0.5,200,0.9793208475437987,0.974151059429748,5.797618406178925e-05,0.9844675899541585,0.39596057281038277,0.0009466198911880534,100.0
nominal,34,0.75,200,0.9714118661726389,0.9642648327157989,0.00013725077179855004,0.9844675899541585,0.39596057281038277,0.0009466198911880534,100.0
nominal,34,1.0,200,0.9575539083727682,0.9469423854659604,0.00035027493714781326,0.9844675899541585,0.39596057281038277,0.0009466198911880534,100.0
nominal,34,1.25,200,0.9417154171363079,0.9271442714203849,0.0008207197584676642,0.9844675899541585,0.39596057281038277,0.0009466198911880534,100.0
nominal,34,1.5,200,0.9223993196544189,0.9029991495680236,0.0012997345676400173,0.9844675899541585,0.39596057281038277,0.0009466198911880534,100.0
nominal,34,2.0,200,0.8808371763892288,0.8510464704865357,0.0029763303786184223,0.9844675899541585,0.39596057281038277,0.0009466198911880534,100.0
nominal,34,2.5,200,0.8264651454280719,0.7830814317850897,0.005087272939424299,0.9844675899541585,0.39596057281038277,0.0009466198911880534,100.0
nominal,34,3.0,200,0.7674109502505366,0.7092636878131706,0.010312486258213509,0.9844675899541585,0.39596057281038277,0.0009466198911880534,100.0
nominal,34,3.5,200,0.7021524192301443,0.6276905240376803,0.012206883031591778,0.9844675899541585,0.39596057281038277,0.0009466198911880534,100.0
nominal,35,0.1,200,0.9865963296954778,0.983245412119347,2.326602994403859e-06,0.9834453868276161,0.39558984581181966,0.0009124906095739923,98.0
nominal,35,0.25,200,0.9850096000072256,0.9812620000090316,1.2152255688744169e-05,0.9834453868276161,0.39558984581181966,0.0009124906095739923,98.0
nominal,35,0.5,200,0.9786207508953195,0.9732759386191492,7.02239137270056e-05,0.9834453868276161,0.39558984581181966,0.0009124906095739923,98.0
nominal,35,0.75,200,0.9707073508958356,0.9633841886197942,0.00014721534181130893,0.9834453868276161,0.39558984581181966,0.0009124906095739923,98.0
nominal,35,1.0,200,0.9577089183848548,0.9471361479810685,0.0003787130784959349,0.9834453868276161,0.39558984581181966,0.0009124906095739923,98.0
nominal,35,1.25,200,0.9427731075328225,0.9284663844160284,0.0007044194361664633,0.9834453868276161,0.39558984581181966,0.0009124906095739923,98.0
nominal,35,1.5,200,0.9244807729140014,0.9056009661425019,0.0012804671120933398,0.9834453868276161,0.39558984581181966,0.0009124906095739923,98.0
nominal,35,2.0,200,0.8817960654155258,0.8522450817694075,0.003040632895011242,0.9834453868276161,0.39558984581181966,0.0009124906095739923,98.0
nominal,35,2.5,200,0.8294930136506036,0.7868662670632546,0.005025375911089111,0.9834453868276161,0.39558984581181966,0.0009124906095739923,98.0
nominal,35,3.0,200,0.7671542523969016,0.7089428154961268,0.010076948924033515,0.9834453868276161,0.39558984581181966,0.0009124906095739923,98.0
nominal,35,3.5,200,0.7027009067352319,0.6283761334190399,0.013237277458402917,0.9834453868276161,0.39558984581181966,0.0009124906095739923,98.0
nominal,36,0.1,200,0.9855665228838295,0.9819581536047868,2.2496485630717493e-06,0.98213328812129,0.399241392142623,0.001014023338636162,100.0
nominal,36,0.25,200,0.9839721021004078,0.9799651276255097,1.4762499081924681e-05,0.98213328812129,0.399241392142623,0.001014023338636162,100.0
nominal,36,0.5,200,0.9772407421658795,0.9715509277073491,6.331880334183956e-05,0.98213328812129,0.399241392142623,0.001014023338636162,100.0
nominal,36,0.75,200,0.9696415866789174,0.9620519833486466,0.0001600617835576364,0.98213328812129,0.399241392142623,0.001014023338636162,100.0
nominal,36,1.0,200,0.9550392693648629,0.9437990867060789,0.00037426848086262384,0.98213328812129,0.399241392142623,0.001014023338636162,100.0
nominal,36,1.25,200,0.9398518119643857,0.9248147649554821,0.0008809262462313901,0.98213328812129,0.399241392142623,0.001014023338636162,100.0
nominal,36,1.5,200,0.9210876508459412,0.9013595635574262,0.0013221850011347514,0.98213328812129,0.399241392142623,0.001014023338636162,100.0
nominal,36,2.0,200,0.8780465839036445,0.8475582298795559,0.003077142301841943,0.98213328812129,0.399241392142623,0.001014023338636162,100.0
nominal,36,2.5,200,0.8245124135176923,0.7806405168971153,0.004984796139453788,0.98213328812129,0.399241392142623,0.001014023338636162,100.0
nominal,36,3.0,200,0.766435165504864,0.70804395688108,0.010583445929453695,0.98213328812129,0.399241392142623,0.001014023338636162,100.0
nominal,36,3.5,200,0.6998439468026002,0.6248049335032504,0.012369219751202185,0.98213328812129,0.399241392142623,0.001014023338636162,100.0
nominal,37,0.1,200,0.985502858705663,0.9818785733820786,2.7658346791324403e-06,0.9820768246542128,0.39880739439174673,0.0011456901236770326,108.0
nominal,37,0.25,200,0.9838056519640009,0.9797570649550009,1.6102443109452338e-05,0.9820768246542128,0.39880739439174673,0.0011456901236770326,108.0
nominal,37,0.5,200,0.9767280010984962,0.9709100013731203,7.792129712235252e-05,0.9820768246542128,0.39880739439174673,0.0011456901236770326,108.0
nominal,37,0.75,200,0.9678374419427869,0.9597968024284834,0.0001766187703307277,0.9820768246542128,0.39880739439174673,0.0011456901236770326,108.0
nominal,37,1.0,200,0.9529898391259229,0.9412372989074034,0.00042023433849832563,0.9820768246542128,0.39880739439174673,0.0011456901236770326,108.0
nominal,37,1.25,200,0.9362229656486459,0.9202787070608074,0.0008919320884733458,0.9820768246542128,0.39880739439174673,0.0011456901236770326,108.0
nominal,37,1.5,200,0.9177476174311039,0.89718452178888,0.0014733232812860623,0.9820768246542128,0.39880739439174673,0.0011456901236770326,108.0
nominal,37,2.0,200,0.8699917567628884,0.8374896959536102,0.003439061408687012,0.9820768246542128,0.39880739439174673,0.0011456901236770326,108.0
nominal,37,2.5,200,0.8139225374747728,0.7674031718434662,0.005990513978319186,0.9820768246542128,0.39880739439174673,0.0011456901236770326,108.0
nominal,37,3.0,200,0.7465951133093733,0.6832438916367164,0.011194969311180076,0.9820768246542128,0.39880739439174673,0.0011456901236770326,108.0
nominal,37,3.5,200,0.6803187690944554,0.6003984613680693,0.012849248459682097,0.9820768246542128,0.39880739439174673,0.0011456901236770326,108.0
nominal,38,0.1,200,0.9899492453363337,0.987436556670417,1.8656750832247391e-06,0.987651971433855,0.3992325648729408,0.0010237577254736596,94.0
nominal,38,0.25,200,0.9884687251545418,0.9855859064431772,1.0860204898011877e-05,0.987651971433855,0.3992325648729408,0.0010237577254736596,94.0
nominal,38,0.5,200,0.982347958046497,0.9779349475581212,4.821630558408155e-05,0.987651971433855,0.3992325648729408,0.0010237577254736596,94.0
nominal,38,0.75,200,0.9752765111110062,0.9690956388887579,0.00012246620222730473,0.987651971433855,0.3992325648729408,0.0010237577254736596,94.0
nominal,38,1.0,200,0.9626298237572165,0.9532872796965206,0.00026065238029719423,0.987651971433855,0.3992325648729408,0.0010237577254736596,94.0
nominal,38,1.25,200,0.9477475356169344,0.9346844195211679,0.0006008921671635997,0.987651971433855,0.3992325648729408,0.0010237577254736596,94.0
nominal,38,1.5,200,0.9304104222561871,0.9130130278202339,0.0011275914459865344,0.987651971433855,0.3992325648729408,0.0010237577254736596,94.0
nominal,38,2.0,200,0.8874383903757554,0.859297987969694,0.0030136359842150673,0.987651971433855,0.3992325648729408,0.0010237577254736596,94.0
nominal,38,2.5,200,0.8370620792517951,0.7963275990647438,0.004726059247442649,0.987651971433855,0.3992325648729408,0.0010237577254736596,94.0
nominal,38,3.0,200,0.7800412694488996,0.7250515868111245,0.008453664623453707,0.987651971433855,0.3992325648729408,0.0010237577254736596,94.0
nominal,38,3.5,200,0.719303070827614,0.6491288385345174,0.010197956671320188,0.987651971433855,0.3992325648729408,0.0010237577254736596,94.0
nominal,39,0.1,200,0.9864415526890721,0.98305194086134,2.426690666777139e-06,0.9832529100357216,0.3927623803440832,0.0011173786758777377,98.0
nominal,39,0.25,200,0.9848730407166818,0.981091300895852,1.3649627957794412e-05,0.9832529100357216,0.3927623803440832,0.0011173786758777377,98.0
nominal,39,0.5,200,0.9784897073607909,0.9731121342009885,7.627284551865313e-05,0.9832529100357216,0.3927623803440832,0.0011173786758777377,98.0
nominal,39,0.75,200,0.9707061877076673,0.9633827346345842,0.00015171298067821027,0.9832529100357216,0.3927623803440832,0.0011173786758777377,98.0
nominal,39,1.0,200,0.9577781295096015,0.9472226618870019,0.000379419260678631,0.9832529100357216,0.3927623803440832,0.0011173786758777377,98.0
nominal,39,1.25,200,0.9426406075038746,0.9283007593798431,0.000711650475868994,0.9832529100357216,0.3927623803440832,0.0011173786758777377,98.0
nominal,39,1.5,200,0.9243263884248141,0.9054079855310175,0.0013268355341786908,0.9832529100357216,0.3927623803440832,0.0011173786758777377,98.0
nominal,39,2.0,200,0.8831911034402623,0.8539888793003279,0.002988869077138568,0.9832529100357216,0.3927623803440832,0.0011173786758777377,98.0
nominal,39,2.5,200,0.830657554705919,0.7883219433823985,0.005052064058004016,0.9832529100357216,0.3927623803440832,0.0011173786758777377,98.0
nominal,39,3.0,200,0.7685189792108023,0.7106487240135029,0.009923203887266745,0.9832529100357216,0.3927623803440832,0.0011173786758777377,98.0
nominal,39,3.5,200,0.7031501329850831,0.6289376662313539,0.01325450908603746,0.9832529100357216,0.3927623803440832,0.0011173786758777377,98.0
nominal,40,0.1,200,0.9901443489405765,0.9876804361757203,1.7861451918789679e-06,0.9879007670240235,0.38084581005122,0.001113748149161238,98.0
nominal,40,0.25,200,0.9885452715324761,0.9856815894155949,1.0291078987914827e-05,0.9879007670240235,0.38084581005122,0.001113748149161238,98.0
nominal,40,0.5,200,0.9822177117758095,0.9777721397197618,6.297600025795577e-05,0.9879007670240235,0.38084581005122,0.001113748149161238,98.0
nominal,40,0.75,200,0.9745108098819402,0.9681385123524254,0.00012089350336181045,0.9879007670240235,0.38084581005122,0.001113748149161238,98.0
nominal,40,1.0,200,0.9612841957500585,0.9516052446875731,0.0003143558348713078,0.9879007670240235,0.38084581005122,0.001113748149161238,98.0
nominal,40,1.25,200,0.9460526651407785,0.932565831425973,0.0006275772311106339,0.9879007670240235,0.38084581005122,0.001113748149161238,98.0
nominal,40,1.5,200,0.9277259786835647,0.9096574733544557,0.001215820927319092,0.9879007670240235,0.38084581005122,0.001113748149161238,98.0
nominal,40,2.0,200,0.887146282872034,0.8589328535900423,0.002797927392956233,0.9879007670240235,0.38084581005122,0.001113748149161238,98.0
nominal,40,2.5,200,0.8340492736244718,0.7925615920305898,0.00478202508322938,0.9879007670240235,0.38084581005122,0.001113748149161238,98.0
nominal,40,3.0,200,0.7712311716387956,0.7140389645484947,0.009490478465651436,0.9879007670240235,0.38084581005122,0.001113748149161238,98.0
nominal,40,3.5,200,0.7048201463768977,0.631025182971122,0.013103848142643197,0.9879007670240235,0.38084581005122,0.001113748149161238,98.0
nominal,41,0.1,200,0.9866690332084418,0.9833362915105522,2.1910352303833764e-06,0.9835176579119288,0.39881796132472025,0.0011335096714474775,100.0
nominal,41,0.25,200,0.9851165823323669,0.9813957279154585,1.5236005533216192e-05,0.9835176579119288,0.39881796132472025,0.0011335096714474775,100.0
nominal,41,0.5,200,0.9783887863196145,0.9729859828995179,6.355353360533802e-05,0.9835176579119288,0.39881796132472025,0.0011335096714474775,100.0
nominal,41,0.75,200,0.9709554168706664,0.963694271088333,0.00015626771875800767,0.9835176579119288,0.39881796132472025,0.0011335096714474775,100.0
nominal,41,1.0,200,0.9565361246368206,0.9456701557960255,0.0003740078758486523,0.9835176579119288,0.39881796132472025,0.0011335096714474775,100.0
nominal,41,1.25,200,0.9413629627806934,0.9267037034758667,0.0008829879606528315,0.9835176579119288,0.39881796132472025,0.0011335096714474775,100.0
nominal,41,1.5,200,0.9224412856967181,0.9030516071208976,0.0013060231653808088,0.9835176579119288,0.39881796132472025,0.0011335096714474775,100.0
nominal,41,2.0,200,0.8799196446645778,0.8498995558307223,0.003061219639632632,0.9835176579119288,0.39881796132472025,0.0011335096714474775,100.0
nominal,41,2.5,200,0.8266489542331409,0.783311192791426,0.004966627057576204,0.9835176579119288,0.39881796132472025,0.0011335096714474775,100.0
nominal,41,3.0,200,0.7682898375217249,0.710362296902156,0.010447524021887988,0.9835176579119288,0.39881796132472025,0.0011335096714474775,100.0
nominal,41,3.5,200,0.7017159841185375,0.6271449801481721,0.01221433342420009,0.9835176579119288,0.39881796132472025,0.0011335096714474775,100.0
nominal,42,0.1,200,0.9898058568055549,0.9872573210069436,1.8561305309020737e-06,0.9874832363182161,0.3822319678698007,0.0010195952198863102,96.0
nominal,42,0.25,200,0.9882821627701495,0.9853527034626864,1.0801970879385032e-05,0.9874832363182161,0.3822319678698007,0.0010195952198863102,96.0
nominal,42,0.5,200,0.9821443186763222,0.9776803983454028,5.592231804980977e-05,0.9874832363182161,0.3822319678698007,0.0010195952198863102,96.0
nominal,42,0.75,200,0.9744537117320378,0.968067139665047,0.0001383561370045931,0.9874832363182161,0.3822319678698007,0.0010195952198863102,96.0
nominal,42,1.0,200,0.9613156668577454,0.9516445835721814,0.00031097833422944897,0.9874832363182161,0.3822319678698007,0.0010195952198863102,96.0
nominal,42,1.25,200,0.947126222528474,0.9339077781605924,0.0006030425294094751,0.9874832363182161,0.3822319678698007,0.0010195952198863102,96.0
nominal,42,1.5,200,0.9274540796917834,0.9093175996147292,0.0012637167512016786,0.9874832363182161,0.3822319678698007,0.0010195952198863102,96.0
nominal,42,2.0,200,0.8865177900703977,0.8581472375879968,0.002632325296019178,0.9874832363182161,0.3822319678698007,0.0010195952198863102,96.0
nominal,42,2.5,200,0.8328774207932867,0.7910967759916084,0.005049700923950364,0.9874832363182161,0.3822319678698007,0.0010195952198863102,96.0
nominal,42,3.0,200,0.777201791400762,0.7215022392509521,0.009208285085963481,0.9874832363182161,0.3822319678698007,0.0010195952198863102,96.0
nominal,42,3.5,200,0.7170091286482747,0.6462614108103435,0.010618487782209828,0.9874832363182161,0.3822319678698007,0.0010195952198863102,96.0
nominal,43,0.1,200,0.9870497345874786,0.9838121682343481,2.6912792587710904e-06,0.9840565297634307,0.39718051807824073,0.0010985131480953656,106.0
nominal,43,0.25,200,0.9855760224345925,0.9819700280432407,1.681002880725309e-05,0.9840565297634307,0.39718051807824073,0.0010985131480953656,106.0
nominal,43,0.5,200,0.978425452659943,0.9730318158249287,7.666650808296104e-05,0.9840565297634307,0.39718051807824073,0.0010985131480953656,106.0
nominal,43,0.75,200,0.9699005816615899,0.9623757270769875,0.00017976963598233614,0.9840565297634307,0.39718051807824073,0.0010985131480953656,106.0
nominal,43,1.0,200,0.9561150952730215,0.9451438690912767,0.00044003743487617305,0.9840565297634307,0.39718051807824073,0.0010985131480953656,106.0
nominal,43,1.25,200,0.94061179166234,0.925764739577925,0.0008534800148858751,0.9840565297634307,0.39718051807824073,0.0010985131480953656,106.0
nominal,43,1.5,200,0.9201541471194243,0.9001926838992803,0.0015074664604433669,0.9840565297634307,0.39718051807824073,0.0010985131480953656,106.0
nominal,43,2.0,200,0.8721049770420723,0.8401312213025907,0.003310584517984819,0.9840565297634307,0.39718051807824073,0.0010985131480953656,106.0
nominal,43,2.5,200,0.8183256781062638,0.7729070976328296,0.005756521135417201,0.9840565297634307,0.39718051807824073,0.0010985131480953656,106.0
nominal,43,3.0,200,0.7553905597661154,0.6942381997076441,0.01142745788884171,0.9840565297634307,0.39718051807824073,0.0010985131480953656,106.0
nominal,43,3.5,200,0.6927149395089027,0.6158936743861283,0.012481979561005125,0.9840565297634307,0.39718051807824073,0.0010985131480953656,106.0
nominal,44,0.1,200,0.9911145826388087,0.9888932282985107,1.4400223086103313e-06,0.9891720259275197,0.3797362819332765,0.0010667611585288969,100.0
nominal,44,0.25,200,0.9896562577614015,0.9870703222017518,1.057127154278125e-05,0.9891720259275197,0.3797362819332765,0.0010667611585288969,100.0
nominal,44,0.5,200,0.983219471275325,0.9790243390941563,4.8372365128667966e-05,0.9891720259275197,0.3797362819332765,0.0010667611585288969,100.0
nominal,44,0.75,200,0.9754087547831802,0.9692609434789753,0.00011653655500660965,0.9891720259275197,0.3797362819332765,0.0010667611585288969,100.0
nominal,44,1.0,200,0.9613862934361838,0.9517328667952295,0.0003095449210164882,0.9891720259275197,0.3797362819332765,0.0010667611585288969,100.0
nominal,44,1.25,200,0.9460448167379794,0.9325560209224741,0.0007241807917375914,0.9891720259275197,0.3797362819332765,0.0010667611585288969,100.0
nominal,44,1.5,200,0.92669036796615,0.9083629599576873,0.0012040628437772068,0.9891720259275197,0.3797362819332765,0.0010667611585288969,100.0
nominal,44,2.0,200,0.8848789175738763,0.8560986469673452,0.002817229981865822,0.9891720259275197,0.3797362819332765,0.0010667611585288969,100.0
nominal,44,2.5,200,0.8315879796446919,0.7894849745558647,0.005004639823111052,0.9891720259275197,0.3797362819332765,0.0010667611585288969,100.0
nominal,44,3.0,200,0.7713581992998817,0.7141977491248522,0.01019895474783723,0.9891720259275197,0.3797362819332765,0.0010667611585288969,100.0
nominal,44,3.5,200,0.7064626219511756,0.6330782774389694,0.012022729596668941,0.9891720259275197,0.3797362819332765,0.0010667611585288969,100.0
nominal,45,0.1,200,0.987885452785196,0.9848568159814947,1.9613973462744877e-06,0.985119655207929,0.3859076310013399,0.0010924085750238623,100.0
nominal,45,0.25,200,0.9864414990382286,0.9830518737977855,1.3550378905675064e-05,0.985119655207929,0.3859076310013399,0.0010924085750238623,100.0
nominal,45,0.5,200,0.9798349969101562,0.9747937461376952,6.0277837008140687e-05,0.985119655207929,0.3859076310013399,0.0010924085750238623,100.0
nominal,45,0.75,200,0.9723532483840883,0.9654415604801103,0.00014284808289318404,0.985119655207929,0.3859076310013399,0.0010924085750238623,100.0
nominal,45,1.0,200,0.9581041866145062,0.9476302332681327,0.0003597550494432819,0.985119655207929,0.3859076310013399,0.0010924085750238623,100.0
nominal,45,1.25,200,0.9427854420306805,0.9284818025383501,0.0008175321513203917,0.985119655207929,0.3859076310013399,0.0010924085750238623,100.0
nominal,45,1.5,200,0.923476410995864,0.9043455137448302,0.001304755804170617,0.985119655207929,0.3859076310013399,0.0010924085750238623,100.0
nominal,45,2.0,200,0.8822290680977596,0.8527863351221996,0.0029478540877742178,0.985119655207929,0.3859076310013399,0.0010924085750238623,100.0
nominal,45,2.5,200,0.8289779243606437,0.7862224054508045,0.005073235682717558,0.985119655207929,0.3859076310013399,0.0010924085750238623,100.0
nominal,45,3.0,200,0.7696771673613796,0.7120964592017244,0.01032886448577758,0.985119655207929,0.3859076310013399,0.0010924085750238623,100.0
nominal,45,3.5,200,0.7043791760835036,0.6304739701043794,0.012122309509453881,0.985119655207929,0.3859076310013399,0.0010924085750238623,100.0
nominal,46,0.1,200,0.9880922661882819,0.9851153327353525,2.4996130400144674e-06,0.9853596550960031,0.398333590500935,0.0012076242486901982,106.0
nominal,46,0.25,200,0.9865901040087393,0.9832376300109239,1.5110937107924004e-05,0.9853596550960031,0.398333590500935,0.0012076242486901982,106.0
nominal,46,0.5,200,0.9794947302277177,0.9743684127846468,7.286126178648041e-05,0.9853596550960031,0.398333590500935,0.0012076242486901982,106.0
nominal,46,0.75,200,0.9710607180140602,0.9638258975175753,0.00017211927292810184,0.9853596550960031,0.398333590500935,0.0012076242486901982,106.0
nominal,46,1.0,200,0.9568791771453476,0.9460989714316844,0.00040252431909452464,0.9853596550960031,0.398333590500935,0.0012076242486901982,106.0
nominal,46,1.25,200,0.9411817544980882,0.9264771931226099,0.0008648456358813219,0.9853596550960031,0.398333590500935,0.0012076242486901982,106.0
nominal,46,1.5,200,0.9206949647416363,0.9008687059270454,0.001500707113933813,0.9853596550960031,0.398333590500935,0.0012076242486901982,106.0
nominal,46,2.0,200,0.8730087054573001,0.8412608818216251,0.0032646894410876715,0.9853596550960031,0.398333590500935,0.0012076242486901982,106.0
nominal,46,2.5,200,0.8189623917324234,0.773702989665529,0.005671270328728748,0.9853596550960031,0.398333590500935,0.0012076242486901982,106.0
nominal,46,3.0,200,0.755218600703024,0.6940232508787801,0.011226387491173306,0.9853596550960031,0.398333590500935,0.0012076242486901982,106.0
nominal,46,3.5,200,0.6919826475404101,0.6149783094255128,0.012654006950573907,0.9853596550960031,0.398333590500935,0.0012076242486901982,106.0
nominal,47,0.1,200,0.9894091370803868,0.9867614213504834,1.6959604155751085e-06,0.9869961080763479,0.3874851112498714,0.0011193861861180136,100.0
nominal,47,0.25,200,0.9878923349888545,0.9848654187360681,1.1724608854743988e-05,0.9869961080763479,0.3874851112498714,0.0011193861861180136,100.0
nominal,47,0.5,200,0.981323345838236,0.976654182297795,5.416015132999852e-05,0.9869961080763479,0.3874851112498714,0.0011193861861180136,100.0
nominal,47,0.75,200,0.9738933755777772,0.9673667194722216,0.00012961084525552405,0.9869961080763479,0.3874851112498714,0.0011193861861180136,100.0
nominal,47,1.0,200,0.9595188446679966,0.9493985558349957,0.0003255050253643104,0.9869961080763479,0.3874851112498714,0.0011193861861180136,100.0
nominal,47,1.25,200,0.9440178359380695,0.9300222949225869,0.0007706521299312124,0.9869961080763479,0.3874851112498714,0.0011193861861180136,100.0
nominal,47,1.5,200,0.9249649646134191,0.9062062057667737,0.0012177406406186169,0.9869961080763479,0.3874851112498714,0.0011193861861180136,100.0
nominal,47,2.0,200,0.883448596313415,0.8543107453917688,0.00289247628994163,0.9869961080763479,0.3874851112498714,0.0011193861861180136,100.0
nominal,47,2.5,200,0.8293262683134472,0.7866578353918089,0.004896829266006509,0.9869961080763479,0.3874851112498714,0.0011193861861180136,100.0
nominal,47,3.0,200,0.7698460700921781,0.7123075876152225,0.010243406700258086,0.9869961080763479,0.3874851112498714,0.0011193861861180136,100.0
nominal,47,3.5,200,0.703918956205204,0.629898695256505,0.012187224903831555,0.9869961080763479,0.3874851112498714,0.0011193861861180136,100.0
nominal,48,0.1,200,0.9873320246477771,0.9841650308097214,2.4848736787944556e-06,0.9844717864232484,0.3899112203005024,0.0012087090868254967,104.0
nominal,48,0.25,200,0.9859445122219356,0.9824306402774196,1.6136832285217344e-05,0.9844717864232484,0.3899112203005024,0.0012087090868254967,104.0
nominal,48,0.5,200,0.9793641834463366,0.9742052293079209,6.236091657433213e-05,0.9844717864232484,0.3899112203005024,0.0012087090868254967,104.0
nominal,48,0.75,200,0.9701391388305958,0.9626739235382444,0.0001925022767968402,0.9844717864232484,0.3899112203005024,0.0012087090868254967,104.0
nominal,48,1.0,200,0.9563707336054943,0.9454634170068681,0.0004446973803732146,0.9844717864232484,0.3899112203005024,0.0012087090868254967,104.0
nominal,48,1.25,200,0.9425632921706673,0.9282041152133342,0.0007548716926531543,0.9844717864232484,0.3899112203005024,0.0012087090868254967,104.0
nominal,48,1.5,200,0.9216573256224527,0.9020716570280658,0.0015611823840934805,0.9844717864232484,0.3899112203005024,0.0012087090868254967,104.0
nominal,48,2.0,200,0.8761389351229065,0.8451736689036331,0.0034338433143549017,0.9844717864232484,0.3899112203005024,0.0012087090868254967,104.0
nominal,48,2.5,200,0.8246569438909077,0.7808211798636344,0.004898524802561433,0.9844717864232484,0.3899112203005024,0.0012087090868254967,104.0
nominal,48,3.0,200,0.7617231781875651,0.7021539727344563,0.010460966467955525,0.9844717864232484,0.3899112203005024,0.0012087090868254967,104.0
nominal,48,3.5,200,0.6975437161324216,0.6219296451655267,0.011356246103273229,0.9844717864232484,0.3899112203005024,0.0012087090868254967,104.0
nominal,49,0.1,200,0.9885192673413363,0.9856490841766704,2.1416480152898786e-06,0.9859473916890149,0.38872949341662,0.0012680665265215147,102.0
nominal,49,0.25,200,0.9871315957526168,0.9839144946907709,1.3277295285963877e-05,0.9859473916890149,0.38872949341662,0.0012680665265215147,102.0
nominal,49,0.5,200,0.9805355342395368,0.9756694177994212,6.745107398105989e-05,0.9859473916890149,0.38872949341662,0.0012680665265215147,102.0
nominal,49,0.75,200,0.972316449303158,0.9653955616289474,0.00014778527001748309,0.9859473916890149,0.38872949341662,0.0012680665265215147,102.0
nominal,49,1.0,200,0.9601398141352567,0.9501747676690708,0.00037720171060424246,0.9859473916890149,0.38872949341662,0.0012680665265215147,102.0
nominal,49,1.25,200,0.9445040684133374,0.9306300855166719,0.0007068818937764997,0.9859473916890149,0.38872949341662,0.0012680665265215147,102.0
nominal,49,1.5,200,0.9248965548979765,0.9061206936224707,0.001647430747941156,0.9859473916890149,0.38872949341662,0.0012680665265215147,102.0
nominal,49,2.0,200,0.8818357991581615,0.8522947489477016,0.0027327562455447085,0.9859473916890149,0.38872949341662,0.0012680665265215147,102.0
nominal,49,2.5,200,0.8245665852510335,0.7807082315637922,0.005406159663457557,0.9859473916890149,0.38872949341662,0.0012680665265215147,102.0
nominal,49,3.0,200,0.7623976860801287,0.702997107600161,0.009591792851609122,0.9859473916890149,0.38872949341662,0.0012680665265215147,102.0
nominal,49,3.5,200,0.6973919830186784,0.6217399787733479,0.01188812876338668,0.9859473916890149,0.38872949341662,0.0012680665265215147,102.0
nominal,50,0.1,200,0.9880845775419556,0.9851057219274444,1.9255678761076284e-06,0.985372755379256,0.39333589965950844,0.0012845928483743122,100.0
nominal,50,0.25,200,0.9866747647242836,0.9833434559053543,1.5229332072242635e-05,0.985372755379256,0.39333589965950844,0.0012845928483743122,100.0
nominal,50,0.5,200,0.980114145022141,0.9751426812776762,6.131666767816374e-05,0.985372755379256,0.39333589965950844,0.0012845928483743122,100.0
nominal,50,0.75,200,0.9725892658220288,0.9657365822775358,0.00014367948782457096,0.985372755379256,0.39333589965950844,0.0012845928483743122,100.0
nominal,50,1.0,200,0.9586397284577644,0.9482996605722055,0.00035885568412405465,0.985372755379256,0.39333589965950844,0.0012845928483743122,100.0
nominal,50,1.25,200,0.9435030133359054,0.9293787666698817,0.0008173427966123586,0.985372755379256,0.39333589965950844,0.0012845928483743122,100.0
nominal,50,1.5,200,0.9243309060197671,0.9054136325247087,0.0012974305814342669,0.985372755379256,0.39333589965950844,0.0012845928483743122,100.0
nominal,50,2.0,200,0.8827901661233999,0.85348770765425,0.0029453320260013514,0.985372755379256,0.39333589965950844,0.0012845928483743122,100.0
nominal,50,2.5,200,0.8302889501179364,0.7878611876474204,0.005115219339695589,0.985372755379256,0.39333589965950844,0.0012845928483743122,100.0
nominal,50,3.0,200,0.7707261217393637,0.7134076521742045,0.010231720069514828,0.985372755379256,0.39333589965950844,0.0012845928483743122,100.0
nominal,50,3.5,200,0.7055998310865252,0.6319997888581564,0.011977736183574195,0.985372755379256,0.39333589965950844,0.0012845928483743122,100.0
nominal,51,0.1,200,0.987668608643028,0.984585760803785,2.3289306435622462e-06,0.9848700789535271,0.3938255681595859,0.0013545828456536758,102.0
nominal,51,0.25,200,0.9862632310615563,0.9828290388269452,1.4287630444574264e-05,0.9848700789535271,0.3938255681595859,0.0013545828456536758,102.0
nominal,51,0.5,200,0.9795297769424782,0.9744122211780976,7.073007084089986e-05,0.9848700789535271,0.3938255681595859,0.0013545828456536758,102.0
nominal,51,0.75,200,0.971626658479562,0.9645333230994523,0.0001614750270725504,0.9848700789535271,0.3938255681595859,0.0013545828456536758,102.0
nominal,51,1.0,200,0.9590248339741404,0.9487810424676755,0.00039502825038791967,0.9848700789535271,0.3938255681595859,0.0013545828456536758,102.0
nominal,51,1.25,200,0.9434856023353251,0.9293570029191561,0.0007297519348850313,0.9848700789535271,0.3938255681595859,0.0013545828456536758,102.0
nominal,51,1.5,200,0.92414133554694,0.9051766694336747,0.0016656505435165918,0.9848700789535271,0.3938255681595859,0.0013545828456536758,102.0
nominal,51,2.0,200,0.8803474712787847,0.8504343390984807,0.002838155950088456,0.9848700789535271,0.3938255681595859,0.0013545828456536758,102.0
nominal,51,2.5,200,0.82309663577248,0.7788707947156,0.005456293271395205,0.9848700789535271,0.3938255681595859,0.0013545828456536758,102.0
nominal,51,3.0,200,0.7616375706537433,0.7020469633171789,0.009593244035321954,0.9848700789535271,0.3938255681595859,0.0013545828456536758,102.0
nominal,51,3.5,200,0.6963125567044975,0.6203906958806219,0.01198120740430137,0.9848700789535271,0.3938255681595859,0.0013545828456536758,102.0
nominal,52,0.1,200,0.9880471832783422,0.9850589790979276,2.441065197524992e-06,0.9853492135928004,0.39722595121333437,0.0014401575487796453,110.0
nominal,52,0.25,200,0.9864995197596489,0.983124399699561,1.3881844250468859e-05,0.9853492135928004,0.39722595121333437,0.0014401575487796453,110.0
nominal,52,0.5,200,0.979218016795136,0.9740225209939198,6.642266916695524e-05,0.9853492135928004,0.39722595121333437,0.0014401575487796453,110.0
nominal,52,0.75,200,0.9702163003096687,0.9627703753870859,0.00016753008961066193,0.9853492135928004,0.39722595121333437,0.0014401575487796453,110.0
nominal,52,1.0,200,0.9547731322977845,0.9434664153722303,0.00046681330234803523,0.9853492135928004,0.39722595121333437,0.0014401575487796453,110.0
nominal,52,1.25,200,0.9399683308069904,0.9249604135087381,0.0007275265923502329,0.9853492135928004,0.39722595121333437,0.0014401575487796453,110.0
nominal,52,1.5,200,0.9177397219156117,0.8971746523945143,0.0014572819536948967,0.9853492135928004,0.39722595121333437,0.0014401575487796453,110.0
nominal,52,2.0,200,0.8690643395519321,0.8363304244399149,0.003807173925591592,0.9853492135928004,0.39722595121333437,0.0014401575487796453,110.0
nominal,52,2.5,200,0.8141424488641005,0.767678061080125,0.005272948541980631,0.9853492135928004,0.39722595121333437,0.0014401575487796453,110.0
nominal,52,3.0,200,0.7502566349187552,0.6878207936484437,0.010061425376525554,0.9853492135928004,0.39722595121333437,0.0014401575487796453,110.0
nominal,52,3.5,200,0.6824151568869508,0.6030189461086884,0.01378056285038051,0.9853492135928004,0.39722595121333437,0.0014401575487796453,110.0
nominal,53,0.1,200,0.989296840814668,0.9866210510183351,1.9154370955781884e-06,0.9869161241618414,0.3938667492828697,0.0015363213465438477,114.0
nominal,53,0.25,200,0.9875936539424895,0.9844920674281119,1.362386527931963e-05,0.9869161241618414,0.3938667492828697,0.0015363213465438477,114.0
nominal,53,0.5,200,0.980282313737456,0.9753528921718196,6.709082726400121e-05,0.9869161241618414,0.3938667492828697,0.0015363213465438477,114.0
nominal,53,0.75,200,0.97075459825044,0.96344324781305,0.0001740370187765996,0.9869161241618414,0.3938667492828697,0.0015363213465438477,114.0
nominal,53,1.0,200,0.9562861860596081,0.9453577325745103,0.0004227140370250934,0.9869161241618414,0.3938667492828697,0.0015363213465438477,114.0
nominal,53,1.25,200,0.938606172270524,0.9232577153381549,0.0009178817916000337,0.9869161241618414,0.3938667492828697,0.0015363213465438477,114.0
nominal,53,1.5,200,0.9169940510849367,0.8962425638561707,0.0015297493492724523,0.9869161241618414,0.3938667492828697,0.0015363213465438477,114.0
nominal,53,2.0,200,0.8705471267012957,0.8381839083766195,0.0036651479040495094,0.9869161241618414,0.3938667492828697,0.0015363213465438477,114.0
nominal,53,2.5,200,0.8071208112087732,0.758901014010966,0.0056469657274258985,0.9869161241618414,0.3938667492828697,0.0015363213465438477,114.0
nominal,53,3.0,200,0.7485303972107059,0.6856629965133823,0.010003945102994436,0.9869161241618414,0.3938667492828697,0.0015363213465438477,114.0
nominal,53,3.5,200,0.6778207103526973,0.5972758879408715,0.014693042856662406,0.9869161241618414,0.3938667492828697,0.0015363213465438477,114.0
nominal,54,0.1,200,0.9896351312744207,0.9870439140930257,2.1672782709231072e-06,0.9873346400258853,0.39582013525749865,0.0014636385015055734,106.0
nominal,54,0.25,200,0.9881859484809037,0.9852324356011295,1.2558306543764106e-05,0.9873346400258853,0.39582013525749865,0.0014636385015055734,106.0
nominal,54,0.5,200,0.981251106567075,0.9765638832088436,5.9347132645764435e-05,0.9873346400258853,0.39582013525749865,0.0014636385015055734,106.0
nominal,54,0.75,200,0.972586797702944,0.96573349712868,0.00015756320534458774,0.9873346400258853,0.39582013525749865,0.0014636385015055734,106.0
nominal,54,1.0,200,0.9585328970297784,0.9481661212872229,0.00038125802753078515,0.9873346400258853,0.39582013525749865,0.0014636385015055734,106.0
nominal,54,1.25,200,0.9424494711575687,0.9280618389469608,0.0008195543738964881,0.9873346400258853,0.39582013525749865,0.0014636385015055734,106.0
nominal,54,1.5,200,0.9225155171271697,0.9031443964089623,0.0013705942278658691,0.9873346400258853,0.39582013525749865,0.0014636385015055734,106.0
nominal,54,2.0,200,0.8742614158938111,0.8428267698672639,0.003109180568018974,0.9873346400258853,0.39582013525749865,0.0014636385015055734,106.0
nominal,54,2.5,200,0.8214670167484283,0.7768337709355353,0.0054378208824565665,0.9873346400258853,0.39582013525749865,0.0014636385015055734,106.0
nominal,54,3.0,200,0.7559593173227733,0.6949491466534664,0.01104666119629607,0.9873346400258853,0.39582013525749865,0.0014636385015055734,106.0
nominal,54,3.5,200,0.6941606710727938,0.6177008388409923,0.012723472907148023,0.9873346400258853,0.39582013525749865,0.0014636385015055734,106.0
nominal,55,0.1,200,0.9904089652571175,0.9880112065713967,1.9003523803020495e-06,0.9882890695895885,0.3824485265139532,0.0014863628749013722,104.0
nominal,55,0.25,200,0.9889192228074766,0.9861490285093456,1.2010214559232948e-05,0.9882890695895885,0.3824485265139532,0.0014863628749013722,104.0
nominal,55,0.5,200,0.9823290615068093,0.9779113268835116,4.839841942789167e-05,0.9882890695895885,0.3824485265139532,0.0014863628749013722,104.0
nominal,55,0.75,200,0.9729682384045463,0.9662102980056829,0.00016314894145319465,0.9882890695895885,0.3824485265139532,0.0014863628749013722,104.0
nominal,55,1.0,200,0.9591761497293576,0.9489701871616967,0.00036265870939378094,0.9882890695895885,0.3824485265139532,0.0014863628749013722,104.0
nominal,55,1.25,200,0.945249231215162,0.9315615390189527,0.000683927567268506,0.9882890695895885,0.3824485265139532,0.0014863628749013722,104.0
nominal,55,1.5,200,0.9240064739827102,0.9050080924783876,0.0014261140594465855,0.9882890695895885,0.3824485265139532,0.0014863628749013722,104.0
nominal,55,2.0,200,0.8775967559722201,0.8469959449652751,0.0032846182338862845,0.9882890695895885,0.3824485265139532,0.0014863628749013722,104.0
nominal,55,2.5,200,0.8257616588667015,0.7822020735833768,0.004696737967985003,0.9882890695895885,0.3824485265139532,0.0014863628749013722,104.0
nominal,55,3.0,200,0.7625122945758173,0.7031403682197717,0.010453425052867484,0.9882890695895885,0.3824485265139532,0.0014863628749013722,104.0
nominal,55,3.5,200,0.6981374975303644,0.6226718719129554,0.011336688031326812,0.9882890695895885,0.3824485265139532,0.0014863628749013722,104.0
nominal,56,0.1,200,0.9891118539708099,0.9863898174635124,1.7471644760660689e-06,0.9866357494783758,0.3918255794315634,0.001444523419987879,100.0
nominal,56,0.25,200,0.9876232997191299,0.9845291246489124,1.3383678881177401e-05,0.9866357494783758,0.3918255794315634,0.001444523419987879,100.0
nominal,56,0.5,200,0.9810888824164347,0.9763611030205432,5.41931682580114e-05,0.9866357494783758,0.3918255794315634,0.001444523419987879,100.0
nominal,56,0.75,200,0.9733120864119871,0.9666401080149839,0.00013578489657450167,0.9866357494783758,0.3918255794315634,0.001444523419987879,100.0
nominal,56,1.0,200,0.959160957401052,0.948951196751315,0.0003368835451555241,0.9866357494783758,0.3918255794315634,0.001444523419987879,100.0
nominal,56,1.25,200,0.9444169349548196,0.9305211686935244,0.0007954925009633759,0.9866357494783758,0.3918255794315634,0.001444523419987879,100.0
nominal,56,1.5,200,0.9249574165803408,0.9061967707254257,0.0012498791951374045,0.9866357494783758,0.3918255794315634,0.001444523419987879,100.0
nominal,56,2.0,200,0.8826465901341131,0.8533082376676413,0.002923621909194091,0.9866357494783758,0.3918255794315634,0.001444523419987879,100.0
nominal,56,2.5,200,0.8300949636921265,0.7876187046151583,0.004981039741550089,0.9866357494783758,0.3918255794315634,0.001444523419987879,100.0
nominal,56,3.0,200,0.770730503000697,0.7134131287508712,0.010273308532732579,0.9866357494783758,0.3918255794315634,0.001444523419987879,100.0
nominal,56,3.5,200,0.7046427109092038,0.6308033886365049,0.011860087762417405,0.9866357494783758,0.3918255794315634,0.001444523419987879,100.0
nominal,57,0.1,200,0.9879636205803511,0.9849545257254385,2.2311174637059084e-06,0.9852259010253811,0.395186734081039,0.0014093905653612025,102.0
nominal,57,0.25,200,0.9865240317663617,0.9831550397079519,1.3565149474092673e-05,0.9852259010253811,0.395186734081039,0.0014093905653612025,102.0
nominal,57,0.5,200,0.9798277706280829,0.9747847132851039,6.915048843035085e-05,0.9852259010253811,0.395186734081039,0.0014093905653612025,102.0
nominal,57,0.75,200,0.9717277965396303,0.9646597456745376,0.00015508624254694525,0.9852259010253811,0.395186734081039,0.0014093905653612025,102.0
nominal,57,1.0,200,0.9592541381528812,0.9490676726911014,0.0003880547069259882,0.9852259010253811,0.395186734081039,0.0014093905653612025,102.0
nominal,57,1.25,200,0.9435890711219198,0.9294863389023998,0.0007235943996414876,0.9852259010253811,0.395186734081039,0.0014093905653612025,102.0
nominal,57,1.5,200,0.9242240968920584,0.9052801211150728,0.0016599093556192096,0.9852259010253811,0.395186734081039,0.0014093905653612025,102.0
nominal,57,2.0,200,0.8801493743052909,0.8501867178816136,0.00281963861976828,0.9852259010253811,0.395186734081039,0.0014093905653612025,102.0
nominal,57,2.5,200,0.8228439755374286,0.7785549694217857,0.005449102292015,0.9852259010253811,0.395186734081039,0.0014093905653612025,102.0
nominal,57,3.0,200,0.7613082881967436,0.7016353602459294,0.009636799687213137,0.9852259010253811,0.395186734081039,0.0014093905653612025,102.0
nominal,57,3.5,200,0.6958707241228246,0.6198384051535306,0.011960575875435624,0.9852259010253811,0.395186734081039,0.0014093905653612025,102.0
nominal,58,0.1,200,0.9878866708858685,0.9848583386073355,2.337521106066462e-06,0.9851711822640605,0.3943905480971164,0.001405347116061326,104.0
nominal,58,0.25,200,0.9864754009039921,0.98309425112999,1.4487613228482122e-05,0.9851711822640605,0.3943905480971164,0.001405347116061326,104.0
nominal,58,0.5,200,0.9799185297581552,0.9748981621976941,5.930354744671016e-05,0.9851711822640605,0.3943905480971164,0.001405347116061326,104.0
nominal,58,0.75,200,0.9707018443066963,0.9633773053833704,0.00018494572545388124,0.9851711822640605,0.3943905480971164,0.001405347116061326,104.0
nominal,58,1.0,200,0.9568885724043235,0.9461107155054043,0.00041469118831424486,0.9851711822640605,0.3943905480971164,0.001405347116061326,104.0
nominal,58,1.25,200,0.9427851368836404,0.9284814211045503,0.0007448876780181388,0.9851711822640605,0.3943905480971164,0.001405347116061326,104.0
nominal,58,1.5,200,0.9218591262383882,0.9023239077979852,0.0015279776307458748,0.9851711822640605,0.3943905480971164,0.001405347116061326,104.0
nominal,58,2.0,200,0.8766425870984698,0.8458032338730874,0.0034278256534478386,0.9851711822640605,0.3943905480971164,0.001405347116061326,104.0
nominal,58,2.5,200,0.8244976141385854,0.7806220176732316,0.004840149738646608,0.9851711822640605,0.3943905480971164,0.001405347116061326,104.0
nominal,58,3.0,200,0.761577412127383,0.7019717651592284,0.010374719094954209,0.9851711822640605,0.3943905480971164,0.001405347116061326,104.0
nominal,58,3.5,200,0.6968987519936635,0.6211234399920792,0.011369172133758045,0.9851711822640605,0.3943905480971164,0.001405347116061326,104.0
nominal,59,0.1,200,0.9878614309531017,0.9848267886913766,2.423566508621977e-06,0.9851153974711091,0.3947752918142343,0.0014505468120980436,108.0
nominal,59,0.25,200,0.9863195709093688,0.9828994636367108,1.5400424487681765e-05,0.9851153974711091,0.3947752918142343,0.0014505468120980436,108.0
nominal,59,0.5,200,0.9791240373457715,0.9739050466822143,7.940749748189649e-05,0.9851153974711091,0.3947752918142343,0.0014505468120980436,108.0
nominal,59,0.75,200,0.9706102571052319,0.9632628213815397,0.00016546295408418919,0.9851153974711091,0.3947752918142343,0.0014505468120980436,108.0
nominal,59,1.0,200,0.9552406046412916,0.9440507558016143,0.0004049214613753767,0.9851153974711091,0.3947752918142343,0.0014505468120980436,108.0
nominal,59,1.25,200,0.9390276058704657,0.923784507338082,0.0008341100846648016,0.9851153974711091,0.3947752918142343,0.0014505468120980436,108.0
nominal,59,1.5,200,0.919559429869476,0.8994492873368448,0.0014026093408102509,0.9851153974711091,0.3947752918142343,0.0014505468120980436,108.0
nominal,59,2.0,200,0.8740072456380628,0.8425090570475785,0.003248825076312013,0.9851153974711091,0.3947752918142343,0.0014505468120980436,108.0
nominal,59,2.5,200,0.8178067331436516,0.7722584164295645,0.005838624175676666,0.9851153974711091,0.3947752918142343,0.0014505468120980436,108.0
nominal,59,3.0,200,0.7497588345304117,0.6871985431630145,0.011227250808878684,0.9851153974711091,0.3947752918142343,0.0014505468120980436,108.0
nominal,59,3.5,200,0.6835442651824213,0.6044303314780266,0.012813561213099312,0.9851153974711091,0.3947752918142343,0.0014505468120980436,108.0
nominal,60,0.1,200,0.9881209544247785,0.9851511930309732,2.2388614477013076e-06,0.9854166604124845,0.3895926312225785,0.0013793212898707697,104.0
nominal,60,0.25,200,0.9865891121758872,0.9832363902198591,1.3341104345007362e-05,0.9854166604124845,0.3895926312225785,0.0013793212898707697,104.0
nominal,60,0.5,200,0.979931380194591,0.9749142252432388,5.7479079847461836e-05,0.9854166604124845,0.3895926312225785,0.0013793212898707697,104.0
nominal,60,0.75,200,0.9706810689962462,0.9633513362453076,0.00018934715265298997,0.9854166604124845,0.3895926312225785,0.0013793212898707697,104.0
nominal,60,1.0,200,0.9566903897156737,0.9458629871445919,0.00038424978156563483,0.9854166604124845,0.3895926312225785,0.0013793212898707697,104.0
nominal,60,1.25,200,0.9426264246933332,0.9282830308666666,0.0007609842580435635,0.9854166604124845,0.3895926312225785,0.0013793212898707697,104.0
nominal,60,1.5,200,0.9215969959701629,0.9019962449627036,0.0014641832920561809,0.9854166604124845,0.3895926312225785,0.0013793212898707697,104.0
nominal,60,2.0,200,0.8749993125731241,0.8437491407164049,0.0035490676002977195,0.9854166604124845,0.3895926312225785,0.0013793212898707697,104.0
nominal,60,2.5,200,0.8225880025697905,0.778235003212238,0.004813613328985919,0.9854166604124845,0.3895926312225785,0.0013793212898707697,104.0
nominal,60,3.0,200,0.7602925054865433,0.7003656318581788,0.010480001856564997,0.9854166604124845,0.3895926312225785,0.0013793212898707697,104.0
nominal,60,3.5,200,0.6951266521676921,0.6189083152096152,0.01148497809259035,0.9854166604124845,0.3895926312225785,0.0013793212898707697,104.0
nominal,61,0.1,200,0.9879126574113116,0.9848908217641396,2.5212452111434585e-06,0.9851755939067474,0.3989051624468939,0.0013672272028790028,108.0
nominal,61,0.25,200,0.9863983535560159,0.9829979419450203,1.568921618854584e-05,0.9851755939067474,0.3989051624468939,0.0013672272028790028,108.0
nominal,61,0.5,200,0.9792725072525226,0.9740906340656531,7.882298474890267e-05,0.9851755939067474,0.3989051624468939,0.0013672272028790028,108.0
nominal,61,0.75,200,0.9705124140015915,0.9631405175019893,0.00016121344863033953,0.9851755939067474,0.3989051624468939,0.0013672272028790028,108.0
nominal,61,1.0,200,0.9556116237574757,0.9445145296968446,0.0004155788321768501,0.9851755939067474,0.3989051624468939,0.0013672272028790028,108.0
nominal,61,1.25,200,0.939299321683037,0.9241241521037965,0.000846882238700506,0.9851755939067474,0.3989051624468939,0.0013672272028790028,108.0
nominal,61,1.5,200,0.9199134749355576,0.8998918436694467,0.0014155439804872244,0.9851755939067474,0.3989051624468939,0.0013672272028790028,108.0
nominal,61,2.0,200,0.8742435278228398,0.8428044097785496,0.0032246084430658023,0.9851755939067474,0.3989051624468939,0.0013672272028790028,108.0
nominal,61,2.5,200,0.8180129294488179,0.7725161618110222,0.005947488250226477,0.9851755939067474,0.3989051624468939,0.0013672272028790028,108.0
nominal,61,3.0,200,0.750683948158168,0.6883549351977097,0.011327208239964519,0.9851755939067474,0.3989051624468939,0.0013672272028790028,108.0
nominal,61,3.5,200,0.6846233758622491,0.6057792198278112,0.012804664715149556,0.9851755939067474,0.3989051624468939,0.0013672272028790028,108.0
nominal,62,0.1,200,0.9888981930306706,0.986122741288338,2.0971683102291275e-06,0.9863848410546596,0.3903113109246685,0.001346140741226606,104.0
nominal,62,0.25,200,0.9873253071318455,0.9841566339148068,1.2403636059905888e-05,0.9863848410546596,0.3903113109246685,0.001346140741226606,104.0
nominal,62,0.5,200,0.9806922390025399,0.9758652987531748,5.371631137858497e-05,0.9863848410546596,0.3903113109246685,0.001346140741226606,104.0
nominal,62,0.75,200,0.9714289114244382,0.9642861392805477,0.00018798542874964912,0.9863848410546596,0.3903113109246685,0.001346140741226606,104.0
nominal,62,1.0,200,0.9575069833970957,0.9468837292463695,0.0003677181708178348,0.9863848410546596,0.3903113109246685,0.001346140741226606,104.0
nominal,62,1.25,200,0.9435910948290589,0.9294888685363234,0.0007392916453553477,0.9863848410546596,0.3903113109246685,0.001346140741226606,104.0
nominal,62,1.5,200,0.9222550814921977,0.9028188518652469,0.0014308910037840134,0.9863848410546596,0.3903113109246685,0.001346140741226606,104.0
nominal,62,2.0,200,0.8759356016922922,0.8449195021153654,0.0034079488193179803,0.9863848410546596,0.3903113109246685,0.001346140741226606,104.0
nominal,62,2.5,200,0.8232888094058013,0.7791110117572514,0.004795657601179578,0.9863848410546596,0.3903113109246685,0.001346140741226606,104.0
nominal,62,3.0,200,0.7608645039451611,0.7010806299314514,0.010436231159427769,0.9863848410546596,0.3903113109246685,0.001346140741226606,104.0
nominal,62,3.5,200,0.6960809834915138,0.6201012293643923,0.011518530182244276,0.9863848410546596,0.3903113109246685,0.001346140741226606,104.0
nominal,63,0.1,200,0.9892351868152265,0.9865439835190334,1.7338156185773418e-06,0.9867413531635256,0.3889519314981308,0.0012677671057832911,100.0
nominal,63,0.25,200,0.9876701310556609,0.9845876638195759,1.2234693755983044e-05,0.9867413531635256,0.3889519314981308,0.0012677671057832911,100.0
nominal,63,0.5,200,0.9810782391624436,0.9763477989530542,5.3471452605476606e-05,0.9867413531635256,0.3889519314981308,0.0012677671057832911,100.0
nominal,63,0.75,200,0.9733390655433412,0.9666738319291764,0.00013348122859681427,0.9867413531635256,0.3889519314981308,0.0012677671057832911,100.0
nominal,63,1.0,200,0.9590504909823393,0.9488131137279241,0.00033350977694368024,0.9867413531635256,0.3889519314981308,0.0012677671057832911,100.0
nominal,63,1.25,200,0.9438580656343766,0.9298225820429706,0.0007989011992232753,0.9867413531635256,0.3889519314981308,0.0012677671057832911,100.0
nominal,63,1.5,200,0.9248114471727373,0.9060143089659215,0.0012236378996622055,0.9867413531635256,0.3889519314981308,0.0012677671057832911,100.0
nominal,63,2.0,200,0.8818367349551743,0.8522959186939677,0.002946758749326574,0.9867413531635256,0.3889519314981308,0.0012677671057832911,100.0
nominal,63,2.5,200,0.8283951775066325,0.7854939718832906,0.004942819177908733,0.9867413531635256,0.3889519314981308,0.0012677671057832911,100.0
nominal,63,3.0,200,0.7691800384189138,0.7114750480236421,0.010361917198582997,0.9867413531635256,0.3889519314981308,0.0012677671057832911,100.0
nominal,63,3.5,200,0.7031711852940197,0.6289639816175245,0.012255650825153643,0.9867413531635256,0.3889519314981308,0.0012677671057832911,100.0
nominal,64,0.1,200,0.9881034489609846,0.9851293112012307,2.217008216678122e-06,0.9854259411114089,0.38362409832148514,0.0013030083603712285,102.0
nominal,64,0.25,200,0.9866856177935501,0.9833570222419376,1.4004953761751837e-05,0.9854259411114089,0.38362409832148514,0.0013030083603712285,102.0
nominal,64,0.5,200,0.9800554738030223,0.975069342253778,6.73751031603598e-05,0.9854259411114089,0.38362409832148514,0.0013030083603712285,102.0
nominal,64,0.75,200,0.9721387051056697,0.9651733813820872,0.0001564091404490945,0.9854259411114089,0.38362409832148514,0.0013030083603712285,102.0
nominal,64,1.0,200,0.9596184130728336,0.949523016341042,0.00037205620649780584,0.9854259411114089,0.38362409832148514,0.0013030083603712285,102.0
nominal,64,1.25,200,0.9441105813794824,0.930138226724353,0.0007108607227165986,0.9854259411114089,0.38362409832148514,0.0013030083603712285,102.0
nominal,64,1.5,200,0.9246521037530201,0.9058151296912752,0.0016231399191935713,0.9854259411114089,0.38362409832148514,0.0013030083603712285,102.0
nominal,64,2.0,200,0.8814662465639274,0.851832808204909,0.0027845144915699268,0.9854259411114089,0.38362409832148514,0.0013030083603712285,102.0
nominal,64,2.5,200,0.8239498582072211,0.7799373227590263,0.005312185492921857,0.9854259411114089,0.38362409832148514,0.0013030083603712285,102.0
nominal,64,3.0,200,0.762873503005983,0.7035918787574786,0.009417315236456345,0.9854259411114089,0.38362409832148514,0.0013030083603712285,102.0
nominal,64,3.5,200,0.6972311255693316,0.6215389069616644,0.011947137135087625,0.9854259411114089,0.38362409832148514,0.0013030083603712285,102.0
nominal,65,0.1,200,0.9869557313657307,0.9836946642071632,2.547329267451324e-06,0.9839513642305276,0.39598596622716553,0.0013245677495851438,104.0
nominal,65,0.25,200,0.985455237069947,0.9818190463374336,1.4706997496158783e-05,0.9839513642305276,0.39598596622716553,0.0013245677495851438,104.0
nominal,65,0.5,200,0.9787733701450411,0.9734667126813015,6.029110575659292e-05,0.9839513642305276,0.39598596622716553,0.0013245677495851438,104.0
nominal,65,0.75,200,0.9693308022942525,0.9616635028678155,0.0002055162507574412,0.9839513642305276,0.39598596622716553,0.0013245677495851438,104.0
nominal,65,1.0,200,0.9557930653755107,0.9447413317193881,0.00042248260041464656,0.9839513642305276,0.39598596622716553,0.0013245677495851438,104.0
nominal,65,1.25,200,0.9416275797565142,0.9270344746956425,0.0007949073496349362,0.9839513642305276,0.39598596622716553,0.0013245677495851438,104.0
nominal,65,1.5,200,0.9203922357332113,0.9004902946665141,0.0015414826049407414,0.9839513642305276,0.39598596622716553,0.0013245677495851438,104.0
nominal,65,2.0,200,0.8746950973501403,0.843368871687675,0.003465465921739958,0.9839513642305276,0.39598596622716553,0.0013245677495851438,104.0
nominal,65,2.5,200,0.8221082622196481,0.7776353277745598,0.004903128617735381,0.9839513642305276,0.39598596622716553,0.0013245677495851438,104.0
nominal,65,3.0,200,0.7599732587175683,0.6999665733969603,0.01046789238571062,0.9839513642305276,0.39598596622716553,0.0013245677495851438,104.0
nominal,65,3.5,200,0.6956095421701693,0.6195119277127118,0.011538949295259601,0.9839513642305276,0.39598596622716553,0.0013245677495851438,104.0
nominal,66,0.1,200,0.9875218814511483,0.9844023518139353,2.2859943647026737e-06,0.9846365705034938,0.39193054209644695,0.0012831931298639633,102.0
nominal,66,0.25,200,0.985919266735876,0.982399083419845,1.37813673309906e-05,0.9846365705034938,0.39193054209644695,0.0012831931298639633,102.0
nominal,66,0.5,200,0.9792187478009968,0.9740234347512459,6.799028173472183e-05,0.9846365705034938,0.39193054209644695,0.0012831931298639633,102.0
nominal,66,0.75,200,0.9715677214904659,0.9644596518630825,0.00016752803634193457,0.9846365705034938,0.39193054209644695,0.0012831931298639633,102.0
nominal,66,1.0,200,0.9582807078322498,0.9478508847903123,0.00037801209112865665,0.9846365705034938,0.39193054209644695,0.0012831931298639633,102.0
nominal,66,1.25,200,0.9428017555620383,0.9285021944525479,0.0007293256527724412,0.9846365705034938,0.39193054209644695,0.0012831931298639633,102.0
nominal,66,1.5,200,0.9232610905376331,0.9040763631720412,0.0016144560693752627,0.9846365705034938,0.39193054209644695,0.0012831931298639633,102.0
nominal,66,2.0,200,0.878696362203641,0.8483704527545513,0.0028992722213042623,0.9846365705034938,0.39193054209644695,0.0012831931298639633,102.0
nominal,66,2.5,200,0.8207632404481849,0.7759540505602314,0.005350973480268413,0.9846365705034938,0.39193054209644695,0.0012831931298639633,102.0
nominal,66,3.0,200,0.7605871761834225,0.7007339702292782,0.009407870776051404,0.9846365705034938,0.39193054209644695,0.0012831931298639633,102.0
nominal,66,3.5,200,0.6948422395187619,0.6185527993984524,0.012009494224509724,0.9846365705034938,0.39193054209644695,0.0012831931298639633,102.0
nominal,67,0.1,200,0.9881528512318877,0.9851910640398597,1.8926129947714124e-06,0.9853882783315103,0.3859088444511196,0.0011953650146002061,100.0
nominal,67,0.25,200,0.9865999747729884,0.9832499684662352,1.2147039427892496e-05,0.9853882783315103,0.3859088444511196,0.0011953650146002061,100.0
nominal,67,0.5,200,0.9799534247360526,0.9749417809200654,5.4928284454842805e-05,0.9853882783315103,0.3859088444511196,0.0011953650146002061,100.0
nominal,67,0.75,200,0.9725290645852565,0.9656613307315702,0.00013879662074419067,0.9853882783315103,0.3859088444511196,0.0011953650146002061,100.0
nominal,67,1.0,200,0.9580653290862579,0.9475816613578223,0.00034369756450144273,0.9853882783315103,0.3859088444511196,0.0011953650146002061,100.0
nominal,67,1.25,200,0.942779562971969,0.9284744537149612,0.0008361018643903678,0.9853882783315103,0.3859088444511196,0.0011953650146002061,100.0
nominal,67,1.5,200,0.9233707430563185,0.9042134288203981,0.001247720016073001,0.9853882783315103,0.3859088444511196,0.0011953650146002061,100.0
nominal,67,2.0,200,0.8815950736264357,0.8519938420330445,0.002941054198226366,0.9853882783315103,0.3859088444511196,0.0011953650146002061,100.0
nominal,67,2.5,200,0.8279242805793245,0.7849053507241556,0.004847559989350683,0.9853882783315103,0.3859088444511196,0.0011953650146002061,100.0
nominal,67,3.0,200,0.7690388054595494,0.7112985068244367,0.010317529132889247,0.9853882783315103,0.3859088444511196,0.0011953650146002061,100.0
nominal,67,3.5,200,0.7023495618131806,0.6279369522664757,0.012138527153425536,0.9853882783315103,0.3859088444511196,0.0011953650146002061,100.0
nominal,68,0.1,200,0.9881402535998245,0.9851753169997801,2.075980280549307e-06,0.9854147067670733,0.3900185757906085,0.0012254197765761998,102.0
nominal,68,0.25,200,0.9864776823802046,0.9830971029752557,1.2319731357462384e-05,0.9854147067670733,0.3900185757906085,0.0012254197765761998,102.0
nominal,68,0.5,200,0.9798397817191443,0.9747997271489305,6.476764619696006e-05,0.9854147067670733,0.3900185757906085,0.0012254197765761998,102.0
nominal,68,0.75,200,0.9723011697160768,0.9653764621450961,0.000159514723102849,0.9854147067670733,0.3900185757906085,0.0012254197765761998,102.0
nominal,68,1.0,200,0.9586718671848673,0.9483398339810841,0.00035513325764851807,0.9854147067670733,0.3900185757906085,0.0012254197765761998,102.0
nominal,68,1.25,200,0.9433001218860675,0.9291251523575843,0.0007082014767436277,0.9854147067670733,0.3900185757906085,0.0012254197765761998,102.0
nominal,68,1.5,200,0.9236466247146389,0.9045582808932986,0.0015673187269783955,0.9854147067670733,0.3900185757906085,0.0012254197765761998,102.0
nominal,68,2.0,200,0.8790238423074354,0.8487798028842942,0.002879124878102487,0.9854147067670733,0.3900185757906085,0.0012254197765761998,102.0
nominal,68,2.5,200,0.8210349471570684,0.7762936839463354,0.005306644442306465,0.9854147067670733,0.3900185757906085,0.0012254197765761998,102.0
nominal,68,3.0,200,0.7604359157580443,0.7005448946975552,0.009383527223098499,0.9854147067670733,0.3900185757906085,0.0012254197765761998,102.0
nominal,68,3.5,200,0.6947849152857761,0.6184811441072202,0.011981132178658491,0.9854147067670733,0.3900185757906085,0.0012254197765761998,102.0
nominal,69,0.1,200,0.9880468509384696,0.985058563673087,1.9846133070616137e-06,0.985251357930186,0.38899372953248085,0.0011796911479901996,100.0
nominal,69,0.25,200,0.9864882845845386,0.9831103557306733,1.3892280372274383e-05,0.985251357930186,0.38899372953248085,0.0011796911479901996,100.0
nominal,69,0.5,200,0.9798299328493718,0.9747874160617144,5.851622975760957e-05,0.985251357930186,0.38899372953248085,0.0011796911479901996,100.0
nominal,69,0.75,200,0.9723951101878017,0.9654938877347524,0.00014515103493278778,0.985251357930186,0.38899372953248085,0.0011796911479901996,100.0
nominal,69,1.0,200,0.957950271253619,0.947437839067024,0.0003512804166801164,0.985251357930186,0.38899372953248085,0.0011796911479901996,100.0
nominal,69,1.25,200,0.9428247088706248,0.9285308860882808,0.0008481555063138962,0.985251357930186,0.38899372953248085,0.0011796911479901996,100.0
nominal,69,1.5,200,0.9237490446683374,0.9046863058354218,0.0012620413760740595,0.985251357930186,0.38899372953248085,0.0011796911479901996,100.0
nominal,69,2.0,200,0.8814921100287475,0.8518651375359343,0.0030059195401917703,0.985251357930186,0.38899372953248085,0.0011796911479901996,100.0
nominal,69,2.5,200,0.8281317414596823,0.7851646768246028,0.004875571628986328,0.985251357930186,0.38899372953248085,0.0011796911479901996,100.0
nominal,69,3.0,200,0.7694182500230551,0.7117728125288187,0.010375362873739644,0.985251357930186,0.38899372953248085,0.0011796911479901996,100.0
nominal,69,3.5,200,0.7025245706535279,0.6281557133169098,0.01214553264824103,0.985251357930186,0.38899372953248085,0.0011796911479901996,100.0
nominal,70,0.1,200,0.9875337707213095,0.9844172134016372,2.0467593356901586e-06,0.9846148236710123,0.39798989969684373,0.00117846427215118,100.0
nominal,70,0.25,200,0.985984626485365,0.982480783106706,1.4835668375381736e-05,0.9846148236710123,0.39798989969684373,0.00117846427215118,100.0
nominal,70,0.5,200,0.979324797773589,0.974155997216986,6.104757855780441e-05,0.9846148236710123,0.39798989969684373,0.00117846427215118,100.0
nominal,70,0.75,200,0.9717113137853421,0.9646391422316775,0.0001519380769682042,0.9846148236710123,0.39798989969684373,0.00117846427215118,100.0
nominal,70,1.0,200,0.9573630273412459,0.9467037841765574,0.00036316621470437337,0.9846148236710123,0.39798989969684373,0.00117846427215118,100.0
nominal,70,1.25,200,0.9423733156947649,0.9279666446184559,0.0008486082487719637,0.9846148236710123,0.39798989969684373,0.00117846427215118,100.0
nominal,70,1.5,200,0.9233880267683827,0.9042350334604783,0.0012910224319651628,0.9846148236710123,0.39798989969684373,0.00117846427215118,100.0
nominal,70,2.0,200,0.8806162912679861,0.8507703640849826,0.0030651217863541347,0.9846148236710123,0.39798989969684373,0.00117846427215118,100.0
nominal,70,2.5,200,0.8274664778431102,0.7843330973038877,0.005014175922122261,0.9846148236710123,0.39798989969684373,0.00117846427215118,100.0
nominal,70,3.0,200,0.768784414012069,0.7109805175150862,0.010500333294961023,0.9846148236710123,0.39798989969684373,0.00117846427215118,100.0
nominal,70,3.5,200,0.7024754399602089,0.6280942999502611,0.012245237423175771,0.9846148236710123,0.39798989969684373,0.00117846427215118,100.0
nominal,71,0.1,200,0.9880807578330878,0.9851009472913597,2.1208152971671734e-06,0.9853239836227434,0.39247737151712797,0.0011737306728903892,98.0
nominal,71,0.25,200,0.9865282243344851,0.9831602804181065,1.347311548191353e-05,0.9853239836227434,0.39247737151712797,0.0011737306728903892,98.0
nominal,71,0.5,200,0.9802013025364318,0.97525162817054,7.067985147726277e-05,0.9853239836227434,0.39247737151712797,0.0011737306728903892,98.0
nominal,71,0.75,200,0.972492941038664,0.96561617629833,0.00014309445111802054,0.9853239836227434,0.39247737151712797,0.0011737306728903892,98.0
nominal,71,1.0,200,0.9595088290140374,0.9493860362675467,0.00034934797130321506,0.9853239836227434,0.39247737151712797,0.0011737306728903892,98.0
nominal,71,1.25,200,0.9441724575374515,0.9302155719218145,0.0006632999560104302,0.9853239836227434,0.39247737151712797,0.0011737306728903892,98.0
nominal,71,1.5,200,0.9261962031817679,0.9077452539772097,0.0012759335738931172,0.9853239836227434,0.39247737151712797,0.0011737306728903892,98.0
nominal,71,2.0,200,0.8850834650237638,0.8563543312797044,0.0029034150724546117,0.9853239836227434,0.39247737151712797,0.0011737306728903892,98.0
nominal,71,2.5,200,0.8329811017401254,0.7912263771751565,0.0048215199100723315,0.9853239836227434,0.39247737151712797,0.0011737306728903892,98.0
nominal,71,3.0,200,0.7704000309206751,0.7130000386508438,0.009804557152050364,0.9853239836227434,0.39247737151712797,0.0011737306728903892,98.0
nominal,71,3.5,200,0.7050422468288884,0.6313028085361104,0.013190494275152667,0.9853239836227434,0.39247737151712797,0.0011737306728903892,98.0
nominal,72,0.1,200,0.9891621865033123,0.9864527331291402,1.941079049287696e-06,0.9867044939461149,0.3876631462557769,0.0011517041720468559,96.0
nominal,72,0.25,200,0.9876814134235815,0.9846017667794765,1.0879713359579427e-05,0.9867044939461149,0.3876631462557769,0.0011517041720468559,96.0
nominal,72,0.5,200,0.9815911679068133,0.9769889598835166,6.064021170252237e-05,0.9867044939461149,0.3876631462557769,0.0011517041720468559,96.0
nominal,72,0.75,200,0.9742010171297564,0.9677512714121954,0.00014619541685590071,0.9867044939461149,0.3876631462557769,0.0011517041720468559,96.0
nominal,72,1.0,200,0.9606918661658054,0.9508648327072566,0.00030705655518588283,0.9867044939461149,0.3876631462557769,0.0011517041720468559,96.0
nominal,72,1.25,200,0.9464885540945485,0.9331106926181855,0.0006169248901306979,0.9867044939461149,0.3876631462557769,0.0011517041720468559,96.0
nominal,72,1.5,200,0.9270640123372207,0.9088300154215259,0.001304992594280101,0.9867044939461149,0.3876631462557769,0.0011517041720468559,96.0
nominal,72,2.0,200,0.8876565987954742,0.8595707484943428,0.0025072340290425727,0.9867044939461149,0.3876631462557769,0.0011517041720468559,96.0
nominal,72,2.5,200,0.8335226369591148,0.7919032961988934,0.004967257487084927,0.9867044939461149,0.3876631462557769,0.0011517041720468559,96.0
nominal,72,3.0,200,0.7779306293595669,0.7224132866994583,0.009036049207068643,0.9867044939461149,0.3876631462557769,0.0011517041720468559,96.0
nominal,72,3.5,200,0.7167565863627431,0.6459457329534288,0.010469131386669623,0.9867044939461149,0.3876631462557769,0.0011517041720468559,96.0
nominal,73,0.1,200,0.9885173313028602,0.9856466641285752,2.276684845629288e-06,0.9858830601395324,0.39776953173768304,0.0011235425887307353,94.0
nominal,73,0.25,200,0.9870260377292901,0.9837825471616126,1.3093122776712404e-05,0.9858830601395324,0.39776953173768304,0.0011235425887307353,94.0
nominal,73,0.5,200,0.9808635052298641,0.9760793815373299,5.594231379827938e-05,0.9858830601395324,0.39776953173768304,0.0011235425887307353,94.0
nominal,73,0.75,200,0.9742977740086135,0.9678722175107669,0.00014044295854253065,0.9858830601395324,0.39776953173768304,0.0011235425887307353,94.0
nominal,73,1.0,200,0.9612211426135073,0.9515264282668839,0.0002881139297051161,0.9858830601395324,0.39776953173768304,0.0011235425887307353,94.0
nominal,73,1.25,200,0.9460469628376785,0.932558703547098,0.0006291850508118734,0.9858830601395324,0.39776953173768304,0.0011235425887307353,94.0
nominal,73,1.5,200,0.9292588783315296,0.911573597914412,0.0012128270200000893,0.9858830601395324,0.39776953173768304,0.0011235425887307353,94.0
nominal,73,2.0,200,0.8877506437980177,0.8596883047475222,0.003096994984587523,0.9858830601395324,0.39776953173768304,0.0011235425887307353,94.0
nominal,73,2.5,200,0.8365700224688433,0.7957125280860541,0.0046610511346164086,0.9858830601395324,0.39776953173768304,0.0011235425887307353,94.0
nominal,73,3.0,200,0.7808462763219288,0.7260578454024111,0.00843547943965891,0.9858830601395324,0.39776953173768304,0.0011235425887307353,94.0
nominal,73,3.5,200,0.7187628934592998,0.6484536168241248,0.01048208637566981,0.9858830601395324,0.39776953173768304,0.0011235425887307353,94.0
nominal,74,0.1,200,0.9883549196101106,0.985443649512638,2.114835067573516e-06,0.985690777971222,0.3852722587531649,0.001163820826709529,96.0
nominal,74,0.25,200,0.9868942414331713,0.983617801791464,1.2200327047131952e-05,0.985690777971222,0.3852722587531649,0.001163820826709529,96.0
nominal,74,0.5,200,0.9807986474804609,0.975998309350576,6.343780479147311e-05,0.985690777971222,0.3852722587531649,0.001163820826709529,96.0
nominal,74,0.75,200,0.9733247119289623,0.9666558899112025,0.00015035877929444707,0.985690777971222,0.3852722587531649,0.001163820826709529,96.0
nominal,74,1.0,200,0.9601158618504333,0.9501448273130414,0.0003234093202263048,0.985690777971222,0.3852722587531649,0.001163820826709529,96.0
nominal,74,1.25,200,0.9458466277378821,0.9323082846723523,0.0006495387193289563,0.985690777971222,0.3852722587531649,0.001163820826709529,96.0
nominal,74,1.5,200,0.9263348821280819,0.9079186026601022,0.0013355967180827349,0.985690777971222,0.3852722587531649,0.001163820826709529,96.0
nominal,74,2.0,200,0.8869478547848424,0.8586848184810529,0.0025931015481933865,0.985690777971222,0.3852722587531649,0.001163820826709529,96.0
nominal,74,2.5,200,0.8331101999019297,0.7913877498774119,0.005107075448035098,0.985690777971222,0.3852722587531649,0.001163820826709529,96.0
nominal,74,3.0,200,0.7774926716199393,0.721865839524924,0.009117100991477016,0.985690777971222,0.3852722587531649,0.001163820826709529,96.0
nominal,74,3.5,200,0.7171438386022191,0.6464297982527737,0.010559514097441429,0.985690777971222,0.3852722587531649,0.001163820826709529,96.0
nominal,75,0.1,200,0.9899036364084378,0.9873795455105472,1.9592823049555737e-06,0.9876122116166366,0.3833490562942387,0.0011353271197167062,94.0
nominal,75,0.25,200,0.9883874653754898,0.9854843317193621,1.1243575310016925e-05,0.9876122116166366,0.3833490562942387,0.0011353271197167062,94.0
nominal,75,0.5,200,0.9822447254173678,0.9778059067717098,5.134706328410999e-05,0.9876122116166366,0.3833490562942387,0.0011353271197167062,94.0
nominal,75,0.75,200,0.9755239283020907,0.9694049103776132,0.00012653377829516203,0.9876122116166366,0.3833490562942387,0.0011353271197167062,94.0
nominal,75,1.0,200,0.9623368312440223,0.9529210390550276,0.0002674403293089814,0.9876122116166366,0.3833490562942387,0.0011353271197167062,94.0
nominal,75,1.25,200,0.9474923672202884,0.9343654590253603,0.0005947487635698882,0.9876122116166366,0.3833490562942387,0.0011353271197167062,94.0
nominal,75,1.5,200,0.9305331799729779,0.9131664749662224,0.0011683634886978476,0.9876122116166366,0.3833490562942387,0.0011353271197167062,94.0
nominal,75,2.0,200,0.8882779940938321,0.86034749261729,0.0030516394947084,0.9876122116166366,0.3833490562942387,0.0011353271197167062,94.0
nominal,75,2.5,200,0.8371594117462545,0.7964492646828181,0.004577420635803733,0.9876122116166366,0.3833490562942387,0.0011353271197167062,94.0
nominal,75,3.0,200,0.7809076622943983,0.7261345778679978,0.008406548725770189,0.9876122116166366,0.3833490562942387,0.0011353271197167062,94.0
nominal,75,3.5,200,0.7190174294881887,0.6487717868602357,0.010423427897465682,0.9876122116166366,0.3833490562942387,0.0011353271197167062,94.0
nominal,76,0.1,200,0.9896863162088562,0.9871078952610701,1.8410432832743775e-06,0.9873537927221455,0.3940748023357924,0.0011863657719835493,92.0
nominal,76,0.25,200,0.9882492476268792,0.985311559533599,1.1402459279027787e-05,0.9873537927221455,0.3940748023357924,0.0011863657719835493,92.0
nominal,76,0.5,200,0.9822171292115517,0.9777714115144395,5.3054584576833064e-05,0.9873537927221455,0.3940748023357924,0.0011863657719835493,92.0
nominal,76,0.75,200,0.9751760033685098,0.9689700042106373,0.00013097274583077423,0.9873537927221455,0.3940748023357924,0.0011863657719835493,92.0
nominal,76,1.0,200,0.961932771249662,0.9524159640620775,0.00033780917687381345,0.9873537927221455,0.3940748023357924,0.0011863657719835493,92.0
nominal,76,1.25,200,0.9488015722478189,0.9360019653097735,0.0005057979821431591,0.9873537927221455,0.3940748023357924,0.0011863657719835493,92.0
nominal,76,1.5,200,0.930962825440875,0.9137035318010936,0.0010797759515069182,0.9873537927221455,0.3940748023357924,0.0011863657719835493,92.0
nominal,76,2.0,200,0.8884309897243701,0.8605387371554625,0.0024388444705425606,0.9873537927221455,0.3940748023357924,0.0011863657719835493,92.0
nominal,76,2.5,200,0.8421109591851789,0.8026386989814737,0.005292226076375374,0.9873537927221455,0.3940748023357924,0.0011863657719835493,92.0
nominal,76,3.0,200,0.7788192295299696,0.7235240369124623,0.008392047281119468,0.9873537927221455,0.3940748023357924,0.0011863657719835493,92.0
nominal,76,3.5,200,0.7255955943122807,0.6569944928903508,0.010150405205849233,0.9873537927221455,0.3940748023357924,0.0011863657719835493,92.0
nominal,77,0.1,200,0.9889104065211889,0.9861380081514861,2.01076064309675e-06,0.9864009302686977,0.3937927717296372,0.0011623861717685968,92.0
nominal,77,0.25,200,0.9875027414246583,0.9843784267808228,1.2182679152579938e-05,0.9864009302686977,0.3937927717296372,0.0011623861717685968,92.0
nominal,77,0.5,200,0.981427221799881,0.9767840272498515,5.892616343963698e-05,0.9864009302686977,0.3937927717296372,0.0011623861717685968,92.0
nominal,77,0.75,200,0.9747158509846369,0.9683948137307961,0.0001389708261124703,0.9864009302686977,0.3937927717296372,0.0011623861717685968,92.0
nominal,77,1.0,200,0.9612959025064669,0.9516198781330835,0.0003578243802050364,0.9864009302686977,0.3937927717296372,0.0011623861717685968,92.0
nominal,77,1.25,200,0.9479485740108187,0.9349357175135231,0.0005151633693446099,0.9864009302686977,0.3937927717296372,0.0011623861717685968,92.0
nominal,77,1.5,200,0.9304099464589328,0.9130124330736663,0.0011123180563573653,0.9864009302686977,0.3937927717296372,0.0011623861717685968,92.0
nominal,77,2.0,200,0.887616476723411,0.8595205959042636,0.002533172303262883,0.9864009302686977,0.3937927717296372,0.0011623861717685968,92.0
nominal,77,2.5,200,0.8407437959678925,0.8009297449598657,0.005391224218548263,0.9864009302686977,0.3937927717296372,0.0011623861717685968,92.0
nominal,77,3.0,200,0.7783502500292832,0.7229378125366038,0.008440405557647832,0.9864009302686977,0.3937927717296372,0.0011623861717685968,92.0
nominal,77,3.5,200,0.7241647514729899,0.6552059393412373,0.010127023179832417,0.9864009302686977,0.3937927717296372,0.0011623861717685968,92.0
nominal,78,0.1,200,0.9883338431310769,0.9854173039138459,2.1474934134044975e-06,0.9856730674822178,0.387533667154028,0.00117103670774086,92.0
nominal,78,0.25,200,0.9869625458860082,0.9837031823575104,1.304432213648365e-05,0.9856730674822178,0.387533667154028,0.00117103670774086,92.0
nominal,78,0.5,200,0.980887517940245,0.9761093974253054,6.108279996243296e-05,0.9856730674822178,0.387533667154028,0.00117103670774086,92.0
nominal,78,0.75,200,0.9741224758430157,0.9676530948037697,0.00014592759517072194,0.9856730674822178,0.387533667154028,0.00117103670774086,92.0
nominal,78,1.0,200,0.96105800555548,0.9513225069443502,0.00036327473717685175,0.9856730674822178,0.387533667154028,0.00117103670774086,92.0
nominal,78,1.25,200,0.9473651895887948,0.9342064869859935,0.0005371532735466749,0.9856730674822178,0.387533667154028,0.00117103670774086,92.0
nominal,78,1.5,200,0.9297731308282012,0.9122164135352514,0.001123526065233347,0.9856730674822178,0.387533667154028,0.00117103670774086,92.0
nominal,78,2.0,200,0.8883816226243125,0.8604770282803907,0.0024910681539433927,0.9856730674822178,0.387533667154028,0.00117103670774086,92.0
nominal,78,2.5,200,0.841234251068057,0.8015428138350714,0.005384373129804602,0.9856730674822178,0.387533667154028,0.00117103670774086,92.0
nominal,78,3.0,200,0.7786807044437858,0.7233508805547322,0.008366329305829473,0.9856730674822178,0.387533667154028,0.00117103670774086,92.0
nominal,78,3.5,200,0.725119354546059,0.6563991931825739,0.010234396972167452,0.9856730674822178,0.387533667154028,0.00117103670774086,92.0
nominal,79,0.1,200,0.9858692698543762,0.9823365873179702,2.6741586320402692e-06,0.9826083204264277,0.3943849269776298,0.0012724426967504329,96.0
nominal,79,0.25,200,0.9844089573869916,0.9805111967337394,1.605586863301133e-05,0.9826083204264277,0.3943849269776298,0.0012724426967504329,96.0
nominal,79,0.5,200,0.978231772985015,0.9727897162312688,7.929917160198727e-05,0.9826083204264277,0.3943849269776298,0.0012724426967504329,96.0
nominal,79,0.75,200,0.9709565344555868,0.9636956680694834,0.00017285698970270606,0.9826083204264277,0.3943849269776298,0.0012724426967504329,96.0
nominal,79,1.0,200,0.9576373360891396,0.9470466701114246,0.0003837165386001168,0.9826083204264277,0.3943849269776298,0.0012724426967504329,96.0
nominal,79,1.25,200,0.9439858560898449,0.9299823201123059,0.0006609546394160904,0.9826083204264277,0.3943849269776298,0.0012724426967504329,96.0
nominal,79,1.5,200,0.9247215922809024,0.9059019903511277,0.0014229777750215614,0.9826083204264277,0.3943849269776298,0.0012724426967504329,96.0
nominal,79,2.0,200,0.8843860238897417,0.8554825298621771,0.0026475287357592874,0.9826083204264277,0.3943849269776298,0.0012724426967504329,96.0
nominal,79,2.5,200,0.8322232501504738,0.790279062688092,0.005247951314017447,0.9826083204264277,0.3943849269776298,0.0012724426967504329,96.0
nominal,79,3.0,200,0.7773928973481911,0.7217411216852386,0.009366898683924946,0.9826083204264277,0.3943849269776298,0.0012724426967504329,96.0
nominal,79,3.5,200,0.7167926189196021,0.6459907736495026,0.010506506192363516,0.9826083204264277,0.3943849269776298,0.0012724426967504329,96.0
nominal,80,0.1,200,0.9876455695536297,0.9845569619420368,2.4396732532181114e-06,0.98481496743534,0.3972784143242605,0.0012167035163765001,94.0
nominal,80,0.25,200,0.98615071921503,0.9826883990187875,1.4299102789105296e-05,0.98481496743534,0.3972784143242605,0.0012167035163765001,94.0
nominal,80,0.5,200,0.9799679282225844,0.9749599102782304,5.9295498555262484e-05,0.98481496743534,0.3972784143242605,0.0012167035163765001,94.0
nominal,80,0.75,200,0.9734820429655233,0.9668525537069041,0.0001468645689589551,0.98481496743534,0.3972784143242605,0.0012167035163765001,94.0
nominal,80,1.0,200,0.9602882142908169,0.9503602678635212,0.00030526810161768907,0.98481496743534,0.3972784143242605,0.0012167035163765001,94.0
nominal,80,1.25,200,0.9454740476145261,0.9318425595181574,0.0006362321794696161,0.98481496743534,0.3972784143242605,0.0012167035163765001,94.0
nominal,80,1.5,200,0.9286578971389938,0.9108223714237426,0.0012558871102748333,0.98481496743534,0.3972784143242605,0.0012167035163765001,94.0
nominal,80,2.0,200,0.8872213500312693,0.8590266875390864,0.003147960186465124,0.98481496743534,0.3972784143242605,0.0012167035163765001,94.0
nominal,80,2.5,200,0.8363608520044675,0.7954510650055844,0.004690068432416176,0.98481496743534,0.3972784143242605,0.0012167035163765001,94.0
nominal,80,3.0,200,0.7806795995544484,0.7258494994430607,0.008539988052054755,0.98481496743534,0.3972784143242605,0.0012167035163765001,94.0
nominal,80,3.5,200,0.719068830520086,0.6488360381501073,0.010569000412290936,0.98481496743534,0.3972784143242605,0.0012167035163765001,94.0
nominal,81,0.1,200,0.9877192997186768,0.984649124648346,2.2732728567341655e-06,0.984920598015425,0.38469768212781436,0.0012538886801531793,96.0
nominal,81,0.25,200,0.9862525947060581,0.9828157433825726,1.3043261929681742e-05,0.984920598015425,0.38469768212781436,0.0012538886801531793,96.0
nominal,81,0.5,200,0.9801460442041304,0.975182555255163,6.981007132274847e-05,0.984920598015425,0.38469768212781436,0.0012538886801531793,96.0
nominal,81,0.75,200,0.972884020172883,0.9661050252161038,0.00016088889643993014,0.984920598015425,0.38469768212781436,0.0012538886801531793,96.0
nominal,81,1.0,200,0.9593235451906783,0.9491544314883477,0.00034618071089597373,0.984920598015425,0.38469768212781436,0.0012538886801531793,96.0
nominal,81,1.25,200,0.945449053094157,0.9318113163676962,0.0006291168005337118,0.984920598015425,0.38469768212781436,0.0012538886801531793,96.0
nominal,81,1.5,200,0.9262133731415224,0.9077667164269029,0.0013581530365904628,0.984920598015425,0.38469768212781436,0.0012538886801531793,96.0
nominal,81,2.0,200,0.8865053912392548,0.8581317390490685,0.0025378759492657786,0.984920598015425,0.38469768212781436,0.0012538886801531793,96.0
nominal,81,2.5,200,0.8331810108253574,0.7914762635316968,0.0050229520095325195,0.984920598015425,0.38469768212781436,0.0012538886801531793,96.0
nominal,81,3.0,200,0.7778520061044365,0.7223150076305456,0.009139724012335461,0.984920598015425,0.38469768212781436,0.0012538886801531793,96.0
nominal,81,3.5,200,0.7166501097459026,0.6458126371823782,0.01040227946870262,0.984920598015425,0.38469768212781436,0.0012538886801531793,96.0
nominal,82,0.1,200,0.9875635403520239,0.9844544254400296,2.316690371506262e-06,0.9847242788670493,0.38580752317838807,0.0012723132077391535,96.0
nominal,82,0.25,200,0.9861313542426203,0.9826641928032752,1.4274841479339799e-05,0.9847242788670493,0.38580752317838807,0.0012723132077391535,96.0
nominal,82,0.5,200,0.9801160398839892,0.9751450498549866,6.892987912932395e-05,0.9847242788670493,0.38580752317838807,0.0012723132077391535,96.0
nominal,82,0.75,200,0.9725562877546793,0.9656953596933491,0.0001541299194112782,0.9847242788670493,0.38580752317838807,0.0012723132077391535,96.0
nominal,82,1.0,200,0.9594696072815779,0.9493370091019719,0.0003436970307278067,0.9847242788670493,0.38580752317838807,0.0012723132077391535,96.0
nominal,82,1.25,200,0.9455995002783055,0.9319993753478816,0.0006443577501445682,0.9847242788670493,0.38580752317838807,0.0012723132077391535,96.0
nominal,82,1.5,200,0.9262033881826698,0.9077542352283371,0.0013541905298486202,0.9847242788670493,0.38580752317838807,0.0012723132077391535,96.0
nominal,82,2.0,200,0.8863052969651163,0.8578816212063952,0.0026281146286991543,0.9847242788670493,0.38580752317838807,0.0012723132077391535,96.0
nominal,82,2.5,200,0.8337717540829472,0.7922146926036839,0.005158448251272711,0.9847242788670493,0.38580752317838807,0.0012723132077391535,96.0
nominal,82,3.0,200,0.7781525405608597,0.7226906757010745,0.009233229087985167,0.9847242788670493,0.38580752317838807,0.0012723132077391535,96.0
nominal,82,3.5,200,0.7181047171606665,0.6476308964508328,0.01044218598050168,0.9847242788670493,0.38580752317838807,0.0012723132077391535,96.0
nominal,83,0.1,200,0.9864434967000293,0.9830543708750367,2.5731699534102146e-06,0.9833347416613336,0.39656623429258053,0.0012877632077675687,96.0
nominal,83,0.25,200,0.9849980502124652,0.9812475627655814,1.559523806822097e-05,0.9833347416613336,0.39656623429258053,0.0012877632077675687,96.0
nominal,83,0.5,200,0.9788878298207792,0.9736097872759738,7.67584877962259e-05,0.9833347416613336,0.39656623429258053,0.0012877632077675687,96.0
nominal,83,0.75,200,0.9715269929400876,0.9644087411751093,0.00016635266008424853,0.9833347416613336,0.39656623429258053,0.0012877632077675687,96.0
nominal,83,1.0,200,0.9582627111975974,0.947828388996997,0.0003688163781761286,0.9833347416613336,0.39656623429258053,0.0012877632077675687,96.0
nominal,83,1.25,200,0.9445808889571877,0.9307261111964845,0.0006518263277894995,0.9833347416613336,0.39656623429258053,0.0012877632077675687,96.0
nominal,83,1.5,200,0.9252888621459908,0.9066110776824885,0.0014030050580650514,0.9833347416613336,0.39656623429258053,0.0012877632077675687,96.0
nominal,83,2.0,200,0.8852006754560938,0.8565008443201171,0.0026216197579804045,0.9833347416613336,0.39656623429258053,0.0012877632077675687,96.0
nominal,83,2.5,200,0.8329139309366037,0.7911424136707547,0.0051956394336846925,0.9833347416613336,0.39656623429258053,0.0012877632077675687,96.0
nominal,83,3.0,200,0.777832618721596,0.722290773401995,0.00930986396674251,0.9833347416613336,0.39656623429258053,0.0012877632077675687,96.0
nominal,83,3.5,200,0.717323570635533,0.6466544632944161,0.010446781888118326,0.9833347416613336,0.39656623429258053,0.0012877632077675687,96.0
nominal,84,0.1,200,0.988760125169482,0.9859501564618525,2.0602810402711948e-06,0.9862169317139906,0.39739725494253897,0.0012378639536356983,92.0
nominal,84,0.25,200,0.9873868901492568,0.9842336126865712,1.2884729246712798e-05,0.9862169317139906,0.39739725494253897,0.0012378639536356983,92.0
nominal,84,0.5,200,0.9812979895725953,0.9766224869657436,5.9152038215853285e-05,0.9862169317139906,0.39739725494253897,0.0012378639536356983,92.0
nominal,84,0.75,200,0.9744890272642615,0.9681112840803269,0.0001433336088303945,0.9862169317139906,0.39739725494253897,0.0012378639536356983,92.0
nominal,84,1.0,200,0.9613944679840447,0.9517430849800561,0.00036207051019710536,0.9862169317139906,0.39739725494253897,0.0012378639536356983,92.0
nominal,84,1.25,200,0.9480734097696403,0.9350917622120503,0.0005213496105013248,0.9862169317139906,0.39739725494253897,0.0012378639536356983,92.0
nominal,84,1.5,200,0.9302926479993332,0.9128658099991662,0.0011140772884707046,0.9862169317139906,0.39739725494253897,0.0012378639536356983,92.0
nominal,84,2.0,200,0.8884770348761016,0.8605962935951271,0.0024650484778044874,0.9862169317139906,0.39739725494253897,0.0012378639536356983,92.0
nominal,84,2.5,200,0.8416377542785064,0.8020471928481332,0.005383255544251627,0.9862169317139906,0.39739725494253897,0.0012378639536356983,92.0
nominal,84,3.0,200,0.778957784944429,0.7236972311805363,0.008385389198532154,0.9862169317139906,0.39739725494253897,0.0012378639536356983,92.0
nominal,84,3.5,200,0.7257479139272949,0.6571848924091189,0.010238459564512884,0.9862169317139906,0.39739725494253897,0.0012378639536356983,92.0
nominal,85,0.1,200,0.9898966929947872,0.9873708662434838,1.6733823425506106e-06,0.9876244817082783,0.38707534004908384,0.0012276234601425553,90.0
nominal,85,0.25,200,0.9885419900705028,0.9856774875881286,1.2537117094804582e-05,0.9876244817082783,0.38707534004908384,0.0012276234601425553,90.0
nominal,85,0.5,200,0.9828386185901089,0.9785482732376363,4.8766952201085315e-05,0.9876244817082783,0.38707534004908384,0.0012276234601425553,90.0
nominal,85,0.75,200,0.9759654970018041,0.969956871252255,0.00012455213848158625,0.9876244817082783,0.38707534004908384,0.0012276234601425553,90.0
nominal,85,1.0,200,0.963719369390172,0.954649211737715,0.00024317800051647465,0.9876244817082783,0.38707534004908384,0.0012276234601425553,90.0
nominal,85,1.25,200,0.950027026653139,0.9375337833164236,0.0005449780784347156,0.9876244817082783,0.38707534004908384,0.0012276234601425553,90.0
nominal,85,1.5,200,0.9337288734439995,0.9171610918049989,0.0010633467183611893,0.9876244817082783,0.38707534004908384,0.0012276234601425553,90.0
nominal,85,2.0,200,0.8931662506100233,0.866457813262529,0.0024435698257718147,0.9876244817082783,0.38707534004908384,0.0012276234601425553,90.0
nominal,85,2.5,200,0.8447068027704273,0.8058835034630341,0.004749088003332261,0.9876244817082783,0.38707534004908384,0.0012276234601425553,90.0
nominal,85,3.0,200,0.785938287462833,0.732422859328541,0.008004255561872184,0.9876244817082783,0.38707534004908384,0.0012276234601425553,90.0
nominal,85,3.5,200,0.7315656910057161,0.6644571137571452,0.010115009153715507,0.9876244817082783,0.38707534004908384,0.0012276234601425553,90.0
nominal,86,0.1,200,0.9883812351911317,0.9854765439889148,2.1307729235967857e-06,0.9857427427903165,0.3848879445745853,0.001310095327035551,92.0
nominal,86,0.25,200,0.9870029989900703,0.9837537487375879,1.3590186296826283e-05,0.9857427427903165,0.3848879445745853,0.001310095327035551,92.0
nominal,86,0.5,200,0.980935242082305,0.9761690526028812,6.054627834176063e-05,0.9857427427903165,0.3848879445745853,0.001310095327035551,92.0
nominal,86,0.75,200,0.9742104492837135,0.9677630616046418,0.00014469226072699238,0.9857427427903165,0.3848879445745853,0.001310095327035551,92.0
nominal,86,1.0,200,0.9609827161707533,0.9512283952134414,0.00036183753993461075,0.9857427427903165,0.3848879445745853,0.001310095327035551,92.0
nominal,86,1.25,200,0.9476866728964972,0.9346083411206217,0.0005358442156463109,0.9857427427903165,0.3848879445745853,0.001310095327035551,92.0
nominal,86,1.5,200,0.9300684635177636,0.9125855793972042,0.0011186685110361261,0.9857427427903165,0.3848879445745853,0.001310095327035551,92.0
nominal,86,2.0,200,0.8885286604794462,0.860660825599308,0.002447085160763046,0.9857427427903165,0.3848879445745853,0.001310095327035551,92.0
nominal,86,2.5,200,0.8420085819414496,0.8025107274268117,0.005330768439940823,0.9857427427903165,0.3848879445745853,0.001310095327035551,92.0
nominal,86,3.0,200,0.7796530599723779,0.7245663249654722,0.008288116882893621,0.9857427427903165,0.3848879445745853,0.001310095327035551,92.0
nominal,86,3.5,200,0.7255485004326702,0.6569356255408377,0.010273536943842622,0.9857427427903165,0.3848879445745853,0.001310095327035551,92.0
nominal,87,0.1,200,0.9885423690803408,0.9856779613504258,2.166827314371204e-06,0.985938863178101,0.37643452433338215,0.001272448821795093,94.0
nominal,87,0.25,200,0.987066936362563,0.9838336704532037,1.3192137883090076e-05,0.985938863178101,0.37643452433338215,0.001272448821795093,94.0
nominal,87,0.5,200,0.980956561416467,0.9761957017705837,5.6923151141253495e-05,0.985938863178101,0.37643452433338215,0.001272448821795093,94.0
nominal,87,0.75,200,0.9742238791942042,0.967779848992755,0.00013620272207911084,0.985938863178101,0.37643452433338215,0.001272448821795093,94.0
nominal,87,1.0,200,0.9608644912248034,0.9510806140310041,0.0002934604351630294,0.985938863178101,0.37643452433338215,0.001272448821795093,94.0
nominal,87,1.25,200,0.946808750089195,0.9335109376114936,0.0006101671534449085,0.985938863178101,0.37643452433338215,0.001272448821795093,94.0
nominal,87,1.5,200,0.9297931523814761,0.9122414404768449,0.0012185163973367206,0.985938863178101,0.37643452433338215,0.001272448821795093,94.0
nominal,87,2.0,200,0.8872284438378947,0.8590355547973685,0.003129989254025711,0.985938863178101,0.37643452433338215,0.001272448821795093,94.0
nominal,87,2.5,200,0.837340129780336,0.7966751622254202,0.004671152124753921,0.985938863178101,0.37643452433338215,0.001272448821795093,94.0
nominal,87,3.0,200,0.780740253794423,0.7259253172430286,0.008467258538190896,0.985938863178101,0.37643452433338215,0.001272448821795093,94.0
nominal,87,3.5,200,0.7201304402159323,0.6501630502699155,0.010408408802738172,0.985938863178101,0.37643452433338215,0.001272448821795093,94.0
nominal,88,0.1,200,0.9879040499924859,0.9848800624906074,2.1852185243402334e-06,0.9851498521004786,0.3975875548914901,0.0012675661316701643,92.0
nominal,88,0.25,200,0.9865776324507639,0.9832220405634544,1.388104660511539e-05,0.9851498521004786,0.3975875548914901,0.0012675661316701643,92.0
nominal,88,0.5,200,0.9805057393286835,0.9756321741608542,6.243096926727442e-05,0.9851498521004786,0.3975875548914901,0.0012675661316701643,92.0
nominal,88,0.75,200,0.973670308751705,0.9670878859396314,0.0001482756047676269,0.9851498521004786,0.3975875548914901,0.0012675661316701643,92.0
nominal,88,1.0,200,0.9608869503260795,0.9511086879075993,0.0003728090085479728,0.9851498521004786,0.3975875548914901,0.0012675661316701643,92.0
nominal,88,1.25,200,0.9472815591312694,0.9341019489140866,0.0005426468482862707,0.9851498521004786,0.3975875548914901,0.0012675661316701643,92.0
nominal,88,1.5,200,0.9296346693595767,0.9120433366994709,0.0011240945801138291,0.9851498521004786,0.3975875548914901,0.0012675661316701643,92.0
nominal,88,2.0,200,0.8885232665121923,0.86065408314024,0.002444176940393034,0.9851498521004786,0.3975875548914901,0.0012675661316701643,92.0
nominal,88,2.5,200,0.8416821435087048,0.8021026793858812,0.005432007171016484,0.9851498521004786,0.3975875548914901,0.0012675661316701643,92.0
nominal,88,3.0,200,0.7792010312229765,0.7240012890287204,0.008317039602683577,0.9851498521004786,0.3975875548914901,0.0012675661316701643,92.0
nominal,88,3.5,200,0.7259508469343742,0.6574385586679676,0.01027747973683523,0.9851498521004786,0.3975875548914901,0.0012675661316701643,92.0
nominal,89,0.1,200,0.9859216936147668,0.9824021170184584,2.142260647995864e-06,0.9827163887796946,0.3910755367721597,0.0013745088646059133,100.0
nominal,89,0.25,200,0.9845919116496102,0.9807398895620127,1.786273480644054e-05,0.9827163887796946,0.3910755367721597,0.0013745088646059133,100.0
nominal,89,0.5,200,0.9780745491126235,0.9725931863907793,6.866588494203146e-05,0.9827163887796946,0.3910755367721597,0.0013745088646059133,100.0
nominal,89,0.75,200,0.9706474341760505,0.963309292720063,0.00015944525051918857,0.9827163887796946,0.3910755367721597,0.0013745088646059133,100.0
nominal,89,1.0,200,0.9567698061051323,0.9459622576314155,0.0003895457733068445,0.9827163887796946,0.3910755367721597,0.0013745088646059133,100.0
nominal,89,1.25,200,0.9419579057289703,0.9274473821612128,0.0008479987617183696,0.9827163887796946,0.3910755367721597,0.0013745088646059133,100.0
nominal,89,1.5,200,0.9228688961007272,0.903586120125909,0.0013633790867878148,0.9827163887796946,0.3910755367721597,0.0013745088646059133,100.0
nominal,89,2.0,200,0.8812771356719244,0.8515964195899055,0.0029792003844509598,0.9827163887796946,0.3910755367721597,0.0013745088646059133,100.0
nominal,89,2.5,200,0.8301935814395908,0.7877419767994885,0.005297619957781642,0.9827163887796946,0.3910755367721597,0.0013745088646059133,100.0
nominal,89,3.0,200,0.7706088980853197,0.7132611226066498,0.010356543908802087,0.9827163887796946,0.3910755367721597,0.0013745088646059133,100.0
nominal,89,3.5,200,0.7066092760459041,0.63326159505738,0.011904592712763916,0.9827163887796946,0.3910755367721597,0.0013745088646059133,100.0
nominal,90,0.1,200,0.9887589715267411,0.9859487144084264,2.184688318218799e-06,0.9862066309658931,0.38095076664556266,0.00127090144361595,94.0
nominal,90,0.25,200,0.9873094361890948,0.9841367952363682,1.3207099584800208e-05,0.9862066309658931,0.38095076664556266,0.00127090144361595,94.0
nominal,90,0.5,200,0.9811561535742506,0.9764451919678132,5.513806949732539e-05,0.9862066309658931,0.38095076664556266,0.00127090144361595,94.0
nominal,90,0.75,200,0.974435587089095,0.9680444838613682,0.00013553287932247654,0.9862066309658931,0.38095076664556266,0.00127090144361595,94.0
nominal,90,1.0,200,0.9614827629914778,0.9518534537393473,0.00029044963248533654,0.9862066309658931,0.38095076664556266,0.00127090144361595,94.0
nominal,90,1.25,200,0.9470814037698084,0.9338517547122603,0.0006173078006516871,0.9862066309658931,0.38095076664556266,0.00127090144361595,94.0
nominal,90,1.5,200,0.9297819289683187,0.9122274112103984,0.0012161531540771653,0.9862066309658931,0.38095076664556266,0.00127090144361595,94.0
nominal,90,2.0,200,0.8877710274571378,0.859713784321422,0.0031282260019523723,0.9862066309658931,0.38095076664556266,0.00127090144361595,94.0
nominal,90,2.5,200,0.8374805653138975,0.7968507066423718,0.00476554133501543,0.9862066309658931,0.38095076664556266,0.00127090144361595,94.0
nominal,90,3.0,200,0.7808636831601661,0.7260796039502077,0.008556455527059467,0.9862066309658931,0.38095076664556266,0.00127090144361595,94.0
nominal,90,3.5,200,0.7205396724708711,0.6506745905885887,0.010385647985304955,0.9862066309658931,0.38095076664556266,0.00127090144361595,94.0
nominal,91,0.1,200,0.9882177308766764,0.9852721635958455,2.1721914886013245e-06,0.9855033864450413,0.38506817102615504,0.0012527161121117473,96.0
nominal,91,0.25,200,0.986736805554481,0.9834210069431012,1.2719623306550872e-05,0.9855033864450413,0.38506817102615504,0.0012527161121117473,96.0
nominal,91,0.5,200,0.9805860390724883,0.9757325488406101,6.372584138290191e-05,0.9855033864450413,0.38506817102615504,0.0012527161121117473,96.0
nominal,91,0.75,200,0.9730646008894921,0.9663307511118652,0.00015321147762672685,0.9855033864450413,0.38506817102615504,0.0012527161121117473,96.0
nominal,91,1.0,200,0.9599692311541888,0.9499615389427356,0.00034380794112412585,0.9855033864450413,0.38506817102615504,0.0012527161121117473,96.0
nominal,91,1.25,200,0.9457787015103476,0.9322233768879346,0.0006548953537623386,0.9855033864450413,0.38506817102615504,0.0012527161121117473,96.0
nominal,91,1.5,200,0.9262371525587885,0.9077964406984853,0.0013449211913647455,0.9855033864450413,0.38506817102615504,0.0012527161121117473,96.0
nominal,91,2.0,200,0.885974644882748,0.8574683061034349,0.002699145784340315,0.9855033864450413,0.38506817102615504,0.0012527161121117473,96.0
nominal,91,2.5,200,0.832482403613375,0.7906030045167185,0.005260422399208281,0.9855033864450413,0.38506817102615504,0.0012527161121117473,96.0
nominal,91,3.0,200,0.7771361061308478,0.7214201326635598,0.009303281458004554,0.9855033864450413,0.38506817102615504,0.0012527161121117473,96.0
nominal,91,3.5,200,0.7170503447807617,0.646312930975952,0.010789610158165326,0.9855033864450413,0.38506817102615504,0.0012527161121117473,96.0
nominal,92,0.1,200,0.9888505948976676,0.9860632436220843,2.191377581507962e-06,0.9862944538072997,0.3979647148711959,0.0012685482341642511,94.0
nominal,92,0.25,200,0.9874019191554843,0.9842523989443552,1.3235541754057726e-05,0.9862944538072997,0.3979647148711959,0.0012685482341642511,94.0
nominal,92,0.5,200,0.9812152851851481,0.9765191064814354,5.5472932157805026e-05,0.9862944538072997,0.3979647148711959,0.0012685482341642511,94.0
nominal,92,0.75,200,0.9744147444379498,0.9680184305474371,0.0001352295674856039,0.9862944538072997,0.3979647148711959,0.0012685482341642511,94.0
nominal,92,1.0,200,0.9615722018566594,0.9519652523208241,0.00029118352649833124,0.9862944538072997,0.3979647148711959,0.0012685482341642511,94.0
nominal,92,1.25,200,0.9469813424548378,0.9337266780685469,0.0006273335952250356,0.9862944538072997,0.3979647148711959,0.0012685482341642511,94.0
nominal,92,1.5,200,0.9296809074711672,0.912101134338959,0.0012139848062139268,0.9862944538072997,0.3979647148711959,0.0012685482341642511,94.0
nominal,92,2.0,200,0.8872700554955704,0.8590875693694628,0.003158330562351741,0.9862944538072997,0.3979647148711959,0.0012685482341642511,94.0
nominal,92,2.5,200,0.8371078596312765,0.7963848245390956,0.004812784714754707,0.9862944538072997,0.3979647148711959,0.0012685482341642511,94.0
nominal,92,3.0,200,0.7805031252534236,0.7256289065667793,0.008596947394921423,0.9862944538072997,0.3979647148711959,0.0012685482341642511,94.0
nominal,92,3.5,200,0.7199650093909422,0.6499562617386778,0.010343557142089716,0.9862944538072997,0.3979647148711959,0.0012685482341642511,94.0
nominal,93,0.1,200,0.9888390822844664,0.986048852855583,2.2040821787315478e-06,0.9862888408344112,0.3953568997205149,0.001255577478970065,94.0
nominal,93,0.25,200,0.9873940500982239,0.9842425626227796,1.3486839515569208e-05,0.9862888408344112,0.3953568997205149,0.001255577478970065,94.0
nominal,93,0.5,200,0.981198870886502,0.9764985886081273,5.5705591690527726e-05,0.9862888408344112,0.3953568997205149,0.001255577478970065,94.0
nominal,93,0.75,200,0.9744550890060449,0.968068861257556,0.00013589321306519572,0.9862888408344112,0.3953568997205149,0.001255577478970065,94.0
nominal,93,1.0,200,0.9615913257607535,0.9519891572009419,0.0002930533392711375,0.9862888408344112,0.3953568997205149,0.001255577478970065,94.0
nominal,93,1.25,200,0.947067367419627,0.933834209274534,0.0006228706541382057,0.9862888408344112,0.3953568997205149,0.001255577478970065,94.0
nominal,93,1.5,200,0.9297703486572474,0.912212935821559,0.001216393201628221,0.9862888408344112,0.3953568997205149,0.001255577478970065,94.0
nominal,93,2.0,200,0.8873981251283424,0.859247656410428,0.003161556377378011,0.9862888408344112,0.3953568997205149,0.001255577478970065,94.0
nominal,93,2.5,200,0.8373574495699021,0.7966968119623775,0.0048040919719635825,0.9862888408344112,0.3953568997205149,0.001255577478970065,94.0
nominal,93,3.0,200,0.7807543014849977,0.7259428768562473,0.008595044531154547,0.9862888408344112,0.3953568997205149,0.001255577478970065,94.0
nominal,93,3.5,200,0.7202556577787717,0.6503195722234645,0.01034074967224748,0.9862888408344112,0.3953568997205149,0.001255577478970065,94.0
nominal,94,0.1,200,0.9910232773484762,0.9887790966855954,1.6526852753437051e-06,0.9890446408573372,0.3912493773011254,0.0012553899399657452,92.0
nominal,94,0.25,200,0.9896210729234872,0.9870263411543589,1.0504343009383664e-05,0.9890446408573372,0.3912493773011254,0.0012553899399657452,92.0
nominal,94,0.5,200,0.9836405282336731,0.9795506602920913,4.927703128694542e-05,0.9890446408573372,0.3912493773011254,0.0012553899399657452,92.0
nominal,94,0.75,200,0.976562892243989,0.9707036153049858,0.00012107739385797432,0.9890446408573372,0.3912493773011254,0.0012553899399657452,92.0
nominal,94,1.0,200,0.9635001971915603,0.9543752464894504,0.00032436363963723574,0.9890446408573372,0.3912493773011254,0.0012553899399657452,92.0
nominal,94,1.25,200,0.9502462865402816,0.937807858175352,0.00048058687738027143,0.9890446408573372,0.3912493773011254,0.0012553899399657452,92.0
nominal,94,1.5,200,0.9324099994602598,0.9155124993253245,0.0010391557911781965,0.9890446408573372,0.3912493773011254,0.0012553899399657452,92.0
nominal,94,2.0,200,0.889956270754094,0.8624453384426171,0.0023849773870906967,0.9890446408573372,0.3912493773011254,0.0012553899399657452,92.0
nominal,94,2.5,200,0.8434429217418213,0.8043036521772767,0.005279457763844709,0.9890446408573372,0.3912493773011254,0.0012553899399657452,92.0
nominal,94,3.0,200,0.7801303250412933,0.7251629063016165,0.008348435321782805,0.9890446408573372,0.3912493773011254,0.0012553899399657452,92.0
nominal,94,3.5,200,0.7268654219829003,0.6585817774786252,0.01009803510225749,0.9890446408573372,0.3912493773011254,0.0012553899399657452,92.0
nominal,95,0.1,200,0.988216306207498,0.9852703827593723,2.3194206129770406e-06,0.9855113116529699,0.3869922400412231,0.0012797461588642443,94.0
nominal,95,0.25,200,0.9867512382358484,0.9834390477948104,1.3942318506153753e-05,0.9855113116529699,0.3869922400412231,0.0012797461588642443,94.0
nominal,95,0.5,200,0.9805813298833755,0.9757266623542195,5.852140710716633e-05,0.9855113116529699,0.3869922400412231,0.0012797461588642443,94.0
nominal,95,0.75,200,0.9739430157061268,0.9674287696326584,0.00014172934892938538,0.9855113116529699,0.3869922400412231,0.0012797461588642443,94.0
nominal,95,1.0,200,0.9607563394968702,0.9509454243710878,0.0003006304865459667,0.9855113116529699,0.3869922400412231,0.0012797461588642443,94.0
nominal,95,1.25,200,0.9462305819879803,0.9327882274849754,0.0006325533972184554,0.9855113116529699,0.3869922400412231,0.0012797461588642443,94.0
nominal,95,1.5,200,0.9292807601554895,0.9116009501943617,0.001235685077241228,0.9855113116529699,0.3869922400412231,0.0012797461588642443,94.0
nominal,95,2.0,200,0.887017001959023,0.8587712524487787,0.003171304058184855,0.9855113116529699,0.3869922400412231,0.0012797461588642443,94.0
nominal,95,2.5,200,0.8368470725794932,0.7960588407243663,0.004738577080902364,0.9855113116529699,0.3869922400412231,0.0012797461588642443,94.0
nominal,95,3.0,200,0.7806911128323342,0.7258638910404176,0.008507989256925126,0.9855113116529699,0.3869922400412231,0.0012797461588642443,94.0
nominal,95,3.5,200,0.7195972064963865,0.6494965081204831,0.010429470289506694,0.9855113116529699,0.3869922400412231,0.0012797461588642443,94.0
nominal,96,0.1,200,0.9899497795189562,0.9874372243986949,1.968618426768824e-06,0.9876742324849974,0.3796174854279193,0.0012800488093814028,94.0
nominal,96,0.25,200,0.9884627135646424,0.985578391955803,1.1594839977089418e-05,0.9876742324849974,0.3796174854279193,0.0012800488093814028,94.0
nominal,96,0.5,200,0.9823283282699178,0.977910410337397,4.960312082107393e-05,0.9876742324849974,0.3796174854279193,0.0012800488093814028,94.0
nominal,96,0.75,200,0.9755671003015941,0.9694588753769924,0.00012719668835785986,0.9876742324849974,0.3796174854279193,0.0012800488093814028,94.0
nominal,96,1.0,200,0.9627403105013652,0.9534253881267063,0.00026521431499116217,0.9876742324849974,0.3796174854279193,0.0012800488093814028,94.0
nominal,96,1.25,200,0.9475490039998752,0.934436254999844,0.0005950131927195411,0.9876742324849974,0.3796174854279193,0.0012800488093814028,94.0
nominal,96,1.5,200,0.9305106503338447,0.913138312917306,0.0011635082389380997,0.9876742324849974,0.3796174854279193,0.0012800488093814028,94.0
nominal,96,2.0,200,0.8884678863709858,0.8605848579637322,0.0030459198458991556,0.9876742324849974,0.3796174854279193,0.0012800488093814028,94.0
nominal,96,2.5,200,0.8375365094793932,0.7969206368492415,0.0046726890000363406,0.9876742324849974,0.3796174854279193,0.0012800488093814028,94.0
nominal,96,3.0,200,0.7813107210031474,0.7266384012539342,0.008457274418232422,0.9876742324849974,0.3796174854279193,0.0012800488093814028,94.0
nominal,96,3.5,200,0.719863235747221,0.6498290446840261,0.01035801563960272,0.9876742324849974,0.3796174854279193,0.0012800488093814028,94.0
nominal,97,0.1,200,0.9886695443051846,0.9858369303814806,2.239661018357341e-06,0.9860643071420536,0.3898735781073004,0.0012320964810940609,94.0
nominal,97,0.25,200,0.9872324439666742,0.9840405549583425,1.3420822811275055e-05,0.9860643071420536,0.3898735781073004,0.0012320964810940609,94.0
nominal,97,0.5,200,0.9810240256139523,0.9762800320174404,5.521744301780053e-05,0.9860643071420536,0.3898735781073004,0.0012320964810940609,94.0
nominal,97,0.75,200,0.9743869248332235,0.9679836560415294,0.00013736543034869933,0.9860643071420536,0.3898735781073004,0.0012320964810940609,94.0
nominal,97,1.0,200,0.9616455201220924,0.9520569001526152,0.00029061096930092176,0.9860643071420536,0.3898735781073004,0.0012320964810940609,94.0
nominal,97,1.25,200,0.9467023656825065,0.9333779571031332,0.000632560246602185,0.9860643071420536,0.3898735781073004,0.0012320964810940609,94.0
nominal,97,1.5,200,0.9294353146719075,0.9117941433398843,0.0012068123419500558,0.9860643071420536,0.3898735781073004,0.0012320964810940609,94.0
nominal,97,2.0,200,0.8876139010724675,0.8595173763405843,0.00314067233578381,0.9860643071420536,0.3898735781073004,0.0012320964810940609,94.0
nominal,97,2.5,200,0.8369615532922506,0.7962019416153133,0.004810869899452838,0.9860643071420536,0.3898735781073004,0.0012320964810940609,94.0
nominal,97,3.0,200,0.7806911789801911,0.7258639737252388,0.00851193443440355,0.9860643071420536,0.3898735781073004,0.0012320964810940609,94.0
nominal,97,3.5,200,0.719659937197993,0.6495749214974913,0.010337934545959371,0.9860643071420536,0.3898735781073004,0.0012320964810940609,94.0
nominal,98,0.1,200,0.9892934226802164,0.9866167783502704,2.1111691607547484e-06,0.986844149648529,0.38552633419487814,0.0012573464213345594,94.0
nominal,98,0.25,200,0.987849031453262,0.9848112893165774,1.2704295507155325e-05,0.986844149648529,0.38552633419487814,0.0012573464213345594,94.0
nominal,98,0.5,200,0.9816692222133967,0.977086527766746,5.285709729393153e-05,0.986844149648529,0.38552633419487814,0.0012573464213345594,94.0
nominal,98,0.75,200,0.9749194838262,0.9686493547827498,0.00013184047504404822,0.986844149648529,0.38552633419487814,0.0012573464213345594,94.0
nominal,98,1.0,200,0.9622124603143366,0.9527655753929207,0.00028049078063636815,0.986844149648529,0.38552633419487814,0.0012573464213345594,94.0
nominal,98,1.25,200,0.9472670898940678,0.9340838623675848,0.0006189383231495287,0.986844149648529,0.38552633419487814,0.0012573464213345594,94.0
nominal,98,1.5,200,0.9299739462995931,0.9124674328744912,0.001190523007751139,0.986844149648529,0.38552633419487814,0.0012573464213345594,94.0
nominal,98,2.0,200,0.8879194234669285,0.8598992793336607,0.003114819448146029,0.986844149648529,0.38552633419487814,0.0012573464213345594,94.0
nominal,98,2.5,200,0.8373598301085892,0.7966997876357366,0.004784053565478257,0.986844149648529,0.38552633419487814,0.0012573464213345594,94.0
nominal,98,3.0,200,0.7808585513666308,0.7260731892082884,0.008528405170774913,0.986844149648529,0.38552633419487814,0.0012573464213345594,94.0
nominal,98,3.5,200,0.7199004937940654,0.6498756172425817,0.010318905988042715,0.986844149648529,0.38552633419487814,0.0012573464213345594,94.0
nominal,99,0.1,200,0.9886628756874454,0.9858285946093065,2.234603834703066e-06,0.9860610081636336,0.39386795577353073,0.0012802088306667731,94.0
nominal,99,0.25,200,0.9872154868596277,0.9840193585745343,1.3480115446834643e-05,0.9860610081636336,0.39386795577353073,0.0012802088306667731,94.0
nominal,99,0.5,200,0.9809914840892566,0.9762393551115707,5.585060631528431e-05,0.9860610081636336,0.39386795577353073,0.0012802088306667731,94.0
nominal,99,0.75,200,0.9744072573683763,0.9680090717104701,0.00013725219775883758,0.9860610081636336,0.39386795577353073,0.0012802088306667731,94.0
nominal,99,1.0,200,0.9615382727343511,0.9519228409179388,0.00029157589437373954,0.9860610081636336,0.39386795577353073,0.0012802088306667731,94.0
nominal,99,1.25,200,0.9467057133401827,0.9333821416752286,0.000627157918511338,0.9860610081636336,0.39386795577353073,0.0012802088306667731,94.0
nominal,99,1.5,200,0.9295433062238557,0.9119291327798195,0.001208253428194102,0.9860610081636336,0.39386795577353073,0.0012802088306667731,94.0
nominal,99,2.0,200,0.8874850092481978,0.8593562615602471,0.0031555175890414554,0.9860610081636336,0.39386795577353073,0.0012802088306667731,94.0
nominal,99,2.5,200,0.8370138818392958,0.7962673522991196,0.004772043935448376,0.9860610081636336,0.39386795577353073,0.0012802088306667731,94.0
nominal,99,3.0,200,0.7807476387602705,0.725934548450338,0.00851451598098458,0.9860610081636336,0.39386795577353073,0.0012802088306667731,94.0
nominal,99,3.5,200,0.7196798479743053,0.6495998099678815,0.010356674428042032,0.9860610081636336,0.39386795577353073,0.0012802088306667731,94.0
nominal,100,0.1,200,0.9882650495172162,0.9853313118965201,2.175937178534672e-06,0.9855639575501016,0.38542384719529793,0.0012966112945367253,96.0
nominal,100,0.25,200,0.9867613310108855,0.9834516637636068,1.250016322440746e-05,0.9855639575501016,0.38542384719529793,0.0012966112945367253,96.0
nominal,100,0.5,200,0.980576986319449,0.9757212328993111,6.326957637049451e-05,0.9855639575501016,0.38542384719529793,0.0012966112945367253,96.0
nominal,100,0.75,200,0.9730205332828827,0.9662756666036033,0.00015322736801398428,0.9855639575501016,0.38542384719529793,0.0012966112945367253,96.0
nominal,100,1.0,200,0.9599566811748409,0.949945851468551,0.00034252607250558856,0.9855639575501016,0.38542384719529793,0.0012966112945367253,96.0
nominal,100,1.25,200,0.945767518779179,0.9322093984739738,0.0006455320641737162,0.9855639575501016,0.38542384719529793,0.0012966112945367253,96.0
nominal,100,1.5,200,0.9261189790974242,0.9076487238717803,0.0013406956084905152,0.9855639575501016,0.38542384719529793,0.0012966112945367253,96.0
nominal,100,2.0,200,0.8855589609027232,0.856948701128404,0.002711876640890386,0.9855639575501016,0.38542384719529793,0.0012966112945367253,96.0
nominal,100,2.5,200,0.8319534574711964,0.7899418218389955,0.005171388710987917,0.9855639575501016,0.38542384719529793,0.0012966112945367253,96.0
nominal,100,3.0,200,0.7764999896379903,0.7206249870474878,0.009341433816170495,0.9855639575501016,0.38542384719529793,0.0012966112945367253,96.0
nominal,100,3.5,200,0.7165444836084244,0.6456806045105304,0.010721900046239408,0.9855639575501016,0.38542384719529793,0.0012966112945367253,96.0
