method,sigma_mhz,num_samples,average_fidelity,average_gate_fidelity,fidelity_variance
trpo_noise_it091,0.1,60,0.9900856452525993,0.9876070565657493,2.295520375186381e-06
trpo_noise_it091,0.101,60,0.9899070378044851,0.9873837972556064,1.952866077014251e-06
trpo_noise_it091,0.102,60,0.9897704458747865,0.9872130573434829,1.274039636649229e-06
trpo_noise_it091,0.103,60,0.9900425666002118,0.9875532082502648,2.7307639560986064e-06
trpo_noise_it091,0.104,60,0.9897811159882892,0.9872263949853617,2.891125779264489e-06
trpo_noise_it091,0.105,60,0.9897938981837563,0.9872423727296954,1.617533360020737e-06
trpo_noise_it091,0.106,60,0.9897059983708406,0.9871324979635505,2.0438286409073196e-06
trpo_noise_it091,0.107,60,0.9898395514545897,0.9872994393182373,2.4915894623444753e-06
trpo_noise_it091,0.108,60,0.9899763177084883,0.9874703971356101,1.7661282903215198e-06
trpo_noise_it091,0.109,60,0.990201756335387,0.9877521954192338,2.0499307106007504e-06
trpo_noise_it091,0.11,60,0.9898893113773299,0.9873616392216623,2.1957227990821124e-06
trpo_noise_it091,0.111,60,0.989540197389628,0.9869252467370349,2.372838536107749e-06
trpo_noise_it091,0.112,60,0.9899692031384006,0.9874615039230007,2.3794640168464076e-06
trpo_noise_it091,0.113,60,0.9901224026228816,0.9876530032786018,2.161893088589488e-06
trpo_noise_it091,0.114,60,0.9895439253333044,0.9869299066666305,1.8642604462346283e-06
trpo_noise_it091,0.115,60,0.9897480269981411,0.9871850337476762,2.6467676356956574e-06
trpo_noise_it091,0.116,60,0.9897698654572008,0.9872123318215009,3.234455590790323e-06
trpo_noise_it091,0.117,60,0.9898781127270532,0.987347640908816,2.18978470137313e-06
trpo_noise_it091,0.118,60,0.9895682881864215,0.9869603602330268,3.51276101306374e-06
trpo_noise_it091,0.119,60,0.9898639739898194,0.9873299674872743,3.2612987347724304e-06
trpo_noise_it091,0.12,60,0.9898621229971689,0.9873276537464614,2.324997864481159e-06
trpo_noise_it091,0.121,60,0.9897734415478727,0.9872168019348407,2.5546956402937906e-06
trpo_noise_it091,0.122,60,0.9899001824438657,0.9873752280548317,3.477274399225692e-06
trpo_noise_it091,0.123,60,0.989721943631772,0.9871524295397152,4.375639267254987e-06
trpo_noise_it091,0.124,60,0.9897700882277513,0.9872126102846889,1.998276311943656e-06
trpo_noise_it091,0.125,60,0.9895890750580385,0.9869863438225479,3.624684092058084e-06
trpo_noise_it091,0.126,60,0.9897304124102919,0.9871630155128648,2.549794561866561e-06
trpo_noise_it091,0.127,60,0.9895180423924274,0.9868975529905342,3.965587095748716e-06
trpo_noise_it091,0.128,60,0.9899761241661867,0.9874701552077332,3.327150167308709e-06
trpo_noise_it091,0.129,60,0.9896389952154143,0.9870487440192679,3.2683135924503575e-06
trpo_noise_it091,0.13,60,0.9897450413761345,0.987181301720168,3.2494265383397518e-06
trpo_noise_it091,0.131,60,0.989693645532767,0.9871170569159587,2.5768996952004034e-06
trpo_noise_it091,0.132,60,0.9899467153078189,0.9874333941347734,3.1932665410595473e-06
trpo_noise_it091,0.133,60,0.9899855267457686,0.9874819084322108,3.4377695963894223e-06
trpo_noise_it091,0.134,60,0.9895594198846113,0.9869492748557642,2.843065186402841e-06
trpo_noise_it091,0.135,60,0.9898138435211007,0.9872673044013759,2.8012995662204417e-06
trpo_noise_it091,0.136,60,0.9894818670157441,0.9868523337696803,3.6394018820330585e-06
trpo_noise_it091,0.137,60,0.989722425771819,0.9871530322147739,3.886579225854386e-06
trpo_noise_it091,0.138,60,0.9894542507621097,0.9868178134526373,5.3163091534803345e-06
trpo_noise_it091,0.139,60,0.9898590716331447,0.9873238395414308,4.289103822055543e-06
trpo_noise_it091,0.14,60,0.9897300734821706,0.9871625918527133,3.154315606944855e-06
trpo_noise_it091,0.141,60,0.989774945405026,0.9872186817562826,3.2599402460086867e-06
trpo_noise_it091,0.142,60,0.9898098116728434,0.9872622645910544,4.447039794543254e-06
trpo_noise_it091,0.143,60,0.9894908357752116,0.9868635447190145,4.464562586002333e-06
trpo_noise_it091,0.144,60,0.9897251189229368,0.9871563986536708,3.5199083561889648e-06
trpo_noise_it091,0.145,60,0.9895368846821555,0.9869211058526941,3.217728046527391e-06
trpo_noise_it091,0.146,60,0.9898130078682676,0.9872662598353349,2.605936641546977e-06
trpo_noise_it091,0.147,60,0.9898239370119305,0.987279921264913,5.479400124030603e-06
trpo_noise_it091,0.148,60,0.9893419282755638,0.986677410344455,5.513045471153412e-06
trpo_noise_it091,0.149,60,0.9897223379898131,0.9871529224872665,3.906096666128785e-06
trpo_noise_it091,0.15,60,0.9894606166315136,0.9868257707893922,4.263855957927716e-06
trpo_noise_it091,0.151,60,0.989464512405704,0.9868306405071297,4.824633633463849e-06
trpo_noise_it091,0.152,60,0.989465848594195,0.9868323107427439,3.923733148611703e-06
trpo_noise_it091,0.153,60,0.9897106010572753,0.9871382513215937,4.717133560355348e-06
trpo_noise_it091,0.154,60,0.9895424066336602,0.986928008292075,5.343653920918482e-06
trpo_noise_it091,0.155,60,0.989717973980889,0.9871474674761113,4.170643127192456e-06
trpo_noise_it091,0.156,60,0.9894312866415916,0.9867891083019892,5.565415610840927e-06
trpo_noise_it091,0.157,60,0.9890935504999568,0.9863669381249457,5.275182529072583e-06
trpo_noise_it091,0.158,60,0.9899442175103556,0.9874302718879447,5.040528932675477e-06
trpo_noise_it091,0.159,60,0.9895216918053333,0.9869021147566666,4.299467836137213e-06
trpo_noise_it091,0.16,60,0.9894939115090877,0.9868673893863595,4.595038562246514e-06
trpo_noise_it091,0.161,60,0.9895074006085942,0.9868842507607429,3.8035650102073713e-06
trpo_noise_it091,0.162,60,0.9896620822375639,0.987077602796955,4.082252237503409e-06
trpo_noise_it091,0.163,60,0.9893309000988304,0.9866636251235382,5.554144952757561e-06
trpo_noise_it091,0.164,60,0.989059608894653,0.9863245111183164,4.349789393422543e-06
trpo_noise_it091,0.165,60,0.9894198983130903,0.9867748728913628,4.789229788823948e-06
trpo_noise_it091,0.166,60,0.9893915252643105,0.986739406580388,6.898524417872516e-06
trpo_noise_it091,0.167,60,0.9894918922528874,0.9868648653161093,5.390858121670433e-06
trpo_noise_it091,0.168,60,0.9891465869173068,0.9864332336466338,4.433204148396816e-06
trpo_noise_it091,0.169,60,0.9898841417397363,0.9873551771746706,4.61108516206552e-06
trpo_noise_it091,0.17,60,0.9895251696157804,0.9869064620197256,6.372138859294491e-06
trpo_noise_it091,0.171,60,0.9890100041015253,0.9862625051269067,3.900997017541754e-06
trpo_noise_it091,0.172,60,0.9890385737267379,0.9862982171584221,6.218308296291385e-06
trpo_noise_it091,0.173,60,0.9893964534787202,0.9867455668484,6.552996055967144e-06
trpo_noise_it091,0.174,60,0.9893811568763078,0.9867264460953844,7.64882583825447e-06
trpo_noise_it091,0.175,60,0.9891413780714373,0.9864267225892965,4.543392618993168e-06
trpo_noise_it091,0.176,60,0.9892327046436247,0.9865408808045311,4.8978395597075715e-06
trpo_noise_it091,0.177,60,0.9891278786505456,0.9864098483131819,7.04414696203458e-06
trpo_noise_it091,0.178,60,0.9893424610171326,0.9866780762714157,5.687698956413224e-06
trpo_noise_it091,0.179,60,0.9893622243901042,0.9867027804876297,6.375771484038136e-06
trpo_noise_it091,0.18,60,0.9893584588103018,0.9866980735128776,9.52189675150091e-06
trpo_noise_it091,0.181,60,0.9889282190476933,0.9861602738096167,6.761122057866336e-06
trpo_noise_it091,0.182,60,0.9889214961066038,0.9861518701332547,8.090540298417757e-06
trpo_noise_it091,0.183,60,0.9890422804030781,0.9863028505038475,8.26520212571572e-06
trpo_noise_it091,0.184,60,0.9888506615402449,0.986063326925306,6.147965646613865e-06
trpo_noise_it091,0.185,60,0.9891582302788017,0.9864477878485024,5.697923178311243e-06
trpo_noise_it091,0.186,60,0.9892149917781654,0.9865187397227068,7.788584948907795e-06
trpo_noise_it091,0.187,60,0.9894624085325578,0.9868280106656975,6.292666568800441e-06
trpo_noise_it091,0.188,60,0.9894667414030182,0.9868334267537725,5.530986662644704e-06
trpo_noise_it091,0.189,60,0.9888368149426164,0.9860460186782704,6.389248246496475e-06
trpo_noise_it091,0.19,60,0.9891103463342645,0.9863879329178307,5.455722731777857e-06
trpo_noise_it091,0.191,60,0.9889328434287865,0.9861660542859833,7.67438480741079e-06
trpo_noise_it091,0.192,60,0.9890038884068653,0.9862548605085814,6.457354275164023e-06
trpo_noise_it091,0.193,60,0.98872851828498,0.9859106478562247,7.668055772966938e-06
trpo_noise_it091,0.194,60,0.9889214373383673,0.9861517966729593,7.863886201820022e-06
trpo_noise_it091,0.195,60,0.9896111563758151,0.987013945469769,5.0682932500896086e-06
trpo_noise_it091,0.196,60,0.9886977801936336,0.9858722252420421,8.354238769832441e-06
trpo_noise_it091,0.197,60,0.989110978876831,0.9863887235960387,1.1000727798927397e-05
trpo_noise_it091,0.198,60,0.9888420346689863,0.9860525433362326,6.563059116299039e-06
trpo_noise_it091,0.199,60,0.9889085239479659,0.9861356549349575,7.897861959706931e-06
trpo_noise_it091,0.2,60,0.9889901736235175,0.9862377170293969,6.286391379497718e-06
trpo_noise_it091,0.201,60,0.9891676595120279,0.9864595743900348,8.904021038362363e-06
trpo_noise_it091,0.202,60,0.9892125915710385,0.986515739463798,6.460184797655181e-06
trpo_noise_it091,0.203,60,0.9889334902873131,0.9861668628591416,8.615581292565635e-06
trpo_noise_it091,0.204,60,0.989060850298074,0.9863260628725924,9.45888393539679e-06
trpo_noise_it091,0.205,60,0.988960894223427,0.9862011177792837,7.4138282199558666e-06
trpo_noise_it091,0.206,60,0.9888724281308126,0.9860905351635157,7.5713736763526036e-06
trpo_noise_it091,0.207,60,0.9886103821520917,0.9857629776901149,9.838795786408876e-06
trpo_noise_it091,0.208,60,0.9886782168529195,0.9858477710661493,7.565024403742164e-06
trpo_noise_it091,0.209,60,0.9894997294277318,0.9868746617846645,9.076778896346769e-06
trpo_noise_it091,0.21,60,0.9892838931001532,0.9866048663751914,9.97824170647489e-06
trpo_noise_it091,0.211,60,0.9890657500073164,0.9863321875091455,6.879609636950261e-06
trpo_noise_it091,0.212,60,0.988902771983809,0.9861284649797609,8.401023960512271e-06
trpo_noise_it091,0.213,60,0.9887200833633618,0.9859001042042022,8.255548181420494e-06
trpo_noise_it091,0.214,60,0.9894180319934034,0.9867725399917544,7.565982383883889e-06
trpo_noise_it091,0.215,60,0.9890957606049464,0.9863697007561828,1.2847467302265813e-05
trpo_noise_it091,0.216,60,0.9889219896042296,0.9861524870052867,9.421615409295855e-06
trpo_noise_it091,0.217,60,0.9891134255242862,0.9863917819053576,1.1197899623754348e-05
trpo_noise_it091,0.218,60,0.9884501546906588,0.9855626933633236,8.99510013971991e-06
trpo_noise_it091,0.219,60,0.9885801333522821,0.9857251666903527,7.17949383405031e-06
trpo_noise_it091,0.22,60,0.9886459107229654,0.9858073884037066,1.0597660209446715e-05
trpo_noise_it091,0.221,60,0.9884058647854226,0.9855073309817783,1.2912264564916772e-05
trpo_noise_it091,0.222,60,0.9890134301738756,0.9862667877173443,8.182662690652654e-06
trpo_noise_it091,0.223,60,0.9888541732628339,0.9860677165785424,7.424881019714663e-06
trpo_noise_it091,0.224,60,0.9887823017493974,0.9859778771867468,8.899955028424637e-06
trpo_noise_it091,0.225,60,0.9887129034804674,0.9858911293505842,8.581140451994749e-06
trpo_noise_it091,0.226,60,0.988390344076878,0.9854879300960971,8.698892666157898e-06
trpo_noise_it091,0.227,60,0.9885323467468403,0.9856654334335503,9.914357341303048e-06
trpo_noise_it091,0.228,60,0.9887314273170391,0.9859142841462988,1.1709102739125971e-05
trpo_noise_it091,0.229,60,0.9887457391952111,0.9859321739940139,1.137474968459505e-05
trpo_noise_it091,0.23,60,0.9888052965793546,0.9860066207241931,1.2718310886902714e-05
trpo_noise_it091,0.231,60,0.9885693819654492,0.9857117274568118,1.1243890561024465e-05
trpo_noise_it091,0.232,60,0.9886845012257812,0.9858556265322267,1.2597590644409763e-05
trpo_noise_it091,0.233,60,0.9880613057754772,0.9850766322193465,1.360936597819199e-05
trpo_noise_it091,0.234,60,0.988635163856268,0.9857939548203348,1.3364543393532586e-05
trpo_noise_it091,0.235,60,0.9878359877006929,0.984794984625866,1.3931879435633407e-05
trpo_noise_it091,0.236,60,0.9888174029887925,0.9860217537359904,1.411739490321299e-05
trpo_noise_it091,0.237,60,0.9885137736517828,0.9856422170647288,8.47244564435144e-06
trpo_noise_it091,0.238,60,0.9889843384253073,0.986230423031634,9.327542858456569e-06
trpo_noise_it091,0.239,60,0.9887438697771551,0.9859298372214437,1.1613282968353234e-05
trpo_noise_it091,0.24,60,0.9883157925746557,0.9853947407183196,1.2394035425626136e-05
trpo_noise_it091,0.241,60,0.9882277060950774,0.9852846326188467,1.1660293619913756e-05
trpo_noise_it091,0.242,60,0.988385415003409,0.9854817687542613,1.0732380912905283e-05
trpo_noise_it091,0.243,60,0.9887953817368438,0.9859942271710548,1.0796646863543483e-05
trpo_noise_it091,0.244,60,0.9883470949130964,0.9854338686413705,1.2573469481181629e-05
trpo_noise_it091,0.245,60,0.988406460865091,0.9855080760813638,1.2063408770892523e-05
trpo_noise_it091,0.246,60,0.9883385938891206,0.9854232423614007,1.2742173205783467e-05
trpo_noise_it091,0.247,60,0.9882261618112695,0.985282702264087,1.072853533392308e-05
trpo_noise_it091,0.248,60,0.9883620908650687,0.9854526135813357,9.547461540740797e-06
trpo_noise_it091,0.249,60,0.9887669031319902,0.9859586289149876,8.826073659085767e-06
trpo_noise_it091,0.25,60,0.9881963620587073,0.9852454525733843,1.0203750100884337e-05
trpo_noise_it091,0.251,60,0.9891210392685322,0.9864012990856652,1.1276609283511757e-05
trpo_noise_it091,0.252,60,0.9879059095874905,0.9848823869843629,1.2654595481375385e-05
trpo_noise_it091,0.253,60,0.9880213735271586,0.9850267169089482,1.60306101102398e-05
trpo_noise_it091,0.254,60,0.9877626374163168,0.984703296770396,1.2110887000855746e-05
trpo_noise_it091,0.255,60,0.9881897574585473,0.9852371968231842,8.726119628400904e-06
trpo_noise_it091,0.256,60,0.9889785048861349,0.9862231311076687,1.0317237991033664e-05
trpo_noise_it091,0.257,60,0.9880908725439594,0.9851135906799494,1.4780460736632712e-05
trpo_noise_it091,0.258,60,0.9884530295945532,0.9855662869931916,1.1801849478989554e-05
trpo_noise_it091,0.259,60,0.9879269731734844,0.9849087164668556,1.7621818952932537e-05
trpo_noise_it091,0.26,60,0.9880621170563988,0.9850776463204984,1.0765662199024972e-05
trpo_noise_it091,0.261,60,0.9875534969135139,0.9844418711418922,1.166912403635788e-05
trpo_noise_it091,0.262,60,0.9879971658181393,0.984996457272674,1.2243746790142305e-05
trpo_noise_it091,0.263,60,0.9881589466312761,0.9851986832890951,1.2080755274584834e-05
trpo_noise_it091,0.264,60,0.9881476063905844,0.98518450798823,1.6287053883060928e-05
trpo_noise_it091,0.265,60,0.9881109983120159,0.9851387478900197,1.6715138907827283e-05
trpo_noise_it091,0.266,60,0.9881404875367089,0.9851756094208862,1.5422817463914447e-05
trpo_noise_it091,0.267,60,0.9884392257085738,0.9855490321357172,1.6946603625131894e-05
trpo_noise_it091,0.268,60,0.9881045406709413,0.9851306758386766,1.8260213949666663e-05
trpo_noise_it091,0.269,60,0.9875022049870403,0.9843777562338005,1.3482012566942693e-05
trpo_noise_it091,0.27,60,0.9884761010707916,0.9855951263384893,1.0774594201285529e-05
trpo_noise_it091,0.271,60,0.9884544942280314,0.9855681177850393,9.900076673913443e-06
trpo_noise_it091,0.272,60,0.9883137505336927,0.9853921881671159,1.691044726725853e-05
trpo_noise_it091,0.273,60,0.9882631255733227,0.9853289069666534,1.4771823762176593e-05
trpo_noise_it091,0.274,60,0.9883771926225805,0.9854714907782256,1.6574704534174972e-05
trpo_noise_it091,0.275,60,0.9882430171867839,0.9853037714834796,1.628673532152227e-05
trpo_noise_it091,0.276,60,0.9881101091678478,0.9851376364598092,1.601206926615029e-05
trpo_noise_it091,0.277,60,0.9886202403585929,0.9857753004482409,1.0540851351689877e-05
trpo_noise_it091,0.278,60,0.9872120618438065,0.984015077304758,1.660451562215176e-05
trpo_noise_it091,0.279,60,0.9882584389909405,0.9853230487386756,1.3383453009831362e-05
trpo_noise_it091,0.28,60,0.9880341599663484,0.9850426999579353,1.6851244523082014e-05
trpo_noise_it091,0.281,60,0.9874602483289942,0.984325310411243,1.7472828502376366e-05
trpo_noise_it091,0.282,60,0.988286565701594,0.9853582071269925,1.5851561642232506e-05
trpo_noise_it091,0.283,60,0.9880076843080992,0.9850096053851238,1.2353503966379864e-05
trpo_noise_it091,0.284,60,0.9877419860992227,0.9846774826240285,1.6156243252203783e-05
trpo_noise_it091,0.285,60,0.9875011009212189,0.9843763761515236,2.0202720892473883e-05
trpo_noise_it091,0.286,60,0.987113811764531,0.9838922647056635,1.6351595859106637e-05
trpo_noise_it091,0.287,60,0.9871666866065386,0.9839583582581733,1.6828734065958344e-05
trpo_noise_it091,0.288,60,0.9879763266982589,0.9849704083728236,1.9122484380802393e-05
trpo_noise_it091,0.289,60,0.9880109631899494,0.9850137039874368,1.8949120154651553e-05
trpo_noise_it091,0.29,60,0.9871916007309022,0.9839895009136277,1.7053729573652635e-05
trpo_noise_it091,0.291,60,0.9878389202753145,0.9847986503441428,1.4585170155669748e-05
trpo_noise_it091,0.292,60,0.9887214916769121,0.9859018645961402,1.4194986991544614e-05
trpo_noise_it091,0.293,60,0.9875515394184294,0.9844394242730369,2.1151633316040464e-05
trpo_noise_it091,0.294,60,0.9875135399097332,0.9843919248871665,1.6059372279864576e-05
trpo_noise_it091,0.295,60,0.9871034061086217,0.983879257635777,1.9286695347068405e-05
trpo_noise_it091,0.296,60,0.9876682542548608,0.9845853178185758,1.670751361930587e-05
trpo_noise_it091,0.297,60,0.9876630292905697,0.9845787866132121,1.795507704350051e-05
trpo_noise_it091,0.298,60,0.9873813611612365,0.9842267014515458,1.88573288662179e-05
trpo_noise_it091,0.299,60,0.9871904642221723,0.9839880802777156,2.0015516239518477e-05
trpo_noise_it091,0.3,60,0.9871848150428406,0.9839810188035509,2.1519777190296164e-05
trpo_noise_it091,0.301,60,0.9878091178167875,0.9847613972709844,1.8436296197966363e-05
trpo_noise_it091,0.302,60,0.9880102368112955,0.9850127960141191,2.15178573764855e-05
trpo_noise_it091,0.303,60,0.9874743526948176,0.9843429408685218,1.7018974439364253e-05
trpo_noise_it091,0.304,60,0.987011726142855,0.9837646576785689,1.4634879474806421e-05
trpo_noise_it091,0.305,60,0.987574759909678,0.9844684498870975,1.8634822678269388e-05
trpo_noise_it091,0.306,60,0.987431291572754,0.9842891144659427,1.9373532056254332e-05
trpo_noise_it091,0.307,60,0.9872109604105402,0.9840137005131754,2.4864494153933882e-05
trpo_noise_it091,0.308,60,0.9876214914639334,0.9845268643299167,1.4493774146363841e-05
trpo_noise_it091,0.309,60,0.9873210114900856,0.9841512643626069,2.2502436485543106e-05
trpo_noise_it091,0.31,60,0.9864520052854842,0.9830650066068551,2.076004203336856e-05
trpo_noise_it091,0.311,60,0.9862962708602248,0.9828703385752807,1.5210408322954228e-05
trpo_noise_it091,0.312,60,0.9874530225822338,0.9843162782277923,2.313470665768238e-05
trpo_noise_it091,0.313,60,0.9869234367782005,0.9836542959727507,2.403043563469515e-05
trpo_noise_it091,0.314,60,0.9879911788504376,0.9849889735630468,1.9765322021880222e-05
trpo_noise_it091,0.315,60,0.9872134126929055,0.9840167658661317,1.8425725974800634e-05
trpo_noise_it091,0.316,60,0.9867471663176762,0.983433957897095,1.9207392017475892e-05
trpo_noise_it091,0.317,60,0.9870015458596321,0.98375193232454,1.7416102375496614e-05
trpo_noise_it091,0.318,60,0.9859209109238226,0.9824011386547783,2.297599421650194e-05
trpo_noise_it091,0.319,60,0.9866508210886145,0.9833135263607679,2.2801289890975195e-05
trpo_noise_it091,0.32,60,0.9875485054756343,0.9844356318445427,2.1167887537493205e-05
trpo_noise_it091,0.321,60,0.9868828306119224,0.9836035382649031,2.776085880129508e-05
trpo_noise_it091,0.322,60,0.9871444061115331,0.9839305076394163,2.7062217550738857e-05
trpo_noise_it091,0.323,60,0.9870960285009283,0.9838700356261605,2.131792813326334e-05
trpo_noise_it091,0.324,60,0.988068748547058,0.9850859356838223,1.8086983002583578e-05
trpo_noise_it091,0.325,60,0.9864966447954031,0.9831208059942536,2.429738558933917e-05
trpo_noise_it091,0.326,60,0.987755402666868,0.9846942533335851,1.4787981469882013e-05
trpo_noise_it091,0.327,60,0.9869000862088879,0.9836251077611099,2.4159896885013777e-05
trpo_noise_it091,0.328,60,0.9866861435023003,0.9833576793778752,3.710179809862268e-05
trpo_noise_it091,0.329,60,0.9875650103215423,0.9844562629019277,2.2130001108411157e-05
trpo_noise_it091,0.33,60,0.9875364632106169,0.9844205790132711,1.3765213915765145e-05
trpo_noise_it091,0.331,60,0.9868086795375306,0.983510849421913,2.10231784442023e-05
trpo_noise_it091,0.332,60,0.9873253710847557,0.9841567138559444,2.7679234061778294e-05
trpo_noise_it091,0.333,60,0.9857030671183424,0.9821288338979279,2.1516927963432182e-05
trpo_noise_it091,0.334,60,0.9863707758361816,0.9829634697952268,2.7345690836375457e-05
trpo_noise_it091,0.335,60,0.9867955055665519,0.9834943819581901,2.2134165184190645e-05
trpo_noise_it091,0.336,60,0.9869522584034023,0.983690323004253,2.7278840591979014e-05
trpo_noise_it091,0.337,60,0.9863480722519491,0.9829350903149364,2.4838689111361983e-05
trpo_noise_it091,0.338,60,0.987078205444258,0.983847756805322,2.5585655895052195e-05
trpo_noise_it091,0.339,60,0.9867502346377073,0.983437793297134,1.9430098696845037e-05
trpo_noise_it091,0.34,60,0.9869457300147533,0.9836821625184418,2.496344434196845e-05
trpo_noise_it091,0.341,60,0.9866446438243713,0.9833058047804643,2.0620508442699546e-05
trpo_noise_it091,0.342,60,0.9862707658825736,0.982838457353217,3.198028804049196e-05
trpo_noise_it091,0.343,60,0.9869195688592424,0.9836494610740529,2.4466038945633518e-05
trpo_noise_it091,0.344,60,0.9865695408534155,0.9832119260667695,2.8695419935120242e-05
trpo_noise_it091,0.345,60,0.9858913347636314,0.9823641684545392,3.166901640848771e-05
trpo_noise_it091,0.346,60,0.9858799614043762,0.98234995175547,2.6889153476544217e-05
trpo_noise_it091,0.347,60,0.9859855615866451,0.9824819519833068,2.1033355582206786e-05
trpo_noise_it091,0.348,60,0.9862497265372684,0.9828121581715854,3.0518711943012256e-05
trpo_noise_it091,0.349,60,0.9866333279242512,0.9832916599053138,3.106458188996458e-05
trpo_noise_it091,0.35,60,0.9855274980518811,0.9819093725648516,2.9358530809474895e-05
trpo_noise_it091,0.351,60,0.9865025744851462,0.9831282181064326,2.2619562375933468e-05
trpo_noise_it091,0.352,60,0.9870547575666075,0.9838184469582595,3.042385335183686e-05
trpo_noise_it091,0.353,60,0.9872594566290549,0.9840743207863185,1.8530126051654876e-05
trpo_noise_it091,0.354,60,0.9860780988487827,0.9825976235609782,2.9411611982613708e-05
trpo_noise_it091,0.355,60,0.9867098878880098,0.9833873598600121,1.7656121162194425e-05
trpo_noise_it091,0.356,60,0.98607019761654,0.9825877470206749,2.9315548771961117e-05
trpo_noise_it091,0.357,60,0.9866753354430373,0.9833441693037964,2.4504254827726064e-05
trpo_noise_it091,0.358,60,0.9870984790377965,0.9838730987972456,1.9851204916472337e-05
trpo_noise_it091,0.359,60,0.9868124255381755,0.9835155319227193,2.57799970788905e-05
trpo_noise_it091,0.36,60,0.9859592443900947,0.9824490554876183,3.4820974508934223e-05
trpo_noise_it091,0.361,60,0.9862455630062883,0.9828069537578604,2.6904194306275424e-05
trpo_noise_it091,0.362,60,0.9859807517235682,0.98247593965446,2.3400721650129814e-05
trpo_noise_it091,0.363,60,0.9869882577096647,0.9837353221370809,2.0624448584121923e-05
trpo_noise_it091,0.364,60,0.9858529061218321,0.9823161326522899,2.7752820169087205e-05
trpo_noise_it091,0.365,60,0.986635880991922,0.9832948512399026,2.2829708932808834e-05
trpo_noise_it091,0.366,60,0.985854686266519,0.9823183578331489,3.4740196280139456e-05
trpo_noise_it091,0.367,60,0.9864650977685158,0.9830813722106444,2.3193995128469773e-05
trpo_noise_it091,0.368,60,0.9857606787779233,0.9822008484724039,3.056625675781803e-05
trpo_noise_it091,0.369,60,0.9858914886524774,0.9823643608155969,2.3913843621752567e-05
trpo_noise_it091,0.37,60,0.9855922621923409,0.9819903277404263,2.7929361197853724e-05
trpo_noise_it091,0.371,60,0.9859238880365769,0.982404860045721,4.7495620954408476e-05
trpo_noise_it091,0.372,60,0.9861320076383668,0.9826650095479587,2.6450449665644603e-05
trpo_noise_it091,0.373,60,0.9847284103724878,0.9809105129656098,3.836501463509445e-05
trpo_noise_it091,0.374,60,0.9852686176181296,0.9815857720226618,3.9049642596823244e-05
trpo_noise_it091,0.375,60,0.9863050226706225,0.9828812783382783,2.3022894266094326e-05
trpo_noise_it091,0.376,60,0.9860943454820635,0.9826179318525796,2.4438352519772547e-05
trpo_noise_it091,0.377,60,0.9853338976512828,0.9816673720641034,4.3413605176171944e-05
trpo_noise_it091,0.378,60,0.9865087052891083,0.9831358816113854,3.197575676603871e-05
trpo_noise_it091,0.379,60,0.9852196519542645,0.9815245649428307,4.691557767275092e-05
trpo_noise_it091,0.38,60,0.9857573258902607,0.9821966573628258,4.610186789248865e-05
trpo_noise_it091,0.381,60,0.9868466730910449,0.9835583413638062,2.4940584136520524e-05
trpo_noise_it091,0.382,60,0.9855293849707771,0.981911731213471,3.293736796195932e-05
trpo_noise_it091,0.383,60,0.9860731940022982,0.9825914925028727,3.1496833620917336e-05
trpo_noise_it091,0.384,60,0.9855634769295734,0.9819543461619666,3.0149214895373064e-05
trpo_noise_it091,0.385,60,0.9861789796192215,0.9827237245240268,4.5756508898926905e-05
trpo_noise_it091,0.386,60,0.9854764133569764,0.9818455166962204,3.64912353461468e-05
trpo_noise_it091,0.387,60,0.9867193713258593,0.983399214157324,2.3642300194044168e-05
trpo_noise_it091,0.388,60,0.9862898540506685,0.982862317563336,3.492695475151933e-05
trpo_noise_it091,0.389,60,0.9848198674754971,0.9810248343443712,3.35408611450477e-05
trpo_noise_it091,0.39,60,0.9850715634127797,0.9813394542659746,2.9865262067923748e-05
trpo_noise_it091,0.391,60,0.9855750312025395,0.9819687890031742,2.8590432964170408e-05
trpo_noise_it091,0.392,60,0.9852385394254374,0.9815481742817966,4.2685177765238716e-05
trpo_noise_it091,0.393,60,0.9854192151251816,0.9817740189064771,4.058232951486177e-05
trpo_noise_it091,0.394,60,0.9850774807615352,0.9813468509519192,2.911564072084657e-05
trpo_noise_it091,0.395,60,0.9851100436267931,0.9813875545334912,3.059004154819596e-05
trpo_noise_it091,0.396,60,0.9852350014379829,0.9815437517974784,3.735216198239827e-05
trpo_noise_it091,0.397,60,0.9853632004208912,0.9817040005261136,4.268780934220532e-05
trpo_noise_it091,0.398,60,0.9846278435180846,0.980784804397606,3.3277382590286e-05
trpo_noise_it091,0.399,60,0.9843443005007443,0.9804303756259305,4.193003414885525e-05
trpo_noise_it091,0.4,60,0.9851146530698639,0.9813933163373298,3.726044619485422e-05
trpo_noise_it091,0.401,60,0.9856642722845779,0.9820803403557224,3.512865514364276e-05
trpo_noise_it091,0.402,60,0.985380732411214,0.9817259155140178,2.4921169675314883e-05
trpo_noise_it091,0.403,60,0.9864914517740364,0.9831143147175455,3.334377655232895e-05
trpo_noise_it091,0.404,60,0.9851888788511695,0.9814860985639616,2.826798980469676e-05
trpo_noise_it091,0.405,60,0.985677554957038,0.9820969436962975,3.864959421437265e-05
trpo_noise_it091,0.406,60,0.9844339985291928,0.9805424981614912,3.860466019135968e-05
trpo_noise_it091,0.407,60,0.9856540282650595,0.9820675353313243,4.926898309000495e-05
trpo_noise_it091,0.408,60,0.9848679363235999,0.9810849204044997,4.3880867383249596e-05
trpo_noise_it091,0.409,60,0.9853924410776976,0.9817405513471221,3.911363786256246e-05
trpo_noise_it091,0.41,60,0.9848065824544016,0.981008228068002,5.8889411370997174e-05
trpo_noise_it091,0.411,60,0.9857729438528339,0.9822161798160424,2.7031563906794187e-05
trpo_noise_it091,0.412,60,0.9852426307159057,0.9815532883948819,3.342755320541652e-05
trpo_noise_it091,0.413,60,0.9857340378123518,0.9821675472654398,3.198277305439372e-05
trpo_noise_it091,0.414,60,0.985293086974399,0.9816163587179988,4.092922933097256e-05
trpo_noise_it091,0.415,60,0.9835153794592426,0.9793942243240532,5.389216945797525e-05
trpo_noise_it091,0.416,60,0.9845911480601153,0.9807389350751444,3.411057207857145e-05
trpo_noise_it091,0.417,60,0.9861697564425207,0.9827121955531506,3.529492632480591e-05
trpo_noise_it091,0.418,60,0.9848285317891528,0.9810356647364409,3.64769055970135e-05
trpo_noise_it091,0.419,60,0.9842964034738583,0.9803705043423229,2.8283065977908236e-05
trpo_noise_it091,0.42,60,0.9852192550983428,0.9815240688729285,2.718634062288713e-05
trpo_noise_it091,0.421,60,0.9845732905088393,0.980716613136049,3.1996270275917935e-05
trpo_noise_it091,0.422,60,0.9858905225814383,0.9823631532267977,2.964693874911129e-05
trpo_noise_it091,0.423,60,0.9847812774472363,0.9809765968090453,3.4523856842937614e-05
trpo_noise_it091,0.424,60,0.9838439203064692,0.9798049003830863,4.427548307049061e-05
trpo_noise_it091,0.425,60,0.9828294244361264,0.9785367805451578,5.413234990630091e-05
trpo_noise_it091,0.426,60,0.9851306575537502,0.9814133219421878,4.488748152134699e-05
trpo_noise_it091,0.427,60,0.98527159376127,0.9815894922015872,4.991276295571547e-05
trpo_noise_it091,0.428,60,0.9847834861532623,0.9809793576915775,4.273387927896215e-05
trpo_noise_it091,0.429,60,0.9853244912917383,0.9816556141146727,4.0367786206148146e-05
trpo_noise_it091,0.43,60,0.9845998585895972,0.9807498232369963,2.5005936151424984e-05
trpo_noise_it091,0.431,60,0.984165487340259,0.9802068591753238,4.058185708736718e-05
trpo_noise_it091,0.432,60,0.9848488983590156,0.9810611229487693,3.403811404170403e-05
trpo_noise_it091,0.433,60,0.9840805554281368,0.980100694285171,3.327934585700692e-05
trpo_noise_it091,0.434,60,0.9847077057572774,0.9808846321965966,4.986559336789297e-05
trpo_noise_it091,0.435,60,0.9854666834725866,0.9818333543407334,2.5740214205814542e-05
trpo_noise_it091,0.436,60,0.9849303778103704,0.981162972262963,4.359388985483131e-05
trpo_noise_it091,0.437,60,0.9840558481099114,0.9800698101373894,4.926846384030641e-05
trpo_noise_it091,0.438,60,0.9850359345841291,0.9812949182301612,3.3714996729195974e-05
trpo_noise_it091,0.439,60,0.9847759606073496,0.980969950759187,4.365874739188453e-05
trpo_noise_it091,0.44,60,0.9844401870345362,0.9805502337931702,3.144989786563367e-05
trpo_noise_it091,0.441,60,0.9841598492368313,0.9801998115460389,5.283734447856627e-05
trpo_noise_it091,0.442,60,0.9844704761102664,0.980588095137833,4.054372007708639e-05
trpo_noise_it091,0.443,60,0.9845401988819333,0.9806752486024166,3.9208214803012415e-05
trpo_noise_it091,0.444,60,0.9848852364417738,0.9811065455522174,4.1948007332601274e-05
trpo_noise_it091,0.445,60,0.9839667020994298,0.9799583776242875,5.9944614438993595e-05
trpo_noise_it091,0.446,60,0.9828791589376525,0.9785989486720658,6.81090724507457e-05
trpo_noise_it091,0.447,60,0.983227629718196,0.9790345371477451,4.567452256298206e-05
trpo_noise_it091,0.448,60,0.9836365571377252,0.9795456964221565,4.8449986554557946e-05
trpo_noise_it091,0.449,60,0.9832251121620588,0.9790313902025732,6.172897524067522e-05
trpo_noise_it091,0.45,60,0.9840475321716092,0.9800594152145117,4.213804482384933e-05
trpo_noise_it091,0.451,60,0.9837699812220235,0.9797124765275294,4.2521125881449404e-05
trpo_noise_it091,0.452,60,0.9840747564115946,0.9800934455144931,5.372245023799407e-05
trpo_noise_it091,0.453,60,0.9826744997206769,0.9783431246508459,4.932883687400182e-05
trpo_noise_it091,0.454,60,0.9856340402810617,0.9820425503513269,4.094153173699328e-05
trpo_noise_it091,0.455,60,0.9857502244558463,0.982187780569808,3.232135439695591e-05
trpo_noise_it091,0.456,60,0.9843342595685608,0.9804178244607009,5.228763263998748e-05
trpo_noise_it091,0.457,60,0.9837235988084096,0.9796544985105119,5.013075628933756e-05
trpo_noise_it091,0.458,60,0.9838893130333197,0.9798616412916498,2.8735154007335654e-05
trpo_noise_it091,0.459,60,0.9836768638994073,0.9795960798742591,4.14964836686733e-05
trpo_noise_it091,0.46,60,0.9836812138336586,0.9796015172920732,3.9064980964681404e-05
trpo_noise_it091,0.461,60,0.983784152379294,0.9797301904741172,4.740753345538137e-05
trpo_noise_it091,0.462,60,0.9842809540181415,0.9803511925226768,3.801559132735618e-05
trpo_noise_it091,0.463,60,0.9836875924394693,0.9796094905493365,4.8902144054381834e-05
trpo_noise_it091,0.464,60,0.9839540640989326,0.9799425801236658,4.721895781590222e-05
trpo_noise_it091,0.465,60,0.9835149442706417,0.9793936803383019,6.605990306519875e-05
trpo_noise_it091,0.466,60,0.983504265628395,0.9793803320354935,4.4565540135993655e-05
trpo_noise_it091,0.467,60,0.9820372686357015,0.9775465857946265,5.433409736715181e-05
trpo_noise_it091,0.468,60,0.984959918167511,0.9811998977093886,3.5341019908709636e-05
trpo_noise_it091,0.469,60,0.9832933961692872,0.9791167452116092,6.130128849365913e-05
trpo_noise_it091,0.47,60,0.9821815424898226,0.977726928112278,8.349565769732122e-05
trpo_noise_it091,0.471,60,0.9846069933729219,0.9807587417161521,6.236052955225536e-05
trpo_noise_it091,0.472,60,0.9838562289006693,0.9798202861258366,5.69155814120461e-05
trpo_noise_it091,0.473,60,0.9838159441861338,0.9797699302326671,6.481178980200402e-05
trpo_noise_it091,0.474,60,0.983494287129868,0.9793678589123349,6.180657434427323e-05
trpo_noise_it091,0.475,60,0.9839786799662964,0.9799733499578704,4.837230657384253e-05
trpo_noise_it091,0.476,60,0.9828493175041526,0.978561646880191,5.744098552230776e-05
trpo_noise_it091,0.477,60,0.9825225051109749,0.9781531313887187,6.262166488452948e-05
trpo_noise_it091,0.478,60,0.9833708780451268,0.9792135975564088,5.6239056304253e-05
trpo_noise_it091,0.479,60,0.982718756347011,0.9783984454337636,5.8851772480849255e-05
trpo_noise_it091,0.48,60,0.9829898587924433,0.978737323490554,6.417926709559496e-05
trpo_noise_it091,0.481,60,0.9817157731219709,0.9771447164024638,4.934148791642154e-05
trpo_noise_it091,0.482,60,0.9827141262973993,0.9783926578717489,4.387632988226439e-05
trpo_noise_it091,0.483,60,0.9839308302132963,0.9799135377666206,3.82378683657825e-05
trpo_noise_it091,0.484,60,0.9823356860676885,0.9779196075846108,4.1348590884500174e-05
trpo_noise_it091,0.485,60,0.9811320637875035,0.9764150797343795,7.930920733043686e-05
trpo_noise_it091,0.486,60,0.9824183954737802,0.9780229943422253,5.5366531245276785e-05
trpo_noise_it091,0.487,60,0.982990925549386,0.9787386569367325,5.790574848932764e-05
trpo_noise_it091,0.488,60,0.9830381153153752,0.978797644144219,6.416048747737067e-05
trpo_noise_it091,0.489,60,0.9832786137353294,0.9790982671691617,5.9528706856219997e-05
trpo_noise_it091,0.49,60,0.983719565667556,0.979649457084445,4.594625636258405e-05
trpo_noise_it091,0.491,60,0.9836816864121908,0.9796021080152386,4.5169282351171266e-05
trpo_noise_it091,0.492,60,0.9829623233280556,0.9787029041600694,5.218574573043385e-05
trpo_noise_it091,0.493,60,0.9832477556015752,0.9790596945019691,5.4973978797143864e-05
trpo_noise_it091,0.494,60,0.9834191040047146,0.9792738800058929,6.64976952566032e-05
trpo_noise_it091,0.495,60,0.9823328226359269,0.9779160282949085,6.688902242483991e-05
trpo_noise_it091,0.496,60,0.982520954115646,0.9781511926445571,7.444533762117013e-05
trpo_noise_it091,0.497,60,0.9826300650453317,0.9782875813066644,5.094586577060465e-05
trpo_noise_it091,0.498,60,0.9824457826049188,0.9780572282561483,6.815664552779696e-05
trpo_noise_it091,0.499,60,0.9837221850051177,0.9796527312563968,3.275106189477139e-05
trpo_noise_it091,0.5,60,0.9823242207781576,0.9779052759726969,5.1393440767958706e-05
trpo_noise_it091,0.501,60,0.9834783935969468,0.9793479919961833,6.16461796937508e-05
trpo_noise_it091,0.502,60,0.9815676444068455,0.9769595555085571,4.9358328121772026e-05
trpo_noise_it091,0.503,60,0.9837016480672752,0.9796270600840938,6.483045033730553e-05
trpo_noise_it091,0.504,60,0.9831374322380424,0.9789217902975531,5.219475275266462e-05
trpo_noise_it091,0.505,60,0.9820328547706847,0.9775410684633561,6.308518270586426e-05
trpo_noise_it091,0.506,60,0.983051654086692,0.9788145676083649,5.965395773379596e-05
trpo_noise_it091,0.507,60,0.9799814745940966,0.9749768432426207,0.00010352718571310104
trpo_noise_it091,0.508,60,0.9832259076324338,0.9790323845405422,3.9919544790449395e-05
trpo_noise_it091,0.509,60,0.9829079218835954,0.9786349023544941,6.095314489622807e-05
trpo_noise_it091,0.51,60,0.9813047930523539,0.9766309913154418,7.500520375640543e-05
trpo_noise_it091,0.511,60,0.9812772911233353,0.9765966139041689,8.277824795375033e-05
trpo_noise_it091,0.512,60,0.9826130944957623,0.9782663681197031,4.5671035192127326e-05
trpo_noise_it091,0.513,60,0.9835548989431055,0.9794436236788819,5.551771364825728e-05
trpo_noise_it091,0.514,60,0.9811527001865108,0.9764408752331384,6.612492923471426e-05
trpo_noise_it091,0.515,60,0.9827130883718938,0.9783913604648672,7.237488977829589e-05
trpo_noise_it091,0.516,60,0.9831422126799176,0.978927765849897,5.6507295687190064e-05
trpo_noise_it091,0.517,60,0.9830879520076542,0.9788599400095678,5.484268249632475e-05
trpo_noise_it091,0.518,60,0.9811221458724622,0.9764026823405775,6.587315576990907e-05
trpo_noise_it091,0.519,60,0.9830773818080427,0.9788467272600533,4.69871180047064e-05
trpo_noise_it091,0.52,60,0.9834146634186788,0.9792683292733485,7.855505644443537e-05
trpo_noise_it091,0.521,60,0.982126599851118,0.9776582498138975,6.055984223528252e-05
trpo_noise_it091,0.522,60,0.9834048906948785,0.979256113368598,4.271585986850313e-05
trpo_noise_it091,0.523,60,0.984491877091012,0.9806148463637648,4.479189017334262e-05
trpo_noise_it091,0.524,60,0.9821053412178881,0.9776316765223599,3.9426436353621874e-05
trpo_noise_it091,0.525,60,0.9815286780799752,0.9769108475999692,6.990335980795837e-05
trpo_noise_it091,0.526,60,0.9812543286469895,0.976567910808737,7.030027182911235e-05
trpo_noise_it091,0.527,60,0.9820629893671251,0.9775787367089065,6.348888111479851e-05
trpo_noise_it091,0.528,60,0.9815346131285179,0.9769182664106472,6.922599454360184e-05
trpo_noise_it091,0.529,60,0.9811110326492747,0.9763887908115936,7.01766846436646e-05
trpo_noise_it091,0.53,60,0.9829202450551151,0.9786503063188937,8.60777408912472e-05
trpo_noise_it091,0.531,60,0.9830995363761593,0.9788744204701988,5.295636304792363e-05
trpo_noise_it091,0.532,60,0.9813722398770219,0.976715299846277,8.619806965960796e-05
trpo_noise_it091,0.533,60,0.9817134164322987,0.9771417705403734,6.573915458084633e-05
trpo_noise_it091,0.534,60,0.9804455964268972,0.9755569955336213,8.585017460817522e-05
trpo_noise_it091,0.535,60,0.9796854715146589,0.9746068393933236,7.718881090702395e-05
trpo_noise_it091,0.536,60,0.9831414454852503,0.9789268068565629,6.739788191000334e-05
trpo_noise_it091,0.537,60,0.9814711314538468,0.9768389143173084,6.0791132393351735e-05
trpo_noise_it091,0.538,60,0.9827596280998613,0.9784495351248264,5.278027547831101e-05
trpo_noise_it091,0.539,60,0.9812608308872234,0.9765760386090292,5.261597867063027e-05
trpo_noise_it091,0.54,60,0.9812350371185361,0.9765437963981701,9.932257245650361e-05
trpo_noise_it091,0.541,60,0.9811680961289728,0.9764601201612159,7.592117705743316e-05
trpo_noise_it091,0.542,60,0.9820736625251943,0.9775920781564926,6.503566935460115e-05
trpo_noise_it091,0.543,60,0.9806812894546337,0.975851611818292,7.353266672407397e-05
trpo_noise_it091,0.544,60,0.9805062758643545,0.9756328448304429,8.387797567030999e-05
trpo_noise_it091,0.545,60,0.9814835623466455,0.9768544529333067,6.276833063702383e-05
trpo_noise_it091,0.546,60,0.981225179149666,0.9765314739370828,8.1756970333488e-05
trpo_noise_it091,0.547,60,0.9827325621938544,0.9784157027423179,4.39368361135732e-05
trpo_noise_it091,0.548,60,0.9824138631304931,0.9780173289131162,5.388507002710658e-05
trpo_noise_it091,0.549,60,0.9806569029351961,0.9758211286689951,8.312358047772475e-05
trpo_noise_it091,0.55,60,0.9806753014581293,0.9758441268226618,6.992730737362262e-05
trpo_noise_it091,0.551,60,0.9814284579633035,0.9767855724541289,7.164846901122262e-05
trpo_noise_it091,0.552,60,0.9804528715849913,0.9755660894812394,6.038307997527859e-05
trpo_noise_it091,0.553,60,0.9807282552487302,0.9759103190609125,6.262084445028136e-05
trpo_noise_it091,0.554,60,0.9814026106241839,0.9767532632802298,5.164037211791174e-05
trpo_noise_it091,0.555,60,0.9811752644929618,0.9764690806162021,9.229720562091136e-05
trpo_noise_it091,0.556,60,0.9820152221436506,0.9775190276795631,5.6765420218630695e-05
trpo_noise_it091,0.557,60,0.9820321886865874,0.977540235858234,7.000259473229726e-05
trpo_noise_it091,0.558,60,0.9813985037548009,0.9767481296935011,5.721438514776589e-05
trpo_noise_it091,0.559,60,0.9809421911787102,0.9761777389733878,6.615624631724792e-05
trpo_noise_it091,0.56,60,0.9801275125986493,0.9751593907483118,9.027164684213178e-05
trpo_noise_it091,0.561,60,0.9806401187043019,0.9758001483803774,6.659712457612075e-05
trpo_noise_it091,0.562,60,0.9819196536140954,0.9773995670176192,7.107346671074105e-05
trpo_noise_it091,0.563,60,0.9811506806254354,0.9764383507817943,9.719635989239914e-05
trpo_noise_it091,0.564,60,0.9817071643023056,0.9771339553778821,8.582081368634525e-05
trpo_noise_it091,0.565,60,0.981065291218323,0.9763316140229032,8.017105306898386e-05
trpo_noise_it091,0.566,60,0.9810082312268638,0.9762602890335795,8.067225007402674e-05
trpo_noise_it091,0.567,60,0.9799533509124503,0.9749416886405629,8.428231806182577e-05
trpo_noise_it091,0.568,60,0.9808142374173822,0.9760177967717278,8.922042157303881e-05
trpo_noise_it091,0.569,60,0.9805271072771009,0.975658884096376,4.667302732765568e-05
trpo_noise_it091,0.57,60,0.9793298947786199,0.9741623684732746,9.356209275780786e-05
trpo_noise_it091,0.571,60,0.9809428682270085,0.9761785852837604,6.594804487068701e-05
trpo_noise_it091,0.572,60,0.9796711373942814,0.9745889217428513,9.916139721293505e-05
trpo_noise_it091,0.573,60,0.9794055114683371,0.9742568893354215,9.67199980880585e-05
trpo_noise_it091,0.574,60,0.9813586167835924,0.9766982709794906,8.937083830376475e-05
trpo_noise_it091,0.575,60,0.9803125672197212,0.9753907090246516,6.086878639873918e-05
trpo_noise_it091,0.576,60,0.9796692687210385,0.9745865859012981,9.805420899959857e-05
trpo_noise_it091,0.577,60,0.9790375982430164,0.9737969978037704,0.0001362977741840719
trpo_noise_it091,0.578,60,0.9800767010663964,0.9750958763329958,7.26287005633686e-05
trpo_noise_it091,0.579,60,0.9804287670005944,0.9755359587507433,5.958377079564364e-05
trpo_noise_it091,0.58,60,0.9817246726261321,0.977155840782665,6.657496558954923e-05
trpo_noise_it091,0.581,60,0.9813452697595229,0.9766815871994036,5.40762257048165e-05
trpo_noise_it091,0.582,60,0.9779308698753555,0.9724135873441941,7.326140180795583e-05
trpo_noise_it091,0.583,60,0.978535219375409,0.9731690242192612,0.00013229015189643932
trpo_noise_it091,0.584,60,0.9800279524428742,0.9750349405535925,9.414450775755714e-05
trpo_noise_it091,0.585,60,0.9797776887155266,0.9747221108944085,7.59889983083041e-05
trpo_noise_it091,0.586,60,0.9804710800153983,0.9755888500192479,8.703416127419396e-05
trpo_noise_it091,0.587,60,0.9784103307646383,0.9730129134557981,8.005532052303222e-05
trpo_noise_it091,0.588,60,0.9804564533934439,0.9755705667418048,0.00010975819963502668
trpo_noise_it091,0.589,60,0.980073311669359,0.9750916395866985,7.114233347502195e-05
trpo_noise_it091,0.59,60,0.9789324204010716,0.9736655255013399,9.410753814134352e-05
trpo_noise_it091,0.591,60,0.9800496918741297,0.9750621148426624,7.72072956464875e-05
trpo_noise_it091,0.592,60,0.9779413741562877,0.9724267176953598,8.975614474585704e-05
trpo_noise_it091,0.593,60,0.9782166696961412,0.9727708371201766,0.00010008179290829605
trpo_noise_it091,0.594,60,0.9793872317210077,0.9742340396512597,7.982029373507437e-05
trpo_noise_it091,0.595,60,0.9790923455168006,0.9738654318960006,8.88889719190741e-05
trpo_noise_it091,0.596,60,0.9785991616764025,0.9732489520955031,7.437064453276134e-05
trpo_noise_it091,0.597,60,0.9791853541518116,0.9739816926897645,0.0001037960665985338
trpo_noise_it091,0.598,60,0.9790233802919508,0.9737792253649384,0.00010371110453232531
trpo_noise_it091,0.599,60,0.9787346740724401,0.97341834259055,9.196213268743398e-05
trpo_noise_it091,0.6,60,0.9787143007034701,0.9733928758793375,0.00010381358120130089
trpo_noise_it091,0.601,60,0.979146841363983,0.9739335517049788,9.489632181278036e-05
trpo_noise_it091,0.602,60,0.9794516284091817,0.9743145355114772,8.939188829341129e-05
trpo_noise_it091,0.603,60,0.9794638633658637,0.9743298292073294,7.972949684805443e-05
trpo_noise_it091,0.604,60,0.9778454372196652,0.9723067965245815,9.63325537792734e-05
trpo_noise_it091,0.605,60,0.980511230250066,0.9756390378125825,8.7169484753903e-05
trpo_noise_it091,0.606,60,0.9794374725033932,0.9742968406292415,0.00010290511851033257
trpo_noise_it091,0.607,60,0.9801254490220028,0.9751568112775033,9.524026695574001e-05
trpo_noise_it091,0.608,60,0.9788187088755532,0.9735233860944416,0.00010389425586138914
trpo_noise_it091,0.609,60,0.979116865029225,0.973896081286531,7.662230161622623e-05
trpo_noise_it091,0.61,60,0.9791048809911674,0.9738811012389594,0.00011915183545778557
trpo_noise_it091,0.611,60,0.9787149184299331,0.9733936480374165,8.274954362055117e-05
trpo_noise_it091,0.612,60,0.9802189403185608,0.975273675398201,9.65618246270186e-05
trpo_noise_it091,0.613,60,0.9798041443056958,0.9747551803821198,0.00013209777512683546
trpo_noise_it091,0.614,60,0.9795510547902824,0.974438818487853,9.132429575645684e-05
trpo_noise_it091,0.615,60,0.9802973232456176,0.975371654057022,0.00010767198745878743
trpo_noise_it091,0.616,60,0.9784590816082295,0.973073852010287,0.0001365878954370059
trpo_noise_it091,0.617,60,0.9805622585211705,0.9757028231514633,7.151963504968568e-05
trpo_noise_it091,0.618,60,0.9784285076318323,0.9730356345397903,9.88205511375092e-05
trpo_noise_it091,0.619,60,0.9772337903619657,0.971542237952457,7.356629830682035e-05
trpo_noise_it091,0.62,60,0.9783042806780335,0.9728803508475419,9.344710609751395e-05
trpo_noise_it091,0.621,60,0.9793044027285842,0.9741305034107302,8.967407395339448e-05
trpo_noise_it091,0.622,60,0.9786698814748331,0.9733373518435414,0.00010157795741947123
trpo_noise_it091,0.623,60,0.9784151610679761,0.9730189513349699,8.986524983893374e-05
trpo_noise_it091,0.624,60,0.9791718379026201,0.9739647973782753,8.434452711484124e-05
trpo_noise_it091,0.625,60,0.9801364745004766,0.9751705931255955,7.759768640403674e-05
trpo_noise_it091,0.626,60,0.976456043314869,0.9705700541435862,0.00013344652230224232
trpo_noise_it091,0.627,60,0.9785974432797796,0.9732468040997245,8.230104159117687e-05
trpo_noise_it091,0.628,60,0.9790447573488473,0.9738059466860592,0.0001237426621159795
trpo_noise_it091,0.629,60,0.978995429404916,0.9737442867561449,8.8710089115591e-05
trpo_noise_it091,0.63,60,0.9772450803878455,0.9715563504848068,0.0001484093748407622
trpo_noise_it091,0.631,60,0.9772525052372704,0.9715656315465878,0.00010684299582371534
trpo_noise_it091,0.632,60,0.9775932851084086,0.9719916063855106,0.00015734758691172558
trpo_noise_it091,0.633,60,0.9788559536956355,0.9735699421195443,0.0001459989159520106
trpo_noise_it091,0.634,60,0.9769445559626873,0.9711806949533589,0.00013316153440308084
trpo_noise_it091,0.635,60,0.9791506271029727,0.9739382838787158,0.00012117018556720417
trpo_noise_it091,0.636,60,0.975187208662819,0.9689840108285236,0.00011610945217921982
trpo_noise_it091,0.637,60,0.9794612270399509,0.9743265337999385,0.00011006400127995926
trpo_noise_it091,0.638,60,0.9789337860320768,0.9736672325400959,8.770499198133751e-05
trpo_noise_it091,0.639,60,0.9772577516757925,0.9715721895947403,0.00013302511018373092
trpo_noise_it091,0.64,60,0.9767366708122417,0.9709208385153019,0.00013065939916020742
trpo_noise_it091,0.641,60,0.9773647849819564,0.9717059812274457,0.0001483574619487683
trpo_noise_it091,0.642,60,0.9773687017229197,0.9717108771536495,0.0001071932196650417
trpo_noise_it091,0.643,60,0.9799511422061443,0.9749389277576802,9.750137062053452e-05
trpo_noise_it091,0.644,60,0.9778985932811278,0.9723732416014098,0.0001211207623573946
trpo_noise_it091,0.645,60,0.977986901475412,0.972483626844265,0.00011906492808391465
trpo_noise_it091,0.646,60,0.9775833894202736,0.9719792367753418,9.770372535586144e-05
trpo_noise_it091,0.647,60,0.9786147277060255,0.9732684096325317,0.00010138249718063135
trpo_noise_it091,0.648,60,0.9782199873846255,0.9727749842307818,8.86230257173264e-05
trpo_noise_it091,0.649,60,0.9780305129136665,0.9725381411420828,0.00011455583529763877
trpo_noise_it091,0.65,60,0.9777895001783978,0.9722368752229973,0.00011116610908765647
trpo_noise_it091,0.651,60,0.9784266050266034,0.9730332562832545,0.00012305700267450454
trpo_noise_it091,0.652,60,0.9768631745229673,0.9710789681537089,0.00014308431005411262
trpo_noise_it091,0.653,60,0.9762070693345907,0.9702588366682382,0.00015349328617732073
trpo_noise_it091,0.654,60,0.9775928056108175,0.9719910070135218,8.846120487272517e-05
trpo_noise_it091,0.655,60,0.9773565700738088,0.9716957125922613,0.00013805345809879543
trpo_noise_it091,0.656,60,0.9783502667890215,0.9729378334862767,0.00014168861777160365
trpo_noise_it091,0.657,60,0.9765135032317454,0.9706418790396817,0.0001340724247452361
trpo_noise_it091,0.658,60,0.9758496542023739,0.9698120677529674,0.00010270126176530727
trpo_noise_it091,0.659,60,0.9787963305784528,0.973495413223066,6.711453024354565e-05
trpo_noise_it091,0.66,60,0.977154128891339,0.9714426611141739,8.8107059001416e-05
trpo_noise_it091,0.661,60,0.9766803499460135,0.9708504374325166,0.00013220453039583613
trpo_noise_it091,0.662,60,0.9777055986104379,0.9721319982630477,0.0001279554081258973
trpo_noise_it091,0.663,60,0.9778304574152579,0.9722880717690722,0.00011256552538017815
trpo_noise_it091,0.664,60,0.9785262678111124,0.9731578347638907,0.0001056766572722727
trpo_noise_it091,0.665,60,0.9772221138791353,0.9715276423489191,0.00010309810377697644
trpo_noise_it091,0.666,60,0.9767468601118614,0.9709335751398267,0.00012078180448498093
trpo_noise_it091,0.667,60,0.9777097078206215,0.9721371347757769,0.00014387647385095137
trpo_noise_it091,0.668,60,0.9761423246842716,0.9701779058553393,9.739613993586047e-05
trpo_noise_it091,0.669,60,0.9783129931595911,0.9728912414494886,9.136554477048551e-05
trpo_noise_it091,0.67,60,0.97541922184563,0.9692740273070375,0.0001612455523052649
trpo_noise_it091,0.671,60,0.9769967104149153,0.971245888018644,0.00014041236446536148
trpo_noise_it091,0.672,60,0.9757840856739501,0.9697301070924376,0.0001316348420751855
trpo_noise_it091,0.673,60,0.9765792604758415,0.9707240755948019,0.00012090727663467064
trpo_noise_it091,0.674,60,0.9757037399231703,0.9696296749039627,0.00011810909372456463
trpo_noise_it091,0.675,60,0.9772972989946074,0.9716216237432589,8.070692656412573e-05
trpo_noise_it091,0.676,60,0.9746823058997883,0.9683528823747352,0.00011925818283509896
trpo_noise_it091,0.677,60,0.9771850388209405,0.9714812985261758,0.00011473431712904155
trpo_noise_it091,0.678,60,0.9761199628669989,0.9701499535837486,0.00013726041038895364
trpo_noise_it091,0.679,60,0.9747275742154115,0.9684094677692644,0.00017208812420350171
trpo_noise_it091,0.68,60,0.9771432452084992,0.9714290565106238,0.00015596930794007646
trpo_noise_it091,0.681,60,0.9756915543346505,0.9696144429183129,0.00016389954867287887
trpo_noise_it091,0.682,60,0.9773825563293219,0.9717281954116525,0.00017027892265391857
trpo_noise_it091,0.683,60,0.9736918966957839,0.96711487086973,0.00022509195296220664
trpo_noise_it091,0.684,60,0.9755002862411093,0.9693753578013868,0.0001965987859630337
trpo_noise_it091,0.685,60,0.9749985209730045,0.9687481512162556,0.00014838623025536954
trpo_noise_it091,0.686,60,0.9782271693209158,0.9727839616511449,8.19986527265248e-05
trpo_noise_it091,0.687,60,0.9759235668186623,0.969904458523328,9.439511165071297e-05
trpo_noise_it091,0.688,60,0.977188249084983,0.9714853113562286,0.00012611022552074528
trpo_noise_it091,0.689,60,0.9737937718576305,0.9672422148220382,0.00019790773069699674
trpo_noise_it091,0.69,60,0.9767366532881305,0.9709208166101632,0.00013470584044900696
trpo_noise_it091,0.691,60,0.9752998813886044,0.9691248517357552,0.0001146815144343006
trpo_noise_it091,0.692,60,0.9770813772864071,0.9713517216080088,0.00012997755577870288
trpo_noise_it091,0.693,60,0.9760967378626596,0.9701209223283246,0.00013772828304385763
trpo_noise_it091,0.694,60,0.9755567032246113,0.969445879030764,0.0001031692878176869
trpo_noise_it091,0.695,60,0.9745684686866938,0.968210585858367,0.00014610545584430314
trpo_noise_it091,0.696,60,0.9775846302693041,0.9719807878366298,0.0001222585268236454
trpo_noise_it091,0.697,60,0.9774278579538898,0.9717848224423623,0.0001299165006149807
trpo_noise_it091,0.698,60,0.9743697464437899,0.9679621830547374,9.671107138851769e-05
trpo_noise_it091,0.699,60,0.9753339051804404,0.9691673814755503,0.00013160179163463137
trpo_noise_it091,0.7,60,0.9736359105142717,0.9670448881428394,0.00020888344097785746
trpo_noise_it091,0.701,60,0.9754591414670971,0.9693239268338714,9.68917502871149e-05
trpo_noise_it091,0.702,60,0.9753710390031008,0.9692137987538764,0.000139218298923303
trpo_noise_it091,0.703,60,0.9735773531965667,0.9669716914957083,0.00015829894516079668
trpo_noise_it091,0.704,60,0.9745697838488623,0.9682122298110778,0.0001584750605493621
trpo_noise_it091,0.705,60,0.9728934983785141,0.9661168729731429,0.00021759281827777587
trpo_noise_it091,0.706,60,0.9746869551835993,0.9683586939794989,9.696738311091072e-05
trpo_noise_it091,0.707,60,0.9768420324182423,0.9710525405228027,9.907593763055902e-05
trpo_noise_it091,0.708,60,0.9753111957559881,0.969138994694985,0.00011230299808505595
trpo_noise_it091,0.709,60,0.9766837292632673,0.9708546615790842,0.00010283788973722273
trpo_noise_it091,0.71,60,0.9745564860603921,0.9681956075754901,0.00013494316349603957
trpo_noise_it091,0.711,60,0.9752635344109987,0.9690794180137484,0.00010177554057996689
trpo_noise_it091,0.712,60,0.9768276451411314,0.9710345564264143,0.0001900811207068057
trpo_noise_it091,0.713,60,0.9739455776823196,0.9674319721028991,0.00011808119044147899
trpo_noise_it091,0.714,60,0.9731466270466225,0.966433283808278,0.0001661516117642622
trpo_noise_it091,0.715,60,0.9745292914933845,0.9681616143667305,9.625411707803004e-05
trpo_noise_it091,0.716,60,0.9763209822388952,0.970401227798619,8.88074475249808e-05
trpo_noise_it091,0.717,60,0.9756236357392943,0.9695295446741178,0.00017040996620503541
trpo_noise_it091,0.718,60,0.9739449278784673,0.967431159848084,0.00012494062451122217
trpo_noise_it091,0.719,60,0.9732390878589019,0.9665488598236279,0.00012434555722192696
trpo_noise_it091,0.72,60,0.9728967115152778,0.966120889394097,0.00017199453271170092
trpo_noise_it091,0.721,60,0.9737277082380441,0.9671596352975553,0.0001965035792880857
trpo_noise_it091,0.722,60,0.9753105555030267,0.9691381943787836,0.00018523563815832315
trpo_noise_it091,0.723,60,0.975065518280319,0.9688318978503985,0.0001548416924768836
trpo_noise_it091,0.724,60,0.9735291636557541,0.9669114545696925,0.0001312588932107392
trpo_noise_it091,0.725,60,0.9751201542667541,0.9689001928334428,0.00013900724454621473
trpo_noise_it091,0.726,60,0.9741474871072647,0.9676843588840811,0.00014154575585953615
trpo_noise_it091,0.727,60,0.9736787243918485,0.9670984054898107,0.00013151848070680703
trpo_noise_it091,0.728,60,0.9743405565426095,0.9679256956782619,0.00016316185763719853
trpo_noise_it091,0.729,60,0.9757017306830893,0.9696271633538616,0.00019725238491792227
trpo_noise_it091,0.73,60,0.9734865021849596,0.9668581277311996,0.00025245067614818457
trpo_noise_it091,0.731,60,0.9738271771992757,0.9672839714990945,0.00018051108181201518
trpo_noise_it091,0.732,60,0.9741314142799921,0.96766426784999,0.000193326447041092
trpo_noise_it091,0.733,60,0.9740087035279896,0.9675108794099869,0.00015365856210286142
trpo_noise_it091,0.734,60,0.9739196421763939,0.9673995527204923,0.0001304511731777534
trpo_noise_it091,0.735,60,0.9737007660110027,0.9671259575137534,0.00017816962044128593
trpo_noise_it091,0.736,60,0.9761520889807871,0.9701901112259839,0.00010330152656665837
trpo_noise_it091,0.737,60,0.9732971274695412,0.9666214093369266,0.00010521941695701644
trpo_noise_it091,0.738,60,0.9743497935060591,0.9679372418825738,0.00013530626439312577
trpo_noise_it091,0.739,60,0.9725097165279444,0.9656371456599305,0.0001428024335694699
trpo_noise_it091,0.74,60,0.9741307907121002,0.9676634883901251,0.00018080848815713455
trpo_noise_it091,0.741,60,0.9766500155258572,0.9708125194073213,0.00010837679534712195
trpo_noise_it091,0.742,60,0.9747858122527551,0.9684822653159437,0.0001737221896713322
trpo_noise_it091,0.743,60,0.9726313906694263,0.965789238336783,0.00018312681180951055
trpo_noise_it091,0.744,60,0.9716472085853521,0.9645590107316901,0.00018585398421161153
trpo_noise_it091,0.745,60,0.9738249169707045,0.9672811462133807,0.00014196212672635275
trpo_noise_it091,0.746,60,0.9747363822628099,0.9684204778285124,0.00017746284672499112
trpo_noise_it091,0.747,60,0.9723371158654202,0.965421394831775,0.0001951824595169362
trpo_noise_it091,0.748,60,0.9723506133256505,0.9654382666570631,0.00012472311424443512
trpo_noise_it091,0.749,60,0.9748100593569515,0.9685125741961892,0.0001359281860887788
trpo_noise_it091,0.75,60,0.9722131252622681,0.965266406577835,0.00017018311628874905
trpo_noise_it091,0.751,60,0.9756676606607595,0.9695845758259495,0.00013981116550508066
trpo_noise_it091,0.752,60,0.970589530490968,0.96323691311371,0.00020340105654044572
trpo_noise_it091,0.753,60,0.9722157273398624,0.9652696591748282,0.0001716981101986651
trpo_noise_it091,0.754,60,0.9743305025284923,0.9679131281606154,0.0001445238907961494
trpo_noise_it091,0.755,60,0.9738172705006299,0.9672715881257871,0.00018372800246970825
trpo_noise_it091,0.756,60,0.9748945700448552,0.9686182125560691,0.00010468424213196773
trpo_noise_it091,0.757,60,0.9718020597052835,0.9647525746316047,0.00022866246770062088
trpo_noise_it091,0.758,60,0.9726048043446078,0.9657560054307598,0.00016678671431864185
trpo_noise_it091,0.759,60,0.9717411671792647,0.9646764589740808,0.00017699785746334702
trpo_noise_it091,0.76,60,0.9737120147802613,0.9671400184753266,0.00015093016543823412
trpo_noise_it091,0.761,60,0.9723539024660636,0.9654423780825793,0.00015712825196153972
trpo_noise_it091,0.762,60,0.9727726736137297,0.9659658420171622,0.0001740043078149469
trpo_noise_it091,0.763,60,0.9746444918316375,0.9683056147895467,0.00019163055650676093
trpo_noise_it091,0.764,60,0.9732784124048419,0.9665980155060523,0.00017136547353562768
trpo_noise_it091,0.765,60,0.9735339370507119,0.9669174213133895,0.0002223331915072883
trpo_noise_it091,0.766,60,0.9718408518548298,0.9648010648185371,0.0001824223879786912
trpo_noise_it091,0.767,60,0.9725240351592815,0.9656550439491016,0.00014954603710206192
trpo_noise_it091,0.768,60,0.9737265841998006,0.9671582302497507,0.00012149647308154944
trpo_noise_it091,0.769,60,0.9702754024009773,0.9628442530012216,0.000187768682305758
trpo_noise_it091,0.77,60,0.9734407701883447,0.9668009627354311,0.00012044691894217713
trpo_noise_it091,0.771,60,0.9721586740337749,0.965198342542219,0.00021600654364430807
trpo_noise_it091,0.772,60,0.9709562377794889,0.963695297224361,0.00020833889372221388
trpo_noise_it091,0.773,60,0.9730709723089096,0.9663387153861368,0.0001559282072774328
trpo_noise_it091,0.774,60,0.9717006431325516,0.9646258039156893,0.00017352349724646194
trpo_noise_it091,0.775,60,0.9703656664703271,0.9629570830879088,0.0001738489058616925
trpo_noise_it091,0.776,60,0.9755547517310202,0.9694434396637751,0.00010663150334951194
trpo_noise_it091,0.777,60,0.9697068841282711,0.9621336051603386,0.00026742385896658165
trpo_noise_it091,0.778,60,0.9730396078880809,0.9662995098601008,0.0001495759874060273
trpo_noise_it091,0.779,60,0.9717496275373816,0.9646870344217267,0.00014834785665339195
trpo_noise_it091,0.78,60,0.9719971681403256,0.9649964601754065,0.00016137270789187572
trpo_noise_it091,0.781,60,0.9717371419271905,0.964671427408988,0.00020163254518017827
trpo_noise_it091,0.782,60,0.9732511520785826,0.966563940098228,0.00019475968358913606
trpo_noise_it091,0.783,60,0.9712948687470857,0.9641185859338568,0.00012199185915183696
trpo_noise_it091,0.784,60,0.9714314051250157,0.9642892564062695,0.00017360472526998334
trpo_noise_it091,0.785,60,0.9741644678935124,0.9677055848668907,0.0002398852740510088
trpo_noise_it091,0.786,60,0.9719658024799017,0.9649572530998772,0.00017283353801133015
trpo_noise_it091,0.787,60,0.9714534310564169,0.964316788820521,0.00020845199145558269
trpo_noise_it091,0.788,60,0.970672663782381,0.9633408297279763,0.0003327857356456867
trpo_noise_it091,0.789,60,0.9718492981363802,0.9648116226704755,0.00016805749543419946
trpo_noise_it091,0.79,60,0.9711658708753028,0.9639573385941287,0.00018940849454317886
trpo_noise_it091,0.791,60,0.9699492110849758,0.9624365138562196,0.0002565414253445048
trpo_noise_it091,0.792,60,0.9712737380035723,0.9640921725044649,0.00020266523316649226
trpo_noise_it091,0.793,60,0.9736622691101765,0.9670778363877207,0.00014454068069259715
trpo_noise_it091,0.794,60,0.9733143528134779,0.9666429410168474,0.00018032000299214642
trpo_noise_it091,0.795,60,0.9715811766403656,0.9644764708004572,0.0001458611737431437
trpo_noise_it091,0.796,60,0.968848830968079,0.9610610387100984,0.0002664519171260321
trpo_noise_it091,0.797,60,0.9722722632076053,0.9653403290095067,0.00016219544472429416
trpo_noise_it091,0.798,60,0.9711827031209292,0.9639783789011619,0.00021221389229684765
trpo_noise_it091,0.799,60,0.9727154233119123,0.9658942791398902,0.00018563839231765684
trpo_noise_it091,0.8,60,0.971938304931967,0.9649228811649587,0.0001702416759923455
trpo_noise_it091,0.801,60,0.9715692488889595,0.9644615611111994,0.00022530698731666081
trpo_noise_it091,0.802,60,0.9701335691280613,0.9626669614100762,0.0002601589425227322
trpo_noise_it091,0.803,60,0.9687744354416709,0.9609680443020884,0.00020659095801309226
trpo_noise_it091,0.804,60,0.9713319878132239,0.9641649847665298,0.00014830169065214232
trpo_noise_it091,0.805,60,0.9685221038160737,0.960652629770092,0.0002549638184185274
trpo_noise_it091,0.806,60,0.9705954554246647,0.9632443192808309,0.00023101718357511553
trpo_noise_it091,0.807,60,0.9702317501841611,0.9627896877302013,0.00019225129623660775
trpo_noise_it091,0.808,60,0.9694523937623498,0.9618154922029372,0.00021526158798849292
trpo_noise_it091,0.809,60,0.970742181776076,0.963427727220095,0.0001417726583548588
trpo_noise_it091,0.81,60,0.9729133841540478,0.9661417301925597,0.00014629824463323218
trpo_noise_it091,0.811,60,0.9714772464362371,0.9643465580452965,0.0002553842663551816
trpo_noise_it091,0.812,60,0.9709590892719078,0.9636988615898842,0.00022396759856000773
trpo_noise_it091,0.813,60,0.972543674095987,0.9656795926199837,0.00018391010267864574
trpo_noise_it091,0.814,60,0.9690827852959052,0.9613534816198812,0.00018238612243594608
trpo_noise_it091,0.815,60,0.9713857112040964,0.9642321390051204,0.0001813243991066699
trpo_noise_it091,0.816,60,0.9693182216530123,0.9616477770662653,0.0001346553052216556
trpo_noise_it091,0.817,60,0.9698969574165226,0.962371196770653,0.00023018629046168406
trpo_noise_it091,0.818,60,0.9705981764404705,0.9632477205505882,0.00020016296704216955
trpo_noise_it091,0.819,60,0.9697876534133365,0.9622345667666704,0.00021030416908747004
trpo_noise_it091,0.82,60,0.9689787868066397,0.9612234835082994,0.00024853931806822805
trpo_noise_it091,0.821,60,0.9692291480116637,0.9615364350145794,0.00024538749537454224
trpo_noise_it091,0.822,60,0.9724300375021976,0.9655375468777468,0.0001504742369157652
trpo_noise_it091,0.823,60,0.9698914089197107,0.9623642611496385,0.0002276700307352475
trpo_noise_it091,0.824,60,0.9697326273200378,0.9621657841500474,0.0002132580752449047
trpo_noise_it091,0.825,60,0.9726381581224193,0.9657976976530239,0.0001723104916417973
trpo_noise_it091,0.826,60,0.9688834700336502,0.9611043375420627,0.000320468299668584
trpo_noise_it091,0.827,60,0.968040601762864,0.9600507522035798,0.00021782462638938945
trpo_noise_it091,0.828,60,0.9714032782433784,0.9642540978042228,0.0002624009183860616
trpo_noise_it091,0.829,60,0.9682916040082518,0.9603645050103148,0.0002477086162181791
trpo_noise_it091,0.83,60,0.9705396550986181,0.9631745688732724,0.00017079648834633472
trpo_noise_it091,0.831,60,0.9690500717481225,0.9613125896851531,0.00024013279661315803
trpo_noise_it091,0.832,60,0.969422339369018,0.9617779242112726,0.00024061276343727707
trpo_noise_it091,0.833,60,0.9649974981449456,0.956246872681182,0.00037234515287425877
trpo_noise_it091,0.834,60,0.9716623812294402,0.9645779765368002,0.00016139617615269067
trpo_noise_it091,0.835,60,0.9673574753857554,0.9591968442321944,0.0002683610578882781
trpo_noise_it091,0.836,60,0.968870905311545,0.961088631639431,0.0001691884371265703
trpo_noise_it091,0.837,60,0.968491143926266,0.9606139299078325,0.0001756065787474921
trpo_noise_it091,0.838,60,0.9675042926370726,0.9593803657963409,0.00019255031914617622
trpo_noise_it091,0.839,60,0.9690293481170049,0.961286685146256,0.00026336769482573636
trpo_noise_it091,0.84,60,0.9696486021359253,0.9620607526699064,0.00019879727643141624
trpo_noise_it091,0.841,60,0.9716817199953859,0.9646021499942324,0.0001612914793067237
trpo_noise_it091,0.842,60,0.9691059148169977,0.961382393521247,0.00017311650804546013
trpo_noise_it091,0.843,60,0.9664551180788866,0.958068897598608,0.00020247758057240258
trpo_noise_it091,0.844,60,0.9698888989115174,0.9623611236393965,0.00015251162972402364
trpo_noise_it091,0.845,60,0.9691724352099849,0.961465544012481,0.00023247190617586716
trpo_noise_it091,0.846,60,0.9696900244148949,0.9621125305186186,0.0001325730420653067
trpo_noise_it091,0.847,60,0.9690241552289494,0.9612801940361864,0.0003339495606980866
trpo_noise_it091,0.848,60,0.9699952890043481,0.962494111255435,0.0001619538647962765
trpo_noise_it091,0.849,60,0.9701718769771971,0.9627148462214963,0.00017322801251946012
trpo_noise_it091,0.85,60,0.9673958670605395,0.9592448338256745,0.00022570137462746344
trpo_noise_it091,0.851,60,0.9685932934558341,0.9607416168197925,0.00020187355318536675
trpo_noise_it091,0.852,60,0.9678753795083396,0.9598442243854245,0.00015597355546707956
trpo_noise_it091,0.853,60,0.9682215098713786,0.960276887339223,0.0002182630114272026
trpo_noise_it091,0.854,60,0.9671053550828147,0.9588816938535182,0.0002562050796463769
trpo_noise_it091,0.855,60,0.9672803117359717,0.9591003896699646,0.0002855893527988934
trpo_noise_it091,0.856,60,0.9673802461099177,0.9592253076373971,0.00025583165608232403
trpo_noise_it091,0.857,60,0.9675929569003074,0.9594911961253842,0.0002582780580539245
trpo_noise_it091,0.858,60,0.9669644294994184,0.958705536874273,0.0002425994167617721
trpo_noise_it091,0.859,60,0.9670783289272266,0.9588479111590332,0.000217886597301866
trpo_noise_it091,0.86,60,0.9663379444751352,0.957922430593919,0.0003353603832350784
trpo_noise_it091,0.861,60,0.9688072200973384,0.9610090251216731,0.00022311973758398513
trpo_noise_it091,0.862,60,0.9659249350603599,0.9574061688254498,0.0002495603396233667
trpo_noise_it091,0.863,60,0.9686662618452453,0.9608328273065564,0.00018026448926393042
trpo_noise_it091,0.864,60,0.9696616503743265,0.962077062967908,0.00028360913769533543
trpo_noise_it091,0.865,60,0.9680773496481913,0.9600966870602388,0.00028465120025630305
trpo_noise_it091,0.866,60,0.9660289355724793,0.9575361694655992,0.00027418531593736024
trpo_noise_it091,0.867,60,0.9689065090378552,0.9611331362973188,0.00020063813205072856
trpo_noise_it091,0.868,60,0.9684159044156622,0.9605198805195775,0.0001918120318505397
trpo_noise_it091,0.869,60,0.9689123137025378,0.9611403921281723,0.0002492470757889267
trpo_noise_it091,0.87,60,0.9638833421670108,0.9548541777087636,0.00030115698388567184
trpo_noise_it091,0.871,60,0.9696672303194195,0.9620840378992743,0.00025808709146969065
trpo_noise_it091,0.872,60,0.9684429448377069,0.9605536810471335,0.0002502071252742569
trpo_noise_it091,0.873,60,0.9684728237544671,0.9605910296930834,0.0002085655138559176
trpo_noise_it091,0.874,60,0.9641757267298199,0.9552196584122749,0.0003554982811832237
trpo_noise_it091,0.875,60,0.9656097388079637,0.9570121735099544,0.0003116496441353504
trpo_noise_it091,0.876,60,0.966913709436812,0.958642136796015,0.00026104743051832974
trpo_noise_it091,0.877,60,0.966092547248411,0.9576156840605136,0.00017885024567567036
trpo_noise_it091,0.878,60,0.9683254546218418,0.9604068182773022,0.00023425703370733353
trpo_noise_it091,0.879,60,0.9668322048125408,0.9585402560156758,0.00019548428312094582
trpo_noise_it091,0.88,60,0.9674009679674035,0.9592512099592542,0.0002898461150148415
trpo_noise_it091,0.881,60,0.9648698917851672,0.9560873647314587,0.00027540223215012573
trpo_noise_it091,0.882,60,0.9652923565980999,0.956615445747625,0.00020934774988873387
trpo_noise_it091,0.883,60,0.9686544565566688,0.960818070695836,0.00013944060708485868
trpo_noise_it091,0.884,60,0.9663615339023182,0.957951917377898,0.0002568787927965595
trpo_noise_it091,0.885,60,0.9657035856557514,0.9571294820696893,0.00022033205060198615
trpo_noise_it091,0.886,60,0.9648210785313727,0.9560263481642157,0.0003036625249177933
trpo_noise_it091,0.887,60,0.9666724120694474,0.958340515086809,0.0002117776977538033
trpo_noise_it091,0.888,60,0.9655749093935262,0.9569686367419078,0.00022680698940576838
trpo_noise_it091,0.889,60,0.966573314704064,0.9582166433800802,0.00022726378175994233
trpo_noise_it091,0.89,60,0.9680627026923617,0.9600783783654521,0.0001471008941139269
trpo_noise_it091,0.891,60,0.9695625510373674,0.9619531887967089,0.00021393292355658015
trpo_noise_it091,0.892,60,0.9692182473218818,0.9615228091523521,0.00019335972217632857
trpo_noise_it091,0.893,60,0.9679111831373759,0.9598889789217198,0.00019445728899416498
trpo_noise_it091,0.894,60,0.9665170323488893,0.9581462904361117,0.0002999131083000455
trpo_noise_it091,0.895,60,0.9630639974408111,0.9538299968010137,0.00033519979438210323
trpo_noise_it091,0.896,60,0.9660166280548158,0.9575207850685198,0.0002875220121139511
trpo_noise_it091,0.897,60,0.9688143837163357,0.9610179796454196,0.00018673652827223185
trpo_noise_it091,0.898,60,0.9659713323831371,0.9574641654789214,0.00018740041089713037
trpo_noise_it091,0.899,60,0.9663665305820139,0.9579581632275175,0.00028434780376692753
trpo_noise_it091,0.9,60,0.9636484708965473,0.954560588620684,0.0003062927463276046
trpo_noise_it091,0.901,60,0.9695369303506841,0.9619211629383551,0.00018238214613899343
trpo_noise_it091,0.902,60,0.9700899324697684,0.9626124155872102,0.00018214795152495807
trpo_noise_it091,0.903,60,0.9674541078275564,0.9593176347844455,0.00019022693579935298
trpo_noise_it091,0.904,60,0.9657142233798267,0.9571427792247833,0.0002522648645883086
trpo_noise_it091,0.905,60,0.9669960695704468,0.9587450869630584,0.0002677612666474425
trpo_noise_it091,0.906,60,0.9619678383149805,0.9524597978937253,0.00029675078710981003
trpo_noise_it091,0.907,60,0.9652672056103392,0.9565840070129242,0.0002711126959836441
trpo_noise_it091,0.908,60,0.9661298368655192,0.9576622960818988,0.00026108391839991743
trpo_noise_it091,0.909,60,0.9666693895368405,0.9583367369210504,0.000254121201481978
trpo_noise_it091,0.91,60,0.9634807442885638,0.9543509303607045,0.00026456065875603984
trpo_noise_it091,0.911,60,0.9662622183696474,0.9578277729620595,0.00026370432289478716
trpo_noise_it091,0.912,60,0.9637826521721937,0.9547283152152423,0.00023023756021458544
trpo_noise_it091,0.913,60,0.965347884528974,0.9566848556612173,0.0003646697513232364
trpo_noise_it091,0.914,60,0.9647428080211053,0.9559285100263818,0.0003092699898166398
trpo_noise_it091,0.915,60,0.968437906279603,0.9605473828495037,0.00025194295326547524
trpo_noise_it091,0.916,60,0.9644525400587742,0.9555656750734678,0.00032120915171378155
trpo_noise_it091,0.917,60,0.9651850057133325,0.9564812571416657,0.00021169635731807095
trpo_noise_it091,0.918,60,0.9665798782216677,0.9582248477770846,0.0002049665715645416
trpo_noise_it091,0.919,60,0.9638995498613956,0.9548744373267442,0.00026465941767115134
trpo_noise_it091,0.92,60,0.9680022033906686,0.9600027542383359,0.00025345272946991106
trpo_noise_it091,0.921,60,0.9666382662035851,0.9582978327544811,0.0002022445646262945
trpo_noise_it091,0.922,60,0.9629806715163034,0.9537258393953792,0.00034467801318304836
trpo_noise_it091,0.923,60,0.9664703771251868,0.9580879714064833,0.0002646065654548314
trpo_noise_it091,0.924,60,0.967712275128141,0.9596403439101766,0.0003064316475107617
trpo_noise_it091,0.925,60,0.9629631973763367,0.953703996720421,0.0003808109690932609
trpo_noise_it091,0.926,60,0.967294879036324,0.9591185987954051,0.0002362068121216403
trpo_noise_it091,0.927,60,0.9650203352231401,0.9562754190289252,0.00030690409895032785
trpo_noise_it091,0.928,60,0.9661309155389919,0.9576636444237399,0.000250761814878778
trpo_noise_it091,0.929,60,0.964229733381338,0.9552871667266726,0.0003086100668832156
trpo_noise_it091,0.93,60,0.9645210602149827,0.9556513252687283,0.000297270671096932
trpo_noise_it091,0.931,60,0.9628216869612249,0.9535271087015309,0.0003645674985805102
trpo_noise_it091,0.932,60,0.9648616519166956,0.9560770648958694,0.00021460114124056314
trpo_noise_it091,0.933,60,0.9662619327859222,0.9578274159824026,0.00024832288153280117
trpo_noise_it091,0.934,60,0.9655651221631243,0.9569564027039051,0.0003899423794569045
trpo_noise_it091,0.935,60,0.9647120739450913,0.9558900924313639,0.0003500421512389034
trpo_noise_it091,0.936,60,0.9619510225718635,0.9524387782148293,0.0003699214302903731
trpo_noise_it091,0.937,60,0.9676622326726729,0.9595777908408412,0.0002584095023402936
trpo_noise_it091,0.938,60,0.9624481683003094,0.9530602103753866,0.00034820515097910555
trpo_noise_it091,0.939,60,0.9626462027908389,0.9533077534885487,0.0003422776542570287
trpo_noise_it091,0.94,60,0.9645678481320972,0.9557098101651214,0.00033822842642302253
trpo_noise_it091,0.941,60,0.9620769302380783,0.9525961627975977,0.0002515346186865094
trpo_noise_it091,0.942,60,0.9648564782404971,0.9560705978006215,0.00030420784902113196
trpo_noise_it091,0.943,60,0.962798077648662,0.9534975970608274,0.00034410291352070124
trpo_noise_it091,0.944,60,0.9607724957036556,0.9509656196295695,0.0003259758133603311
trpo_noise_it091,0.945,60,0.960846963940006,0.9510587049250074,0.0003462263637033421
trpo_noise_it091,0.946,60,0.9645275771964172,0.9556594714955213,0.0002733863391524867
trpo_noise_it091,0.947,60,0.9647148332749048,0.9558935415936308,0.0002049167707124186
trpo_noise_it091,0.948,60,0.9656216883700808,0.9570271104626009,0.00031695876263623004
trpo_noise_it091,0.949,60,0.962546766506954,0.9531834581336923,0.00030668868658261205
trpo_noise_it091,0.95,60,0.9611558494820205,0.9514448118525255,0.0003798396119574326
trpo_noise_it091,0.951,60,0.9627375608274751,0.9534219510343438,0.0003286658006232118
trpo_noise_it091,0.952,60,0.9626328990908057,0.9532911238635072,0.0003301506360899935
trpo_noise_it091,0.953,60,0.9634311767394753,0.9542889709243441,0.0003414086805906869
trpo_noise_it091,0.954,60,0.9620474110619615,0.9525592638274518,0.0003607585110790406
trpo_noise_it091,0.955,60,0.964430149468916,0.955537686836145,0.0003412376483885208
trpo_noise_it091,0.956,60,0.9658876369947559,0.9573595462434448,0.00027019269039092335
trpo_noise_it091,0.957,60,0.9650669571063916,0.9563336963829897,0.00026166756277377836
trpo_noise_it091,0.958,60,0.9646839942348239,0.9558549927935298,0.0002739811588886759
trpo_noise_it091,0.959,60,0.9651662361154938,0.9564577951443672,0.00028594895751974205
trpo_noise_it091,0.96,60,0.9620452111709454,0.9525565139636819,0.0003063319452795611
trpo_noise_it091,0.961,60,0.9608960693180415,0.951120086647552,0.0004229163699769532
trpo_noise_it091,0.962,60,0.9647765346141377,0.9559706682676717,0.0002452468218819759
trpo_noise_it091,0.963,60,0.9640710202492984,0.9550887753116228,0.0003087572813766399
trpo_noise_it091,0.964,60,0.9668929391298949,0.9586161739123686,0.0001759826626424868
trpo_noise_it091,0.965,60,0.9638892009984383,0.954861501248048,0.00028925503228334747
trpo_noise_it091,0.966,60,0.961087861026514,0.9513598262831425,0.0003216521646704671
trpo_noise_it091,0.967,60,0.9589823625918168,0.948727953239771,0.000338584954754261
trpo_noise_it091,0.968,60,0.9612186205752439,0.951523275719055,0.00041158912794146994
trpo_noise_it091,0.969,60,0.9622654299066554,0.9528317873833194,0.000366002034217754
trpo_noise_it091,0.97,60,0.9618482383680299,0.9523102979600374,0.0002426155641013837
trpo_noise_it091,0.971,60,0.961610129836267,0.9520126622953337,0.0003407222116390218
trpo_noise_it091,0.972,60,0.9666126945302257,0.9582658681627821,0.0003004599302768
trpo_noise_it091,0.973,60,0.9618896597994621,0.9523620747493278,0.0003263001847140983
trpo_noise_it091,0.974,60,0.9606106872922503,0.9507633591153126,0.0003215678882238419
trpo_noise_it091,0.975,60,0.9611238661573961,0.951404832696745,0.0003704499502870768
trpo_noise_it091,0.976,60,0.9617905821564415,0.952238227695552,0.00037434607729215565
trpo_noise_it091,0.977,60,0.9639745291391311,0.9549681614239138,0.0002897499115820913
trpo_noise_it091,0.978,60,0.9635097569652026,0.9543871962065033,0.00031283945754645323
trpo_noise_it091,0.979,60,0.9619631771014611,0.9524539713768263,0.0002958328817706343
trpo_noise_it091,0.98,60,0.9622058628515054,0.9527573285643818,0.0003659829704341221
trpo_noise_it091,0.981,60,0.9623309095783569,0.9529136369729461,0.00030586132167211325
trpo_noise_it091,0.982,60,0.9631951348899794,0.9539939186124745,0.0002511099787126953
trpo_noise_it091,0.983,60,0.965321458086168,0.95665182260771,0.00024165228460767995
trpo_noise_it091,0.984,60,0.9614049035205247,0.9517561294006557,0.0002978841412224415
trpo_noise_it091,0.985,60,0.9609604921461679,0.9512006151827098,0.00026634365194429325
trpo_noise_it091,0.986,60,0.95991615500939,0.9498951937617374,0.00027841839955220843
trpo_noise_it091,0.987,60,0.9587508136143325,0.9484385170179154,0.00045215217784703597
trpo_noise_it091,0.988,60,0.960889222488498,0.9511115281106225,0.0004524797196861009
trpo_noise_it091,0.989,60,0.9584720637317052,0.9480900796646314,0.00041299418596932037
trpo_noise_it091,0.99,60,0.959189582745358,0.9489869784316979,0.0003594974936682798
trpo_noise_it091,0.991,60,0.9631279314302944,0.9539099142878681,0.0002732782164545616
trpo_noise_it091,0.992,60,0.9632073452456775,0.9540091815570969,0.00045514918787091166
trpo_noise_it091,0.993,60,0.9614075470419485,0.9517594338024353,0.0002337358720951326
trpo_noise_it091,0.994,60,0.9599547190403194,0.9499433988003992,0.00030622731594606424
trpo_noise_it091,0.995,60,0.9586293683664913,0.948286710458114,0.0004044261872205677
trpo_noise_it091,0.996,60,0.9636114327915539,0.9545142909894421,0.00020468862569021951
trpo_noise_it091,0.997,60,0.9582916104810137,0.947864513101267,0.0004292939311250186
trpo_noise_it091,0.998,60,0.9592558094347308,0.9490697617934134,0.0004066489956925697
trpo_noise_it091,0.999,60,0.9602870584086644,0.9503588230108305,0.0003659341106701053
trpo_noise_it091,1.0,60,0.9629061310214141,0.9536326637767676,0.00026747951606655943
trpo_noise_it091,1.001,60,0.9615513302059656,0.951939162757457,0.0002104306491150344
trpo_noise_it091,1.002,60,0.9601901049038674,0.9502376311298343,0.0003410806218889111
trpo_noise_it091,1.003,60,0.960115039833138,0.9501437997914224,0.0002894552648944662
trpo_noise_it091,1.004,60,0.9566923154945948,0.9458653943682431,0.0005314537050127597
trpo_noise_it091,1.005,60,0.9613455464910281,0.951681933113785,0.0002618749445342378
trpo_noise_it091,1.006,60,0.9585372648549649,0.948171581068706,0.00038021180337412085
trpo_noise_it091,1.007,60,0.9562602202624184,0.9453252753280232,0.0005370547968653654
trpo_noise_it091,1.008,60,0.9596919714235341,0.9496149642794175,0.00034706042720135074
trpo_noise_it091,1.009,60,0.9589668022391509,0.9487085027989385,0.00035079951151662577
trpo_noise_it091,1.01,60,0.9591856125985061,0.9489820157481328,0.00032609409885243576
trpo_noise_it091,1.011,60,0.9632122386489567,0.9540152983111958,0.0002729739241985961
trpo_noise_it091,1.012,60,0.9611002053067708,0.9513752566334636,0.0002992212841802429
trpo_noise_it091,1.013,60,0.9613976416332876,0.9517470520416096,0.00027423722310259254
trpo_noise_it091,1.014,60,0.960991907883387,0.9512398848542338,0.000369665678223209
trpo_noise_it091,1.015,60,0.9613417455951083,0.9516771819938853,0.00030302853238101313
trpo_noise_it091,1.016,60,0.958778467108369,0.9484730838854609,0.00032379078103353067
trpo_noise_it091,1.017,60,0.9565591233495161,0.945698904186895,0.0005509489325875122
trpo_noise_it091,1.018,60,0.9588368420716714,0.9485460525895891,0.00036067598075741834
trpo_noise_it091,1.019,60,0.9593491821133484,0.9491864776416856,0.0002819700632919764
trpo_noise_it091,1.02,60,0.9560679859218258,0.9450849824022822,0.00036263166963912527
trpo_noise_it091,1.021,60,0.9612554113768742,0.9515692642210927,0.00027706257528925803
trpo_noise_it091,1.022,60,0.9618255062747322,0.9522818828434151,0.00039044276820363304
trpo_noise_it091,1.023,60,0.9612850307594614,0.9516062884493266,0.00027644719949469515
trpo_noise_it091,1.024,60,0.9591355323611348,0.9489194154514184,0.0004964650079324235
trpo_noise_it091,1.025,60,0.9620989981827217,0.952623747728402,0.0002718168155066295
trpo_noise_it091,1.026,60,0.957275889946466,0.9465948624330823,0.00042067648364044224
trpo_noise_it091,1.027,60,0.9588789272360956,0.9485986590451193,0.0003489967510878009
trpo_noise_it091,1.028,60,0.9620909900117063,0.9526137375146327,0.00030509671168124365
trpo_noise_it091,1.029,60,0.9613571803562841,0.9516964754453551,0.0002812472016024984
trpo_noise_it091,1.03,60,0.9601081070606089,0.950135133825761,0.0004630256759606167
trpo_noise_it091,1.031,60,0.9589508427437802,0.9486885534297252,0.00045938451378177365
trpo_noise_it091,1.032,60,0.9576472015293009,0.9470590019116258,0.0003579788043291549
trpo_noise_it091,1.033,60,0.9608872240562336,0.951109030070292,0.00043857907553269563
trpo_noise_it091,1.034,60,0.9610280445512309,0.9512850556890385,0.00027884685174609414
trpo_noise_it091,1.035,60,0.9589141803477663,0.948642725434708,0.0003115710465641622
trpo_noise_it091,1.036,60,0.9583816651946307,0.9479770814932886,0.0005690715232012175
trpo_noise_it091,1.037,60,0.9576504083868109,0.9470630104835137,0.0005931701572306987
trpo_noise_it091,1.038,60,0.9534626213815408,0.9418282767269262,0.00043298494008976973
trpo_noise_it091,1.039,60,0.9596267096587561,0.9495333870734448,0.00038167004130402224
trpo_noise_it091,1.04,60,0.959509456010771,0.9493868200134636,0.0003832648850834097
trpo_noise_it091,1.041,60,0.9586606490458909,0.9483258113073636,0.0004921818929306831
trpo_noise_it091,1.042,60,0.9553222672960899,0.9441528341201124,0.0004252651426121911
trpo_noise_it091,1.043,60,0.9566181874822883,0.9457727343528604,0.0003759189657336617
trpo_noise_it091,1.044,60,0.9588703496887814,0.9485879371109768,0.0003982949890261923
trpo_noise_it091,1.045,60,0.9584393071452523,0.9480491339315653,0.00031116745039627014
trpo_noise_it091,1.046,60,0.9570876262381168,0.9463595327976458,0.0004811448745926375
trpo_noise_it091,1.047,60,0.9598554957414159,0.94981936967677,0.0004358300604184953
trpo_noise_it091,1.048,60,0.9582806693760575,0.947850836720072,0.0004772499803466475
trpo_noise_it091,1.049,60,0.9576743366842184,0.947092920855273,0.0003952167565701911
trpo_noise_it091,1.05,60,0.9585841851936037,0.9482302314920044,0.0002960706414986011
trpo_noise_it091,1.051,60,0.9622231821544557,0.9527789776930696,0.0003881762044926307
trpo_noise_it091,1.052,60,0.9545098883662931,0.9431373604578662,0.0004613031012254121
trpo_noise_it091,1.053,60,0.9599146228579125,0.9498932785723906,0.00034417783054668913
trpo_noise_it091,1.054,60,0.9587638874202377,0.9484548592752969,0.0003521725333254534
trpo_noise_it091,1.055,60,0.9547504837667982,0.9434381047084975,0.00044147650929721345
trpo_noise_it091,1.056,60,0.9577543558718482,0.9471929448398101,0.0006701659586542071
trpo_noise_it091,1.057,60,0.9581425074384697,0.9476781342980871,0.00029919956746959214
trpo_noise_it091,1.058,60,0.9600445739676435,0.9500557174595545,0.00023018142316574207
trpo_noise_it091,1.059,60,0.9576844762585793,0.947105595323224,0.0003412671600727688
trpo_noise_it091,1.06,60,0.956253099883098,0.9453163748538723,0.0005633302586672193
trpo_noise_it091,1.061,60,0.9595985764326663,0.9494982205408327,0.0003929642646884297
trpo_noise_it091,1.062,60,0.9584329163746705,0.9480411454683381,0.0005144087432955376
trpo_noise_it091,1.063,60,0.9564288251576234,0.9455360314470294,0.0003984893120137365
trpo_noise_it091,1.064,60,0.9540406409081673,0.9425508011352091,0.0005513556130439828
trpo_noise_it091,1.065,60,0.9560830086543682,0.9451037608179605,0.00045969384580674133
trpo_noise_it091,1.066,60,0.9586975489830156,0.9483719362287694,0.0006071879448825192
trpo_noise_it091,1.067,60,0.9583927115482229,0.9479908894352786,0.0003443995390752755
trpo_noise_it091,1.068,60,0.9560093835310465,0.9450117294138081,0.0003556286009094361
trpo_noise_it091,1.069,60,0.9576183378163681,0.9470229222704599,0.00039974313740365425
trpo_noise_it091,1.07,60,0.9556742046548182,0.9445927558185225,0.0003629814140583867
trpo_noise_it091,1.071,60,0.9530361488961625,0.9412951861202031,0.0004666179426885744
trpo_noise_it091,1.072,60,0.9564836470002259,0.9456045587502823,0.000354925284488667
trpo_noise_it091,1.073,60,0.9533626149857444,0.9417032687321802,0.0004581858323133988
trpo_noise_it091,1.074,60,0.9556542756802191,0.9445678446002737,0.0004995702227959709
trpo_noise_it091,1.075,60,0.9559895513263943,0.9449869391579929,0.0003585072444529649
trpo_noise_it091,1.076,60,0.9522277142580653,0.9402846428225814,0.0004841687164098706
trpo_noise_it091,1.077,60,0.9551950026978219,0.9439937533722771,0.0005050655554648615
trpo_noise_it091,1.078,60,0.9563256799291999,0.9454070999114997,0.00046559367333183895
trpo_noise_it091,1.079,60,0.9542737053889252,0.9428421317361565,0.0003884292541795229
trpo_noise_it091,1.08,60,0.9593671581386872,0.9492089476733591,0.00034422701470363925
trpo_noise_it091,1.081,60,0.9553879613435154,0.9442349516793943,0.0005233753396251498
trpo_noise_it091,1.082,60,0.9543135717179188,0.9428919646473983,0.00041200707996714157
trpo_noise_it091,1.083,60,0.9540551921378736,0.9425689901723421,0.000733114484522117
trpo_noise_it091,1.084,60,0.9532868527294547,0.9416085659118182,0.0006932109853575954
trpo_noise_it091,1.085,60,0.9527322033137005,0.9409152541421256,0.00039162814294394475
trpo_noise_it091,1.086,60,0.9562091314393275,0.9452614142991594,0.0004490973529977873
trpo_noise_it091,1.087,60,0.9519425616484756,0.9399282020605946,0.0005399452325294565
trpo_noise_it091,1.088,60,0.9503507139211899,0.937938392401487,0.00039576192675692615
trpo_noise_it091,1.089,60,0.9520565281853735,0.9400706602317167,0.00027948270919887265
trpo_noise_it091,1.09,60,0.9558146163241745,0.944768270405218,0.0003357532613453708
trpo_noise_it091,1.091,60,0.9559671834694341,0.9449589793367926,0.00041674691559468873
trpo_noise_it091,1.092,60,0.9520913764605627,0.9401142205757033,0.0005815782230358167
trpo_noise_it091,1.093,60,0.95172091940386,0.9396511492548248,0.0005636802169339123
trpo_noise_it091,1.094,60,0.9535730143848813,0.9419662679811014,0.0005014431553110792
trpo_noise_it091,1.095,60,0.9564633433077218,0.9455791791346523,0.0003585620337350661
trpo_noise_it091,1.096,60,0.9559041891718935,0.9448802364648671,0.0003362189583212399
trpo_noise_it091,1.097,60,0.9563810435777271,0.9454763044721586,0.0004193542500083003
trpo_noise_it091,1.098,60,0.9544611151287189,0.9430763939108985,0.0004829109004874781
trpo_noise_it091,1.099,60,0.9559654293937605,0.9449567867422011,0.0004325988656372238
trpo_noise_it091,1.1,60,0.9543021367060611,0.9428776708825761,0.0004926912280043195
trpo_noise_it091,1.101,60,0.9549767778041791,0.9437209722552237,0.0005989399801056079
trpo_noise_it091,1.102,60,0.9511514010160664,0.9389392512700832,0.0004823689964728224
trpo_noise_it091,1.103,60,0.9543567533987372,0.9429459417484214,0.0004833683387403571
trpo_noise_it091,1.104,60,0.9554471370717128,0.9443089213396412,0.0004352035499039744
trpo_noise_it091,1.105,60,0.9559190588955411,0.944898823619426,0.0002635702901760331
trpo_noise_it091,1.106,60,0.9537042719655017,0.942130339956877,0.00056322727951524
trpo_noise_it091,1.107,60,0.9535613337881247,0.9419516672351558,0.000432434622553249
trpo_noise_it091,1.108,60,0.955588881489949,0.9444861018624364,0.0003858897210609063
trpo_noise_it091,1.109,60,0.953536478975138,0.9419205987189224,0.00042923921789566157
trpo_noise_it091,1.11,60,0.9508487128351798,0.9385608910439748,0.0006751212376626285
trpo_noise_it091,1.111,60,0.9567887979272953,0.9459859974091189,0.0003225729390352109
trpo_noise_it091,1.112,60,0.9523775940542714,0.9404719925678392,0.0004648652484501154
trpo_noise_it091,1.113,60,0.9536089093323196,0.9420111366653997,0.0004582469121181602
trpo_noise_it091,1.114,60,0.9531228843860856,0.9414036054826069,0.000563100879651907
trpo_noise_it091,1.115,60,0.953930667155062,0.9424133339438274,0.0002850295678960052
trpo_noise_it091,1.116,60,0.9539919389038745,0.942489923629843,0.0004694454083654393
trpo_noise_it091,1.117,60,0.9544947807594131,0.9431184759492663,0.0004786709045080651
trpo_noise_it091,1.118,60,0.9554238621749921,0.9442798277187396,0.0003657951866982785
trpo_noise_it091,1.119,60,0.9537627313871664,0.9422034142339583,0.0006424063259673826
trpo_noise_it091,1.12,60,0.9469245526749456,0.9336556908436822,0.0006434615182335107
trpo_noise_it091,1.121,60,0.9524406203521818,0.9405507754402269,0.00048398863221387845
trpo_noise_it091,1.122,60,0.9520140578121575,0.9400175722651968,0.0004076439874301417
trpo_noise_it091,1.123,60,0.9503425562175792,0.937928195271974,0.00047184259374909426
trpo_noise_it091,1.124,60,0.9535121478946031,0.9418901848682542,0.0004599894069277734
trpo_noise_it091,1.125,60,0.9536960376997495,0.942120047124687,0.0004928174189121386
trpo_noise_it091,1.126,60,0.9569109166436841,0.9461386458046049,0.00042130672821419856
trpo_noise_it091,1.127,60,0.9475885143971571,0.9344856429964459,0.0004880701573819044
trpo_noise_it091,1.128,60,0.9551678845825529,0.9439598557281905,0.0005420403973185239
trpo_noise_it091,1.129,60,0.9556189137886997,0.9445236422358746,0.0003748881391495829
trpo_noise_it091,1.13,60,0.954341241978259,0.9429265524728236,0.000358615064873493
trpo_noise_it091,1.131,60,0.9555894657214158,0.9444868321517697,0.0003744856309073573
trpo_noise_it091,1.132,60,0.948570987530119,0.9357137344126489,0.0007550048847480308
trpo_noise_it091,1.133,60,0.9475233989987896,0.9344042487484872,0.00045352799185195187
trpo_noise_it091,1.134,60,0.9486939273146113,0.935867409143264,0.0007815761577292402
trpo_noise_it091,1.135,60,0.9499728036827279,0.9374660046034099,0.0006335032100859274
trpo_noise_it091,1.136,60,0.9536002262386583,0.942000282798323,0.00043518464522166307
trpo_noise_it091,1.137,60,0.9535830647538625,0.9419788309423278,0.00042446698021532733
trpo_noise_it091,1.138,60,0.9473850120140587,0.934231265017573,0.0009993239723901847
trpo_noise_it091,1.139,60,0.952598989577049,0.9407487369713115,0.00043449672195481145
trpo_noise_it091,1.14,60,0.9519014467100759,0.9398768083875949,0.0003836176778865532
trpo_noise_it091,1.141,60,0.9523766420579574,0.9404708025724466,0.000330908502318053
trpo_noise_it091,1.142,60,0.9494279691244515,0.9367849614055644,0.0005300446804575048
trpo_noise_it091,1.143,60,0.9504022779838766,0.9380028474798459,0.0006584021789064823
trpo_noise_it091,1.144,60,0.9532393459835294,0.9415491824794119,0.0004854216366328757
trpo_noise_it091,1.145,60,0.9514524551313865,0.9393155689142335,0.0004616058579155826
trpo_noise_it091,1.146,60,0.9488309901620682,0.9360387377025853,0.0006021979392904039
trpo_noise_it091,1.147,60,0.9521368916430801,0.94017111455385,0.00032884413565825076
trpo_noise_it091,1.148,60,0.9523340888751021,0.9404176110938774,0.00041966834824523966
trpo_noise_it091,1.149,60,0.954089210176198,0.9426115127202477,0.00038187717090191196
trpo_noise_it091,1.15,60,0.9531245233171071,0.9414056541463841,0.0005617542568176314
trpo_noise_it091,1.151,60,0.9524978226542817,0.940622278317852,0.0005521631390110137
trpo_noise_it091,1.152,60,0.9498280087611178,0.9372850109513976,0.000485214277488631
trpo_noise_it091,1.153,60,0.9524733015938947,0.9405916269923681,0.0005698448846353412
trpo_noise_it091,1.154,60,0.9508580022645149,0.9385725028306433,0.0004829614707886744
trpo_noise_it091,1.155,60,0.9486981767461636,0.9358727209327042,0.000528158537097559
trpo_noise_it091,1.156,60,0.9547310179533547,0.9434137724416936,0.00025720415188943785
trpo_noise_it091,1.157,60,0.956360042912055,0.9454500536400687,0.0005169801507198252
trpo_noise_it091,1.158,60,0.9516006826392319,0.9395008532990399,0.0004735180596008075
trpo_noise_it091,1.159,60,0.9524747126296907,0.9405933907871135,0.0005579183307652675
trpo_noise_it091,1.16,60,0.9474132432883495,0.934266554110437,0.0006500620881746334
trpo_noise_it091,1.161,60,0.9478478460279528,0.9348098075349409,0.0006661224395651053
trpo_noise_it091,1.162,60,0.9492813169199725,0.9366016461499654,0.0005246472977794579
trpo_noise_it091,1.163,60,0.9523752153583281,0.9404690191979103,0.0003747479742311659
trpo_noise_it091,1.164,60,0.9495735268285742,0.936966908535718,0.0005153819482861074
trpo_noise_it091,1.165,60,0.9495037428669821,0.9368796785837279,0.0005130055924274506
trpo_noise_it091,1.166,60,0.9540473418942619,0.9425591773678271,0.0006378852410793007
trpo_noise_it091,1.167,60,0.950601322535611,0.9382516531695132,0.0004417221316101975
trpo_noise_it091,1.168,60,0.946119689828457,0.9326496122855713,0.0005396540379860416
trpo_noise_it091,1.169,60,0.9506360920342797,0.9382951150428496,0.0005949543762281778
trpo_noise_it091,1.17,60,0.9535158818161769,0.9418948522702213,0.0005582853225397315
trpo_noise_it091,1.171,60,0.9476611099697305,0.9345763874621632,0.0004470605568544928
trpo_noise_it091,1.172,60,0.9508155324640095,0.9385194155800117,0.0006030643324776098
trpo_noise_it091,1.173,60,0.9545046064005377,0.9431307580006719,0.0004204413300132094
trpo_noise_it091,1.174,60,0.9512260660176133,0.9390325825220166,0.0006169612049181836
trpo_noise_it091,1.175,60,0.9505316351160698,0.9381645438950872,0.0005702303776795979
trpo_noise_it091,1.176,60,0.9515834636219236,0.9394793295274045,0.0006311487456337469
trpo_noise_it091,1.177,60,0.9513126300934251,0.9391407876167815,0.0006568391851168018
trpo_noise_it091,1.178,60,0.9480149686700602,0.935018710837575,0.0007852767305630083
trpo_noise_it091,1.179,60,0.9530609612037297,0.9413262015046618,0.0007261926436244895
trpo_noise_it091,1.18,60,0.9501513671739903,0.9376892089674879,0.00046815173487677015
trpo_noise_it091,1.181,60,0.9468147019655095,0.9335183774568871,0.0006297053080570071
trpo_noise_it091,1.182,60,0.9522084454281823,0.9402605567852278,0.0006669290293102832
trpo_noise_it091,1.183,60,0.9502900210088718,0.9378625262610899,0.0002880337313954498
trpo_noise_it091,1.184,60,0.9462708576097036,0.932838572012129,0.000571178175840624
trpo_noise_it091,1.185,60,0.9470971140168388,0.9338713925210484,0.0006867258508997366
trpo_noise_it091,1.186,60,0.9441738423163648,0.9302173028954558,0.0007454264775535503
trpo_noise_it091,1.187,60,0.9504567158264486,0.9380708947830609,0.0004649686528746822
trpo_noise_it091,1.188,60,0.9405831330842592,0.9257289163553241,0.0007367630809072345
trpo_noise_it091,1.189,60,0.9530859971860283,0.9413574964825354,0.0003098215998323103
trpo_noise_it091,1.19,60,0.948680248816911,0.9358503110211387,0.0006403348415358496
trpo_noise_it091,1.191,60,0.9467935786402788,0.9334919733003484,0.0007009087039382601
trpo_noise_it091,1.192,60,0.9506801927373584,0.9383502409216978,0.0005958247033428059
trpo_noise_it091,1.193,60,0.9450473269124761,0.931309158640595,0.0006415298592467796
trpo_noise_it091,1.194,60,0.9482830489456728,0.9353538111820908,0.00046812034103194404
trpo_noise_it091,1.195,60,0.9477344895273465,0.9346681119091831,0.0006142741060673543
trpo_noise_it091,1.196,60,0.946103123849614,0.9326289048120173,0.0005335742391238142
trpo_noise_it091,1.197,60,0.9489607388933887,0.9362009236167357,0.0005020778104458592
trpo_noise_it091,1.198,60,0.9492230293380222,0.9365287866725275,0.0006765682438105979
trpo_noise_it091,1.199,60,0.9483058877579238,0.9353823596974048,0.0004961071198595312
trpo_noise_it091,1.2,60,0.9526154600684897,0.9407693250856121,0.0004881056197538182
trpo_noise_it091,1.201,60,0.9489751716536228,0.9362189645670287,0.0008595135026159609
trpo_noise_it091,1.202,60,0.9493452516311361,0.9366815645389202,0.0004328193201744718
trpo_noise_it091,1.203,60,0.9436043066982545,0.929505383372818,0.0007590299653184603
trpo_noise_it091,1.204,60,0.9448804591157703,0.931100573894713,0.0010240105192140798
trpo_noise_it091,1.205,60,0.942198498039209,0.9277481225490111,0.000838719212748132
trpo_noise_it091,1.206,60,0.9487368383529091,0.9359210479411362,0.0007281764585484613
trpo_noise_it091,1.207,60,0.9489915629904502,0.9362394537380629,0.0007174825044522133
trpo_noise_it091,1.208,60,0.9426302392485959,0.9282877990607449,0.0007678012839129163
trpo_noise_it091,1.209,60,0.9485409134481346,0.9356761418101682,0.0004943557659668413
trpo_noise_it091,1.21,60,0.9461614769784031,0.932701846223004,0.0011451825813760213
trpo_noise_it091,1.211,60,0.9472655345998867,0.9340819182498581,0.0005703459232154754
trpo_noise_it091,1.212,60,0.9452108613749375,0.9315135767186719,0.00042505575512259746
trpo_noise_it091,1.213,60,0.9494522209050982,0.9368152761313727,0.00047156242770976265
trpo_noise_it091,1.214,60,0.9473830593830779,0.9342288242288476,0.0004865565005083981
trpo_noise_it091,1.215,60,0.9421546624307979,0.9276933280384975,0.0006563705306788862
trpo_noise_it091,1.216,60,0.9507923610410508,0.9384904513013136,0.0005378578772631038
trpo_noise_it091,1.217,60,0.9485373227565314,0.9356716534456644,0.000527715563886319
trpo_noise_it091,1.218,60,0.941514159628186,0.9268926995352325,0.0008795446684756582
trpo_noise_it091,1.219,60,0.9466777707335251,0.9333472134169063,0.0004147995762385711
trpo_noise_it091,1.22,60,0.9444262011306853,0.9305327514133563,0.0009745355385445617
trpo_noise_it091,1.221,60,0.9484451175270817,0.9355563969088521,0.0008437617169176221
trpo_noise_it091,1.222,60,0.9480333174686323,0.9350416468357904,0.0005110891385243056
trpo_noise_it091,1.223,60,0.9465635983429694,0.9332044979287116,0.0005788379044053302
trpo_noise_it091,1.224,60,0.9464423424756925,0.9330529280946156,0.0006046328889718727
trpo_noise_it091,1.225,60,0.9416066217336381,0.9270082771670478,0.0008044537152706677
trpo_noise_it091,1.226,60,0.9423513922785492,0.9279392403481869,0.0009252275353254772
trpo_noise_it091,1.227,60,0.9520990858853235,0.9401238573566544,0.0004756051293903158
trpo_noise_it091,1.228,60,0.9433968341301399,0.9292460426626746,0.0007404227327133208
trpo_noise_it091,1.229,60,0.9506539739250626,0.9383174674063279,0.0005361043551829899
trpo_noise_it091,1.23,60,0.9462937054688196,0.9328671318360244,0.0006332790807038627
trpo_noise_it091,1.231,60,0.9433711488912699,0.9292139361140875,0.00098628066867717
trpo_noise_it091,1.232,60,0.9499000283218472,0.9373750354023086,0.0004787827703662435
trpo_noise_it091,1.233,60,0.9458181008078986,0.9322726260098733,0.0007097930525150296
trpo_noise_it091,1.234,60,0.9468293536471277,0.9335366920589097,0.0005218752417508122
trpo_noise_it091,1.235,60,0.9440368223353964,0.9300460279192457,0.0007488870122231642
trpo_noise_it091,1.236,60,0.9449656168818059,0.9312070211022573,0.0006220569849688596
trpo_noise_it091,1.237,60,0.9394497852617987,0.9243122315772482,0.0008579871610426506
trpo_noise_it091,1.238,60,0.9450088407770934,0.9312610509713665,0.0008888149962788411
trpo_noise_it091,1.239,60,0.9419830767854759,0.927478845981845,0.0009178701202415009
trpo_noise_it091,1.24,60,0.9475334559690443,0.9344168199613052,0.00052312162372257
trpo_noise_it091,1.241,60,0.9502539914622073,0.9378174893277591,0.0006857868518579064
trpo_noise_it091,1.242,60,0.9442768262662959,0.9303460328328698,0.0008425069239864531
trpo_noise_it091,1.243,60,0.9435369232325045,0.9294211540406302,0.0006066816792690867
trpo_noise_it091,1.244,60,0.9435194959282023,0.9293993699102526,0.0007175176540577179
trpo_noise_it091,1.245,60,0.9410647941611416,0.9263309927014269,0.0007266900182400012
trpo_noise_it091,1.246,60,0.9469701551570733,0.9337126939463417,0.0007621153623075922
trpo_noise_it091,1.247,60,0.9474388819632802,0.9342986024541002,0.00054413242840901
trpo_noise_it091,1.248,60,0.9393962320383786,0.9242452900479733,0.0006027793654469575
trpo_noise_it091,1.249,60,0.9475723765461513,0.9344654706826894,0.0006422252489047929
trpo_noise_it091,1.25,60,0.945665291009441,0.932081613761801,0.0005183674633124403
trpo_noise_it091,1.251,60,0.9485126915352562,0.93564086441907,0.0007457637492826857
trpo_noise_it091,1.252,60,0.9435014719979992,0.9293768399974989,0.0010290262390044184
trpo_noise_it091,1.253,60,0.9459243819242833,0.9324054774053538,0.0007176669708978989
trpo_noise_it091,1.254,60,0.9411248858766967,0.926406107345871,0.0009126008314647307
trpo_noise_it091,1.255,60,0.9429046733608875,0.9286308417011092,0.0005349011437338846
trpo_noise_it091,1.256,60,0.945916573984167,0.9323957174802088,0.0006140125761345442
trpo_noise_it091,1.257,60,0.9454088769705109,0.9317610962131385,0.0007822779679588863
trpo_noise_it091,1.258,60,0.9424861544215606,0.9281076930269507,0.0005759731479896997
trpo_noise_it091,1.259,60,0.9467870644970322,0.9334838306212903,0.00047001085249821236
trpo_noise_it091,1.26,60,0.9474355081988706,0.9342943852485881,0.0005932780394072725
trpo_noise_it091,1.261,60,0.9473680370389627,0.9342100462987034,0.0005820784760844186
trpo_noise_it091,1.262,60,0.9455864885651277,0.9319831107064096,0.0005224865707757223
trpo_noise_it091,1.263,60,0.9439771838905501,0.9299714798631875,0.0008783085095200329
trpo_noise_it091,1.264,60,0.944563550421552,0.9307044380269399,0.0008428485439923658
trpo_noise_it091,1.265,60,0.9434338889961986,0.9292923612452484,0.0009635732166142207
trpo_noise_it091,1.266,60,0.9391375447628363,0.9239219309535456,0.0008067188079498448
trpo_noise_it091,1.267,60,0.9445600773831636,0.9307000967289548,0.0007627163305964521
trpo_noise_it091,1.268,60,0.9462917285416229,0.9328646606770288,0.0007604986085796892
trpo_noise_it091,1.269,60,0.9443244402381321,0.930405550297665,0.0006151940742299786
trpo_noise_it091,1.27,60,0.9412809927447356,0.9266012409309194,0.000697696094738853
trpo_noise_it091,1.271,60,0.9444812899648932,0.9306016124561162,0.0006212729478791885
trpo_noise_it091,1.272,60,0.9448675584849273,0.9310844481061592,0.0005569354242261189
trpo_noise_it091,1.273,60,0.9397648932113409,0.9247061165141761,0.0009250383928160887
trpo_noise_it091,1.274,60,0.9385227521288781,0.9231534401610976,0.0007400166252092748
trpo_noise_it091,1.275,60,0.9399755593191084,0.9249694491488853,0.0007052583032380415
trpo_noise_it091,1.276,60,0.9444106251656497,0.930513281457062,0.0006130032704431385
trpo_noise_it091,1.277,60,0.9409772575434275,0.9262215719292846,0.0007457312477397823
trpo_noise_it091,1.278,60,0.941722776842902,0.9271534710536272,0.0010426137009987458
trpo_noise_it091,1.279,60,0.9387110250809848,0.9233887813512311,0.0008141557170628227
trpo_noise_it091,1.28,60,0.9412939573725837,0.9266174467157295,0.0008213122554986359
trpo_noise_it091,1.281,60,0.9396629003037534,0.9245786253796918,0.0007662247384570417
trpo_noise_it091,1.282,60,0.9429548290591914,0.9286935363239892,0.0007536992147773419
trpo_noise_it091,1.283,60,0.945415717062918,0.9317696463286474,0.0006100701190748854
trpo_noise_it091,1.284,60,0.9417317109430204,0.9271646386787753,0.0008621686897548914
trpo_noise_it091,1.285,60,0.9393873934059394,0.9242342417574243,0.0009326268776564892
trpo_noise_it091,1.286,60,0.9462860023200266,0.9328575029000332,0.000692867901218349
trpo_noise_it091,1.287,60,0.9424082099103785,0.928010262387973,0.0006399677098216324
trpo_noise_it091,1.288,60,0.9380295804749086,0.9225369755936356,0.000795814205444848
trpo_noise_it091,1.289,60,0.9442808536746979,0.9303510670933723,0.000726860413043342
trpo_noise_it091,1.29,60,0.9420245152415729,0.9275306440519662,0.0006836042659697231
trpo_noise_it091,1.291,60,0.9393047527177389,0.9241309408971736,0.0010376911377801528
trpo_noise_it091,1.292,60,0.9409428336148076,0.926178542018509,0.0007012544643363853
trpo_noise_it091,1.293,60,0.9439450535414533,0.929931316926817,0.0006648813573227301
trpo_noise_it091,1.294,60,0.9382856871154321,0.9228571088942901,0.0007072286165359787
trpo_noise_it091,1.295,60,0.9349357799626312,0.9186697249532888,0.0007746340917940627
trpo_noise_it091,1.296,60,0.9387905396776433,0.9234881745970538,0.0007916416993066249
trpo_noise_it091,1.297,60,0.9361865429111783,0.9202331786389728,0.0007567240738968924
trpo_noise_it091,1.298,60,0.9353834674593579,0.9192293343241976,0.0007342530469302098
trpo_noise_it091,1.299,60,0.9379701891009685,0.9224627363762103,0.0009247999084554646
trpo_noise_it091,1.3,60,0.9406873995732203,0.9258592494665255,0.0005470701093506531
trpo_noise_it091,1.301,60,0.9431454300676322,0.9289317875845401,0.0006540285441922425
trpo_noise_it091,1.302,60,0.941519992966002,0.9268999912075025,0.0007993672308870671
trpo_noise_it091,1.303,60,0.9415058028130487,0.9268822535163107,0.0006490139525178846
trpo_noise_it091,1.304,60,0.9427962386514758,0.9284952983143447,0.0008619606069455481
trpo_noise_it091,1.305,60,0.936526150553227,0.9206576881915336,0.0007935376817223001
trpo_noise_it091,1.306,60,0.9385432122588754,0.9231790153235941,0.0008157242087799625
trpo_noise_it091,1.307,60,0.9399540041287673,0.9249425051609592,0.000534753374220531
trpo_noise_it091,1.308,60,0.9426654769129972,0.9283318461412465,0.0011401883105309292
trpo_noise_it091,1.309,60,0.9382156324087128,0.9227695405108907,0.0006458550066044007
trpo_noise_it091,1.31,60,0.941530904218767,0.9269136302734589,0.0007991560301218847
trpo_noise_it091,1.311,60,0.9439232689528864,0.9299040861911081,0.0005405190983190166
trpo_noise_it091,1.312,60,0.9386632740533906,0.9233290925667385,0.0007966611957978867
trpo_noise_it091,1.313,60,0.9444122433449718,0.9305153041812146,0.0005838230337596086
trpo_noise_it091,1.314,60,0.9387400961720336,0.9234251202150421,0.0010279714076666007
trpo_noise_it091,1.315,60,0.9372509301833347,0.9215636627291679,0.0007776643640092631
trpo_noise_it091,1.316,60,0.9409699247439272,0.9262124059299092,0.0009255494290386384
trpo_noise_it091,1.317,60,0.940890063911798,0.9261125798897475,0.0006364721806135818
trpo_noise_it091,1.318,60,0.9355286845001878,0.9194108556252346,0.0007777188227708216
trpo_noise_it091,1.319,60,0.9434757785921489,0.9293447232401861,0.0009139193981734329
trpo_noise_it091,1.32,60,0.9383816623256959,0.92297707790712,0.0005312513043308042
trpo_noise_it091,1.321,60,0.9346816726399578,0.9183520907999471,0.0008504812496129102
trpo_noise_it091,1.322,60,0.9379696090512027,0.9224620113140032,0.0006698766512372767
trpo_noise_it091,1.323,60,0.9450208583825198,0.9312760729781497,0.0007776182064677494
trpo_noise_it091,1.324,60,0.9412948947455156,0.9266186184318946,0.0007670072096428308
trpo_noise_it091,1.325,60,0.935065464073502,0.9188318300918773,0.0008372897660090473
trpo_noise_it091,1.326,60,0.9386947697160153,0.9233684621450189,0.0008677592886852668
trpo_noise_it091,1.327,60,0.9378920526740647,0.9223650658425808,0.0007129854048330295
trpo_noise_it091,1.328,60,0.9367553083885607,0.920944135485701,0.0007738947565893029
trpo_noise_it091,1.329,60,0.9372949406857889,0.9216186758572359,0.0004951700522611262
trpo_noise_it091,1.33,60,0.9408448846625079,0.9260561058281347,0.0006343024371685983
trpo_noise_it091,1.331,60,0.9339859365096461,0.9174824206370576,0.0007323678436182867
trpo_noise_it091,1.332,60,0.9342941186564272,0.917867648320534,0.0007949017585285853
trpo_noise_it091,1.333,60,0.9393977424236795,0.9242471780295994,0.0008041557350117169
trpo_noise_it091,1.334,60,0.9365367343959599,0.9206709179949496,0.0009009030615512307
trpo_noise_it091,1.335,60,0.9393845501939904,0.9242306877424881,0.0009539526943137757
trpo_noise_it091,1.336,60,0.9416115312139507,0.9270144140174383,0.000781414251833064
trpo_noise_it091,1.337,60,0.9353816958543568,0.9192271198179459,0.0014057994807804488
trpo_noise_it091,1.338,60,0.9422521920239402,0.927815240029925,0.0008098858786495616
trpo_noise_it091,1.339,60,0.9380997998663223,0.922624749832903,0.0008845621569204835
trpo_noise_it091,1.34,60,0.9399302471068762,0.9249128088835955,0.0006188204054708936
trpo_noise_it091,1.341,60,0.9401889031539608,0.9252361289424512,0.0007751007025038446
trpo_noise_it091,1.342,60,0.9337087264513745,0.917135908064218,0.0007752079525053917
trpo_noise_it091,1.343,60,0.9380704132905255,0.9225880166131568,0.0010368965503986638
trpo_noise_it091,1.344,60,0.9376831426192664,0.9221039282740832,0.0008385068555211998
trpo_noise_it091,1.345,60,0.9370253713028177,0.9212817141285222,0.0006624754375861378
trpo_noise_it091,1.346,60,0.9357848546184684,0.9197310682730855,0.0007869382568469933
trpo_noise_it091,1.347,60,0.9400214539360647,0.925026817420081,0.0007768176896888575
trpo_noise_it091,1.348,60,0.9366109153035318,0.920763644129415,0.0009712316505189624
trpo_noise_it091,1.349,60,0.9327167988693582,0.9158959985866975,0.0007095387819635574
trpo_noise_it091,1.35,60,0.9343838999084846,0.9179798748856053,0.0008863167790570898
trpo_noise_it091,1.351,60,0.9323371442862787,0.9154214303578482,0.00129912148176396
trpo_noise_it091,1.352,60,0.933273457995563,0.9165918224944537,0.0011921533186702968
trpo_noise_it091,1.353,60,0.9333046801864626,0.916630850233078,0.0009532536682049634
trpo_noise_it091,1.354,60,0.934678658657386,0.9183483233217323,0.000898292541491009
trpo_noise_it091,1.355,60,0.9366230017787619,0.9207787522234522,0.0008121132255050396
trpo_noise_it091,1.356,60,0.9344861476333227,0.9181076845416534,0.0007818278843335834
trpo_noise_it091,1.357,60,0.9402965781406195,0.9253707226757742,0.0010072967296770841
trpo_noise_it091,1.358,60,0.933540969360648,0.9169262117008098,0.0014014751448672624
trpo_noise_it091,1.359,60,0.9287927145385526,0.9109908931731907,0.0010270396249820065
trpo_noise_it091,1.36,60,0.9375285291050265,0.9219106613812833,0.0005452451377423404
trpo_noise_it091,1.361,60,0.9335428740429337,0.9169285925536671,0.0008710686928128774
trpo_noise_it091,1.362,60,0.9370619051783132,0.9213273814728914,0.0005653303426470282
trpo_noise_it091,1.363,60,0.9314206242265533,0.9142757802831915,0.000965940637338222
trpo_noise_it091,1.364,60,0.9324105164602827,0.9155131455753533,0.0011807723533170953
trpo_noise_it091,1.365,60,0.941937952851243,0.9274224410640535,0.0007166602070045651
trpo_noise_it091,1.366,60,0.9361571581890632,0.9201964477363288,0.0009352287279095286
trpo_noise_it091,1.367,60,0.9340741818920559,0.91759272736507,0.0014860331077286698
trpo_noise_it091,1.368,60,0.9329003719877811,0.9161254649847262,0.0007582209210304397
trpo_noise_it091,1.369,60,0.9279965937887481,0.909995742235935,0.0010075997722460226
trpo_noise_it091,1.37,60,0.931091783929507,0.9138647299118838,0.0011781970454811366
trpo_noise_it091,1.371,60,0.9351745354389878,0.9189681692987344,0.0008323662941476683
trpo_noise_it091,1.372,60,0.9380571551417951,0.9225714439272437,0.0009373618496975486
trpo_noise_it091,1.373,60,0.9324890186461918,0.9156112733077398,0.0010092629455524015
trpo_noise_it091,1.374,60,0.9349181826172979,0.9186477282716224,0.0010117051674719208
trpo_noise_it091,1.375,60,0.9372777475347842,0.9215971844184806,0.0008814633898809355
trpo_noise_it091,1.376,60,0.9368479522064853,0.921059940258107,0.0006793700142213997
trpo_noise_it091,1.377,60,0.9324177746044413,0.9155222182555518,0.0010531189338358145
trpo_noise_it091,1.378,60,0.9383013527627675,0.9228766909534593,0.000692709120966069
trpo_noise_it091,1.379,60,0.9389331311073319,0.9236664138841648,0.0006688978658983605
trpo_noise_it091,1.38,60,0.9267339172285634,0.9084173965357042,0.0014761370849055522
trpo_noise_it091,1.381,60,0.9284767725273074,0.9105959656591343,0.001058248336157236
trpo_noise_it091,1.382,60,0.9301929925021146,0.9127412406276432,0.0011755195250017713
trpo_noise_it091,1.383,60,0.9329644580057916,0.9162055725072396,0.0005580526543308293
trpo_noise_it091,1.384,60,0.9272622735905559,0.9090778419881947,0.0007286583014296916
trpo_noise_it091,1.385,60,0.9316156503674812,0.9145195629593513,0.0007513713987488855
trpo_noise_it091,1.386,60,0.9350067059694052,0.9187583824617567,0.0008126548945939558
trpo_noise_it091,1.387,60,0.9368892710507105,0.921111588813388,0.001095702163552664
trpo_noise_it091,1.388,60,0.9341181682273026,0.9176477102841283,0.0010512600964737557
trpo_noise_it091,1.389,60,0.931262027229667,0.9140775340370838,0.001213061999389584
trpo_noise_it091,1.39,60,0.9337548825570648,0.917193603196331,0.0011231082956061184
trpo_noise_it091,1.391,60,0.9290931381409255,0.9113664226761569,0.0013270406556634034
trpo_noise_it091,1.392,60,0.9358999905093894,0.9198749881367367,0.0006100885504365996
trpo_noise_it091,1.393,60,0.9300731181210573,0.9125913976513212,0.0009278426932822192
trpo_noise_it091,1.394,60,0.9388520953898483,0.9235651192373099,0.0006269413317752714
trpo_noise_it091,1.395,60,0.9296343005581005,0.9120428756976255,0.0010340063163285752
trpo_noise_it091,1.396,60,0.9339547800524223,0.9174434750655274,0.0012236764186966597
trpo_noise_it091,1.397,60,0.931132040789305,0.9139150509866313,0.000972725688999474
trpo_noise_it091,1.398,60,0.9310706326505234,0.913838290813154,0.0010763702726012412
trpo_noise_it091,1.399,60,0.9342608595169848,0.9178260743962311,0.0012312931015183094
trpo_noise_it091,1.4,60,0.9327115300114465,0.9158894125143081,0.0013600777780438688
trpo_noise_it091,1.401,60,0.931914947921468,0.9148936849018346,0.0012094889072910018
trpo_noise_it091,1.402,60,0.9339937120099236,0.9174921400124046,0.0010664110913406956
trpo_noise_it091,1.403,60,0.936275547271023,0.9203444340887789,0.001108882595537465
trpo_noise_it091,1.404,60,0.9320201246283292,0.9150251557854117,0.0008246685621931397
trpo_noise_it091,1.405,60,0.9275747679345291,0.9094684599181609,0.0013649218048027948
trpo_noise_it091,1.406,60,0.9387964046168378,0.9234955057710472,0.0011391803596880333
trpo_noise_it091,1.407,60,0.931203998919084,0.9140049986488553,0.001163210946011655
trpo_noise_it091,1.408,60,0.932771063327418,0.9159638291592725,0.0009189734226361254
trpo_noise_it091,1.409,60,0.9320834440925705,0.9151043051157131,0.0010320905943620154
trpo_noise_it091,1.41,60,0.9361373706832158,0.9201717133540196,0.0007053574932210757
trpo_noise_it091,1.411,60,0.9317210767262353,0.9146513459077942,0.0012009087096955496
trpo_noise_it091,1.412,60,0.9327152989775009,0.9158941237218762,0.0010765294634312397
trpo_noise_it091,1.413,60,0.9264602179172571,0.9080752723965713,0.0010094683337482488
trpo_noise_it091,1.414,60,0.9360177939755063,0.920022242469383,0.0006123655677800313
trpo_noise_it091,1.415,60,0.9357105944977026,0.9196382431221279,0.0007627496598796123
trpo_noise_it091,1.416,60,0.9312940786611492,0.9141175983264366,0.0009874471758838338
trpo_noise_it091,1.417,60,0.9285469377985456,0.910683672248182,0.0011408258176776613
trpo_noise_it091,1.418,60,0.936674941701773,0.9208436771272163,0.0010682820449830338
trpo_noise_it091,1.419,60,0.9292561191260191,0.9115701489075239,0.0011268429185220831
trpo_noise_it091,1.42,60,0.9316466153811046,0.9145582692263808,0.0009521401320849559
trpo_noise_it091,1.421,60,0.935225415837344,0.9190317697966799,0.0010626853029694042
trpo_noise_it091,1.422,60,0.9301575356094489,0.912696919511811,0.0011780050919620866
trpo_noise_it091,1.423,60,0.9285379660246456,0.9106724575308068,0.0010878450720567018
trpo_noise_it091,1.424,60,0.9313149093071171,0.9141436366338965,0.0007486282703284801
trpo_noise_it091,1.425,60,0.9315821555595214,0.9144776944494016,0.0009790169605664407
trpo_noise_it091,1.426,60,0.9267836810231217,0.9084796012789018,0.001489519994525426
trpo_noise_it091,1.427,60,0.9313290270535826,0.914161283816978,0.0010272520469959967
trpo_noise_it091,1.428,60,0.9299377143078801,0.9124221428848501,0.0011314484476994625
trpo_noise_it091,1.429,60,0.9303255951675141,0.9129069939593925,0.0006408127068814894
trpo_noise_it091,1.43,60,0.9277214902178295,0.9096518627722868,0.0009384024560191043
trpo_noise_it091,1.431,60,0.9320156215711158,0.9150195269638949,0.0010304194175612235
trpo_noise_it091,1.432,60,0.9242448167689027,0.9053060209611284,0.001240201423080067
trpo_noise_it091,1.433,60,0.9276496724650874,0.9095620905813592,0.001013705392363225
trpo_noise_it091,1.434,60,0.9293421842377854,0.9116777302972318,0.001348965849139035
trpo_noise_it091,1.435,60,0.9241479483959412,0.9051849354949264,0.0014868318743229384
trpo_noise_it091,1.436,60,0.9325019553777433,0.915627444222179,0.0008263301800221761
trpo_noise_it091,1.437,60,0.9337937894684711,0.9172422368355886,0.0009620008088758506
trpo_noise_it091,1.438,60,0.9333767313615962,0.9167209142019951,0.000636303299870213
trpo_noise_it091,1.439,60,0.9293678560686479,0.9117098200858099,0.0010150379576449578
trpo_noise_it091,1.44,60,0.9268380129957233,0.9085475162446544,0.0011237386444662245
trpo_noise_it091,1.441,60,0.9268813757919254,0.9086017197399066,0.0011420251100540887
trpo_noise_it091,1.442,60,0.9220760082784545,0.9025950103480681,0.00152548924261377
trpo_noise_it091,1.443,60,0.9335876933533257,0.9169846166916573,0.0008249896940977985
trpo_noise_it091,1.444,60,0.9265818443721519,0.9082273054651899,0.0011612285743508595
trpo_noise_it091,1.445,60,0.9249135962622091,0.9061419953277614,0.0011042082431563479
trpo_noise_it091,1.446,60,0.933069484237781,0.9163368552972262,0.0007323182624323524
trpo_noise_it091,1.447,60,0.9266270391696477,0.9082837989620598,0.001331391008732744
trpo_noise_it091,1.448,60,0.9266733100566755,0.9083416375708445,0.001452342180587338
trpo_noise_it091,1.449,60,0.9318849778643765,0.9148562223304705,0.0011091908148679786
trpo_noise_it091,1.45,60,0.9288731469545803,0.9110914336932256,0.0010434594147866526
trpo_noise_it091,1.451,60,0.9279424835891537,0.9099281044864418,0.0009839100446131356
trpo_noise_it091,1.452,60,0.9243819078975748,0.9054773848719683,0.0012861140279558636
trpo_noise_it091,1.453,60,0.9254098869038713,0.906762358629839,0.0012940936525939755
trpo_noise_it091,1.454,60,0.9273009628853647,0.9091262036067059,0.001484658201452338
trpo_noise_it091,1.455,60,0.9318276297615147,0.914784537201893,0.0010330756032902848
trpo_noise_it091,1.456,60,0.9247058310775419,0.9058822888469275,0.0013781085392243451
trpo_noise_it091,1.457,60,0.9296354121061118,0.9120442651326397,0.0006963001291407134
trpo_noise_it091,1.458,60,0.9222135388848912,0.9027669236061141,0.0009959833948456893
trpo_noise_it091,1.459,60,0.9300927574242968,0.9126159467803711,0.0010910970936464455
trpo_noise_it091,1.46,60,0.9296308670213297,0.9120385837766622,0.001141349759616946
trpo_noise_it091,1.461,60,0.9255827780987691,0.9069784726234614,0.0010700174789243088
trpo_noise_it091,1.462,60,0.9308479327193645,0.9135599158992055,0.0010356176361196784
trpo_noise_it091,1.463,60,0.9332746742201103,0.9165933427751377,0.0011960869109589433
trpo_noise_it091,1.464,60,0.9251676218830213,0.9064595273537766,0.0013980876148118441
trpo_noise_it091,1.465,60,0.927170043571233,0.9089625544640412,0.001348836716189659
trpo_noise_it091,1.466,60,0.9287292633333071,0.9109115791666337,0.0008038746153782222
trpo_noise_it091,1.467,60,0.9328850429455073,0.9161063036818841,0.0010592247971590869
trpo_noise_it091,1.468,60,0.9269953119959123,0.9087441399948905,0.0009556290695024208
trpo_noise_it091,1.469,60,0.9294021858026218,0.9117527322532772,0.0008219898943404743
trpo_noise_it091,1.47,60,0.9271195496701437,0.9088994370876793,0.001414368982155993
trpo_noise_it091,1.471,60,0.9275889191291035,0.9094861489113791,0.0011054580661418291
trpo_noise_it091,1.472,60,0.9292262851814407,0.9115328564768006,0.0008365479930043323
trpo_noise_it091,1.473,60,0.9239584912440677,0.9049481140550845,0.0012283461973195988
trpo_noise_it091,1.474,60,0.9240023601615652,0.9050029502019563,0.0012436183059748225
trpo_noise_it091,1.475,60,0.9240541837649907,0.9050677297062385,0.0009772542263606636
trpo_noise_it091,1.476,60,0.921082627563434,0.9013532844542926,0.0016760195781398176
trpo_noise_it091,1.477,60,0.9300654730165928,0.9125818412707409,0.000811559758246518
trpo_noise_it091,1.478,60,0.9289365078863091,0.9111706348578863,0.0009861197037796554
trpo_noise_it091,1.479,60,0.9267111483037566,0.9083889353796958,0.0009651924876842316
trpo_noise_it091,1.48,60,0.9241634058977756,0.9052042573722195,0.0009231031114874966
trpo_noise_it091,1.481,60,0.9283789482677215,0.9104736853346517,0.0009861657243820806
trpo_noise_it091,1.482,60,0.921452044833152,0.9018150560414397,0.0009132209058986335
trpo_noise_it091,1.483,60,0.9242339644546309,0.9052924555682886,0.0014485794196980675
trpo_noise_it091,1.484,60,0.9309436167278176,0.9136795209097719,0.0008428131562365156
trpo_noise_it091,1.485,60,0.9325413527949609,0.9156766909937012,0.0009256424127267404
trpo_noise_it091,1.486,60,0.9256836855841926,0.9071046069802409,0.0012597021938749813
trpo_noise_it091,1.487,60,0.9240768555068627,0.9050960693835784,0.0011094349039769582
trpo_noise_it091,1.488,60,0.9225622314299198,0.9032027892873996,0.0012664229136436186
trpo_noise_it091,1.489,60,0.9246712045111732,0.9058390056389665,0.0016132939918840378
trpo_noise_it091,1.49,60,0.9295880615392692,0.9119850769240865,0.0007837899072730244
trpo_noise_it091,1.491,60,0.9264761057245354,0.9080951321556691,0.0012094584138916014
trpo_noise_it091,1.492,60,0.9277162960641218,0.9096453700801519,0.0009745440401158881
trpo_noise_it091,1.493,60,0.9332172894220652,0.9165216117775812,0.0008704796158318484
trpo_noise_it091,1.494,60,0.9244560540398331,0.9055700675497913,0.0009480645458984298
trpo_noise_it091,1.495,60,0.9300767618558425,0.912595952319803,0.0015214124854917245
trpo_noise_it091,1.496,60,0.9206536849818175,0.9008171062272718,0.0014729852327319915
trpo_noise_it091,1.497,60,0.9234827295813729,0.9043534119767161,0.0012675960915051617
trpo_noise_it091,1.498,60,0.9217443703375157,0.9021804629218947,0.001330108618822863
trpo_noise_it091,1.499,60,0.9276770113307098,0.9095962641633871,0.0011025848720266072
trpo_noise_it091,1.5,60,0.9220784145209073,0.9025980181511339,0.0014444201186668583
trpo_noise_it091,1.501,60,0.91969769563485,0.8996221195435623,0.001385887704169281
trpo_noise_it091,1.502,60,0.9200007843242967,0.9000009804053709,0.0013115303522927854
trpo_noise_it091,1.503,60,0.9262944528858933,0.9078680661073667,0.0009400879141186778
trpo_noise_it091,1.504,60,0.9271074729405987,0.9088843411757487,0.0012234857739140442
trpo_noise_it091,1.505,60,0.9255152279692789,0.9068940349615986,0.001001657290128912
trpo_noise_it091,1.506,60,0.9313865080943636,0.9142331351179547,0.0008377608430724488
trpo_noise_it091,1.507,60,0.927678291801486,0.9095978647518573,0.0010713813862376954
trpo_noise_it091,1.508,60,0.9221769497169284,0.9027211871461603,0.0012841765552309829
trpo_noise_it091,1.509,60,0.9200120976269244,0.9000151220336555,0.0012171225555388176
trpo_noise_it091,1.51,60,0.9199220822929786,0.8999026028662235,0.0012009856204125895
trpo_noise_it091,1.511,60,0.9256433157651044,0.9070541447063805,0.0011712082381412658
trpo_noise_it091,1.512,60,0.9240163357476766,0.9050204196845958,0.0016506144757688186
trpo_noise_it091,1.513,60,0.9198976610338705,0.8998720762923378,0.0013241412505709883
trpo_noise_it091,1.514,60,0.9275517363685828,0.9094396704607284,0.001004432551829812
trpo_noise_it091,1.515,60,0.9179210643004865,0.8974013303756081,0.0018388383014652074
trpo_noise_it091,1.516,60,0.9233750304094404,0.9042187880118002,0.000908229926742221
trpo_noise_it091,1.517,60,0.9252113029952224,0.9065141287440279,0.0009791391003815197
trpo_noise_it091,1.518,60,0.9258056017972139,0.9072570022465174,0.0014034402138299157
trpo_noise_it091,1.519,60,0.9261523025241545,0.9076903781551932,0.0011089902392431828
trpo_noise_it091,1.52,60,0.9227460184231838,0.9034325230289798,0.0013657275097054998
trpo_noise_it091,1.521,60,0.9257743566999892,0.9072179458749864,0.00064851234415586
trpo_noise_it091,1.522,60,0.9179663872980683,0.8974579841225855,0.0011769206262128185
trpo_noise_it091,1.523,60,0.9172398770407615,0.8965498463009519,0.0016898115790821163
trpo_noise_it091,1.524,60,0.9178284070805042,0.8972855088506304,0.0014607948750982992
trpo_noise_it091,1.525,60,0.92298865833585,0.9037358229198126,0.0014427517096406736
trpo_noise_it091,1.526,60,0.9245204278930089,0.9056505348662613,0.000627649637470564
trpo_noise_it091,1.527,60,0.9265563208199721,0.9081954010249652,0.0011325931277017737
trpo_noise_it091,1.528,60,0.923520564722764,0.9044007059034551,0.0014106304994167527
trpo_noise_it091,1.529,60,0.9165370111137969,0.8956712638922458,0.0016426417818410839
trpo_noise_it091,1.53,60,0.9165413101403413,0.8956766376754266,0.0013098918346452664
trpo_noise_it091,1.531,60,0.9268269560622745,0.9085336950778431,0.001624505652277075
trpo_noise_it091,1.532,60,0.9206915250675625,0.9008644063344533,0.0013164172651373076
trpo_noise_it091,1.533,60,0.9240502360070736,0.9050627950088417,0.001182564935768478
trpo_noise_it091,1.534,60,0.916588368106228,0.8957354601327852,0.0015879221915773738
trpo_noise_it091,1.535,60,0.9158179345680035,0.8947724182100044,0.0017006836140973918
trpo_noise_it091,1.536,60,0.9239240797197943,0.9049050996497426,0.0011569401065249678
trpo_noise_it091,1.537,60,0.9259094507326918,0.9073868134158647,0.0006941737216686614
trpo_noise_it091,1.538,60,0.9198131385722604,0.8997664232153257,0.0008564343451823214
trpo_noise_it091,1.539,60,0.9190279342969557,0.8987849178711946,0.0011898452900001926
trpo_noise_it091,1.54,60,0.9174041550299439,0.89675519378743,0.0015227405119181733
trpo_noise_it091,1.541,60,0.9219875847747467,0.9024844809684333,0.0010118961709007313
trpo_noise_it091,1.542,60,0.916850350927449,0.8960629386593115,0.0013086190801968878
trpo_noise_it091,1.543,60,0.9205123260302127,0.9006404075377659,0.0012558144613865785
trpo_noise_it091,1.544,60,0.9180979032671314,0.8976223790839142,0.0022990584015578604
trpo_noise_it091,1.545,60,0.926754360976416,0.90844295122052,0.0009440306424977668
trpo_noise_it091,1.546,60,0.9251779795814464,0.9064724744768081,0.0012018404235500802
trpo_noise_it091,1.547,60,0.9219160752439433,0.9023950940549291,0.0010879846292827754
trpo_noise_it091,1.548,60,0.9164530680831172,0.8955663351038965,0.0012870646018276063
trpo_noise_it091,1.549,60,0.916800570344625,0.8960007129307814,0.0009192640197918058
trpo_noise_it091,1.55,60,0.9231760246855836,0.9039700308569792,0.0015034830559654403
trpo_noise_it091,1.551,60,0.9215072245471291,0.9018840306839114,0.0010004969968765067
trpo_noise_it091,1.552,60,0.9245244221347626,0.9056555276684535,0.0010869279318337114
trpo_noise_it091,1.553,60,0.928041463136467,0.9100518289205834,0.0011517750255907679
trpo_noise_it091,1.554,60,0.9165855819995902,0.8957319774994876,0.00193792574909788
trpo_noise_it091,1.555,60,0.9113249045062122,0.8891561306327651,0.0013626758439506698
trpo_noise_it091,1.556,60,0.9203737053475823,0.9004671316844779,0.001456852085050825
trpo_noise_it091,1.557,60,0.9142504199386308,0.8928130249232886,0.0020224310787608423
trpo_noise_it091,1.558,60,0.9189059010361795,0.8986323762952245,0.001361629853805097
trpo_noise_it091,1.559,60,0.919016679859664,0.8987708498245801,0.001486196437181032
trpo_noise_it091,1.56,60,0.9174834175511077,0.8968542719388845,0.0011114936039412584
trpo_noise_it091,1.561,60,0.9170396964408657,0.8962996205510821,0.001769914589848089
trpo_noise_it091,1.562,60,0.9130147597596516,0.8912684496995645,0.0014734366537307376
trpo_noise_it091,1.563,60,0.9266329970599316,0.9082912463249146,0.0012118193242435199
trpo_noise_it091,1.564,60,0.9214403037152261,0.9018003796440327,0.001264791529530021
trpo_noise_it091,1.565,60,0.924622767454181,0.9057784593177263,0.0010090365931495976
trpo_noise_it091,1.566,60,0.9195986200794963,0.8994982750993703,0.001281944450200268
trpo_noise_it091,1.567,60,0.9201685324362127,0.9002106655452657,0.0012923396699752003
trpo_noise_it091,1.568,60,0.9175228708118607,0.8969035885148255,0.0014700319534013148
trpo_noise_it091,1.569,60,0.9152491762313713,0.8940614702892141,0.0013776818328836695
trpo_noise_it091,1.57,60,0.9225374206968047,0.9031717758710058,0.0006056065631556142
trpo_noise_it091,1.571,60,0.9152000552365824,0.8940000690457279,0.0013648174789259433
trpo_noise_it091,1.572,60,0.9180591093315669,0.8975738866644584,0.001257657221916946
trpo_noise_it091,1.573,60,0.9211879283284301,0.9014849104105374,0.0008486714320860543
trpo_noise_it091,1.574,60,0.9189479772006465,0.8986849715008081,0.0016740983154780755
trpo_noise_it091,1.575,60,0.9271359681028812,0.9089199601286015,0.0011968907881626213
trpo_noise_it091,1.576,60,0.9142142071310009,0.8927677589137509,0.0013547600521389461
trpo_noise_it091,1.577,60,0.9229807616011402,0.903725952001425,0.0009827454282687075
trpo_noise_it091,1.578,60,0.9097164775038729,0.8871455968798412,0.0013234773094262429
trpo_noise_it091,1.579,60,0.9173151247456297,0.8966439059320369,0.0017879259588320312
trpo_noise_it091,1.58,60,0.9220292788090071,0.9025365985112589,0.0010490513434390583
trpo_noise_it091,1.581,60,0.9144719273845809,0.8930899092307261,0.0017006714467631898
trpo_noise_it091,1.582,60,0.9141389500389683,0.8926736875487101,0.0012068823172904533
trpo_noise_it091,1.583,60,0.9198018129739923,0.8997522662174904,0.0015564821280683113
trpo_noise_it091,1.584,60,0.9145657101124107,0.8932071376405133,0.0019002279852567447
trpo_noise_it091,1.585,60,0.9185988282180535,0.8982485352725667,0.001065611780341958
trpo_noise_it091,1.586,60,0.918047643398864,0.8975595542485796,0.0010421496654030489
trpo_noise_it091,1.587,60,0.91736590719785,0.8967073839973128,0.0021099413531638967
trpo_noise_it091,1.588,60,0.9168324920708735,0.8960406150885919,0.0012712427474427955
trpo_noise_it091,1.589,60,0.9166736500906041,0.8958420626132548,0.0011119064873869925
trpo_noise_it091,1.59,60,0.9146938255910961,0.8933672819888702,0.002052518536896983
trpo_noise_it091,1.591,60,0.9184752216205635,0.8980940270257045,0.0013376310043145653
trpo_noise_it091,1.592,60,0.9120287509538665,0.8900359386923332,0.0022675810848172486
trpo_noise_it091,1.593,60,0.9154629725557895,0.8943287156947368,0.0023566937690461917
trpo_noise_it091,1.594,60,0.9196338296508106,0.8995422870635131,0.0016300290292961097
trpo_noise_it091,1.595,60,0.918286330106719,0.8978579126333989,0.0012162297242008229
trpo_noise_it091,1.596,60,0.9245034956302689,0.9056293695378361,0.0008764918543903489
trpo_noise_it091,1.597,60,0.9081459187718285,0.8851823984647855,0.002072676097136454
trpo_noise_it091,1.598,60,0.9116695622907367,0.8895869528634208,0.0012368679854335707
trpo_noise_it091,1.599,60,0.9137371279573451,0.8921714099466812,0.001798600545848725
trpo_noise_it091,1.6,60,0.9089103776970948,0.8861379721213687,0.0016242339491410003
trpo_noise_it091,1.601,60,0.9211113970003506,0.9013892462504386,0.0015485153524466564
trpo_noise_it091,1.602,60,0.9142625635867138,0.8928282044833921,0.0012337808741843075
trpo_noise_it091,1.603,60,0.9137092173211336,0.8921365216514168,0.001867887727335677
trpo_noise_it091,1.604,60,0.9186828827387323,0.8983536034234151,0.0012588830488011215
trpo_noise_it091,1.605,60,0.915745882421032,0.89468235302629,0.0013757262169887712
trpo_noise_it091,1.606,60,0.9209087177243198,0.9011358971553995,0.001519493882363955
trpo_noise_it091,1.607,60,0.9188683084802536,0.8985853856003172,0.0018201494332234227
trpo_noise_it091,1.608,60,0.9211077547814658,0.9013846934768319,0.001037518789126167
trpo_noise_it091,1.609,60,0.9099964738943419,0.8874955923679274,0.0014359999578737836
trpo_noise_it091,1.61,60,0.9111441044906056,0.888930130613257,0.001351885275079371
trpo_noise_it091,1.611,60,0.9156389044430725,0.8945486305538406,0.0009296307645848832
trpo_noise_it091,1.612,60,0.9056267240536642,0.8820334050670801,0.0020852986712506104
trpo_noise_it091,1.613,60,0.9097202838536976,0.8871503548171221,0.0018714396698291326
trpo_noise_it091,1.614,60,0.9131006289082664,0.8913757861353331,0.0014623192517723817
trpo_noise_it091,1.615,60,0.9174181989420895,0.8967727486776116,0.0013291553885599549
trpo_noise_it091,1.616,60,0.9173651860813625,0.896706482601703,0.0012648809956689263
trpo_noise_it091,1.617,60,0.92052234740069,0.9006529342508623,0.0009297178125830666
trpo_noise_it091,1.618,60,0.9118019034843545,0.8897523793554432,0.0015566224097416554
trpo_noise_it091,1.619,60,0.9196407631038945,0.8995509538798679,0.0010546466960926018
trpo_noise_it091,1.62,60,0.913352368994374,0.8916904612429675,0.00120560972473804
trpo_noise_it091,1.621,60,0.9175513817086085,0.8969392271357608,0.002040302443771744
trpo_noise_it091,1.622,60,0.9135569677549884,0.8919462096937352,0.0016907164360432138
trpo_noise_it091,1.623,60,0.9133718008023796,0.8917147510029741,0.0012311359038944926
trpo_noise_it091,1.624,60,0.915711802175485,0.8946397527193561,0.0012005103355399928
trpo_noise_it091,1.625,60,0.9047345714939117,0.8809182143673897,0.0021041461839946874
trpo_noise_it091,1.626,60,0.9096676739678611,0.8870845924598262,0.0014660378897118694
trpo_noise_it091,1.627,60,0.9130477676347063,0.891309709543383,0.0018002539925743217
trpo_noise_it091,1.628,60,0.9125865482842439,0.8907331853553051,0.0015130555171592925
trpo_noise_it091,1.629,60,0.9087554251948771,0.8859442814935962,0.001246758208894159
trpo_noise_it091,1.63,60,0.9133523400993813,0.8916904251242268,0.0015550198878806576
trpo_noise_it091,1.631,60,0.9128132761103762,0.8910165951379706,0.0014719863146955173
trpo_noise_it091,1.632,60,0.9117711116387078,0.889713889548385,0.0011869332587344768
trpo_noise_it091,1.633,60,0.9164930114422876,0.8956162643028592,0.001165418436833134
trpo_noise_it091,1.634,60,0.9102156098600626,0.8877695123250782,0.0016211282701841085
trpo_noise_it091,1.635,60,0.9167657442857431,0.895957180357179,0.0012734758103085503
trpo_noise_it091,1.636,60,0.9142175071687959,0.8927718839609947,0.002230768901215479
trpo_noise_it091,1.637,60,0.9076082212856722,0.8845102766070905,0.0013416562733304146
trpo_noise_it091,1.638,60,0.9165414869942371,0.8956768587427959,0.0020217182509684856
trpo_noise_it091,1.639,60,0.9124818645512613,0.8906023306890769,0.0016008233094580353
trpo_noise_it091,1.64,60,0.9196739139292293,0.8995923924115364,0.0013049675907449894
trpo_noise_it091,1.641,60,0.90722283236483,0.8840285404560373,0.0018654303167089442
trpo_noise_it091,1.642,60,0.9136095476092942,0.892011934511618,0.0016298873743381553
trpo_noise_it091,1.643,60,0.9074102473242793,0.8842628091553492,0.0009912376374249699
trpo_noise_it091,1.644,60,0.9081743882781723,0.8852179853477151,0.0016876406735578313
trpo_noise_it091,1.645,60,0.9111905824469981,0.8889882280587477,0.0011697021756698178
trpo_noise_it091,1.646,60,0.9128574613589566,0.8910718266986959,0.0018133386715468059
trpo_noise_it091,1.647,60,0.9177301569055555,0.8971626961319444,0.0013273118855584199
trpo_noise_it091,1.648,60,0.9038383399502348,0.8797979249377936,0.0017310104532189093
trpo_noise_it091,1.649,60,0.9138573408971485,0.8923216761214355,0.001543824277915558
trpo_noise_it091,1.65,60,0.9102506570919946,0.887813321364993,0.0014685952355990943
trpo_noise_it091,1.651,60,0.906836480455832,0.8835456005697897,0.0018033011540691986
trpo_noise_it091,1.652,60,0.9094733902560185,0.8868417378200231,0.0015814002393989308
trpo_noise_it091,1.653,60,0.911421860565838,0.8892773257072975,0.0018306511448245729
trpo_noise_it091,1.654,60,0.9088677167416188,0.8860846459270235,0.0015442207350643612
trpo_noise_it091,1.655,60,0.9114052638834036,0.8892565798542545,0.0016884363205315887
trpo_noise_it091,1.656,60,0.9118809253577741,0.8898511566972176,0.0014712533675022212
trpo_noise_it091,1.657,60,0.9080567447747315,0.8850709309684144,0.0018740669717826652
trpo_noise_it091,1.658,60,0.9067040631322527,0.8833800789153161,0.0020778586588448586
trpo_noise_it091,1.659,60,0.91389446527752,0.8923680815969,0.0018573184504272384
trpo_noise_it091,1.66,60,0.9101591753328027,0.8876989691660033,0.0016106593708664955
trpo_noise_it091,1.661,60,0.9126082374536924,0.8907602968171153,0.0013984610841729903
trpo_noise_it091,1.662,60,0.9079236701548912,0.8849045876936138,0.0017760791895949366
trpo_noise_it091,1.663,60,0.9093282215474767,0.886660276934346,0.0020291920333634335
trpo_noise_it091,1.664,60,0.9128874475290587,0.8911093094113235,0.0016245072289337566
trpo_noise_it091,1.665,60,0.9113403504407839,0.8891754380509798,0.002237130712064447
trpo_noise_it091,1.666,60,0.9115332316294605,0.8894165395368253,0.002464440699861913
trpo_noise_it091,1.667,60,0.9060657327645487,0.8825821659556857,0.00175899862803885
trpo_noise_it091,1.668,60,0.9103772879801014,0.8879716099751267,0.0015028037724173185
trpo_noise_it091,1.669,60,0.9128947637081302,0.8911184546351625,0.0018436808101982955
trpo_noise_it091,1.67,60,0.9130003860779425,0.8912504825974283,0.001589837906246119
trpo_noise_it091,1.671,60,0.9089931206359705,0.886241400794963,0.0022929148406189786
trpo_noise_it091,1.672,60,0.9090394025929606,0.8862992532412007,0.0019944068555615203
trpo_noise_it091,1.673,60,0.9023983256486527,0.8779979070608159,0.002263052069958938
trpo_noise_it091,1.674,60,0.9041989538271409,0.8802486922839259,0.002387539313425999
trpo_noise_it091,1.675,60,0.9091921128155683,0.8864901410194604,0.0023417671483683903
trpo_noise_it091,1.676,60,0.9137395313608025,0.892174414201003,0.0017400087106744064
trpo_noise_it091,1.677,60,0.9123933395285708,0.8904916744107132,0.0016121436260793068
trpo_noise_it091,1.678,60,0.9078929383823674,0.8848661729779597,0.0015275142253771926
trpo_noise_it091,1.679,60,0.9074612515077949,0.8843265643847436,0.0014221581270274304
trpo_noise_it091,1.68,60,0.9046877753493249,0.8808597191866562,0.002196232384591627
trpo_noise_it091,1.681,60,0.9092699394094338,0.886587424261792,0.0016406360498039216
trpo_noise_it091,1.682,60,0.9058815286708737,0.8823519108385918,0.0017292375071744175
trpo_noise_it091,1.683,60,0.9030395028817626,0.8787993786022034,0.002043320291832158
trpo_noise_it091,1.684,60,0.9009482276277876,0.8761852845347345,0.0020663658005154253
trpo_noise_it091,1.685,60,0.9082891588407813,0.8853614485509768,0.0016378591451728785
trpo_noise_it091,1.686,60,0.9090702556325514,0.886337819540689,0.0013692236874930344
trpo_noise_it091,1.687,60,0.9100701648385079,0.8875877060481348,0.0013802063853278826
trpo_noise_it091,1.688,60,0.9066920061457561,0.883365007682195,0.0023555038620562993
trpo_noise_it091,1.689,60,0.9090084947833518,0.8862606184791898,0.0017918153871810442
trpo_noise_it091,1.69,60,0.911124230868045,0.8889052885850562,0.0010566861931228814
trpo_noise_it091,1.691,60,0.9030680078561283,0.8788350098201602,0.0026504681836146187
trpo_noise_it091,1.692,60,0.909352444635593,0.8866905557944911,0.0026891201485867025
trpo_noise_it091,1.693,60,0.9010873857837691,0.8763592322297117,0.001755498252555407
trpo_noise_it091,1.694,60,0.9144151705638489,0.893018963204811,0.001560531878560839
trpo_noise_it091,1.695,60,0.9027121401971212,0.8783901752464012,0.0024742040859907907
trpo_noise_it091,1.696,60,0.9027754759605289,0.8784693449506612,0.0021737817607483346
trpo_noise_it091,1.697,60,0.9022875950977778,0.8778594938722223,0.002788241481510842
trpo_noise_it091,1.698,60,0.897022187690444,0.8712777346130548,0.0027816733569433114
trpo_noise_it091,1.699,60,0.9016390377027691,0.8770487971284613,0.001450337374541599
trpo_noise_it091,1.7,60,0.9011250852983953,0.8764063566229939,0.0021852549327060406
trpo_noise_it091,1.701,60,0.912385130419866,0.8904814130248326,0.0012767009180177636
trpo_noise_it091,1.702,60,0.9101535951882349,0.8876919939852937,0.0009600500012506731
trpo_noise_it091,1.703,60,0.9123517166612078,0.89043964582651,0.0013880490063606216
trpo_noise_it091,1.704,60,0.9044467858868934,0.8805584823586169,0.0016599404507837627
trpo_noise_it091,1.705,60,0.9043444335246804,0.8804305419058502,0.0020401279605319358
trpo_noise_it091,1.706,60,0.9052975199368721,0.8816218999210897,0.0022207506370685434
trpo_noise_it091,1.707,60,0.9096926788193003,0.8871158485241255,0.0014256114703143775
trpo_noise_it091,1.708,60,0.8989716301504848,0.8737145376881059,0.002283178021595046
trpo_noise_it091,1.709,60,0.9084274905263513,0.8855343631579393,0.0014316375436577787
trpo_noise_it091,1.71,60,0.9041655964395887,0.880206995549486,0.001659918804057095
trpo_noise_it091,1.711,60,0.9059310211911882,0.8824137764889851,0.0016610542530326074
trpo_noise_it091,1.712,60,0.9041279161125111,0.8801598951406387,0.002304136070457248
trpo_noise_it091,1.713,60,0.9036397108493074,0.8795496385616342,0.0017725605750865572
trpo_noise_it091,1.714,60,0.9015911795010418,0.8769889743763023,0.0012340680159386994
trpo_noise_it091,1.715,60,0.898359329066631,0.8729491613332887,0.001512812808557225
trpo_noise_it091,1.716,60,0.9032366770301217,0.8790458462876521,0.00156609908640949
trpo_noise_it091,1.717,60,0.8976331779698228,0.8720414724622786,0.0019065346214527205
trpo_noise_it091,1.718,60,0.909791094775806,0.8872388684697579,0.0020408452916105347
trpo_noise_it091,1.719,60,0.9014240959141651,0.8767801198927063,0.002944523197694765
trpo_noise_it091,1.72,60,0.9065859217313428,0.8832324021641784,0.0013401011990738798
trpo_noise_it091,1.721,60,0.9071328506615721,0.8839160633269648,0.0013158816198239804
trpo_noise_it091,1.722,60,0.9048273811473999,0.8810342264342498,0.002748533353834063
trpo_noise_it091,1.723,60,0.8927609661037711,0.8659512076297137,0.003937483276289952
trpo_noise_it091,1.724,60,0.9051359192922531,0.8814198991153168,0.001201437800762099
trpo_noise_it091,1.725,60,0.9059794438900792,0.882474304862599,0.0020784476844295987
trpo_noise_it091,1.726,60,0.8971185053687016,0.8713981317108773,0.0016581288906181615
trpo_noise_it091,1.727,60,0.9105600200654131,0.8882000250817665,0.002018274645610735
trpo_noise_it091,1.728,60,0.9013355531115386,0.8766694413894235,0.0020958504784961214
trpo_noise_it091,1.729,60,0.9077805228002553,0.8847256535003191,0.0017143957831412186
trpo_noise_it091,1.73,60,0.9067178033913825,0.883397254239228,0.0025254003852720366
trpo_noise_it091,1.731,60,0.9043360721529382,0.8804200901911725,0.0025620558649457293
trpo_noise_it091,1.732,60,0.8999864180221838,0.8749830225277296,0.003173193295943178
trpo_noise_it091,1.733,60,0.9061862959961883,0.8827328699952353,0.00251579586888596
trpo_noise_it091,1.734,60,0.902412903926101,0.8780161299076261,0.002768312928876378
trpo_noise_it091,1.735,60,0.8926688939042475,0.8658361173803092,0.002710317411799842
trpo_noise_it091,1.736,60,0.906255481191558,0.882819351489447,0.0013991178950661365
trpo_noise_it091,1.737,60,0.9000503170548166,0.8750628963185209,0.0019531616672885444
trpo_noise_it091,1.738,60,0.9056742762160148,0.8820928452700184,0.001483318765595494
trpo_noise_it091,1.739,60,0.9033711917649436,0.8792139897061796,0.0020021248703066628
trpo_noise_it091,1.74,60,0.9007883443949041,0.8759854304936298,0.0023742445896234757
trpo_noise_it091,1.741,60,0.8967580847325625,0.8709476059157029,0.0023920671768245367
trpo_noise_it091,1.742,60,0.9048950429974554,0.8811188037468191,0.0021278220844316077
trpo_noise_it091,1.743,60,0.9049764052123518,0.8812205065154399,0.002123100433828347
trpo_noise_it091,1.744,60,0.9032041688036249,0.8790052110045312,0.001765612956964081
trpo_noise_it091,1.745,60,0.898846272662215,0.8735578408277686,0.0024790664926581676
trpo_noise_it091,1.746,60,0.9015060204895505,0.8768825256119379,0.0023443351544438756
trpo_noise_it091,1.747,60,0.9093096871966218,0.8866371089957774,0.00198180500194791
trpo_noise_it091,1.748,60,0.9019925637140394,0.8774907046425491,0.001991687510524287
trpo_noise_it091,1.749,60,0.8997590551355483,0.8746988189194354,0.002294366286200211
trpo_noise_it091,1.75,60,0.9028949467018812,0.8786186833773516,0.00179886094811312
trpo_noise_it091,1.751,60,0.9075893811269694,0.8844867264087118,0.0011388346109584954
trpo_noise_it091,1.752,60,0.8987404237666863,0.8734255297083579,0.0032453474038744248
trpo_noise_it091,1.753,60,0.8931273436624256,0.866409179578032,0.002226528568073379
trpo_noise_it091,1.754,60,0.8972166388126026,0.8715207985157531,0.002565551398682924
trpo_noise_it091,1.755,60,0.8968411542035466,0.8710514427544328,0.001630411539556715
trpo_noise_it091,1.756,60,0.888434913936465,0.8605436424205811,0.0021380722046531572
trpo_noise_it091,1.757,60,0.8983990740873523,0.8729988426091903,0.0016281637540600052
trpo_noise_it091,1.758,60,0.9007564492252348,0.8759455615315435,0.002147834603718972
trpo_noise_it091,1.759,60,0.9000016727679032,0.8750020909598789,0.0014486574447293025
trpo_noise_it091,1.76,60,0.9037764640604412,0.8797205800755515,0.002093270399344954
trpo_noise_it091,1.761,60,0.8975319472668577,0.8719149340835723,0.002302716364747075
trpo_noise_it091,1.762,60,0.9019847223193171,0.8774809028991466,0.0016012726691882388
trpo_noise_it091,1.763,60,0.8949613494418074,0.8687016868022593,0.0015509516422689492
trpo_noise_it091,1.764,60,0.9049408499269987,0.8811760624087482,0.001274763505578666
trpo_noise_it091,1.765,60,0.9072012933759691,0.8840016167199615,0.0014137238841044643
trpo_noise_it091,1.766,60,0.897018798676556,0.871273498345695,0.0021635911226296073
trpo_noise_it091,1.767,60,0.8996984763084726,0.8746230953855909,0.00200669291546331
trpo_noise_it091,1.768,60,0.8989196505479677,0.8736495631849599,0.002754154024059625
trpo_noise_it091,1.769,60,0.8910623629370827,0.8638279536713536,0.002087106723972555
trpo_noise_it091,1.77,60,0.9028925534492447,0.8786156918115557,0.002453481540296876
trpo_noise_it091,1.771,60,0.899108245451127,0.8738853068139085,0.0026422948841217445
trpo_noise_it091,1.772,60,0.8987068721011628,0.8733835901264534,0.0028680807959519895
trpo_noise_it091,1.773,60,0.8969206969352085,0.8711508711690106,0.0016452636099335448
trpo_noise_it091,1.774,60,0.9055568176684887,0.8819460220856109,0.0016766172022171346
trpo_noise_it091,1.775,60,0.8997687802153576,0.8747109752691966,0.0011589725957690494
trpo_noise_it091,1.776,60,0.9019560446077673,0.877445055759709,0.0019460513854015415
trpo_noise_it091,1.777,60,0.8929230097837695,0.8661537622297119,0.0018532339462826134
trpo_noise_it091,1.778,60,0.8975677577839495,0.8719596972299367,0.0018780929512270488
trpo_noise_it091,1.779,60,0.8902328012752765,0.8627910015940953,0.003677341303725478
trpo_noise_it091,1.78,60,0.8997182013791009,0.874647751723876,0.0019726974351102888
trpo_noise_it091,1.781,60,0.8899836038051787,0.8624795047564732,0.00260074053686211
trpo_noise_it091,1.782,60,0.8982752030123354,0.8728440037654194,0.0024768158705668008
trpo_noise_it091,1.783,60,0.9083337305606034,0.885417163200754,0.002509922035442763
trpo_noise_it091,1.784,60,0.8971534449212893,0.8714418061516115,0.002784162204944396
trpo_noise_it091,1.785,60,0.9067986417908106,0.8834983022385132,0.001180544378223666
trpo_noise_it091,1.786,60,0.9058553741429979,0.8823192176787473,0.0016109290103482924
trpo_noise_it091,1.787,60,0.9055540439230054,0.881942554903757,0.0015450434596970127
trpo_noise_it091,1.788,60,0.9032768469995696,0.8790960587494616,0.0021882183822452767
trpo_noise_it091,1.789,60,0.905015081261392,0.88126885157674,0.002725679411567958
trpo_noise_it091,1.79,60,0.9133247629426813,0.8916559536783516,0.001330152220081374
trpo_noise_it091,1.791,60,0.8938176654797929,0.867272081849741,0.002464260336592075
trpo_noise_it091,1.792,60,0.9007515095072212,0.8759393868840263,0.002031374213231383
trpo_noise_it091,1.793,60,0.904033887418186,0.8800423592727326,0.0019434655824820304
trpo_noise_it091,1.794,60,0.8938476625865583,0.8673095782331977,0.0017526747293256522
trpo_noise_it091,1.795,60,0.8933029121791254,0.8666286402239071,0.002480154041545996
trpo_noise_it091,1.796,60,0.8991367711058699,0.8739209638823371,0.002210483920978006
trpo_noise_it091,1.797,60,0.8911124814608065,0.863890601826008,0.0026795118717306424
trpo_noise_it091,1.798,60,0.8909985542826959,0.8637481928533699,0.002255944726424615
trpo_noise_it091,1.799,60,0.8978084722374189,0.8722605902967736,0.0025189507169676275
trpo_noise_it091,1.8,60,0.8975493715664364,0.8719367144580455,0.0014245648889475342
trpo_noise_it091,1.801,60,0.8968951892699716,0.8711189865874647,0.002522729194687208
trpo_noise_it091,1.802,60,0.9074152830919818,0.8842691038649774,0.001891876525957139
trpo_noise_it091,1.803,60,0.8852343988951121,0.8565429986188904,0.004445243603141005
trpo_noise_it091,1.804,60,0.893080988832756,0.8663512360409449,0.0029478172047039783
trpo_noise_it091,1.805,60,0.8979860664307431,0.8724825830384285,0.0021123605185151984
trpo_noise_it091,1.806,60,0.8972964856019087,0.8716206070023857,0.001985282138041691
trpo_noise_it091,1.807,60,0.9022246490954308,0.8777808113692884,0.0016961171901152098
trpo_noise_it091,1.808,60,0.8909623491336757,0.8637029364170945,0.0018773460151685528
trpo_noise_it091,1.809,60,0.8936130986182012,0.8670163732727512,0.0022694220318010563
trpo_noise_it091,1.81,60,0.8969701129106152,0.8712126411382691,0.002327046826383373
trpo_noise_it091,1.811,60,0.9004539948561767,0.8755674935702209,0.001446523070450938
trpo_noise_it091,1.812,60,0.8946959001985655,0.8683698752482065,0.0024903808286189113
trpo_noise_it091,1.813,60,0.8911985406167151,0.8639981757708939,0.002563276837916749
trpo_noise_it091,1.814,60,0.885138770738972,0.8564234634237147,0.003177140779030563
trpo_noise_it091,1.815,60,0.8982001487383621,0.8727501859229524,0.001539216285065775
trpo_noise_it091,1.816,60,0.892564425907377,0.8657055323842209,0.0022209278136730995
trpo_noise_it091,1.817,60,0.9012951894555132,0.8766189868193913,0.001564469665862206
trpo_noise_it091,1.818,60,0.8954099851385937,0.8692624814232424,0.002458385805494513
trpo_noise_it091,1.819,60,0.9002035125968217,0.8752543907460274,0.0018394633228979139
trpo_noise_it091,1.82,60,0.8999953269661799,0.8749941587077249,0.0026654210367275414
trpo_noise_it091,1.821,60,0.8958773169304479,0.8698466461630598,0.0022769926960549756
trpo_noise_it091,1.822,60,0.8970826763802914,0.8713533454753641,0.0020475707268291293
trpo_noise_it091,1.823,60,0.8984469205917958,0.8730586507397446,0.0018840798119547245
trpo_noise_it091,1.824,60,0.8817498992790433,0.8521873740988041,0.0022845507091502
trpo_noise_it091,1.825,60,0.8972119945532017,0.871514993191502,0.001873978863522543
trpo_noise_it091,1.826,60,0.8840378474630456,0.8550473093288067,0.0023333382135464985
trpo_noise_it091,1.827,60,0.8955898772269943,0.869487346533743,0.003194054044553396
trpo_noise_it091,1.828,60,0.896898815001713,0.8711235187521409,0.002189242962110705
trpo_noise_it091,1.829,60,0.892328027519913,0.8654100343998914,0.002226785426861868
trpo_noise_it091,1.83,60,0.905033306286909,0.8812916328586362,0.001735696171151053
trpo_noise_it091,1.831,60,0.8949528202530286,0.8686910253162857,0.0019580259284264364
trpo_noise_it091,1.832,60,0.8886974057724393,0.8608717572155494,0.0028904862898111528
trpo_noise_it091,1.833,60,0.8855605958158613,0.8569507447698269,0.002585526920208672
trpo_noise_it091,1.834,60,0.8878557921572166,0.8598197401965207,0.0023323890235356763
trpo_noise_it091,1.835,60,0.8965406803997311,0.8706758504996639,0.0024288349995489357
trpo_noise_it091,1.836,60,0.8906517452870238,0.8633146816087797,0.0034452630681354444
trpo_noise_it091,1.837,60,0.8959787367584376,0.8699734209480471,0.0023299692220526023
trpo_noise_it091,1.838,60,0.8972703037955596,0.8715878797444496,0.0016447227057354422
trpo_noise_it091,1.839,60,0.8942676894831103,0.8678346118538879,0.0021477225750527688
trpo_noise_it091,1.84,60,0.8892533389265115,0.8615666736581393,0.0017373511483348412
trpo_noise_it091,1.841,60,0.8936145584696065,0.8670181980870081,0.0030786983309665982
trpo_noise_it091,1.842,60,0.9018661056050528,0.8773326320063161,0.0015311719783700983
trpo_noise_it091,1.843,60,0.8920823005309025,0.8651028756636279,0.002001853301746073
trpo_noise_it091,1.844,60,0.8841758155202826,0.8552197694003534,0.0028420322549885385
trpo_noise_it091,1.845,60,0.8887280973042732,0.8609101216303415,0.0026316690422644095
trpo_noise_it091,1.846,60,0.8864283410803484,0.8580354263504356,0.0026872194827761214
trpo_noise_it091,1.847,60,0.8924385603708871,0.8655482004636087,0.001755926533746033
trpo_noise_it091,1.848,60,0.8876035363732865,0.8595044204666081,0.0024983597110303716
trpo_noise_it091,1.849,60,0.8940665858927237,0.8675832323659045,0.00230905654050678
trpo_noise_it091,1.85,60,0.8896397967471862,0.8620497459339825,0.002448628111908893
trpo_noise_it091,1.851,60,0.8892805425751608,0.8616006782189509,0.0016634515348027026
trpo_noise_it091,1.852,60,0.8908040174151065,0.8635050217688831,0.002114355240118238
trpo_noise_it091,1.853,60,0.890221030075347,0.8627762875941836,0.002425676726775242
trpo_noise_it091,1.854,60,0.8878793735322973,0.8598492169153714,0.002683003453703965
trpo_noise_it091,1.855,60,0.8867796374099357,0.8584745467624194,0.003032694305582136
trpo_noise_it091,1.856,60,0.896963558062206,0.8712044475777575,0.0021735746767081432
trpo_noise_it091,1.857,60,0.8952624856612736,0.8690781070765919,0.0012850483873554704
trpo_noise_it091,1.858,60,0.8934416245808873,0.8668020307261092,0.0015178461739218552
trpo_noise_it091,1.859,60,0.888902302011411,0.8611278775142636,0.002115867552554696
trpo_noise_it091,1.86,60,0.8941146756673739,0.8676433445842177,0.002840160928004504
trpo_noise_it091,1.861,60,0.8991625018152418,0.8739531272690522,0.002007030794320942
trpo_noise_it091,1.862,60,0.8893876698663048,0.8617345873328809,0.002647740997567892
trpo_noise_it091,1.863,60,0.8956862064795538,0.8696077580994425,0.002323098914526252
trpo_noise_it091,1.864,60,0.8938353430864279,0.8672941788580346,0.0022192242698428773
trpo_noise_it091,1.865,60,0.8955841007530655,0.8694801259413321,0.002589174619017821
trpo_noise_it091,1.866,60,0.8977089282713391,0.8721361603391737,0.0022325642145624926
trpo_noise_it091,1.867,60,0.8929967021021046,0.8662458776276307,0.0024542948028599995
trpo_noise_it091,1.868,60,0.8874493745485493,0.8593117181856867,0.002776532547497058
trpo_noise_it091,1.869,60,0.8959178154289624,0.8698972692862033,0.0021588817602701885
trpo_noise_it091,1.87,60,0.8889816566241511,0.8612270707801889,0.0028109122989743596
trpo_noise_it091,1.871,60,0.8928932448913955,0.8661165561142443,0.0015071057504289418
trpo_noise_it091,1.872,60,0.8901620402814917,0.8627025503518644,0.003104084689950313
trpo_noise_it091,1.873,60,0.8917231565647227,0.8646539457059034,0.0024862575338943696
trpo_noise_it091,1.874,60,0.888178396377234,0.8602229954715421,0.002561480683823823
trpo_noise_it091,1.875,60,0.8834355896485189,0.8542944870606486,0.0027529955631318934
trpo_noise_it091,1.876,60,0.8910655134152519,0.8638318917690652,0.0025703414910721594
trpo_noise_it091,1.877,60,0.8922435727360615,0.8653044659200767,0.0018946817939718176
trpo_noise_it091,1.878,60,0.8919207632707483,0.8649009540884355,0.002423679697826696
trpo_noise_it091,1.879,60,0.8880202654264515,0.8600253317830642,0.002628774854237788
trpo_noise_it091,1.88,60,0.8961444923896678,0.8701806154870847,0.0024103977548441706
trpo_noise_it091,1.881,60,0.8968308550919284,0.8710385688649104,0.001480891632403683
trpo_noise_it091,1.882,60,0.8919454404420848,0.8649318005526058,0.00228952907842571
trpo_noise_it091,1.883,60,0.8954164823342335,0.8692706029177918,0.002475536423149063
trpo_noise_it091,1.884,60,0.8771289953740695,0.8464112442175868,0.003084371256191627
trpo_noise_it091,1.885,60,0.8787567090287784,0.8484458862859727,0.003230660684202733
trpo_noise_it091,1.886,60,0.8842519413440808,0.8553149266801008,0.0028847794347469603
trpo_noise_it091,1.887,60,0.8889897982447483,0.8612372478059355,0.002669177459791554
trpo_noise_it091,1.888,60,0.8899606634171295,0.8624508292714118,0.0017306051814012134
trpo_noise_it091,1.889,60,0.8916989657653578,0.864623707206697,0.002093297607654967
trpo_noise_it091,1.89,60,0.8852302115122591,0.8565377643903241,0.002191525254222968
trpo_noise_it091,1.891,60,0.8848490279891936,0.8560612849864921,0.0028167917530098115
trpo_noise_it091,1.892,60,0.8871777853635158,0.8589722317043945,0.0027436505183162816
trpo_noise_it091,1.893,60,0.8880423049815651,0.8600528812269563,0.002531473740755021
trpo_noise_it091,1.894,60,0.8896237316100448,0.862029664512556,0.0028643538693853107
trpo_noise_it091,1.895,60,0.8908556048680851,0.8635695060851062,0.001586027181828573
trpo_noise_it091,1.896,60,0.8846035653580595,0.8557544566975744,0.0022642930661069638
trpo_noise_it091,1.897,60,0.8897808262878958,0.8622260328598695,0.0022662429731837848
trpo_noise_it091,1.898,60,0.890415980803668,0.8630199760045848,0.0026531268831285083
trpo_noise_it091,1.899,60,0.8895101823272875,0.8618877279091095,0.001935928897465395
trpo_noise_it091,1.9,60,0.8940713244295019,0.8675891555368772,0.0023977220516394645
trpo_noise_it091,1.901,60,0.8907650916143987,0.8634563645179981,0.002864338678437015
trpo_noise_it091,1.902,60,0.8886917163574882,0.8608646454468603,0.0024672796040464675
trpo_noise_it091,1.903,60,0.8830800453079029,0.8538500566348785,0.002913151248107525
trpo_noise_it091,1.904,60,0.8868988473539728,0.858623559192466,0.0030394711189173276
trpo_noise_it091,1.905,60,0.8918601878331442,0.8648252347914304,0.0022944148859563645
trpo_noise_it091,1.906,60,0.8845402526294999,0.8556753157868751,0.0034787996943295265
trpo_noise_it091,1.907,60,0.8941875935091101,0.8677344918863876,0.0020961620371741907
trpo_noise_it091,1.908,60,0.8831745864712683,0.8539682330890856,0.0031647877823808984
trpo_noise_it091,1.909,60,0.8854266485191431,0.856783310648929,0.002287345891793163
trpo_noise_it091,1.91,60,0.8945092538124948,0.8681365672656185,0.0017460406993295354
trpo_noise_it091,1.911,60,0.884327039608003,0.8554087995100035,0.0028502254923216787
trpo_noise_it091,1.912,60,0.8890146107037449,0.8612682633796811,0.0019461456208712347
trpo_noise_it091,1.913,60,0.8902399025683096,0.8627998782103868,0.0019404362310410828
trpo_noise_it091,1.914,60,0.8949180774000584,0.8686475967500729,0.0021442037628082314
trpo_noise_it091,1.915,60,0.8816319663992854,0.8520399579991068,0.0028049130198726222
trpo_noise_it091,1.916,60,0.8900914431734421,0.8626143039668025,0.002811475468043503
trpo_noise_it091,1.917,60,0.8860928441659296,0.8576160552074119,0.0018275293166863248
trpo_noise_it091,1.918,60,0.8814541141406824,0.8518176426758529,0.002512526184586802
trpo_noise_it091,1.919,60,0.8886504754798239,0.8608130943497799,0.0017157023748772696
trpo_noise_it091,1.92,60,0.8822715526271327,0.852839440783916,0.0032995369901600833
trpo_noise_it091,1.921,60,0.880672298770794,0.8508403734634924,0.0021418075050775756
trpo_noise_it091,1.922,60,0.889359508546837,0.8616993856835463,0.002480315116906667
trpo_noise_it091,1.923,60,0.8901285484239015,0.862660685529877,0.0021407224243694123
trpo_noise_it091,1.924,60,0.8904699856551344,0.8630874820689177,0.0031104353457372387
trpo_noise_it091,1.925,60,0.8840642565699757,0.8550803207124693,0.0025693624503004956
trpo_noise_it091,1.926,60,0.88771034928359,0.8596379366044876,0.0017569477740717182
trpo_noise_it091,1.927,60,0.8832786766987788,0.8540983458734736,0.0029835947649076195
trpo_noise_it091,1.928,60,0.8801481325246631,0.8501851656558287,0.0018346779533853902
trpo_noise_it091,1.929,60,0.884182596259609,0.8552282453245111,0.001962483390778517
trpo_noise_it091,1.93,60,0.8823277788497287,0.8529097235621607,0.002972716794882325
trpo_noise_it091,1.931,60,0.8765211491430718,0.8456514364288397,0.003936746099630619
trpo_noise_it091,1.932,60,0.8756455670814056,0.8445569588517569,0.0038542763601164183
trpo_noise_it091,1.933,60,0.8828683605641395,0.8535854507051741,0.0031429497152457293
trpo_noise_it091,1.934,60,0.8816249160372248,0.8520311450465311,0.002298726330137936
trpo_noise_it091,1.935,60,0.8839225969310789,0.8549032461638486,0.0027406469136124203
trpo_noise_it091,1.936,60,0.88647635287043,0.8580954410880374,0.0021187466729275946
trpo_noise_it091,1.937,60,0.8863431934560873,0.8579289918201091,0.0026511822981579933
trpo_noise_it091,1.938,60,0.8857609722567367,0.8572012153209206,0.0022432271057472824
trpo_noise_it091,1.939,60,0.8809474326241894,0.8511842907802364,0.0037101361499696246
trpo_noise_it091,1.94,60,0.8743408836248266,0.8429261045310333,0.003750561664613615
trpo_noise_it091,1.941,60,0.8878104907583908,0.8597631134479884,0.002063188217824532
trpo_noise_it091,1.942,60,0.8802860154506562,0.8503575193133199,0.0026459377449912854
trpo_noise_it091,1.943,60,0.8814018189614743,0.8517522737018427,0.003579676860693471
trpo_noise_it091,1.944,60,0.8769404954260474,0.846175619282559,0.002418454963321089
trpo_noise_it091,1.945,60,0.8900785273712684,0.8625981592140853,0.0018747732933737978
trpo_noise_it091,1.946,60,0.8939215906774148,0.8674019883467685,0.002028859156850298
trpo_noise_it091,1.947,60,0.8868898701666308,0.8586123377082886,0.002825729494785813
trpo_noise_it091,1.948,60,0.8708462194978133,0.8385577743722666,0.003829391652130956
trpo_noise_it091,1.949,60,0.8874060794176103,0.8592575992720128,0.0017438478218696875
trpo_noise_it091,1.95,60,0.8978097646619428,0.8722622058274286,0.001934568869248084
trpo_noise_it091,1.951,60,0.879897127830078,0.8498714097875977,0.0023988845575445414
trpo_noise_it091,1.952,60,0.8753556637844762,0.8441945797305951,0.003153935944117821
trpo_noise_it091,1.953,60,0.8812983195449388,0.8516228994311735,0.002710840522580083
trpo_noise_it091,1.954,60,0.8763492466744517,0.8454365583430643,0.0026436873147688516
trpo_noise_it091,1.955,60,0.8833356154243909,0.8541695192804888,0.002078992843423508
trpo_noise_it091,1.956,60,0.8744314406992335,0.8430393008740419,0.003392888995792949
trpo_noise_it091,1.957,60,0.879227896739624,0.8490348709245298,0.002469676525701426
trpo_noise_it091,1.958,60,0.8796963188801906,0.8496203986002381,0.002780847563162393
trpo_noise_it091,1.959,60,0.8752860656225429,0.8441075820281783,0.0024685099402938803
trpo_noise_it091,1.96,60,0.8738424281171668,0.8423030351464582,0.002819480743129366
trpo_noise_it091,1.961,60,0.8730705389033839,0.8413381736292298,0.0031124720463418655
trpo_noise_it091,1.962,60,0.8690516066092728,0.8363145082615909,0.0029542517756516447
trpo_noise_it091,1.963,60,0.8827404021688943,0.8534255027111176,0.0026939544085477457
trpo_noise_it091,1.964,60,0.888658166270438,0.8608227078380476,0.0019259968108005807
trpo_noise_it091,1.965,60,0.8797816713350649,0.8497270891688312,0.003294846298239116
trpo_noise_it091,1.966,60,0.8846759206644091,0.8558449008305116,0.003006678152726879
trpo_noise_it091,1.967,60,0.8907140315942677,0.8633925394928345,0.002149153770329844
trpo_noise_it091,1.968,60,0.8909465604732066,0.8636832005915083,0.0020611131214982926
trpo_noise_it091,1.969,60,0.8778534825174907,0.8473168531468632,0.002107834179519487
trpo_noise_it091,1.97,60,0.8751380484776509,0.8439225605970636,0.0034487802133498684
trpo_noise_it091,1.971,60,0.8733134151483242,0.8416417689354054,0.0031586509443681564
trpo_noise_it091,1.972,60,0.8840721768426246,0.8550902210532808,0.002362667080362204
trpo_noise_it091,1.973,60,0.8754675715481186,0.8443344644351483,0.003025410275223617
trpo_noise_it091,1.974,60,0.8839614734061148,0.8549518417576433,0.0024992005350329707
trpo_noise_it091,1.975,60,0.8904194296785776,0.8630242870982215,0.0017383950407197485
trpo_noise_it091,1.976,60,0.8810138135254152,0.8512672669067688,0.0039662057695500465
trpo_noise_it091,1.977,60,0.8751959218945404,0.8439949023681753,0.004043891425877483
trpo_noise_it091,1.978,60,0.8799414455257335,0.8499268069071668,0.0024740082064104167
trpo_noise_it091,1.979,60,0.8794719560347168,0.8493399450433959,0.003171085190698791
trpo_noise_it091,1.98,60,0.8766531115294515,0.8458163894118143,0.003007060338620995
trpo_noise_it091,1.981,60,0.8787093892307063,0.8483867365383826,0.0034327751924752756
trpo_noise_it091,1.982,60,0.8753906334023457,0.8442382917529321,0.0023499521639009143
trpo_noise_it091,1.983,60,0.8812485363769018,0.8515606704711272,0.0033991062025684527
trpo_noise_it091,1.984,60,0.8858961195785391,0.8573701494731737,0.0027919001475921845
trpo_noise_it091,1.985,60,0.8646876086974397,0.8308595108717994,0.0037356192413551645
trpo_noise_it091,1.986,60,0.8827238699238997,0.8534048374048749,0.0020775288649077703
trpo_noise_it091,1.987,60,0.8774393494056231,0.8467991867570287,0.002099337651498805
trpo_noise_it091,1.988,60,0.8721459976120585,0.8401824970150731,0.002480119347175737
trpo_noise_it091,1.989,60,0.8839571364507895,0.8549464205634869,0.0022410721623380425
trpo_noise_it091,1.99,60,0.8763663325255436,0.8454579156569296,0.003910962885314211
trpo_noise_it091,1.991,60,0.8781687247260346,0.8477109059075433,0.0021346235642268887
trpo_noise_it091,1.992,60,0.8840153030890123,0.8550191288612654,0.001757848865475401
trpo_noise_it091,1.993,60,0.8777221427140699,0.8471526783925876,0.002491512944882572
trpo_noise_it091,1.994,60,0.8897982249007687,0.8622477811259609,0.002353524492727323
trpo_noise_it091,1.995,60,0.8800696729334654,0.8500870911668319,0.0035838706840791066
trpo_noise_it091,1.996,60,0.8712950029407311,0.839118753675914,0.003282360061648647
trpo_noise_it091,1.997,60,0.8785657126858658,0.8482071408573323,0.0023725376256558146
trpo_noise_it091,1.998,60,0.8810342362457311,0.8512927953071642,0.0030136814337625643
trpo_noise_it091,1.999,60,0.8816973457340662,0.8521216821675827,0.0026274066195308508
trpo_noise_it091,2.0,60,0.8754881668516412,0.8443602085645515,0.0027718326170470434
trpo_noise_it091,2.001,60,0.8861387791276268,0.8576734739095335,0.0029891649846384466
trpo_noise_it091,2.002,60,0.8796734277463675,0.8495917846829589,0.002354906738263331
trpo_noise_it091,2.003,60,0.8852914935230567,0.856614366903821,0.0024874749549350086
trpo_noise_it091,2.004,60,0.8702423296138975,0.8378029120173718,0.003271561064780438
trpo_noise_it091,2.005,60,0.8728118551339563,0.8410148189174455,0.004034976022288607
trpo_noise_it091,2.006,60,0.8763629043640275,0.8454536304550347,0.003196485885869109
trpo_noise_it091,2.007,60,0.8794196052318057,0.8492745065397571,0.002096627346196366
trpo_noise_it091,2.008,60,0.8814983427966521,0.8518729284958149,0.002975866180194359
trpo_noise_it091,2.009,60,0.8733875917384069,0.8417344896730087,0.003724444161596548
trpo_noise_it091,2.01,60,0.8688493139754669,0.8360616424693338,0.0035508917492800087
trpo_noise_it091,2.011,60,0.8719681832447677,0.8399602290559597,0.0036818691177955922
trpo_noise_it091,2.012,60,0.8768522757172603,0.8460653446465752,0.0026725696458460967
trpo_noise_it091,2.013,60,0.8765708485593351,0.8457135606991689,0.003872811645800878
trpo_noise_it091,2.014,60,0.8752528413254312,0.844066051656789,0.0034878678862531962
trpo_noise_it091,2.015,60,0.8812805793968889,0.8516007242461111,0.003122004921365573
trpo_noise_it091,2.016,60,0.8727640825962871,0.8409551032453589,0.0025545969248728347
trpo_noise_it091,2.017,60,0.8767276645956621,0.8459095807445777,0.0025709669977381834
trpo_noise_it091,2.018,60,0.8799813820953445,0.8499767276191805,0.0033449087769269496
trpo_noise_it091,2.019,60,0.8708607419298453,0.8385759274123067,0.002327454642478713
trpo_noise_it091,2.02,60,0.8624189076658914,0.8280236345823643,0.0043216233362810596
trpo_noise_it091,2.021,60,0.8663506889752454,0.8329383612190565,0.0027886138547552155
trpo_noise_it091,2.022,60,0.8808131669877284,0.8510164587346606,0.0034626143146952093
trpo_noise_it091,2.023,60,0.8784882255069661,0.8481102818837075,0.0025842380931041234
trpo_noise_it091,2.024,60,0.8704607579062904,0.838075947382863,0.003678356532677937
trpo_noise_it091,2.025,60,0.8743526697167692,0.8429408371459615,0.0036082125122058922
trpo_noise_it091,2.026,60,0.8784848269707966,0.8481060337134956,0.0026517138997531734
trpo_noise_it091,2.027,60,0.8833142639780999,0.8541428299726249,0.0021984061796017284
trpo_noise_it091,2.028,60,0.870420813764789,0.838026017205986,0.00404712761620386
trpo_noise_it091,2.029,60,0.8731090150853614,0.841386268856702,0.0027186988966522783
trpo_noise_it091,2.03,60,0.8683456916592818,0.835432114574102,0.0027781952446705232
trpo_noise_it091,2.031,60,0.8756182241424316,0.8445227801780394,0.002671091232531587
trpo_noise_it091,2.032,60,0.8623163857850763,0.8278954822313455,0.0030740541774344527
trpo_noise_it091,2.033,60,0.8864663045283397,0.8580828806604244,0.002187670481877396
trpo_noise_it091,2.034,60,0.8825033099239905,0.8531291374049879,0.0028468196198568867
trpo_noise_it091,2.035,60,0.8818577919381356,0.8523222399226693,0.0022684533071380105
trpo_noise_it091,2.036,60,0.872466081603492,0.8405826020043647,0.003303618723327413
trpo_noise_it091,2.037,60,0.8777878100411649,0.8472347625514559,0.002371819712369336
trpo_noise_it091,2.038,60,0.8736500569080916,0.8420625711351143,0.002811995352742846
trpo_noise_it091,2.039,60,0.8743046508381691,0.8428808135477113,0.0026394054777250007
trpo_noise_it091,2.04,60,0.8785463999633546,0.848182999954193,0.002913008959847758
trpo_noise_it091,2.041,60,0.8724827533520279,0.8406034416900351,0.002943719140559633
trpo_noise_it091,2.042,60,0.8741631966206864,0.8427039957758581,0.003441466877274055
trpo_noise_it091,2.043,60,0.8848617852555984,0.856077231569498,0.0023838529316206427
trpo_noise_it091,2.044,60,0.8749435005288817,0.8436793756611025,0.0026295014021484415
trpo_noise_it091,2.045,60,0.8775006583466389,0.8468758229332988,0.0025936514406004847
trpo_noise_it091,2.046,60,0.8745679049486572,0.8432098811858214,0.002673894971408805
trpo_noise_it091,2.047,60,0.8825546868893834,0.8531933586117293,0.004232596566851035
trpo_noise_it091,2.048,60,0.8769238164908937,0.8461547706136169,0.002221709676383835
trpo_noise_it091,2.049,60,0.8693671062050076,0.8367088827562594,0.002757299614383884
trpo_noise_it091,2.05,60,0.8713652159864687,0.8392065199830856,0.0026153702130941436
trpo_noise_it091,2.051,60,0.8766360486694291,0.8457950608367868,0.0024237175961497417
trpo_noise_it091,2.052,60,0.873872388747924,0.842340485934905,0.0031608751932084332
trpo_noise_it091,2.053,60,0.8562428753640288,0.8203035942050358,0.004075343019530943
trpo_noise_it091,2.054,60,0.8787082269319868,0.8483852836649832,0.0026950465470590803
trpo_noise_it091,2.055,60,0.8690508407176747,0.8363135508970932,0.0025844523083971183
trpo_noise_it091,2.056,60,0.8693755329966874,0.836719416245859,0.0026301701200828385
trpo_noise_it091,2.057,60,0.8737829919360469,0.8422287399200586,0.002296632596810343
trpo_noise_it091,2.058,60,0.875647354485847,0.8445591931073088,0.003035333948553622
trpo_noise_it091,2.059,60,0.8718284915634364,0.8397856144542953,0.002420226924527985
trpo_noise_it091,2.06,60,0.8758671270352303,0.844833908794038,0.0018684584669737075
trpo_noise_it091,2.061,60,0.867114664754158,0.8338933309426974,0.003843869215908953
trpo_noise_it091,2.062,60,0.8794193715259517,0.8492742144074398,0.0028584345930964
trpo_noise_it091,2.063,60,0.8670725331930763,0.8338406664913455,0.002478896499992114
trpo_noise_it091,2.064,60,0.867966560850913,0.834958201063641,0.0037437734382036528
trpo_noise_it091,2.065,60,0.8737849403039594,0.8422311753799492,0.004904002257225429
trpo_noise_it091,2.066,60,0.8613724952254439,0.8267156190318047,0.004510695110579854
trpo_noise_it091,2.067,60,0.8765862981561245,0.8457328726951555,0.0039018511719328803
trpo_noise_it091,2.068,60,0.8684867487640727,0.8356084359550907,0.0026641558059089824
trpo_noise_it091,2.069,60,0.878873259503651,0.8485915743795638,0.0018133502401816543
trpo_noise_it091,2.07,60,0.8720206807103698,0.8400258508879619,0.00346078796946582
trpo_noise_it091,2.071,60,0.8629228911710215,0.828653613963777,0.003247198439992423
trpo_noise_it091,2.072,60,0.8691531569268819,0.836441446158602,0.002837996937624421
trpo_noise_it091,2.073,60,0.8616497810454846,0.8270622263068556,0.00326098740565383
trpo_noise_it091,2.074,60,0.869163097994235,0.8364538724927938,0.0028259378939702257
trpo_noise_it091,2.075,60,0.8619146988935272,0.8273933736169088,0.0033974766951890816
trpo_noise_it091,2.076,60,0.872751852444626,0.8409398155557828,0.003556940718778266
trpo_noise_it091,2.077,60,0.8574838220967044,0.8218547776208805,0.0035716449682901526
trpo_noise_it091,2.078,60,0.8745031532725286,0.8431289415906609,0.004200013893536104
trpo_noise_it091,2.079,60,0.861380320702314,0.8267254008778924,0.003992668167343924
trpo_noise_it091,2.08,60,0.8546821627526351,0.8183527034407939,0.004261176493529163
trpo_noise_it091,2.081,60,0.863498710832073,0.8293733885400912,0.004860727837971432
trpo_noise_it091,2.082,60,0.8679113479076304,0.834889184884538,0.0027929862421991903
trpo_noise_it091,2.083,60,0.8640464943922821,0.8300581179903528,0.003168316783090333
trpo_noise_it091,2.084,60,0.8678669230247142,0.8348336537808928,0.003312004160667872
trpo_noise_it091,2.085,60,0.8731760880392069,0.8414701100490086,0.0030194735743860742
trpo_noise_it091,2.086,60,0.8713373167317613,0.8391716459147015,0.002699464893596836
trpo_noise_it091,2.087,60,0.8702157512420983,0.8377696890526224,0.0032561945200737285
trpo_noise_it091,2.088,60,0.8611979254316617,0.8264974067895773,0.0030004819599841396
trpo_noise_it091,2.089,60,0.8718240524391515,0.8397800655489392,0.004025115859311775
trpo_noise_it091,2.09,60,0.8712597110686154,0.8390746388357692,0.0038885256342233985
trpo_noise_it091,2.091,60,0.8689745479341365,0.8362181849176705,0.0031077298129475977
trpo_noise_it091,2.092,60,0.8626386411049595,0.8282983013811994,0.002840520356317294
trpo_noise_it091,2.093,60,0.8523337775215017,0.815417221901877,0.004472931488068981
trpo_noise_it091,2.094,60,0.8637390214242544,0.829673776780318,0.0038037937274277155
trpo_noise_it091,2.095,60,0.8570199010521478,0.8212748763151848,0.003486276758056107
trpo_noise_it091,2.096,60,0.8661025516582836,0.8326281895728543,0.00382972595289537
trpo_noise_it091,2.097,60,0.8793008127048163,0.8491260158810202,0.0035803137039191104
trpo_noise_it091,2.098,60,0.8684295767631453,0.8355369709539315,0.003920077513445049
trpo_noise_it091,2.099,60,0.8664547302572828,0.8330684128216033,0.0025912940535529143
trpo_noise_it091,2.1,60,0.8686489819774487,0.8358112274718111,0.0021559274924071213
trpo_noise_it091,2.101,60,0.8653093439280725,0.8316366799100904,0.003236220495183353
trpo_noise_it091,2.102,60,0.8595562047726676,0.8244452559658344,0.004967207396285115
trpo_noise_it091,2.103,60,0.8671417146255532,0.8339271432819416,0.003969531444272155
trpo_noise_it091,2.104,60,0.8729968684807023,0.8412460856008779,0.0038076041189270718
trpo_noise_it091,2.105,60,0.8594056038168013,0.8242570047710012,0.003694258485690465
trpo_noise_it091,2.106,60,0.8617020646138069,0.8271275807672586,0.0027414925198345507
trpo_noise_it091,2.107,60,0.8685599339525834,0.8356999174407291,0.0027592174295161163
trpo_noise_it091,2.108,60,0.8625042278358169,0.8281302847947709,0.004116514194538868
trpo_noise_it091,2.109,60,0.8519415241469649,0.8149269051837058,0.004261151205591519
trpo_noise_it091,2.11,60,0.8608161348443194,0.8260201685553994,0.004321976920758459
trpo_noise_it091,2.111,60,0.8725931909752952,0.8407414887191188,0.003618430467816387
trpo_noise_it091,2.112,60,0.8632794183992122,0.8290992729990151,0.002952756794367148
trpo_noise_it091,2.113,60,0.8680371963952119,0.8350464954940148,0.0029659219998351403
trpo_noise_it091,2.114,60,0.8469852904577538,0.8087316130721923,0.004886061601161128
trpo_noise_it091,2.115,60,0.8646622309312288,0.8308277886640358,0.0038702945142973003
trpo_noise_it091,2.116,60,0.8607495430281724,0.8259369287852151,0.0034819955751011528
trpo_noise_it091,2.117,60,0.8474407240267848,0.8093009050334811,0.003654390316805314
trpo_noise_it091,2.118,60,0.859576934344211,0.8244711679302638,0.0035002798487708195
trpo_noise_it091,2.119,60,0.8606816393532775,0.825852049191597,0.003400466492978432
trpo_noise_it091,2.12,60,0.8641264407610816,0.8301580509513522,0.005669077879315276
trpo_noise_it091,2.121,60,0.8593931684302778,0.8242414605378471,0.005743309901612489
trpo_noise_it091,2.122,60,0.862881979289777,0.8286024741122211,0.0037063707587637784
trpo_noise_it091,2.123,60,0.8616866656466542,0.8271083320583176,0.0033646946988867294
trpo_noise_it091,2.124,60,0.86814787820603,0.8351848477575374,0.0032922762726096413
trpo_noise_it091,2.125,60,0.868987644385538,0.8362345554819225,0.0030120637072105164
trpo_noise_it091,2.126,60,0.8688975517771222,0.8361219397214027,0.0036046274821585683
trpo_noise_it091,2.127,60,0.8623270160484879,0.8279087700606098,0.005584004325076763
trpo_noise_it091,2.128,60,0.8706073932084917,0.8382592415106146,0.0028280080090987265
trpo_noise_it091,2.129,60,0.8583007103820972,0.8228758879776216,0.005573504183389976
trpo_noise_it091,2.13,60,0.8641616951860652,0.8302021189825816,0.004147781399208754
trpo_noise_it091,2.131,60,0.8606984903092404,0.8258731128865505,0.0035108993952888095
trpo_noise_it091,2.132,60,0.8617814936559427,0.8272268670699283,0.004500171435798618
trpo_noise_it091,2.133,60,0.8550929319803766,0.8188661649754708,0.0034425132849686467
trpo_noise_it091,2.134,60,0.8691474214498544,0.8364342768123179,0.004028723338112509
trpo_noise_it091,2.135,60,0.8592884454716666,0.8241105568395832,0.0035305655269198904
trpo_noise_it091,2.136,60,0.8658451899376257,0.8323064874220321,0.0034951265671382273
trpo_noise_it091,2.137,60,0.8543722827964976,0.817965353495622,0.004056828627127208
trpo_noise_it091,2.138,60,0.861489554339041,0.826861942923801,0.0027498984043087477
trpo_noise_it091,2.139,60,0.8663924205290254,0.8329905256612817,0.0031390369270243917
trpo_noise_it091,2.14,60,0.8678839795279742,0.8348549744099679,0.004240434427883483
trpo_noise_it091,2.141,60,0.8656859549166598,0.8321074436458246,0.005608660255026635
trpo_noise_it091,2.142,60,0.859822646625125,0.824778308281406,0.002668011991027022
trpo_noise_it091,2.143,60,0.8642837277100073,0.8303546596375091,0.003245617982234423
trpo_noise_it091,2.144,60,0.8685838421577309,0.8357298026971637,0.0025620824888088977
trpo_noise_it091,2.145,60,0.8623503493122948,0.8279379366403684,0.003678557386333117
trpo_noise_it091,2.146,60,0.8654757572096697,0.831844696512087,0.002989400138696659
trpo_noise_it091,2.147,60,0.861215356144186,0.8265191951802324,0.003379889883462376
trpo_noise_it091,2.148,60,0.8647092492539965,0.8308865615674954,0.0031115653201374384
trpo_noise_it091,2.149,60,0.8656215056303304,0.832026882037913,0.003782318973757915
trpo_noise_it091,2.15,60,0.8684050292254728,0.8355062865318411,0.004610111300035586
trpo_noise_it091,2.151,60,0.8633156051520647,0.829144506440081,0.0038079953740429114
trpo_noise_it091,2.152,60,0.8701698189186949,0.8377122736483688,0.002580118897956724
trpo_noise_it091,2.153,60,0.8642158514164585,0.830269814270573,0.002400407461279552
trpo_noise_it091,2.154,60,0.8580227817104547,0.8225284771380682,0.0031216261964920593
trpo_noise_it091,2.155,60,0.8697835097017266,0.837229387127158,0.0027268337377429046
trpo_noise_it091,2.156,60,0.8492092733605404,0.8115115917006754,0.0057969933291697594
trpo_noise_it091,2.157,60,0.8504775540759589,0.8130969425949485,0.005590981719153743
trpo_noise_it091,2.158,60,0.8616144650868688,0.827018081358586,0.0037747348382644783
trpo_noise_it091,2.159,60,0.861533398749529,0.8269167484369111,0.004290568568476447
trpo_noise_it091,2.16,60,0.8693036695888061,0.8366295869860074,0.002485019268913113
trpo_noise_it091,2.161,60,0.8619077403970758,0.8273846754963448,0.0041025301132381125
trpo_noise_it091,2.162,60,0.8499396210845958,0.8124245263557445,0.003972190197689315
trpo_noise_it091,2.163,60,0.8626876288168703,0.8283595360210882,0.004489366537025279
trpo_noise_it091,2.164,60,0.8647389957557767,0.8309237446947207,0.003082071687814189
trpo_noise_it091,2.165,60,0.8589806275838383,0.8237257844797978,0.0023448003718949673
trpo_noise_it091,2.166,60,0.8555782444728189,0.8194728055910239,0.0035501410258827757
trpo_noise_it091,2.167,60,0.8572113723615363,0.8215142154519204,0.00417631621886622
trpo_noise_it091,2.168,60,0.8522547298524537,0.8153184123155669,0.0033393304430863577
trpo_noise_it091,2.169,60,0.8614781648059096,0.8268477060073867,0.003774179996725676
trpo_noise_it091,2.17,60,0.859019133430383,0.8237739167879786,0.002098698226746529
trpo_noise_it091,2.171,60,0.8643319344644053,0.8304149180805065,0.002819882667148118
trpo_noise_it091,2.172,60,0.8598137924556069,0.8247672405695087,0.00418715430711194
trpo_noise_it091,2.173,60,0.8519415755187449,0.8149269693984312,0.0037503056236896383
trpo_noise_it091,2.174,60,0.8640185363431979,0.8300231704289976,0.0027851160842610576
trpo_noise_it091,2.175,60,0.8680825720623493,0.8351032150779364,0.0023042240461456005
trpo_noise_it091,2.176,60,0.8590347538767358,0.8237934423459198,0.0034623211132082574
trpo_noise_it091,2.177,60,0.86076685148273,0.8259585643534124,0.0028224241716666956
trpo_noise_it091,2.178,60,0.858883733564282,0.8236046669553525,0.0038145409716629957
trpo_noise_it091,2.179,60,0.8485419524734157,0.8106774405917694,0.00410234665000828
trpo_noise_it091,2.18,60,0.8605869979814923,0.8257337474768656,0.0024910279757646464
trpo_noise_it091,2.181,60,0.8591754530026997,0.8239693162533748,0.003425189142663066
trpo_noise_it091,2.182,60,0.8653827923407983,0.831728490425998,0.0029302165545252476
trpo_noise_it091,2.183,60,0.8640594983094826,0.830074372886853,0.0029545394808205934
trpo_noise_it091,2.184,60,0.8607106236524452,0.8258882795655563,0.003411417540440146
trpo_noise_it091,2.185,60,0.8583405940315121,0.82292574253939,0.0031681182382954417
trpo_noise_it091,2.186,60,0.8651183003103213,0.8313978753879017,0.0017295454232050653
trpo_noise_it091,2.187,60,0.860508104028283,0.8256351300353535,0.003095778620334598
trpo_noise_it091,2.188,60,0.8504919245647466,0.8131149057059334,0.004926518212645709
trpo_noise_it091,2.189,60,0.8584662355856317,0.8230827944820395,0.0032512043580097054
trpo_noise_it091,2.19,60,0.8434652066574853,0.8043315083218563,0.006900011945242713
trpo_noise_it091,2.191,60,0.8516338224218244,0.8145422780272803,0.0036516155426019365
trpo_noise_it091,2.192,60,0.8554232811555327,0.8192791014444161,0.006347225161290621
trpo_noise_it091,2.193,60,0.8521544454067307,0.8151930567584134,0.004154180199941347
trpo_noise_it091,2.194,60,0.8541312053304575,0.8176640066630719,0.0030956048441384363
trpo_noise_it091,2.195,60,0.8506771001615547,0.8133463752019437,0.0036954196344597835
trpo_noise_it091,2.196,60,0.8488806935197772,0.8111008668997215,0.005535757453641188
trpo_noise_it091,2.197,60,0.8544408349849644,0.8180510437312053,0.0031949897001024075
trpo_noise_it091,2.198,60,0.8518751427691726,0.8148439284614657,0.00405836615044532
trpo_noise_it091,2.199,60,0.8591667875253362,0.8239584844066703,0.004625064132510767
trpo_noise_it091,2.2,60,0.8640224752979425,0.8300280941224278,0.003733963640776491
trpo_noise_it091,2.201,60,0.8599747722892563,0.8249684653615702,0.003997282628384053
trpo_noise_it091,2.202,60,0.8669581539265607,0.833697692408201,0.003429878385325607
trpo_noise_it091,2.203,60,0.857108961916925,0.8213862023961566,0.004535039503091174
trpo_noise_it091,2.204,60,0.8638840612015412,0.8298550765019262,0.003930778440636951
trpo_noise_it091,2.205,60,0.8500639554923265,0.812579944365408,0.004307444010566505
trpo_noise_it091,2.206,60,0.8559007413237405,0.8198759266546755,0.0026715893347669536
trpo_noise_it091,2.207,60,0.8590351084433993,0.8237938855542493,0.003828448564504816
trpo_noise_it091,2.208,60,0.8604030796695104,0.8255038495868878,0.004672413626609308
trpo_noise_it091,2.209,60,0.8446915582048086,0.8058644477560105,0.0033989438162371796
trpo_noise_it091,2.21,60,0.8530939384164228,0.8163674230205284,0.005387062779037483
trpo_noise_it091,2.211,60,0.8529080075491118,0.8161350094363898,0.004384212499642954
trpo_noise_it091,2.212,60,0.8480855108154313,0.8101068885192891,0.004090929220867161
trpo_noise_it091,2.213,60,0.853604867034456,0.81700608379307,0.0032874006792837696
trpo_noise_it091,2.214,60,0.8516427630676159,0.8145534538345199,0.0040326302701978855
trpo_noise_it091,2.215,60,0.8531151712513954,0.816393964064244,0.003607055841508092
trpo_noise_it091,2.216,60,0.8491660324309145,0.8114575405386429,0.004399011720288408
trpo_noise_it091,2.217,60,0.8658836717331542,0.8323545896664426,0.002364733565450541
trpo_noise_it091,2.218,60,0.8541587581198959,0.8176984476498695,0.004566418669547763
trpo_noise_it091,2.219,60,0.8509059871169186,0.8136324838961482,0.003985519875560162
trpo_noise_it091,2.22,60,0.857536153090051,0.8219201913625638,0.0036018305220744304
trpo_noise_it091,2.221,60,0.8383712897852491,0.7979641122315613,0.00671956119610074
trpo_noise_it091,2.222,60,0.8541295403369618,0.8176619254212019,0.005631662300359831
trpo_noise_it091,2.223,60,0.8609409111787276,0.8261761389734097,0.004315376109088367
trpo_noise_it091,2.224,60,0.850600953035383,0.8132511912942287,0.005245459345023703
trpo_noise_it091,2.225,60,0.8465603312269132,0.8082004140336413,0.0036811542794801958
trpo_noise_it091,2.226,60,0.8551398182809614,0.8189247728512021,0.0037658201020528107
trpo_noise_it091,2.227,60,0.8518954193086707,0.8148692741358382,0.0034866564916393758
trpo_noise_it091,2.228,60,0.8667731105561371,0.8334663881951713,0.003459968665318427
trpo_noise_it091,2.229,60,0.8549809989516078,0.8187262486895096,0.002626255836707302
trpo_noise_it091,2.23,60,0.8449758093905718,0.8062197617382149,0.006107258524535685
trpo_noise_it091,2.231,60,0.8648821888065044,0.8311027360081306,0.0035067432806525117
trpo_noise_it091,2.232,60,0.8479940555988373,0.8099925694985466,0.003196215010540039
trpo_noise_it091,2.233,60,0.8599584316577092,0.8249480395721367,0.005312727956280449
trpo_noise_it091,2.234,60,0.85066119130991,0.8133264891373876,0.004274420035131325
trpo_noise_it091,2.235,60,0.8431633881339267,0.8039542351674084,0.004596074356970781
trpo_noise_it091,2.236,60,0.8414852749313804,0.8018565936642257,0.005851306041432377
trpo_noise_it091,2.237,60,0.8502188313877698,0.8127735392347122,0.004286703657553932
trpo_noise_it091,2.238,60,0.8496044181302068,0.8120055226627587,0.0038031918466142354
trpo_noise_it091,2.239,60,0.8640248293502769,0.8300310366878461,0.003024743577437443
trpo_noise_it091,2.24,60,0.8612784861495406,0.8265981076869259,0.0024528869613426986
trpo_noise_it091,2.241,60,0.8599132597198746,0.8248915746498434,0.0029776239052955933
trpo_noise_it091,2.242,60,0.8378880302985063,0.7973600378731328,0.004934576411728382
trpo_noise_it091,2.243,60,0.8591785507632302,0.8239731884540379,0.004046840769923692
trpo_noise_it091,2.244,60,0.8441545345923296,0.8051931682404116,0.0060031456095010005
trpo_noise_it091,2.245,60,0.8496965910670712,0.8121207388338392,0.00567828823659558
trpo_noise_it091,2.246,60,0.8432329162066857,0.8040411452583569,0.004192317379709455
trpo_noise_it091,2.247,60,0.8470638701006188,0.8088298376257737,0.003858481609037928
trpo_noise_it091,2.248,60,0.8518880668629507,0.8148600835786883,0.0053677203201881515
trpo_noise_it091,2.249,60,0.8561974251108616,0.8202467813885768,0.004162570866280585
trpo_noise_it091,2.25,60,0.8499187276421882,0.8123984095527352,0.0031297550942033505
trpo_noise_it091,2.251,60,0.8472762683853592,0.8090953354816991,0.005200542479089318
trpo_noise_it091,2.252,60,0.845107094464254,0.8063838680803177,0.005922201796312393
trpo_noise_it091,2.253,60,0.8563819404333288,0.8204774255416609,0.005690096808956153
trpo_noise_it091,2.254,60,0.842404496391541,0.8030056204894263,0.003741101503041922
trpo_noise_it091,2.255,60,0.8523669046407826,0.8154586308009784,0.004544361106882528
trpo_noise_it091,2.256,60,0.846176622279201,0.8077207778490011,0.004878898565048715
trpo_noise_it091,2.257,60,0.8440099072807723,0.8050123841009654,0.006269125251963979
trpo_noise_it091,2.258,60,0.8527938258677399,0.8159922823346747,0.0027339172752081906
trpo_noise_it091,2.259,60,0.8515872131759039,0.8144840164698801,0.00443039762695561
trpo_noise_it091,2.26,60,0.8556906510868951,0.8196133138586189,0.004028130292127615
trpo_noise_it091,2.261,60,0.8499162439621455,0.8123953049526816,0.0031874742544116133
trpo_noise_it091,2.262,60,0.8452625635465237,0.8065782044331548,0.004987188133486893
trpo_noise_it091,2.263,60,0.8386022267987221,0.7982527834984025,0.003447616959854559
trpo_noise_it091,2.264,60,0.8520940195382217,0.8151175244227772,0.004783837732473595
trpo_noise_it091,2.265,60,0.8389013133660624,0.798626641707578,0.004656967733282864
trpo_noise_it091,2.266,60,0.842613881191316,0.8032673514891449,0.0037005599739916785
trpo_noise_it091,2.267,60,0.8501042759039305,0.8126303448799134,0.002401879952647109
trpo_noise_it091,2.268,60,0.8582559539367433,0.8228199424209292,0.0025959761249387636
trpo_noise_it091,2.269,60,0.843513664137995,0.8043920801724938,0.003398759727934726
trpo_noise_it091,2.27,60,0.8348171521541208,0.7935214401926507,0.004930534939872502
trpo_noise_it091,2.271,60,0.8454656310272729,0.8068320387840909,0.003313009629112499
trpo_noise_it091,2.272,60,0.8510164854116472,0.8137706067645588,0.004260409055991012
trpo_noise_it091,2.273,60,0.8465913829568139,0.8082392286960174,0.0029798424067498442
trpo_noise_it091,2.274,60,0.8486937692179679,0.8108672115224599,0.00448383603449449
trpo_noise_it091,2.275,60,0.8534579049048162,0.8168223811310203,0.0029667466582193377
trpo_noise_it091,2.276,60,0.8468543923412022,0.8085679904265027,0.0038150469152667807
trpo_noise_it091,2.277,60,0.8528207466594164,0.8160259333242705,0.00400243621595648
trpo_noise_it091,2.278,60,0.8465191051778785,0.8081488814723481,0.0055184530606887106
trpo_noise_it091,2.279,60,0.841236279442862,0.8015453493035773,0.004913360347671392
trpo_noise_it091,2.28,60,0.8530284318415536,0.8162855398019421,0.003159409157736654
trpo_noise_it091,2.281,60,0.8385145009319181,0.7981431261648979,0.004586442614945106
trpo_noise_it091,2.282,60,0.8439652731963522,0.8049565914954402,0.004643083926609856
trpo_noise_it091,2.283,60,0.8436943905413185,0.804617988176648,0.003923300252610705
trpo_noise_it091,2.284,60,0.8534325168133574,0.8167906460166968,0.0028422992116145795
trpo_noise_it091,2.285,60,0.8459195143257308,0.8073993929071637,0.00347619911186542
trpo_noise_it091,2.286,60,0.8390968119840608,0.7988710149800761,0.005040710978613825
trpo_noise_it091,2.287,60,0.8434424110241303,0.8043030137801627,0.003767151549670233
trpo_noise_it091,2.288,60,0.8407779078742117,0.8009723848427647,0.004715019784373018
trpo_noise_it091,2.289,60,0.8484014723515216,0.810501840439402,0.005130231373959565
trpo_noise_it091,2.29,60,0.8489582555416355,0.8111978194270445,0.004842196250059664
trpo_noise_it091,2.291,60,0.8452126788813636,0.8065158486017048,0.005153799472980245
trpo_noise_it091,2.292,60,0.8540432855081083,0.8175541068851354,0.003864446581267039
trpo_noise_it091,2.293,60,0.8335574029422568,0.791946753677821,0.0046707544048377545
trpo_noise_it091,2.294,60,0.8462600784005812,0.8078250980007265,0.003978544759326013
trpo_noise_it091,2.295,60,0.8442668159786555,0.8053335199733193,0.002939848542143229
trpo_noise_it091,2.296,60,0.8434794004962648,0.8043492506203306,0.004077145183051674
trpo_noise_it091,2.297,60,0.861053732185312,0.8263171652316398,0.0017776486089715463
trpo_noise_it091,2.298,60,0.8469983650933588,0.808747956366698,0.006045697326045052
trpo_noise_it091,2.299,60,0.8482103408710794,0.8102629260888492,0.003960978906753369
trpo_noise_it091,2.3,60,0.840987542565004,0.8012344282062549,0.0062008754958792186
trpo_noise_it091,2.301,60,0.8373180037273178,0.7966475046591474,0.004958200609595167
trpo_noise_it091,2.302,60,0.8469147538840551,0.8086434423550688,0.004967406606521129
trpo_noise_it091,2.303,60,0.8416910836167191,0.8021138545208989,0.004515134933835941
trpo_noise_it091,2.304,60,0.8444949844482443,0.8056187305603051,0.005316237159799858
trpo_noise_it091,2.305,60,0.8387613799549144,0.7984517249436427,0.005502434539852479
trpo_noise_it091,2.306,60,0.8339672667348579,0.7924590834185721,0.006934620962535114
trpo_noise_it091,2.307,60,0.8450024449826892,0.8062530562283616,0.005639150918182961
trpo_noise_it091,2.308,60,0.8529454251372283,0.8161817814215351,0.005116513911968277
trpo_noise_it091,2.309,60,0.8406730386727255,0.8008412983409064,0.004029071727040095
trpo_noise_it091,2.31,60,0.8409102809238314,0.8011378511547894,0.005828962337697872
trpo_noise_it091,2.311,60,0.8479772204523672,0.8099715255654588,0.004513522546774132
trpo_noise_it091,2.312,60,0.8492412319163679,0.8115515398954598,0.004607636593827874
trpo_noise_it091,2.313,60,0.8390067630461921,0.79875845380774,0.00496767844137647
trpo_noise_it091,2.314,60,0.8378639602678487,0.7973299503348108,0.004178565066890286
trpo_noise_it091,2.315,60,0.8400851067303567,0.8001063834129458,0.005246670364307372
trpo_noise_it091,2.316,60,0.8428770817933557,0.8035963522416947,0.0044844084466144785
trpo_noise_it091,2.317,60,0.853555713912336,0.8169446423904196,0.00524487362457175
trpo_noise_it091,2.318,60,0.8433024531832676,0.8041280664790843,0.0037675533154459917
trpo_noise_it091,2.319,60,0.8305645248399225,0.7882056560499031,0.0051975390820540625
trpo_noise_it091,2.32,60,0.8437723691170608,0.8047154613963258,0.005019854046362474
trpo_noise_it091,2.321,60,0.8416511646956407,0.8020639558695508,0.004939139774539355
trpo_noise_it091,2.322,60,0.8574551415507341,0.8218189269384175,0.0036474957178399938
trpo_noise_it091,2.323,60,0.8446055052099063,0.8057568815123827,0.004274682438997311
trpo_noise_it091,2.324,60,0.840209844550938,0.8002623056886723,0.0034381264943786475
trpo_noise_it091,2.325,60,0.8486708495320571,0.8108385619150713,0.003301754674456426
trpo_noise_it091,2.326,60,0.8522832696903262,0.8153540871129078,0.0034815985337811077
trpo_noise_it091,2.327,60,0.8437339714719105,0.8046674643398879,0.006469528358600791
trpo_noise_it091,2.328,60,0.8312067520019881,0.7890084400024848,0.004930408073681987
trpo_noise_it091,2.329,60,0.8348326659906384,0.7935408324882981,0.005575690587699324
trpo_noise_it091,2.33,60,0.8273869091066204,0.7842336363832753,0.006703911538386443
trpo_noise_it091,2.331,60,0.8471624028982521,0.8089530036228146,0.003142689318798616
trpo_noise_it091,2.332,60,0.8458409788252468,0.8073012235315586,0.0037963173420701483
trpo_noise_it091,2.333,60,0.8380313410647822,0.7975391763309776,0.003534744787689318
trpo_noise_it091,2.334,60,0.8492760307256653,0.8115950384070812,0.003589085964678776
trpo_noise_it091,2.335,60,0.8344239947251559,0.7930299934064446,0.0038671186626885027
trpo_noise_it091,2.336,60,0.8329947772601193,0.7912434715751488,0.004202403446233483
trpo_noise_it091,2.337,60,0.8438864104510758,0.8048580130638446,0.00525803857660502
trpo_noise_it091,2.338,60,0.8452320571825894,0.8065400714782366,0.004392640776350461
trpo_noise_it091,2.339,60,0.8458132003197207,0.807266500399651,0.004059651042337496
trpo_noise_it091,2.34,60,0.8488573343242086,0.8110716679052606,0.004393895588238506
trpo_noise_it091,2.341,60,0.8375577108394329,0.7969471385492911,0.005198012203226123
trpo_noise_it091,2.342,60,0.8441236635038257,0.8051545793797819,0.004921675711285211
trpo_noise_it091,2.343,60,0.839738270970432,0.7996728387130397,0.00541630069259213
trpo_noise_it091,2.344,60,0.8474057995406842,0.8092572494258553,0.003955688004850145
trpo_noise_it091,2.345,60,0.8415364643774739,0.8019205804718422,0.004306429425437032
trpo_noise_it091,2.346,60,0.8482189697220802,0.8102737121526004,0.0038954281177290464
trpo_noise_it091,2.347,60,0.8364293769896993,0.7955367212371242,0.005573802680899365
trpo_noise_it091,2.348,60,0.828766089981193,0.7859576124764911,0.004925763396937044
trpo_noise_it091,2.349,60,0.8313242549962028,0.7891553187452535,0.005476141558347638
trpo_noise_it091,2.35,60,0.8428716647018295,0.8035895808772868,0.006197078998360753
trpo_noise_it091,2.351,60,0.8330943972697441,0.7913679965871803,0.004872690040130902
trpo_noise_it091,2.352,60,0.833250348193446,0.7915629352418077,0.003255090436836217
trpo_noise_it091,2.353,60,0.8290867206225535,0.786358400778192,0.007463461726574521
trpo_noise_it091,2.354,60,0.8385331334947967,0.7981664168684958,0.003886083883858148
trpo_noise_it091,2.355,60,0.8366250773607302,0.795781346700913,0.004630498937310051
trpo_noise_it091,2.356,60,0.8416227345312024,0.8020284181640029,0.0049669718452074185
trpo_noise_it091,2.357,60,0.843418435517394,0.8042730443967423,0.0053704595660644975
trpo_noise_it091,2.358,60,0.8318891503664109,0.7898614379580132,0.0035030458916389807
trpo_noise_it091,2.359,60,0.8393307348298766,0.7991634185373456,0.004747927114486072
trpo_noise_it091,2.36,60,0.8429123769544296,0.8036404711930368,0.003978068660997652
trpo_noise_it091,2.361,60,0.8336608482482533,0.7920760603103165,0.005708636431953664
trpo_noise_it091,2.362,60,0.8320322656624342,0.7900403320780427,0.005990920925580572
trpo_noise_it091,2.363,60,0.8288194782042737,0.7860243477553422,0.0049992585595613715
trpo_noise_it091,2.364,60,0.8377782733993189,0.7972228417491485,0.0060918437018592396
trpo_noise_it091,2.365,60,0.8304636989526476,0.7880796236908094,0.005587484336650903
trpo_noise_it091,2.366,60,0.8358527609149426,0.7948159511436785,0.005316384540880241
trpo_noise_it091,2.367,60,0.8285619644855399,0.7857024556069248,0.0039002851633014772
trpo_noise_it091,2.368,60,0.8466250765491202,0.8082813456864001,0.004194868169062163
trpo_noise_it091,2.369,60,0.8324882571151204,0.7906103213939005,0.004644161826276578
trpo_noise_it091,2.37,60,0.8383333565204796,0.7979166956505993,0.005209209922096444
trpo_noise_it091,2.371,60,0.839516321651697,0.7993954020646213,0.004323919744764613
trpo_noise_it091,2.372,60,0.8453288331867036,0.8066610414833791,0.004241189913009829
trpo_noise_it091,2.373,60,0.8412712352505827,0.8015890440632283,0.004069077514112834
trpo_noise_it091,2.374,60,0.8266194847467809,0.7832743559334757,0.006415515756708875
trpo_noise_it091,2.375,60,0.8400507491088782,0.8000634363860978,0.004450691969035474
trpo_noise_it091,2.376,60,0.8383991539328511,0.7979989424160638,0.006056883139322011
trpo_noise_it091,2.377,60,0.8324995935314722,0.7906244919143399,0.006371661712867713
trpo_noise_it091,2.378,60,0.8311341316363384,0.7889176645454229,0.005788184961377803
trpo_noise_it091,2.379,60,0.8224114008099541,0.7780142510124425,0.006130062993587512
trpo_noise_it091,2.38,60,0.8320270224031399,0.790033778003925,0.00504906191706738
trpo_noise_it091,2.381,60,0.8471207438450951,0.8089009298063687,0.004326382017954472
trpo_noise_it091,2.382,60,0.8250970389969308,0.7813712987461636,0.005800525166952315
trpo_noise_it091,2.383,60,0.8502245436947761,0.8127806796184699,0.004591782147349252
trpo_noise_it091,2.384,60,0.8351825916090881,0.7939782395113604,0.004621588922643302
trpo_noise_it091,2.385,60,0.8233200338329498,0.7791500422911875,0.007334243650926017
trpo_noise_it091,2.386,60,0.84398372054632,0.8049796506828996,0.004166830922380348
trpo_noise_it091,2.387,60,0.8238869730263234,0.7798587162829042,0.005745205223631531
trpo_noise_it091,2.388,60,0.8353903981333297,0.7942379976666619,0.004785584758585636
trpo_noise_it091,2.389,60,0.8268887431531167,0.7836109289413955,0.007167544579324571
trpo_noise_it091,2.39,60,0.8237941906080044,0.7797427382600053,0.006988804361634001
trpo_noise_it091,2.391,60,0.8471065576644929,0.8088831970806162,0.00392968747562483
trpo_noise_it091,2.392,60,0.839930036507417,0.7999125456342712,0.005371920278639558
trpo_noise_it091,2.393,60,0.8354829724750996,0.7943537155938744,0.004272528895464826
trpo_noise_it091,2.394,60,0.8396759954100781,0.7995949942625977,0.005130489363108618
trpo_noise_it091,2.395,60,0.8273803500186845,0.7842254375233554,0.006136249523779531
trpo_noise_it091,2.396,60,0.8322426935688978,0.7903033669611221,0.0059472145173330776
trpo_noise_it091,2.397,60,0.8308058251214835,0.7885072814018542,0.005606282772547269
trpo_noise_it091,2.398,60,0.8326982639482531,0.790872829935316,0.004710902541390983
trpo_noise_it091,2.399,60,0.8273683515031455,0.7842104393789318,0.005049946362870605
trpo_noise_it091,2.4,60,0.8388246756510078,0.7985308445637596,0.0045611453724188535
trpo_noise_it091,2.401,60,0.823816113969143,0.7797701424614288,0.005723964046178378
trpo_noise_it091,2.402,60,0.837091462158319,0.7963643276978988,0.0036300659869962005
trpo_noise_it091,2.403,60,0.8153333756547323,0.7691667195684154,0.004916212227417064
trpo_noise_it091,2.404,60,0.8227555581304957,0.7784444476631198,0.006975761064575069
trpo_noise_it091,2.405,60,0.8436125939429531,0.8045157424286914,0.004937721209365617
trpo_noise_it091,2.406,60,0.8409209103841004,0.8011511379801257,0.002704495380735575
trpo_noise_it091,2.407,60,0.8352662123914097,0.7940827654892623,0.006888698586221566
trpo_noise_it091,2.408,60,0.8296090704475202,0.7870113380594002,0.005037930194348639
trpo_noise_it091,2.409,60,0.8377659156775249,0.7972073945969059,0.005730800108243931
trpo_noise_it091,2.41,60,0.8365195610220056,0.7956494512775067,0.0060304254336334745
trpo_noise_it091,2.411,60,0.8378146282819622,0.7972682853524528,0.0047160400942815855
trpo_noise_it091,2.412,60,0.834425614743886,0.7930320184298573,0.0034240089232917205
trpo_noise_it091,2.413,60,0.8380072785456362,0.7975090981820453,0.004331973290454896
trpo_noise_it091,2.414,60,0.8310338379691186,0.7887922974613982,0.005290010266931243
trpo_noise_it091,2.415,60,0.8135074238517878,0.7668842798147345,0.00757400391818412
trpo_noise_it091,2.416,60,0.8132596074752908,0.7665745093441134,0.005219590710422559
trpo_noise_it091,2.417,60,0.8291297969073672,0.7864122461342089,0.0058825412540816
trpo_noise_it091,2.418,60,0.8380042607487326,0.7975053259359155,0.004680144702305827
trpo_noise_it091,2.419,60,0.8477617837715474,0.8097022297144343,0.004042569502952062
trpo_noise_it091,2.42,60,0.8227072386983676,0.7783840483729597,0.004675112099644337
trpo_noise_it091,2.421,60,0.8344884793564721,0.7931105991955899,0.004897274524985914
trpo_noise_it091,2.422,60,0.8392276915624983,0.7990346144531226,0.004549459146603619
trpo_noise_it091,2.423,60,0.8212546250570751,0.776568281321344,0.00523363004220173
trpo_noise_it091,2.424,60,0.830473898327131,0.7880923729089138,0.005901703681269439
trpo_noise_it091,2.425,60,0.8115737650308275,0.7644672062885344,0.006832416565136835
trpo_noise_it091,2.426,60,0.8211761673170099,0.7764702091462623,0.00679756675600379
trpo_noise_it091,2.427,60,0.837630209821408,0.7970377622767598,0.004936437453312682
trpo_noise_it091,2.428,60,0.8226778397303329,0.778347299662916,0.0038559094138527574
trpo_noise_it091,2.429,60,0.8265622662146598,0.7832028327683248,0.0051135081950826585
trpo_noise_it091,2.43,60,0.830233306669081,0.7877916333363514,0.009089498491754241
trpo_noise_it091,2.431,60,0.8249899159845389,0.7812373949806732,0.004783115635783529
trpo_noise_it091,2.432,60,0.8246569140894824,0.7808211426118529,0.005209602114263386
trpo_noise_it091,2.433,60,0.8239780570644086,0.7799725713305107,0.005102460221483629
trpo_noise_it091,2.434,60,0.8276332320393517,0.7845415400491895,0.0056390619459236934
trpo_noise_it091,2.435,60,0.8209648265936407,0.776206033242051,0.007502438509290859
trpo_noise_it091,2.436,60,0.8282183116935923,0.7852728896169904,0.0053778337664491865
trpo_noise_it091,2.437,60,0.8326692968629565,0.7908366210786956,0.005545482231561012
trpo_noise_it091,2.438,60,0.8332992178780654,0.7916240223475817,0.005440309245681794
trpo_noise_it091,2.439,60,0.8271552829225257,0.783944103653157,0.00569239431083017
trpo_noise_it091,2.44,60,0.8403699275929273,0.8004624094911589,0.004203778466327146
trpo_noise_it091,2.441,60,0.8220217973205944,0.7775272466507427,0.0037900198491865747
trpo_noise_it091,2.442,60,0.8425783874532276,0.8032229843165344,0.0036176410833851915
trpo_noise_it091,2.443,60,0.8313888821814012,0.7892361027267512,0.003494123939954165
trpo_noise_it091,2.444,60,0.8339790041013331,0.7924737551266663,0.004239101157652559
trpo_noise_it091,2.445,60,0.8217555341837122,0.7771944177296403,0.0055289780127605655
trpo_noise_it091,2.446,60,0.8362501945587382,0.7953127431984226,0.0036048277625627925
trpo_noise_it091,2.447,60,0.8315753144871604,0.7894691431089506,0.005171110591353848
trpo_noise_it091,2.448,60,0.8216635908001035,0.7770794885001292,0.005799593119070961
trpo_noise_it091,2.449,60,0.8168686790049593,0.7710858487561989,0.005168711909247012
trpo_noise_it091,2.45,60,0.8394443467146755,0.7993054333933444,0.004327805908467255
trpo_noise_it091,2.451,60,0.8429886669719558,0.8037358337149445,0.0031650876519528433
trpo_noise_it091,2.452,60,0.8154429609674229,0.7693037012092786,0.007629975550614923
trpo_noise_it091,2.453,60,0.8286015225602651,0.7857519032003312,0.005928806859189411
trpo_noise_it091,2.454,60,0.8056567187290598,0.7570708984113246,0.004940708024474378
trpo_noise_it091,2.455,60,0.8240253699057392,0.7800317123821738,0.00721490735567592
trpo_noise_it091,2.456,60,0.8182429622801408,0.772803702850176,0.004863303294300862
trpo_noise_it091,2.457,60,0.8336390050772726,0.7920487563465907,0.00521384011634784
trpo_noise_it091,2.458,60,0.8253672043279989,0.7817090054099988,0.006059578708712416
trpo_noise_it091,2.459,60,0.8268241979312596,0.7835302474140745,0.007972337962034939
trpo_noise_it091,2.46,60,0.8228318603158811,0.7785398253948512,0.005680888407426573
trpo_noise_it091,2.461,60,0.8330531460098465,0.7913164325123083,0.004440991373267338
trpo_noise_it091,2.462,60,0.8226826963879429,0.7783533704849285,0.0075604254231888685
trpo_noise_it091,2.463,60,0.8239170542963201,0.7798963178704,0.005135447598081931
trpo_noise_it091,2.464,60,0.8326747083614308,0.7908433854517882,0.005004517827670533
trpo_noise_it091,2.465,60,0.8202258966072788,0.7752823707590988,0.006710347557457401
trpo_noise_it091,2.466,60,0.8167789311346806,0.7709736639183509,0.0034550073522774893
trpo_noise_it091,2.467,60,0.8337189442847257,0.7921486803559069,0.003909559981949689
trpo_noise_it091,2.468,60,0.830568363064055,0.7882104538300686,0.004799984238555045
trpo_noise_it091,2.469,60,0.8334501131719515,0.7918126414649393,0.006426614813896074
trpo_noise_it091,2.47,60,0.8336069936659579,0.7920087420824473,0.006491656323290124
trpo_noise_it091,2.471,60,0.8198748224462872,0.7748435280578592,0.007781732892210428
trpo_noise_it091,2.472,60,0.8151790208088194,0.7689737760110243,0.005385911757910527
trpo_noise_it091,2.473,60,0.831746174023683,0.7896827175296036,0.004964761200083889
trpo_noise_it091,2.474,60,0.8152897551269961,0.7691121939087452,0.006593532444044021
trpo_noise_it091,2.475,60,0.8161665059537019,0.7702081324421274,0.006640995667804768
trpo_noise_it091,2.476,60,0.82343110084826,0.7792888760603252,0.004889345219485239
trpo_noise_it091,2.477,60,0.8141460541189223,0.7676825676486524,0.006762221737032847
trpo_noise_it091,2.478,60,0.8388524718919381,0.7985655898649228,0.003515215323667918
trpo_noise_it091,2.479,60,0.8198034154774132,0.7747542693467666,0.007317151636391117
trpo_noise_it091,2.48,60,0.8258839187815923,0.7823548984769905,0.0044692376396493075
trpo_noise_it091,2.481,60,0.8292922985311816,0.786615373163977,0.0038249095048813533
trpo_noise_it091,2.482,60,0.8156567221362239,0.7695709026702795,0.005718266314981584
trpo_noise_it091,2.483,60,0.8273988065036939,0.7842485081296171,0.0059521836743005084
trpo_noise_it091,2.484,60,0.8212032633446292,0.7765040791807863,0.00463662371448766
trpo_noise_it091,2.485,60,0.8228313798542596,0.7785392248178247,0.0058180083268240266
trpo_noise_it091,2.486,60,0.8214392045240908,0.7767990056551136,0.00428703239611863
trpo_noise_it091,2.487,60,0.8278944883226498,0.7848681104033123,0.007405167906293103
trpo_noise_it091,2.488,60,0.8143479259750038,0.7679349074687548,0.006736147213299307
trpo_noise_it091,2.489,60,0.8236411064595712,0.7795513830744641,0.005785359158561158
trpo_noise_it091,2.49,60,0.8077820901632169,0.7597276127040212,0.006481007211201089
trpo_noise_it091,2.491,60,0.8205637617090666,0.775704702136333,0.005668493362979768
trpo_noise_it091,2.492,60,0.8260935387238798,0.7826169234048497,0.006095195342217149
trpo_noise_it091,2.493,60,0.8120455021790222,0.765056877723778,0.006918831360474052
trpo_noise_it091,2.494,60,0.8194005135264931,0.7742506419081164,0.006177799272107171
trpo_noise_it091,2.495,60,0.8292251386285425,0.786531423285678,0.007320429926376398
trpo_noise_it091,2.496,60,0.8348525524697691,0.7935656905872112,0.005141933387922683
trpo_noise_it091,2.497,60,0.8215581372711948,0.7769476715889935,0.007170287126875238
trpo_noise_it091,2.498,60,0.835355501953197,0.7941943774414961,0.003069312465275958
trpo_noise_it091,2.499,60,0.8192310624348886,0.7740388280436108,0.005136550044725438
trpo_noise_it091,2.5,60,0.8308356333698781,0.7885445417123474,0.004167617440135673
trpo_noise_it091,2.501,60,0.8149032873808338,0.7686291092260423,0.006463005260971278
trpo_noise_it091,2.502,60,0.8210615884213498,0.7763269855266873,0.004479785558789693
trpo_noise_it091,2.503,60,0.8103824187214059,0.7629780234017576,0.005082314249555599
trpo_noise_it091,2.504,60,0.8314067079516096,0.789258384939512,0.005328408257921565
trpo_noise_it091,2.505,60,0.8253862118711844,0.7817327648389806,0.0035834180507956647
trpo_noise_it091,2.506,60,0.8124636415645752,0.7655795519557188,0.004019823033649384
trpo_noise_it091,2.507,60,0.8132208751574699,0.7665260939468371,0.0054880230280486275
trpo_noise_it091,2.508,60,0.8098787633453797,0.7623484541817246,0.006094915785732098
trpo_noise_it091,2.509,60,0.820119950018447,0.7751499375230586,0.005854013974642253
trpo_noise_it091,2.51,60,0.8323853467260751,0.7904816834075938,0.005132506979401389
trpo_noise_it091,2.511,60,0.8145618291271486,0.7682022864089355,0.006412323174090425
trpo_noise_it091,2.512,60,0.8149526849521479,0.7686908561901848,0.006634884320186626
trpo_noise_it091,2.513,60,0.8175965478906932,0.7719956848633666,0.005955532442297467
trpo_noise_it091,2.514,60,0.8056731892622093,0.7570914865777617,0.006038365250109246
trpo_noise_it091,2.515,60,0.8205415437189885,0.7756769296487357,0.006264524773655748
trpo_noise_it091,2.516,60,0.8186083040920047,0.7732603801150056,0.005192371361790039
trpo_noise_it091,2.517,60,0.8215744217183677,0.7769680271479597,0.0033756499299002576
trpo_noise_it091,2.518,60,0.8229861195287183,0.7787326494108977,0.006020048577939839
trpo_noise_it091,2.519,60,0.8059789722895915,0.7574737153619893,0.007830182364769282
trpo_noise_it091,2.52,60,0.8261992878395926,0.782749109799491,0.005208374452404984
trpo_noise_it091,2.521,60,0.8219313541437832,0.7774141926797287,0.005484506996472835
trpo_noise_it091,2.522,60,0.8052918577902795,0.7566148222378491,0.006233674307159301
trpo_noise_it091,2.523,60,0.810068083463301,0.7625851043291261,0.005997343051768902
trpo_noise_it091,2.524,60,0.8173329635807982,0.7716662044759978,0.00286225017300457
trpo_noise_it091,2.525,60,0.8271725332867419,0.7839656666084274,0.005333855807039948
trpo_noise_it091,2.526,60,0.8138525694088637,0.7673157117610797,0.007678912829595006
trpo_noise_it091,2.527,60,0.830979713381603,0.7887246417270037,0.0056430052111086275
trpo_noise_it091,2.528,60,0.7905157707170596,0.7381447133963243,0.006566318851187176
trpo_noise_it091,2.529,60,0.8281605721484706,0.7852007151855884,0.005420867497783107
trpo_noise_it091,2.53,60,0.8179227457278059,0.7724034321597574,0.004960819647585642
trpo_noise_it091,2.531,60,0.8263932229482528,0.7829915286853161,0.006484358226216001
trpo_noise_it091,2.532,60,0.8127391724503173,0.7659239655628968,0.005264828813508758
trpo_noise_it091,2.533,60,0.8261566294781826,0.7826957868477283,0.004566119748471772
trpo_noise_it091,2.534,60,0.8218610750729405,0.7773263438411753,0.0050133158190211295
trpo_noise_it091,2.535,60,0.8096408493768759,0.7620510617210947,0.007178392239722898
trpo_noise_it091,2.536,60,0.8142207656727088,0.7677759570908856,0.004252492199444817
trpo_noise_it091,2.537,60,0.8190513106999934,0.7738141383749916,0.004617534517006541
trpo_noise_it091,2.538,60,0.8092488172062238,0.7615610215077796,0.0065582921048734045
trpo_noise_it091,2.539,60,0.8189166238124692,0.7736457797655866,0.005233452027686861
trpo_noise_it091,2.54,60,0.8133932522184953,0.766741565273119,0.005264019807731159
trpo_noise_it091,2.541,60,0.8100303328921005,0.7625379161151254,0.005274145686911378
trpo_noise_it091,2.542,60,0.828546757606178,0.7856834470077225,0.005543064432435102
trpo_noise_it091,2.543,60,0.8061749774918514,0.7577187218648141,0.007673697361950275
trpo_noise_it091,2.544,60,0.8215694814565332,0.776961851820667,0.0034887850197408404
trpo_noise_it091,2.545,60,0.8100273302306621,0.7625341627883274,0.005253493476209684
trpo_noise_it091,2.546,60,0.8050858661989923,0.7563573327487403,0.004891184309123868
trpo_noise_it091,2.547,60,0.8159039240572628,0.7698799050715783,0.005876540745303938
trpo_noise_it091,2.548,60,0.8014698914166296,0.7518373642707867,0.00499762312015268
trpo_noise_it091,2.549,60,0.8156406163461632,0.7695507704327044,0.004831571026880314
trpo_noise_it091,2.55,60,0.8182719871335693,0.7728399839169614,0.004573517183726404
trpo_noise_it091,2.551,60,0.8037296765875332,0.7546620957344167,0.0075534052071232205
trpo_noise_it091,2.552,60,0.8178198243212025,0.7722747804015032,0.005374896473728354
trpo_noise_it091,2.553,60,0.8223590522922528,0.7779488153653158,0.004203310481141644
trpo_noise_it091,2.554,60,0.8150106762909234,0.7687633453636541,0.006385020191751385
trpo_noise_it091,2.555,60,0.8275289075394003,0.7844111344242504,0.006700500476609667
trpo_noise_it091,2.556,60,0.8083766383149626,0.7604707978937031,0.007445258855806482
trpo_noise_it091,2.557,60,0.8159535169466624,0.7699418961833279,0.00526354992242297
trpo_noise_it091,2.558,60,0.8137408776950033,0.7671760971187539,0.00479524393534701
trpo_noise_it091,2.559,60,0.8294845188385409,0.786855648548176,0.005480818799079778
trpo_noise_it091,2.56,60,0.8236447774434478,0.7795559718043096,0.005415789825794334
trpo_noise_it091,2.561,60,0.8221860993820114,0.7777326242275142,0.003687724398874322
trpo_noise_it091,2.562,60,0.8053588393049097,0.7566985491311373,0.008324129760741882
trpo_noise_it091,2.563,60,0.810132117003505,0.7626651462543814,0.0059606494435902975
trpo_noise_it091,2.564,60,0.8181713791720249,0.7727142239650309,0.005459273042235467
trpo_noise_it091,2.565,60,0.8031894790935212,0.7539868488669014,0.007366382363461679
trpo_noise_it091,2.566,60,0.8108324421321973,0.7635405526652466,0.005963515692281746
trpo_noise_it091,2.567,60,0.8182519182020889,0.7728148977526109,0.005583650289228878
trpo_noise_it091,2.568,60,0.8046281233181539,0.7557851541476921,0.005363326432788708
trpo_noise_it091,2.569,60,0.8122273681511333,0.7652842101889166,0.005494673301095974
trpo_noise_it091,2.57,60,0.8110447622480514,0.7638059528100646,0.006305559099342038
trpo_noise_it091,2.571,60,0.8021123927760012,0.7526404909700015,0.007583600631543838
trpo_noise_it091,2.572,60,0.823616585712268,0.7795207321403351,0.006837243725507019
trpo_noise_it091,2.573,60,0.8150136505905735,0.768767063238217,0.0048836807047369065
trpo_noise_it091,2.574,60,0.8214836557999032,0.7768545697498792,0.004907509558094985
trpo_noise_it091,2.575,60,0.8192343087629163,0.7740428859536451,0.005224075111091436
trpo_noise_it091,2.576,60,0.8174092568190627,0.7717615710238284,0.007992606208682914
trpo_noise_it091,2.577,60,0.8062801569390164,0.7578501961737705,0.006882862052628885
trpo_noise_it091,2.578,60,0.8158435391931775,0.7698044239914718,0.005965221445025361
trpo_noise_it091,2.579,60,0.8143521181483728,0.7679401476854657,0.0073197536443688725
trpo_noise_it091,2.58,60,0.807417096081535,0.7592713701019187,0.0059521784765027
trpo_noise_it091,2.581,60,0.8192102900421467,0.7740128625526835,0.00744817916645342
trpo_noise_it091,2.582,60,0.8172875703746496,0.7716094629683119,0.00616840402520211
trpo_noise_it091,2.583,60,0.822053590579969,0.777566988224961,0.005169059441204676
trpo_noise_it091,2.584,60,0.8044669982641658,0.7555837478302071,0.006699146798562243
trpo_noise_it091,2.585,60,0.799450925030876,0.7493136562885948,0.004991668065615508
trpo_noise_it091,2.586,60,0.8206770321461172,0.7758462901826465,0.006650167640955318
trpo_noise_it091,2.587,60,0.8173683457825351,0.7717104322281688,0.006491927426820426
trpo_noise_it091,2.588,60,0.8243716466954543,0.7804645583693177,0.003928996189584368
trpo_noise_it091,2.589,60,0.8014831933605682,0.75185399170071,0.003914293366180165
trpo_noise_it091,2.59,60,0.81066896112862,0.7633362014107749,0.007697592654754187
trpo_noise_it091,2.591,60,0.8165414201041998,0.7706767751302493,0.0068060324909864555
trpo_noise_it091,2.592,60,0.8098073760468179,0.7622592200585224,0.006798679985025301
trpo_noise_it091,2.593,60,0.8088689316899775,0.7610861646124718,0.005051433302157167
trpo_noise_it091,2.594,60,0.7982219172842321,0.7477773966052902,0.006079508227239337
trpo_noise_it091,2.595,60,0.8028407101653706,0.7535508877067134,0.005978407459178084
trpo_noise_it091,2.596,60,0.8233797852176142,0.7792247315220175,0.00661649451998507
trpo_noise_it091,2.597,60,0.8190516284729887,0.7738145355912361,0.005999854667155845
trpo_noise_it091,2.598,60,0.7993778753920167,0.7492223442400207,0.005486778511627019
trpo_noise_it091,2.599,60,0.7989507212859858,0.7486884016074823,0.007661254759497863
trpo_noise_it091,2.6,60,0.8185252069571952,0.7731565086964941,0.003727672983344941
trpo_noise_it091,2.601,60,0.8220344392997128,0.7775430491246407,0.009078376576872922
trpo_noise_it091,2.602,60,0.8060972853118497,0.7576216066398122,0.0072408279255291134
trpo_noise_it091,2.603,60,0.7971219243380485,0.7464024054225604,0.007288263587189731
trpo_noise_it091,2.604,60,0.8022158649526667,0.7527698311908335,0.007629044421030317
trpo_noise_it091,2.605,60,0.8123572506821536,0.7654465633526919,0.0064443543630145405
trpo_noise_it091,2.606,60,0.8084355342923847,0.7605444178654807,0.00360030691328819
trpo_noise_it091,2.607,60,0.8134017080660527,0.7667521350825661,0.00618881025727607
trpo_noise_it091,2.608,60,0.7965328747800641,0.74566609347508,0.008882100245591912
trpo_noise_it091,2.609,60,0.8127739882930793,0.765967485366349,0.006783808464434728
trpo_noise_it091,2.61,60,0.8027178741771753,0.753397342721469,0.005419197340575613
trpo_noise_it091,2.611,60,0.811911616826198,0.7648895210327475,0.007656698197201233
trpo_noise_it091,2.612,60,0.7922122230084818,0.7402652787606024,0.006656321390036138
trpo_noise_it091,2.613,60,0.8192410245862942,0.7740512807328676,0.005318597837801157
trpo_noise_it091,2.614,60,0.8038907483585809,0.7548634354482258,0.008962864444481264
trpo_noise_it091,2.615,60,0.7951062838582146,0.7438828548227682,0.006903078063529087
trpo_noise_it091,2.616,60,0.7968347503828214,0.7460434379785266,0.006555762524817685
trpo_noise_it091,2.617,60,0.8106169481061869,0.7632711851327338,0.00570041055120955
trpo_noise_it091,2.618,60,0.825690178031965,0.7821127225399562,0.00564158592043486
trpo_noise_it091,2.619,60,0.8087366287483008,0.7609207859353759,0.005280057692993947
trpo_noise_it091,2.62,60,0.8121390314122987,0.7651737892653736,0.008196134442840413
trpo_noise_it091,2.621,60,0.8139229959225954,0.7674037449032443,0.006372189318953549
trpo_noise_it091,2.622,60,0.8094100519778078,0.7617625649722598,0.007472132686524539
trpo_noise_it091,2.623,60,0.8091957761049153,0.7614947201311443,0.004048767972756188
trpo_noise_it091,2.624,60,0.8101081268469245,0.7626351585586553,0.007671887533750262
trpo_noise_it091,2.625,60,0.7976680740681255,0.7470850925851568,0.007508144603870825
trpo_noise_it091,2.626,60,0.8011161566407697,0.7513951958009621,0.005084402183007802
trpo_noise_it091,2.627,60,0.8209748577584457,0.7762185721980569,0.006453746882178216
trpo_noise_it091,2.628,60,0.7978239844757997,0.7472799805947498,0.005472950543128665
trpo_noise_it091,2.629,60,0.8019216137549035,0.7524020171936291,0.007805922044765016
trpo_noise_it091,2.63,60,0.7905870829294571,0.7382338536618216,0.008755899916909834
trpo_noise_it091,2.631,60,0.821656876486842,0.7770710956085528,0.0073471101154635645
trpo_noise_it091,2.632,60,0.8024836177286018,0.7531045221607522,0.0059662166717153915
trpo_noise_it091,2.633,60,0.8124657540355721,0.7655821925444651,0.005949399595838771
trpo_noise_it091,2.634,60,0.812072363535198,0.7650904544189971,0.0065281307558912325
trpo_noise_it091,2.635,60,0.8118546357417987,0.7648182946772486,0.007192777580240185
trpo_noise_it091,2.636,60,0.8200102705603483,0.7750128382004353,0.004462370518164084
trpo_noise_it091,2.637,60,0.807347439652795,0.759184299565994,0.0073635681281210555
trpo_noise_it091,2.638,60,0.789060163719754,0.7363252046496925,0.008694153682768184
trpo_noise_it091,2.639,60,0.8006571505675852,0.7508214382094816,0.0068356719910033364
trpo_noise_it091,2.64,60,0.7986677537565693,0.7483346921957118,0.00583712847166611
trpo_noise_it091,2.641,60,0.8168087117062847,0.7710108896328557,0.005239144294931706
trpo_noise_it091,2.642,60,0.7919589608425012,0.7399487010531265,0.003590409314058861
trpo_noise_it091,2.643,60,0.8044813958717015,0.7556017448396269,0.00538426919827751
trpo_noise_it091,2.644,60,0.8126932546889395,0.7658665683611742,0.005251150231758039
trpo_noise_it091,2.645,60,0.797623224364366,0.7470290304554574,0.006184289256731693
trpo_noise_it091,2.646,60,0.8116698226107193,0.7645872782633991,0.008064577804607788
trpo_noise_it091,2.647,60,0.8070877926322173,0.7588597407902715,0.006606320872994476
trpo_noise_it091,2.648,60,0.8250521413648493,0.7813151767060614,0.00434075052442347
trpo_noise_it091,2.649,60,0.8054948498674666,0.7568685623343332,0.004934480216553854
trpo_noise_it091,2.65,60,0.8258365905967744,0.7822957382459678,0.006623154775537302
trpo_noise_it091,2.651,60,0.8115113388918733,0.7643891736148415,0.006046770756639604
trpo_noise_it091,2.652,60,0.7857532472540762,0.7321915590675955,0.006954677230288476
trpo_noise_it091,2.653,60,0.8121899622267839,0.7652374527834797,0.004609312643161127
trpo_noise_it091,2.654,60,0.8108250066774858,0.7635312583468572,0.007893563039090352
trpo_noise_it091,2.655,60,0.8084794315826195,0.7605992894782745,0.005539953960273627
trpo_noise_it091,2.656,60,0.8126135204457099,0.7657669005571371,0.005484688386759958
trpo_noise_it091,2.657,60,0.7998727204677047,0.7498409005846308,0.005067486584912164
trpo_noise_it091,2.658,60,0.793883358472355,0.7423541980904437,0.008083676467585243
trpo_noise_it091,2.659,60,0.8032232534825386,0.754029066853173,0.006269272364851494
trpo_noise_it091,2.66,60,0.796726069851197,0.7459075873139965,0.0063942750174573425
trpo_noise_it091,2.661,60,0.8115563184171191,0.7644453980213987,0.007181095374220297
trpo_noise_it091,2.662,60,0.7952475521281982,0.7440594401602478,0.008025733449837329
trpo_noise_it091,2.663,60,0.7997587639059929,0.7496984548824909,0.005539630750282363
trpo_noise_it091,2.664,60,0.7976510712316194,0.7470638390395244,0.00887153960829568
trpo_noise_it091,2.665,60,0.7954661626461662,0.7443327033077078,0.007316330377862932
trpo_noise_it091,2.666,60,0.7996870497930049,0.7496088122412561,0.00791144585690589
trpo_noise_it091,2.667,60,0.8026919698141161,0.753364962267645,0.006479448461752208
trpo_noise_it091,2.668,60,0.7979840687034816,0.7474800858793519,0.006000801654535105
trpo_noise_it091,2.669,60,0.8084091289608349,0.7605114112010436,0.005688865557788702
trpo_noise_it091,2.67,60,0.8040113241798956,0.7550141552248697,0.005347707662984093
trpo_noise_it091,2.671,60,0.7893204049171639,0.7366505061464549,0.006763273343491154
trpo_noise_it091,2.672,60,0.783677915918566,0.7295973948982074,0.007773653903891992
trpo_noise_it091,2.673,60,0.8104471161946164,0.7630588952432705,0.005059375952880408
trpo_noise_it091,2.674,60,0.7991896823369934,0.7489871029212417,0.006023392013201773
trpo_noise_it091,2.675,60,0.795787871187664,0.7447348389845799,0.007767117247634659
trpo_noise_it091,2.676,60,0.8156680108691199,0.7695850135863996,0.004270821495541063
trpo_noise_it091,2.677,60,0.8032186862577565,0.7540233578221957,0.005481559449234716
trpo_noise_it091,2.678,60,0.8017636034570507,0.7522045043213132,0.007319445995816851
trpo_noise_it091,2.679,60,0.8107792850332874,0.7634741062916093,0.004880959539591053
trpo_noise_it091,2.68,60,0.805995817356418,0.7574947716955225,0.006327330934305027
trpo_noise_it091,2.681,60,0.7876223400127227,0.7345279250159032,0.008385168301555364
trpo_noise_it091,2.682,60,0.7941717283752666,0.7427146604690833,0.006251218633728596
trpo_noise_it091,2.683,60,0.8070452616093653,0.7588065770117066,0.006075908716656406
trpo_noise_it091,2.684,60,0.7870301963190381,0.733787745398798,0.00821767076253056
trpo_noise_it091,2.685,60,0.7923670550080696,0.740458818760087,0.006707663037528902
trpo_noise_it091,2.686,60,0.7973160645100816,0.7466450806376019,0.008855176489551338
trpo_noise_it091,2.687,60,0.7965196245715346,0.745649530714418,0.006522869790689644
trpo_noise_it091,2.688,60,0.796389478016682,0.7454868475208521,0.005076648332811597
trpo_noise_it091,2.689,60,0.7963162732159468,0.7453953415199331,0.007658906831909912
trpo_noise_it091,2.69,60,0.7995798471850954,0.7494748089813691,0.008564135489376849
trpo_noise_it091,2.691,60,0.7763658519965186,0.7204573149956482,0.008869627686479737
trpo_noise_it091,2.692,60,0.8046379923595719,0.7557974904494649,0.00461035576468475
trpo_noise_it091,2.693,60,0.7968210553518513,0.7460263191898142,0.007439037926566668
trpo_noise_it091,2.694,60,0.8127972271141574,0.7659965338926967,0.005124741041237413
trpo_noise_it091,2.695,60,0.7992531046322506,0.7490663807903133,0.0065860012529639555
trpo_noise_it091,2.696,60,0.792263032477023,0.7403287905962787,0.0051425230108589045
trpo_noise_it091,2.697,60,0.7920159412606025,0.7400199265757532,0.008013058649811519
trpo_noise_it091,2.698,60,0.8175455775064606,0.7719319718830756,0.004071933080897457
trpo_noise_it091,2.699,60,0.7825582778614601,0.7281978473268252,0.005902128305653031
trpo_noise_it091,2.7,60,0.7985915641629122,0.7482394552036402,0.0059433115673930914
trpo_noise_it091,2.701,60,0.7870859788304118,0.7338574735380147,0.005914875810746293
trpo_noise_it091,2.702,60,0.7869492792786863,0.7336865990983578,0.00972279725618177
trpo_noise_it091,2.703,60,0.8054853861608824,0.7568567327011031,0.008590259408448002
trpo_noise_it091,2.704,60,0.8042763231580298,0.7553454039475369,0.003938307852072696
trpo_noise_it091,2.705,60,0.8057578767344751,0.7571973459180938,0.0062729618362442315
trpo_noise_it091,2.706,60,0.8020338177437725,0.7525422721797156,0.0072145046173059425
trpo_noise_it091,2.707,60,0.7953580596629913,0.7441975745787391,0.007423192913293427
trpo_noise_it091,2.708,60,0.7753302283511051,0.7191627854388813,0.0075597496281772465
trpo_noise_it091,2.709,60,0.800929579444699,0.7511619743058736,0.008341841142944456
trpo_noise_it091,2.71,60,0.7952660705340435,0.7440825881675543,0.007277853151121504
trpo_noise_it091,2.711,60,0.8002853732709729,0.750356716588716,0.006075627244416983
trpo_noise_it091,2.712,60,0.7983862448124189,0.7479828060155237,0.007357960946252488
trpo_noise_it091,2.713,60,0.7828147341039513,0.7285184176299391,0.005602642403582451
trpo_noise_it091,2.714,60,0.8038795558784678,0.7548494448480846,0.006287103612683571
trpo_noise_it091,2.715,60,0.7876073487281744,0.7345091859102179,0.007031042485265242
trpo_noise_it091,2.716,60,0.7987739512778662,0.7484674390973327,0.005663923124894351
trpo_noise_it091,2.717,60,0.8026570803208988,0.7533213504011234,0.006500750223594638
trpo_noise_it091,2.718,60,0.7920161497643899,0.7400201872054875,0.006738284931744804
trpo_noise_it091,2.719,60,0.783590296229741,0.7294878702871762,0.008677455701670356
trpo_noise_it091,2.72,60,0.7899646171927781,0.7374557714909725,0.005471218169839715
trpo_noise_it091,2.721,60,0.7978040764094431,0.747255095511804,0.00668522731780019
trpo_noise_it091,2.722,60,0.8151884298539033,0.7689855373173792,0.006478242067147486
trpo_noise_it091,2.723,60,0.8045958683294903,0.7557448354118627,0.007221645525936229
trpo_noise_it091,2.724,60,0.7962035571470483,0.7452544464338102,0.006327063172096225
trpo_noise_it091,2.725,60,0.7953109330272037,0.7441386662840045,0.004130961785765665
trpo_noise_it091,2.726,60,0.777298468130854,0.7216230851635675,0.006651856087653538
trpo_noise_it091,2.727,60,0.7739875899084506,0.7174844873855634,0.010715484564594181
trpo_noise_it091,2.728,60,0.79047006184408,0.7380875773051001,0.009137080513712627
trpo_noise_it091,2.729,60,0.7874040337760837,0.7342550422201044,0.00971157076279741
trpo_noise_it091,2.73,60,0.7842371625863711,0.7302964532329639,0.005455877050102545
trpo_noise_it091,2.731,60,0.7870398016409291,0.7337997520511611,0.00769073086273274
trpo_noise_it091,2.732,60,0.7878994895208452,0.7348743619010563,0.009275888557819918
trpo_noise_it091,2.733,60,0.7815900590716294,0.7269875738395366,0.0054999879491931004
trpo_noise_it091,2.734,60,0.8017163421188738,0.752145427648592,0.004850323461190236
trpo_noise_it091,2.735,60,0.8032201379366832,0.7540251724208542,0.007909892136430577
trpo_noise_it091,2.736,60,0.7956982202027972,0.7446227752534965,0.008592602841930546
trpo_noise_it091,2.737,60,0.7858456496903625,0.7323070621129532,0.009127914598508485
trpo_noise_it091,2.738,60,0.7914874512660597,0.7393593140825744,0.008342545673217844
trpo_noise_it091,2.739,60,0.8004832616964985,0.7506040771206233,0.006397068285520929
trpo_noise_it091,2.74,60,0.7874080825258862,0.7342601031573577,0.006440056156609436
trpo_noise_it091,2.741,60,0.798756366230947,0.7484454577886838,0.004864563765941927
trpo_noise_it091,2.742,60,0.7794423788130086,0.7243029735162608,0.007327817808762845
trpo_noise_it091,2.743,60,0.7949704362415364,0.7437130453019205,0.007105898757155644
trpo_noise_it091,2.744,60,0.7898485104546328,0.7373106380682909,0.00842779758953472
trpo_noise_it091,2.745,60,0.7994205992900362,0.7492757491125455,0.006147005989189157
trpo_noise_it091,2.746,60,0.8045697318535556,0.7557121648169445,0.007324188624546331
trpo_noise_it091,2.747,60,0.7922233492041967,0.740279186505246,0.006824905416656888
trpo_noise_it091,2.748,60,0.778099920717827,0.7226249008972836,0.010509725392831114
trpo_noise_it091,2.749,60,0.7915252801476977,0.7394066001846222,0.010078150298559943
trpo_noise_it091,2.75,60,0.8030366706838559,0.75379583835482,0.006421840868113078
trpo_noise_it091,2.751,60,0.7836670634596137,0.729583829324517,0.009077672733715094
trpo_noise_it091,2.752,60,0.7993502837442784,0.749187854680348,0.004825987062503546
trpo_noise_it091,2.753,60,0.7878204237629067,0.7347755297036335,0.006907404293485084
trpo_noise_it091,2.754,60,0.8019385766503844,0.7524232208129806,0.006189159945124137
trpo_noise_it091,2.755,60,0.7822390064260389,0.7277987580325485,0.008751096897216381
trpo_noise_it091,2.756,60,0.7701175786267096,0.7126469732833869,0.01081119182188085
trpo_noise_it091,2.757,60,0.79821922137628,0.74777402672035,0.00510215162902517
trpo_noise_it091,2.758,60,0.801038255440846,0.7512978193010574,0.006280615706141034
trpo_noise_it091,2.759,60,0.788850817126805,0.7360635214085062,0.006108654654786921
trpo_noise_it091,2.76,60,0.7932413880365946,0.7415517350457433,0.008152423248183903
trpo_noise_it091,2.761,60,0.7758046146840658,0.7197557683550823,0.010549117787691636
trpo_noise_it091,2.762,60,0.7786641364312081,0.7233301705390099,0.007513803453845174
trpo_noise_it091,2.763,60,0.8087506600846592,0.7609383251058239,0.006372876799485017
trpo_noise_it091,2.764,60,0.7841116207611806,0.7301395259514755,0.007500076960269174
trpo_noise_it091,2.765,60,0.7865895102356658,0.7332368877945823,0.006700997186635614
trpo_noise_it091,2.766,60,0.7884329593223259,0.7355411991529075,0.006392112571832337
trpo_noise_it091,2.767,60,0.7714811481082701,0.7143514351353374,0.008863066214831275
trpo_noise_it091,2.768,60,0.810742583181448,0.7634282289768098,0.005824464139107389
trpo_noise_it091,2.769,60,0.7976472720595608,0.747059090074451,0.0059050188450099645
trpo_noise_it091,2.77,60,0.7932298570957554,0.7415373213696942,0.005608608846997723
trpo_noise_it091,2.771,60,0.7942963583812924,0.7428704479766155,0.008782937390228892
trpo_noise_it091,2.772,60,0.7828010910383791,0.728501363797974,0.007482422373217552
trpo_noise_it091,2.773,60,0.7832281504397902,0.7290351880497377,0.007571632225179309
trpo_noise_it091,2.774,60,0.7817833923876594,0.7272292404845743,0.006244722251623059
trpo_noise_it091,2.775,60,0.7980865224014697,0.7476081530018369,0.005071809353598813
trpo_noise_it091,2.776,60,0.8233721526589414,0.7792151908236769,0.0029898592392008454
trpo_noise_it091,2.777,60,0.7724513168588949,0.7155641460736184,0.008432478564363358
trpo_noise_it091,2.778,60,0.7951720910066696,0.743965113758337,0.006700756090757933
trpo_noise_it091,2.779,60,0.8066038849019694,0.7582548561274618,0.0063814494522082925
trpo_noise_it091,2.78,60,0.7714531690665329,0.7143164613331663,0.0058750818803030794
trpo_noise_it091,2.781,60,0.7926822655542705,0.7408528319428381,0.005612305984568499
trpo_noise_it091,2.782,60,0.7794074699561683,0.7242593374452102,0.007949851802645793
trpo_noise_it091,2.783,60,0.790086591835558,0.7376082397944476,0.010529028120748083
trpo_noise_it091,2.784,60,0.7987699624630338,0.7484624530787922,0.00458782117246173
trpo_noise_it091,2.785,60,0.7842364316052107,0.7302955395065134,0.005692194986191963
trpo_noise_it091,2.786,60,0.7928786664747186,0.7410983330933981,0.008122176826465407
trpo_noise_it091,2.787,60,0.7993695936025201,0.7492119920031503,0.007062057331369997
trpo_noise_it091,2.788,60,0.775303161215829,0.7191289515197864,0.00868435482194288
trpo_noise_it091,2.789,60,0.7830324103516229,0.7287905129395286,0.007179333299910732
trpo_noise_it091,2.79,60,0.7808136237937522,0.7260170297421902,0.007765127156013966
trpo_noise_it091,2.791,60,0.7955783857815999,0.7444729822269996,0.006767302201064168
trpo_noise_it091,2.792,60,0.7688074117550202,0.7110092646937752,0.0077547150503252575
trpo_noise_it091,2.793,60,0.8017752683325101,0.7522190854156375,0.0077069112555841635
trpo_noise_it091,2.794,60,0.791826174436229,0.7397827180452861,0.007361432637992372
trpo_noise_it091,2.795,60,0.7930919253525524,0.7413649066906901,0.006015910167507331
trpo_noise_it091,2.796,60,0.7827958806319716,0.7284948507899646,0.007558026315713121
trpo_noise_it091,2.797,60,0.7805391988286818,0.7256739985358523,0.009834203763270653
trpo_noise_it091,2.798,60,0.7802825096822049,0.7253531371027558,0.007452268523477705
trpo_noise_it091,2.799,60,0.7956255234567422,0.7445319043209278,0.007444787598704134
trpo_noise_it091,2.8,60,0.7801945197221731,0.7252431496527163,0.007344858414270066
trpo_noise_it091,2.801,60,0.7879603742268906,0.7349504677836131,0.005610379171610233
trpo_noise_it091,2.802,60,0.7991008468088834,0.7488760585111043,0.00775404766318886
trpo_noise_it091,2.803,60,0.80174394221428,0.7521799277678501,0.008086441929793938
trpo_noise_it091,2.804,60,0.7741697446197603,0.7177121807747003,0.008475946545610508
trpo_noise_it091,2.805,60,0.8012256478279842,0.7515320597849803,0.0062173325036803204
trpo_noise_it091,2.806,60,0.7849907374065507,0.7312384217581884,0.006566486522641144
trpo_noise_it091,2.807,60,0.7949313459988155,0.7436641824985194,0.006454136851668627
trpo_noise_it091,2.808,60,0.7790386349301917,0.7237982936627395,0.006723293120261756
trpo_noise_it091,2.809,60,0.7813743050285731,0.7267178812857165,0.0064955634071070245
trpo_noise_it091,2.81,60,0.7901374603136584,0.737671825392073,0.008127907822766539
trpo_noise_it091,2.811,60,0.7891171180340694,0.7363963975425868,0.007791879775726208
trpo_noise_it091,2.812,60,0.781880481823227,0.7273506022790336,0.006171782894060004
trpo_noise_it091,2.813,60,0.7861008618803759,0.73262607735047,0.006698914197052887
trpo_noise_it091,2.814,60,0.8018775976333562,0.7523469970416953,0.006970755233693724
trpo_noise_it091,2.815,60,0.7809820446023907,0.7262275557529883,0.007727541977286435
trpo_noise_it091,2.816,60,0.7863861807269196,0.7329827259086493,0.007300719664661825
trpo_noise_it091,2.817,60,0.7769724547226174,0.7212155684032718,0.008394765732030502
trpo_noise_it091,2.818,60,0.7877977128948169,0.734747141118521,0.008217661841534699
trpo_noise_it091,2.819,60,0.7708955535109118,0.7136194418886395,0.007279824080314532
trpo_noise_it091,2.82,60,0.7833536880971904,0.7291921101214879,0.008614195884196813
trpo_noise_it091,2.821,60,0.7929190738076749,0.7411488422595934,0.007458693263577164
trpo_noise_it091,2.822,60,0.7923396660760242,0.7404245825950302,0.005637755240842971
trpo_noise_it091,2.823,60,0.7727002328330426,0.7158752910413031,0.007520418394650052
trpo_noise_it091,2.824,60,0.7781195382052802,0.7226494227566002,0.006390562228027728
trpo_noise_it091,2.825,60,0.8012270991634168,0.7515338739542711,0.005283629895065853
trpo_noise_it091,2.826,60,0.7859057758626173,0.7323822198282716,0.00619779638664055
trpo_noise_it091,2.827,60,0.7785831849508495,0.7232289811885622,0.012649768890666992
trpo_noise_it091,2.828,60,0.7590396381389551,0.6987995476736939,0.010719996558019461
trpo_noise_it091,2.829,60,0.7772940352031368,0.7216175440039211,0.01184097068232788
trpo_noise_it091,2.83,60,0.7890669400322028,0.7363336750402536,0.008225265489052261
trpo_noise_it091,2.831,60,0.7816265491012455,0.7270331863765568,0.008347360388498691
trpo_noise_it091,2.832,60,0.7706342595497571,0.7132928244371963,0.007758505593479292
trpo_noise_it091,2.833,60,0.7888628001164116,0.7360785001455145,0.006936723591524957
trpo_noise_it091,2.834,60,0.7855247126770707,0.7319058908463383,0.006688459203689855
trpo_noise_it091,2.835,60,0.7751087275086836,0.7188859093858544,0.008980397167542299
trpo_noise_it091,2.836,60,0.7859912430478786,0.7324890538098485,0.008162705567760433
trpo_noise_it091,2.837,60,0.7743383069657298,0.7179228837071621,0.0064571869568302446
trpo_noise_it091,2.838,60,0.7935036377638505,0.7418795472048131,0.006302523814435228
trpo_noise_it091,2.839,60,0.7958504336008908,0.7448130420011135,0.005296786587149518
trpo_noise_it091,2.84,60,0.7767459910478928,0.720932488809866,0.007791795970353217
trpo_noise_it091,2.841,60,0.7784072474543304,0.723009059317913,0.006782279434929896
trpo_noise_it091,2.842,60,0.7833847851238483,0.7292309814048106,0.007151794076040016
trpo_noise_it091,2.843,60,0.7641523668303728,0.7051904585379659,0.010039041812463605
trpo_noise_it091,2.844,60,0.7819098431382147,0.7273873039227682,0.006262273414736858
trpo_noise_it091,2.845,60,0.7672666653486029,0.7090833316857535,0.009308749130021644
trpo_noise_it091,2.846,60,0.7759587395644341,0.719948424455543,0.008651797697839497
trpo_noise_it091,2.847,60,0.7949624179553914,0.7437030224442389,0.00553441757681046
trpo_noise_it091,2.848,60,0.7953425665425096,0.7441782081781366,0.006313240282175486
trpo_noise_it091,2.849,60,0.7926335420473092,0.7407919275591364,0.006049210752600559
trpo_noise_it091,2.85,60,0.792383241910106,0.7404790523876323,0.005606280605169977
trpo_noise_it091,2.851,60,0.7719568183896827,0.7149460229871032,0.007933446333475435
trpo_noise_it091,2.852,60,0.7730592521720715,0.7163240652150894,0.00853895118746598
trpo_noise_it091,2.853,60,0.7750149997988797,0.7187687497485996,0.008959791009498636
trpo_noise_it091,2.854,60,0.78688731408216,0.7336091426026997,0.004524388819947796
trpo_noise_it091,2.855,60,0.7785880663189966,0.7232350828987457,0.007560624118060807
trpo_noise_it091,2.856,60,0.7744436378389623,0.7180545472987029,0.0067051694676286975
trpo_noise_it091,2.857,60,0.7762961830959905,0.7203702288699879,0.00837488202070772
trpo_noise_it091,2.858,60,0.7609367104423796,0.7011708880529747,0.009182723739809835
trpo_noise_it091,2.859,60,0.7797895650644339,0.7247369563305422,0.009918909684652992
trpo_noise_it091,2.86,60,0.7554581054897401,0.694322631862175,0.0061944766709510594
trpo_noise_it091,2.861,60,0.7787791265295372,0.7234739081619214,0.006472584118998562
trpo_noise_it091,2.862,60,0.7729003457627681,0.71612543220346,0.01010270505159332
trpo_noise_it091,2.863,60,0.7688066484545668,0.7110083105682083,0.010886371798566406
trpo_noise_it091,2.864,60,0.7748327148381864,0.718540893547733,0.008374819051809586
trpo_noise_it091,2.865,60,0.7824238547638507,0.7280298184548131,0.008136832079441539
trpo_noise_it091,2.866,60,0.7869595337008852,0.7336994171261064,0.007362769433405414
trpo_noise_it091,2.867,60,0.776223576916802,0.7202794711460024,0.008334418875389821
trpo_noise_it091,2.868,60,0.7796561747870717,0.7245702184838397,0.009184308040593534
trpo_noise_it091,2.869,60,0.7832476868131043,0.7290596085163803,0.011798867473998508
trpo_noise_it091,2.87,60,0.7794707491044415,0.7243384363805517,0.006868958243437351
trpo_noise_it091,2.871,60,0.7742057488553373,0.7177571860691717,0.006820171658595841
trpo_noise_it091,2.872,60,0.772783477121741,0.7159793464021763,0.007432627052868452
trpo_noise_it091,2.873,60,0.7919556434353971,0.7399445542942461,0.007615319755157047
trpo_noise_it091,2.874,60,0.7851193346068873,0.731399168258609,0.006341636248185243
trpo_noise_it091,2.875,60,0.7593037172782703,0.6991296465978376,0.009540663195941507
trpo_noise_it091,2.876,60,0.7741383399431762,0.7176729249289701,0.0075761979077394225
trpo_noise_it091,2.877,60,0.7509712704953223,0.6887140881191527,0.009147086641202399
trpo_noise_it091,2.878,60,0.7797782200951998,0.7247227751189999,0.007970537636116935
trpo_noise_it091,2.879,60,0.7665670731392469,0.7082088414240585,0.010772980952619424
trpo_noise_it091,2.88,60,0.7807450772166894,0.7259313465208618,0.007407384258764703
trpo_noise_it091,2.881,60,0.7743758913015828,0.7179698641269782,0.007385120839658152
trpo_noise_it091,2.882,60,0.7835149145218872,0.7293936431523587,0.006706727694910641
trpo_noise_it091,2.883,60,0.7642159287681106,0.7052699109601381,0.009824320568686542
trpo_noise_it091,2.884,60,0.7808969067393103,0.7261211334241381,0.011590959592471488
trpo_noise_it091,2.885,60,0.7732680204064052,0.7165850255080065,0.005780235965036515
trpo_noise_it091,2.886,60,0.7821036477811595,0.7276295597264493,0.005998683424415546
trpo_noise_it091,2.887,60,0.7755381807493099,0.7194227259366374,0.006901389697789453
trpo_noise_it091,2.888,60,0.7697806311484113,0.712225788935514,0.007407177907913551
trpo_noise_it091,2.889,60,0.7484264009667263,0.6855330012084079,0.010545956105934505
trpo_noise_it091,2.89,60,0.7731935028162528,0.7164918785203159,0.007710038003246268
trpo_noise_it091,2.891,60,0.7775720719380217,0.7219650899225272,0.00898385446978227
trpo_noise_it091,2.892,60,0.7646525362562494,0.7058156703203118,0.006667923883751487
trpo_noise_it091,2.893,60,0.7632214678737985,0.7040268348422484,0.007283400627931589
trpo_noise_it091,2.894,60,0.7915836684629064,0.7394795855786328,0.008201247166441892
trpo_noise_it091,2.895,60,0.7739359759215685,0.7174199699019608,0.007534471858846802
trpo_noise_it091,2.896,60,0.7668753681832047,0.7085942102290058,0.006860132066603204
trpo_noise_it091,2.897,60,0.7676958336332063,0.7096197920415077,0.006444745191977809
trpo_noise_it091,2.898,60,0.7832043141679269,0.7290053927099085,0.006456570350851326
trpo_noise_it091,2.899,60,0.7736620363956942,0.7170775454946178,0.0059470841184797694
trpo_noise_it091,2.9,60,0.7680769424975049,0.7100961781218811,0.0073318168692137415
trpo_noise_it091,2.901,60,0.7772751769704797,0.7215939712130994,0.008453548365063712
trpo_noise_it091,2.902,60,0.7679597762962665,0.7099497203703333,0.010613096744373352
trpo_noise_it091,2.903,60,0.7826542701705158,0.7283178377131448,0.006908285115451468
trpo_noise_it091,2.904,60,0.7733647563428991,0.7167059454286241,0.007845285693046504
trpo_noise_it091,2.905,60,0.7841112394397738,0.7301390492997172,0.006351722866144329
trpo_noise_it091,2.906,60,0.7638652011647346,0.7048315014559179,0.006741010783941976
trpo_noise_it091,2.907,60,0.7554799891827946,0.6943499864784931,0.008944864394021574
trpo_noise_it091,2.908,60,0.7397328290701034,0.6746660363376294,0.007563722427948725
trpo_noise_it091,2.909,60,0.769430807899704,0.7117885098746298,0.007924978399677122
trpo_noise_it091,2.91,60,0.7698526636286401,0.7123158295358002,0.008394370517812047
trpo_noise_it091,2.911,60,0.7610369075488391,0.7012961344360489,0.00701461770925915
trpo_noise_it091,2.912,60,0.7720657059256345,0.7150821324070429,0.009204612274187453
trpo_noise_it091,2.913,60,0.7728269983081922,0.7160337478852401,0.009706723161136042
trpo_noise_it091,2.914,60,0.7758570563619025,0.7198213204523781,0.008876558545789528
trpo_noise_it091,2.915,60,0.7593917771973703,0.6992397214967127,0.008547003599728091
trpo_noise_it091,2.916,60,0.7668287768912122,0.7085359711140153,0.006669636111726668
trpo_noise_it091,2.917,60,0.7669137345948741,0.7086421682435927,0.006410849427256888
trpo_noise_it091,2.918,60,0.768857115510749,0.7110713943884364,0.009575815376929218
trpo_noise_it091,2.919,60,0.788952537364735,0.7361906717059187,0.010313352765957661
trpo_noise_it091,2.92,60,0.7706900760540362,0.7133625950675454,0.008395147010604809
trpo_noise_it091,2.921,60,0.7655885986356784,0.7069857482945979,0.007090185667560893
trpo_noise_it091,2.922,60,0.7547238794472986,0.6934048493091234,0.009547686267184396
trpo_noise_it091,2.923,60,0.7700041163845355,0.7125051454806692,0.010215700877221455
trpo_noise_it091,2.924,60,0.7757521792092255,0.7196902240115317,0.006629305251734109
trpo_noise_it091,2.925,60,0.7789107231949165,0.7236384039936454,0.008388869279383999
trpo_noise_it091,2.926,60,0.7670901329173354,0.708862666146669,0.00864471092548477
trpo_noise_it091,2.927,60,0.7751435664271753,0.7189294580339692,0.008566361499461638
trpo_noise_it091,2.928,60,0.7755940011479603,0.7194925014349505,0.010346351616274833
trpo_noise_it091,2.929,60,0.764674176129621,0.7058427201620261,0.007958332672718137
trpo_noise_it091,2.93,60,0.7776220569156571,0.7220275711445716,0.007840863611114206
trpo_noise_it091,2.931,60,0.7547038026631946,0.693379753328993,0.008865755827337875
trpo_noise_it091,2.932,60,0.7451009996006169,0.6813762495007711,0.010391264170338203
trpo_noise_it091,2.933,60,0.7679217374968825,0.7099021718711029,0.008620314903038002
trpo_noise_it091,2.934,60,0.7569059562989973,0.6961324453737467,0.007417813656346182
trpo_noise_it091,2.935,60,0.7719994178499952,0.7149992723124942,0.005835910237526746
trpo_noise_it091,2.936,60,0.7652239260521958,0.7065299075652446,0.009960116141356919
trpo_noise_it091,2.937,60,0.7764928131526663,0.7206160164408325,0.0072311834889083725
trpo_noise_it091,2.938,60,0.7575352079320051,0.6969190099150063,0.00811929824465565
trpo_noise_it091,2.939,60,0.7681747901142979,0.7102184876428723,0.008354088003055416
trpo_noise_it091,2.94,60,0.767479897125056,0.7093498714063199,0.008492152702649185
trpo_noise_it091,2.941,60,0.7506148506103281,0.6882685632629099,0.009036523674072382
trpo_noise_it091,2.942,60,0.7782935362918408,0.722866920364801,0.00928292689785907
trpo_noise_it091,2.943,60,0.7566496209751972,0.6958120262189965,0.006131974006456247
trpo_noise_it091,2.944,60,0.7639892319090063,0.7049865398862577,0.00694792000435655
trpo_noise_it091,2.945,60,0.7688539373482389,0.7110674216852985,0.008641836840363177
trpo_noise_it091,2.946,60,0.7619659805557748,0.7024574756947185,0.008922116927693902
trpo_noise_it091,2.947,60,0.7614093091767078,0.7017616364708844,0.00988665738636524
trpo_noise_it091,2.948,60,0.7414780024475194,0.6768475030593989,0.009225469971476791
trpo_noise_it091,2.949,60,0.7714140540980389,0.7142675676225486,0.009295557880270651
trpo_noise_it091,2.95,60,0.769738962481101,0.7121737031013762,0.008133408779464892
trpo_noise_it091,2.951,60,0.7703106473529338,0.7128883091911672,0.008289972592210771
trpo_noise_it091,2.952,60,0.7751548864315403,0.718943608039425,0.010613946807518121
trpo_noise_it091,2.953,60,0.7693477883016113,0.7116847353770142,0.007903940744395623
trpo_noise_it091,2.954,60,0.7527424465152216,0.690928058144027,0.010358632079778192
trpo_noise_it091,2.955,60,0.7514293934098332,0.6892867417622914,0.010371376294283563
trpo_noise_it091,2.956,60,0.7595714122428061,0.6994642653035077,0.00768659004833499
trpo_noise_it091,2.957,60,0.7676426275497779,0.7095532844372222,0.011003841023713884
trpo_noise_it091,2.958,60,0.7854308953110429,0.7317886191388036,0.007760292687472036
trpo_noise_it091,2.959,60,0.7723125972560797,0.7153907465700995,0.00807311467467527
trpo_noise_it091,2.96,60,0.7648717677175546,0.7060897096469435,0.010000722722833687
trpo_noise_it091,2.961,60,0.7543028717347617,0.6928785896684523,0.009596194393103216
trpo_noise_it091,2.962,60,0.7707775660199685,0.7134719575249606,0.007617065420263879
trpo_noise_it091,2.963,60,0.7624637127541432,0.7030796409426787,0.007977248283405928
trpo_noise_it091,2.964,60,0.7822462668997544,0.7278078336246929,0.007805100714895643
trpo_noise_it091,2.965,60,0.7632118634895612,0.7040148293619516,0.009165539648715672
trpo_noise_it091,2.966,60,0.7594244283562838,0.6992805354453545,0.012026822445578901
trpo_noise_it091,2.967,60,0.777255594993782,0.7215694937422276,0.006827821916424967
trpo_noise_it091,2.968,60,0.7577011375733975,0.6971264219667468,0.009334473085356088
trpo_noise_it091,2.969,60,0.7549536892657294,0.6936921115821616,0.010400189921163934
trpo_noise_it091,2.97,60,0.7815019027651611,0.7268773784564514,0.006849944101130685
trpo_noise_it091,2.971,60,0.7543678746567628,0.6929598433209535,0.009533130994109114
trpo_noise_it091,2.972,60,0.7733991653447246,0.7167489566809059,0.006098295456840792
trpo_noise_it091,2.973,60,0.7726704795762465,0.7158380994703079,0.008173030644664805
trpo_noise_it091,2.974,60,0.7636037273335843,0.7045046591669804,0.010446764405629033
trpo_noise_it091,2.975,60,0.7658977826984281,0.7073722283730349,0.00796745681788903
trpo_noise_it091,2.976,60,0.7738561734378826,0.717320216797353,0.008104330223159454
trpo_noise_it091,2.977,60,0.7512009439222549,0.6890011799028184,0.006582802580818973
trpo_noise_it091,2.978,60,0.7672088497003285,0.7090110621254108,0.008841213026412133
trpo_noise_it091,2.979,60,0.7472050375351895,0.684006296918987,0.009968012055231996
trpo_noise_it091,2.98,60,0.7436942556453552,0.6796178195566942,0.009616822658017853
trpo_noise_it091,2.981,60,0.7635373778416472,0.7044217223020592,0.007928155938347467
trpo_noise_it091,2.982,60,0.7515695825686247,0.6894619782107808,0.01068035694024888
trpo_noise_it091,2.983,60,0.7635339791756145,0.7044174739695183,0.013305390339020463
trpo_noise_it091,2.984,60,0.7589072317279721,0.698634039659965,0.008613641130766065
trpo_noise_it091,2.985,60,0.7635427514414911,0.7044284393018637,0.011536233463178124
trpo_noise_it091,2.986,60,0.7456483805700331,0.6820604757125412,0.007667605042499946
trpo_noise_it091,2.987,60,0.7524549907015472,0.690568738376934,0.010381681039625319
trpo_noise_it091,2.988,60,0.7515544150692187,0.6894430188365235,0.011799443100637614
trpo_noise_it091,2.989,60,0.7638588924468136,0.7048236155585168,0.004708788166621263
trpo_noise_it091,2.99,60,0.7727047306177929,0.715880913272241,0.009346957180531962
trpo_noise_it091,2.991,60,0.7538525741452629,0.6923157176815787,0.009281185126039617
trpo_noise_it091,2.992,60,0.75915414955888,0.6989426869486001,0.006823425209470025
trpo_noise_it091,2.993,60,0.7585201373700546,0.6981501717125681,0.009732809907511237
trpo_noise_it091,2.994,60,0.7679378919510957,0.7099223649388696,0.010564362180772
trpo_noise_it091,2.995,60,0.7543662456622684,0.6929578070778355,0.007850611502884101
trpo_noise_it091,2.996,60,0.7692832526774938,0.7116040658468672,0.010613855051694324
trpo_noise_it091,2.997,60,0.7692615633027228,0.7115769541284033,0.009148747882342415
trpo_noise_it091,2.998,60,0.7590788931789627,0.6988486164737036,0.008247502173839454
trpo_noise_it091,2.999,60,0.7608256603569887,0.7010320754462359,0.012930063339377018
trpo_noise_it091,3.0,60,0.7572897669707843,0.6966122087134802,0.00993891524684054
trpo_noise_it091,3.001,60,0.7488089851272033,0.6860112314090039,0.008911874832621954
trpo_noise_it091,3.002,60,0.7622127988497153,0.7027659985621442,0.010411777436622617
trpo_noise_it091,3.003,60,0.756156343859561,0.6951954298244513,0.0064695821885566015
trpo_noise_it091,3.004,60,0.7770918993890096,0.7213648742362619,0.009385179703799002
trpo_noise_it091,3.005,60,0.7552531007094853,0.6940663758868565,0.010232758257162381
trpo_noise_it091,3.006,60,0.75791964754405,0.6973995594300624,0.010676227245754661
trpo_noise_it091,3.007,60,0.7599233734677767,0.6999042168347208,0.009221567421886217
trpo_noise_it091,3.008,60,0.7622938477528366,0.7028673096910456,0.010495123480756386
trpo_noise_it091,3.009,60,0.761523076723447,0.7019038459043085,0.008164787443178693
trpo_noise_it091,3.01,60,0.7648243580576304,0.706030447572038,0.011062462638810479
trpo_noise_it091,3.011,60,0.7387679536123405,0.6734599420154258,0.008957649614720044
trpo_noise_it091,3.012,60,0.7576889163970417,0.6971111454963023,0.010287220296060497
trpo_noise_it091,3.013,60,0.7495184736616409,0.686898092077051,0.00814559653039574
trpo_noise_it091,3.014,60,0.7586763942251133,0.6983454927813916,0.007202654005471753
trpo_noise_it091,3.015,60,0.7515010853518618,0.6893763566898271,0.005145673936627732
trpo_noise_it091,3.016,60,0.7596051805605881,0.6995064757007353,0.008153771954669577
trpo_noise_it091,3.017,60,0.7377022290433822,0.6721277863042278,0.011696132185562053
trpo_noise_it091,3.018,60,0.7854433559435042,0.7318041949293802,0.006962730532727538
trpo_noise_it091,3.019,60,0.7371293069885199,0.6714116337356496,0.00933110946246901
trpo_noise_it091,3.02,60,0.7689848864231521,0.7112311080289402,0.008369870905919348
trpo_noise_it091,3.021,60,0.7600519355994675,0.7000649194993345,0.01085960168523445
trpo_noise_it091,3.022,60,0.7397636772599996,0.6747045965749995,0.009343027273221826
trpo_noise_it091,3.023,60,0.747395950619944,0.6842449382749297,0.012507204260881985
trpo_noise_it091,3.024,60,0.7609004274579272,0.7011255343224091,0.010185315529850589
trpo_noise_it091,3.025,60,0.7651086551236373,0.7063858189045465,0.009256814127801608
trpo_noise_it091,3.026,60,0.7544880561232148,0.6931100701540183,0.007668692138703545
trpo_noise_it091,3.027,60,0.7523070241163498,0.6903837801454371,0.010445758818554224
trpo_noise_it091,3.028,60,0.7723039795765578,0.715379974470697,0.00965861076642193
trpo_noise_it091,3.029,60,0.7438838559276807,0.679854819909601,0.012958197038275146
trpo_noise_it091,3.03,60,0.7708614872390793,0.7135768590488492,0.008934088305663735
trpo_noise_it091,3.031,60,0.768783934287109,0.7109799178588861,0.00643710119919332
trpo_noise_it091,3.032,60,0.7638478694699945,0.7048098368374932,0.00924035254943106
trpo_noise_it091,3.033,60,0.7534554458175149,0.6918193072718936,0.009550867619151542
trpo_noise_it091,3.034,60,0.7701037874562695,0.712629734320337,0.012535664142077924
trpo_noise_it091,3.035,60,0.7598103549006813,0.6997629436258516,0.011336824841595877
trpo_noise_it091,3.036,60,0.7439442518773969,0.679930314846746,0.007227763792898186
trpo_noise_it091,3.037,60,0.7490909851738133,0.6863637314672665,0.010009144563774603
trpo_noise_it091,3.038,60,0.7421337519914116,0.6776671899892646,0.008519974063903552
trpo_noise_it091,3.039,60,0.7671825156427233,0.7089781445534042,0.008304797163461339
trpo_noise_it091,3.04,60,0.7691520463414854,0.7114400579268569,0.007666244445730203
trpo_noise_it091,3.041,60,0.7360759742651122,0.6700949678313902,0.00934904081065082
trpo_noise_it091,3.042,60,0.7615054704341233,0.701881838042654,0.010790073244306444
trpo_noise_it091,3.043,60,0.7744099914244222,0.7180124892805277,0.004687813738974518
trpo_noise_it091,3.044,60,0.7483033289726798,0.6853791612158499,0.00655604019543758
trpo_noise_it091,3.045,60,0.755697548821112,0.69462193602639,0.007379928031969754
trpo_noise_it091,3.046,60,0.748841443197183,0.686051803996479,0.009969251978935242
trpo_noise_it091,3.047,60,0.7797933188705346,0.724741648588168,0.005508597011862761
trpo_noise_it091,3.048,60,0.7485330611266869,0.6856663264083586,0.010538047596794185
trpo_noise_it091,3.049,60,0.7648203062064476,0.7060253827580595,0.006616628571363472
trpo_noise_it091,3.05,60,0.7482948072430997,0.6853685090538746,0.009472082793508477
trpo_noise_it091,3.051,60,0.7313683717653001,0.664210464706625,0.012272295991185112
trpo_noise_it091,3.052,60,0.762587635173644,0.7032345439670551,0.009448908780351978
trpo_noise_it091,3.053,60,0.7381442929408739,0.6726803661760924,0.011810217205607754
trpo_noise_it091,3.054,60,0.761139027871436,0.7014237848392946,0.009863157879845907
trpo_noise_it091,3.055,60,0.7456984089623562,0.6821230112029452,0.006301203514560159
trpo_noise_it091,3.056,60,0.7550232501780614,0.6937790627225768,0.010742073064884755
trpo_noise_it091,3.057,60,0.7482198100642847,0.6852747625803559,0.009009201638023998
trpo_noise_it091,3.058,60,0.7558591740968619,0.6948239676210776,0.011095546700717196
trpo_noise_it091,3.059,60,0.7343287019412807,0.6679108774266009,0.010136744510875335
trpo_noise_it091,3.06,60,0.7460934704041553,0.6826168380051939,0.010249680815978669
trpo_noise_it091,3.061,60,0.7505619645921153,0.688202455740144,0.008941389224830875
trpo_noise_it091,3.062,60,0.7529763719801535,0.6912204649751917,0.009171016285883717
trpo_noise_it091,3.063,60,0.7644025320453793,0.7055031650567241,0.0069126973963940215
trpo_noise_it091,3.064,60,0.7509947828833652,0.6887434786042064,0.00878557966416147
trpo_noise_it091,3.065,60,0.7605110141250808,0.700638767656351,0.007899718855828517
trpo_noise_it091,3.066,60,0.7435642631582967,0.679455328947871,0.008111413396937408
trpo_noise_it091,3.067,60,0.7468702611797338,0.6835878264746672,0.008605643915754734
trpo_noise_it091,3.068,60,0.7441743285693598,0.6802179107116999,0.009341453095799392
trpo_noise_it091,3.069,60,0.7580782410661495,0.6975978013326871,0.008289610648784189
trpo_noise_it091,3.07,60,0.7432444602302883,0.6790555752878601,0.007500936491078678
trpo_noise_it091,3.071,60,0.7444188373670249,0.680523546708781,0.00908985872437762
trpo_noise_it091,3.072,60,0.7624203541446563,0.7030254426808203,0.009361003491431605
trpo_noise_it091,3.073,60,0.7507917251662763,0.6884896564578452,0.009204326327545673
trpo_noise_it091,3.074,60,0.7516480674326744,0.6895600842908428,0.009241741470449783
trpo_noise_it091,3.075,60,0.7598441905992663,0.6998052382490827,0.007380931565844262
trpo_noise_it091,3.076,60,0.7682094160091478,0.710261770011435,0.008627321634267089
trpo_noise_it091,3.077,60,0.7460623977763551,0.6825779972204437,0.008141062841593839
trpo_noise_it091,3.078,60,0.7557555234398481,0.69469440429981,0.007252748567223963
trpo_noise_it091,3.079,60,0.7500093211045671,0.6875116513807087,0.01113096396205889
trpo_noise_it091,3.08,60,0.7523769257484125,0.6904711571855154,0.010215760689214124
trpo_noise_it091,3.081,60,0.7458486394402786,0.682310799300348,0.008441358867579574
trpo_noise_it091,3.082,60,0.7546229553654866,0.6932786942068583,0.00833720488808261
trpo_noise_it091,3.083,60,0.7568945244027607,0.6961181555034509,0.010585360756137785
trpo_noise_it091,3.084,60,0.7566744579089404,0.6958430723861754,0.008300250473700225
trpo_noise_it091,3.085,60,0.7490680982714144,0.6863351228392679,0.007620495378676201
trpo_noise_it091,3.086,60,0.7629842581549018,0.7037303226936275,0.0064153235621325225
trpo_noise_it091,3.087,60,0.7511909073282812,0.6889886341603515,0.0074420085401355005
trpo_noise_it091,3.088,60,0.741715032313881,0.6771437903923513,0.012349388926750856
trpo_noise_it091,3.089,60,0.7450044468629892,0.6812555585787362,0.009351559320256473
trpo_noise_it091,3.09,60,0.7477011177531373,0.6846263971914215,0.009178447208902502
trpo_noise_it091,3.091,60,0.7414822514224834,0.6768528142781041,0.008316986971012652
trpo_noise_it091,3.092,60,0.7422464392157679,0.67780804901971,0.007861977399795316
trpo_noise_it091,3.093,60,0.7274179532971726,0.6592724416214656,0.009895035485619525
trpo_noise_it091,3.094,60,0.7580846611228794,0.6976058264035992,0.008741082294643371
trpo_noise_it091,3.095,60,0.7531827152438619,0.6914783940548275,0.011322171859951867
trpo_noise_it091,3.096,60,0.7406337920164572,0.6757922400205714,0.010885935569384447
trpo_noise_it091,3.097,60,0.7583524705500398,0.6979405881875498,0.007783465887621959
trpo_noise_it091,3.098,60,0.7323834476864827,0.6654793096081033,0.013066497006234598
trpo_noise_it091,3.099,60,0.749522185060592,0.6869027313257399,0.008506003395963496
trpo_noise_it091,3.1,60,0.7497435466489464,0.6871794333111829,0.009413881630896433
trpo_noise_it091,3.101,60,0.7455493877836101,0.6819367347295127,0.005631924690146889
trpo_noise_it091,3.102,60,0.7596860918370361,0.699607614796295,0.008277737366588978
trpo_noise_it091,3.103,60,0.7576537785190531,0.6970672231488163,0.011019511843256922
trpo_noise_it091,3.104,60,0.7310804768672458,0.6638505960840572,0.009884437967960279
trpo_noise_it091,3.105,60,0.7462217135136824,0.6827771418921027,0.010878165599786601
trpo_noise_it091,3.106,60,0.7545514458564129,0.693189307320516,0.012465328060259628
trpo_noise_it091,3.107,60,0.7507737484776694,0.6884671855970869,0.011954760850162968
trpo_noise_it091,3.108,60,0.7704624557150771,0.7130780696438462,0.0073813691418543595
trpo_noise_it091,3.109,60,0.7403042515745368,0.675380314468171,0.010262283154740346
trpo_noise_it091,3.11,60,0.7518971052456114,0.689871381557014,0.007508211465261022
trpo_noise_it091,3.111,60,0.7440578242945779,0.6800722803682222,0.011171468463263027
trpo_noise_it091,3.112,60,0.7476482736372678,0.6845603420465847,0.011315013804395518
trpo_noise_it091,3.113,60,0.73121229805216,0.6640153725652002,0.01189336100925862
trpo_noise_it091,3.114,60,0.7446509263025748,0.6808136578782185,0.013550916445736213
trpo_noise_it091,3.115,60,0.7379145641127318,0.6723932051409148,0.008706595991107001
trpo_noise_it091,3.116,60,0.724305889214694,0.6553823615183674,0.010907716848583169
trpo_noise_it091,3.117,60,0.7471689211569741,0.6839611514462175,0.00854777334160217
trpo_noise_it091,3.118,60,0.7441082670236159,0.6801353337795196,0.012326013417208983
trpo_noise_it091,3.119,60,0.7580699682110381,0.6975874602637978,0.008743251524478942
trpo_noise_it091,3.12,60,0.7454631138987009,0.6818288923733762,0.01024458608612369
trpo_noise_it091,3.121,60,0.7564466800971306,0.6955583501214131,0.00949958694718655
trpo_noise_it091,3.122,60,0.7303502546110483,0.6629378182638103,0.012040247294840217
trpo_noise_it091,3.123,60,0.755576963639377,0.6944712045492213,0.009407462034417393
trpo_noise_it091,3.124,60,0.7384147149246938,0.6730183936558672,0.013610445072058584
trpo_noise_it091,3.125,60,0.7302535257485993,0.6628169071857493,0.012895168281749997
trpo_noise_it091,3.126,60,0.7490322118526287,0.6862902648157859,0.011116149283459952
trpo_noise_it091,3.127,60,0.7387552048795264,0.6734440060994079,0.008703936475480163
trpo_noise_it091,3.128,60,0.7389206687212484,0.6736508359015605,0.011512589686631738
trpo_noise_it091,3.129,60,0.7584932832300141,0.6981166040375175,0.00987075946300109
trpo_noise_it091,3.13,60,0.7424249199769796,0.6780311499712244,0.008113887348220598
trpo_noise_it091,3.131,60,0.7461258341620558,0.6826572927025698,0.011588672306504535
trpo_noise_it091,3.132,60,0.7378841547107435,0.6723551933884292,0.00984092950618246
trpo_noise_it091,3.133,60,0.7404637809828336,0.6755797262285419,0.009231344840038187
trpo_noise_it091,3.134,60,0.7421580696264831,0.6776975870331037,0.010520266746356659
trpo_noise_it091,3.135,60,0.7346439758410207,0.6683049698012761,0.010439005839529891
trpo_noise_it091,3.136,60,0.7317994174769427,0.6647492718461782,0.007861378785249278
trpo_noise_it091,3.137,60,0.7641573922848695,0.7051967403560869,0.008325951515090095
trpo_noise_it091,3.138,60,0.7363039542543663,0.670379942817958,0.00962833380006758
trpo_noise_it091,3.139,60,0.7430066614430633,0.6787583268038292,0.013328290070022177
trpo_noise_it091,3.14,60,0.7435093197725338,0.6793866497156671,0.011186410879770464
trpo_noise_it091,3.141,60,0.752900694107093,0.6911258676338663,0.009350133637664227
trpo_noise_it091,3.142,60,0.7474834284693808,0.6843542855867262,0.008998043763398907
trpo_noise_it091,3.143,60,0.747943718410289,0.6849296480128613,0.007405383887304394
trpo_noise_it091,3.144,60,0.7307566444864305,0.663445805608038,0.009072014644492199
trpo_noise_it091,3.145,60,0.7316877363986612,0.6646096704983265,0.008814456120031287
trpo_noise_it091,3.146,60,0.7408081102586532,0.6760101378233165,0.007960633051310636
trpo_noise_it091,3.147,60,0.7356623341987887,0.6695779177484856,0.006561971196415477
trpo_noise_it091,3.148,60,0.7319547415835871,0.664943426979484,0.009584183129436364
trpo_noise_it091,3.149,60,0.7433179450386325,0.6791474312982905,0.011534725859414311
trpo_noise_it091,3.15,60,0.7377471318240312,0.672183914780039,0.010908798607791287
trpo_noise_it091,3.151,60,0.7276036484897738,0.6595045606122173,0.00835101123561759
trpo_noise_it091,3.152,60,0.7578196418528071,0.6972745523160089,0.009081462757114616
trpo_noise_it091,3.153,60,0.7331753867871851,0.6664692334839815,0.009020269633478165
trpo_noise_it091,3.154,60,0.7561480148199057,0.6951850185248819,0.009211316290289939
trpo_noise_it091,3.155,60,0.740298624150889,0.675373280188611,0.008955935887138852
trpo_noise_it091,3.156,60,0.7438665273670763,0.6798331592088454,0.009596171910599227
trpo_noise_it091,3.157,60,0.7247506666671932,0.6559383333339915,0.014785277909938542
trpo_noise_it091,3.158,60,0.7574076921996855,0.6967596152496066,0.009198123346147695
trpo_noise_it091,3.159,60,0.7482774891550267,0.6853468614437834,0.00949808605552348
trpo_noise_it091,3.16,60,0.7400804314147558,0.6751005392684447,0.008895619485183593
trpo_noise_it091,3.161,60,0.7244457762361007,0.6555572202951259,0.010516142818956513
trpo_noise_it091,3.162,60,0.7280184523091736,0.660023065386467,0.009618525211081586
trpo_noise_it091,3.163,60,0.749651558059123,0.6870644475739038,0.007717970320037239
trpo_noise_it091,3.164,60,0.7316778533569964,0.6645973166962456,0.009332927403642532
trpo_noise_it091,3.165,60,0.7289039456682318,0.6611299320852897,0.008678129835426537
trpo_noise_it091,3.166,60,0.7450459668374213,0.6813074585467765,0.006144802429432803
trpo_noise_it091,3.167,60,0.7231542301108128,0.6539427876385161,0.009448590238126355
trpo_noise_it091,3.168,60,0.7381435341996294,0.6726794177495368,0.010904828214196059
trpo_noise_it091,3.169,60,0.7343675217770453,0.6679594022213065,0.010764589867503088
trpo_noise_it091,3.17,60,0.7413432198096385,0.676679024762048,0.010576579795472295
trpo_noise_it091,3.171,60,0.7299266808969769,0.6624083511212212,0.008587634667257506
trpo_noise_it091,3.172,60,0.7207328509343066,0.6509160636678835,0.013506002712226146
trpo_noise_it091,3.173,60,0.7334961925909984,0.666870240738748,0.007969085963499802
trpo_noise_it091,3.174,60,0.7299983124484002,0.6624978905604999,0.010452572807710525
trpo_noise_it091,3.175,60,0.7299193427633006,0.6623991784541258,0.01174762883803985
trpo_noise_it091,3.176,60,0.733514812933203,0.6668935161665038,0.011197586675859435
trpo_noise_it091,3.177,60,0.74475353841179,0.6809419230147373,0.008195903720892142
trpo_noise_it091,3.178,60,0.7338512413129225,0.6673140516411531,0.010093615839334824
trpo_noise_it091,3.179,60,0.7501614460716919,0.6877018075896147,0.008341582495851157
trpo_noise_it091,3.18,60,0.7554853868767858,0.6943567335959824,0.007405579101202308
trpo_noise_it091,3.181,60,0.7426566255626746,0.678320781953343,0.010364333254221978
trpo_noise_it091,3.182,60,0.7304351293570729,0.6630439116963411,0.009150277101178297
trpo_noise_it091,3.183,60,0.7231734312942141,0.6539667891177676,0.010702534035443228
trpo_noise_it091,3.184,60,0.7285780194036173,0.6607225242545216,0.008733776411407398
trpo_noise_it091,3.185,60,0.7349459489193247,0.668682436149156,0.0073360496127189275
trpo_noise_it091,3.186,60,0.730547785652245,0.6631847320653063,0.009061593379355378
trpo_noise_it091,3.187,60,0.7315007042636519,0.6643758803295648,0.010311145806854041
trpo_noise_it091,3.188,60,0.7313799017024678,0.6642248771280846,0.010295937073560517
trpo_noise_it091,3.189,60,0.7397679138988309,0.6747098923735388,0.012558546224912327
trpo_noise_it091,3.19,60,0.7392176749379699,0.6740220936724621,0.012737126715987127
trpo_noise_it091,3.191,60,0.7317659883134433,0.6647074853918041,0.007926747930933039
trpo_noise_it091,3.192,60,0.7325582965367881,0.6656978706709852,0.01268122137276867
trpo_noise_it091,3.193,60,0.7154467374303629,0.6443084217879537,0.01223614930229313
trpo_noise_it091,3.194,60,0.7358842514512995,0.6698553143141244,0.008863372083955597
trpo_noise_it091,3.195,60,0.7321073685215647,0.6651342106519558,0.012870763251019405
trpo_noise_it091,3.196,60,0.7262344946826604,0.6577931183533253,0.013457681006102543
trpo_noise_it091,3.197,60,0.7519361390401801,0.6899201738002252,0.009566699943033887
trpo_noise_it091,3.198,60,0.7367932254746623,0.6709915318433279,0.008186202629987295
trpo_noise_it091,3.199,60,0.7223223823102478,0.6529029778878095,0.011362685566860731
trpo_noise_it091,3.2,60,0.7394808265556216,0.6743510331945272,0.008116433318311467
trpo_noise_it091,3.201,60,0.7355292389816964,0.6694115487271207,0.007766415633035073
trpo_noise_it091,3.202,60,0.7419176315540537,0.6773970394425669,0.008985931027098637
trpo_noise_it091,3.203,60,0.7318154748153254,0.6647693435191567,0.008781020907475474
trpo_noise_it091,3.204,60,0.7354922930419591,0.6693653663024488,0.008470057013654834
trpo_noise_it091,3.205,60,0.7138277047545073,0.6422846309431339,0.01548553291543462
trpo_noise_it091,3.206,60,0.7338106519688385,0.6672633149610478,0.010869013538235748
trpo_noise_it091,3.207,60,0.7174294888141803,0.6467868610177255,0.01463607160813957
trpo_noise_it091,3.208,60,0.7445353410201114,0.6806691762751391,0.009803040047094454
trpo_noise_it091,3.209,60,0.7537585473051721,0.692198184131465,0.009270440802709824
trpo_noise_it091,3.21,60,0.7421576372587588,0.6776970465734485,0.011204702573602166
trpo_noise_it091,3.211,60,0.7289700396607388,0.6612125495759235,0.014312844531648375
trpo_noise_it091,3.212,60,0.7387589807530929,0.6734487259413663,0.00871216901685768
trpo_noise_it091,3.213,60,0.7397174629318315,0.6746468286647893,0.010385041674954654
trpo_noise_it091,3.214,60,0.7255484269312837,0.6569355336641043,0.011072418438648233
trpo_noise_it091,3.215,60,0.7353307912493483,0.6691634890616854,0.009001696507591417
trpo_noise_it091,3.216,60,0.7231756875544948,0.6539696094431184,0.012553571437564737
trpo_noise_it091,3.217,60,0.7482842468794784,0.6853553085993479,0.010889468497497268
trpo_noise_it091,3.218,60,0.728226970128416,0.6602837126605199,0.009874417928077826
trpo_noise_it091,3.219,60,0.7310386402744077,0.6637983003430094,0.0083535038461016
trpo_noise_it091,3.22,60,0.7375252311411051,0.6719065389263813,0.011708699088019903
trpo_noise_it091,3.221,60,0.7295434855889282,0.6619293569861603,0.010042423500509119
trpo_noise_it091,3.222,60,0.7288076515464179,0.6610095644330225,0.008463324570227089
trpo_noise_it091,3.223,60,0.7151917431683368,0.643989678960421,0.010733203965219184
trpo_noise_it091,3.224,60,0.7264161023112574,0.6580201278890717,0.010262279862512097
trpo_noise_it091,3.225,60,0.7478258243412444,0.6847822804265555,0.012471787515550248
trpo_noise_it091,3.226,60,0.7428631824014366,0.6785789780017958,0.00821313084063458
trpo_noise_it091,3.227,60,0.7191742769352167,0.648967846169021,0.00951256270407792
trpo_noise_it091,3.228,60,0.7357429133270491,0.6696786416588112,0.01130007259574323
trpo_noise_it091,3.229,60,0.7348677624169377,0.6685847030211722,0.00854435525620256
trpo_noise_it091,3.23,60,0.7423067338021974,0.6778834172527465,0.012293410411877658
trpo_noise_it091,3.231,60,0.7207601655889534,0.6509502069861918,0.011981685483445298
trpo_noise_it091,3.232,60,0.7073058645319867,0.6341323306649832,0.009231138300497056
trpo_noise_it091,3.233,60,0.7241224436321847,0.6551530545402309,0.010173333987476836
trpo_noise_it091,3.234,60,0.7125364119170877,0.6406705148963597,0.00982414345824034
trpo_noise_it091,3.235,60,0.7479736027145973,0.6849670033932468,0.00979468090089228
trpo_noise_it091,3.236,60,0.7379603749493374,0.6724504686866716,0.008144963533223732
trpo_noise_it091,3.237,60,0.7199268664350407,0.6499085830438006,0.010456804774123625
trpo_noise_it091,3.238,60,0.7450434524057665,0.6813043155072079,0.00922978162405562
trpo_noise_it091,3.239,60,0.7451546282506418,0.6814432853133021,0.010056755244729959
trpo_noise_it091,3.24,60,0.7157057134434043,0.6446321418042552,0.012026022301248402
trpo_noise_it091,3.241,60,0.7222494079907652,0.6528117599884564,0.009262175428799445
trpo_noise_it091,3.242,60,0.7146909958756509,0.6433637448445636,0.015035750425162999
trpo_noise_it091,3.243,60,0.7300978864999248,0.6626223581249061,0.011232634732563966
trpo_noise_it091,3.244,60,0.7387293213164741,0.6734116516455925,0.012228774437785726
trpo_noise_it091,3.245,60,0.7420769248293195,0.6775961560366494,0.007988666967321133
trpo_noise_it091,3.246,60,0.7346497452105909,0.6683121815132387,0.010260178900520285
trpo_noise_it091,3.247,60,0.7322511682504524,0.6653139603130653,0.011954159994241176
trpo_noise_it091,3.248,60,0.7310156440845201,0.6637695551056502,0.009104381718147486
trpo_noise_it091,3.249,60,0.7223292381129909,0.6529115476412385,0.00853745168339267
trpo_noise_it091,3.25,60,0.7415984878059234,0.6769981097574042,0.010875695721611515
trpo_noise_it091,3.251,60,0.724407468874646,0.6555093360933079,0.015620112639712093
trpo_noise_it091,3.252,60,0.7344783860466576,0.6680979825583222,0.007915962306566871
trpo_noise_it091,3.253,60,0.729168373399775,0.6614604667497189,0.012463444245120378
trpo_noise_it091,3.254,60,0.7280319545645034,0.660039943205629,0.012226641499260373
trpo_noise_it091,3.255,60,0.7290549942922868,0.6613187428653584,0.010974256163832257
trpo_noise_it091,3.256,60,0.7331835346010266,0.6664794182512829,0.010298990553124545
trpo_noise_it091,3.257,60,0.7062598813052325,0.6328248516315405,0.016686717741932446
trpo_noise_it091,3.258,60,0.7342237468103581,0.6677796835129477,0.008660294899502137
trpo_noise_it091,3.259,60,0.7089097278176304,0.6361371597720381,0.01072152644527153
trpo_noise_it091,3.26,60,0.7270531879679903,0.6588164849599878,0.011619469232281972
trpo_noise_it091,3.261,60,0.7184057960009009,0.6480072450011263,0.008547169848506746
trpo_noise_it091,3.262,60,0.7342240450980861,0.6677800563726076,0.010179645643912006
trpo_noise_it091,3.263,60,0.7317258234108532,0.6646572792635667,0.011033449102997778
trpo_noise_it091,3.264,60,0.7243388560222146,0.6554235700277682,0.013584833893263728
trpo_noise_it091,3.265,60,0.7292635588197217,0.6615794485246519,0.011836031129131315
trpo_noise_it091,3.266,60,0.7260753308155692,0.6575941635194616,0.011912784185330962
trpo_noise_it091,3.267,60,0.735744865475663,0.6696810818445785,0.012606525518623785
trpo_noise_it091,3.268,60,0.7472281858780992,0.6840352323476242,0.013988887573262531
trpo_noise_it091,3.269,60,0.721769540780711,0.6522119259758888,0.011729355861547495
trpo_noise_it091,3.27,60,0.7264547971410175,0.6580684964262716,0.011423995444448325
trpo_noise_it091,3.271,60,0.7311936643974702,0.6639920804968378,0.008168748974177596
trpo_noise_it091,3.272,60,0.7330985845030246,0.6663732306287805,0.013083589460304895
trpo_noise_it091,3.273,60,0.7146714943458552,0.6433393679323188,0.010163906184340925
trpo_noise_it091,3.274,60,0.7185666982364805,0.6482083727956005,0.011832879580851144
trpo_noise_it091,3.275,60,0.7158340953512626,0.6447926191890783,0.013896824000916826
trpo_noise_it091,3.276,60,0.7210433394430393,0.651304174303799,0.013751653028344126
trpo_noise_it091,3.277,60,0.7229459462814847,0.6536824328518559,0.008325394613334597
trpo_noise_it091,3.278,60,0.7122809030820512,0.6403511288525638,0.012354816596596341
trpo_noise_it091,3.279,60,0.7402457568303289,0.675307196037911,0.007939990206099238
trpo_noise_it091,3.28,60,0.715686166739308,0.6446077084241348,0.011814060137041867
trpo_noise_it091,3.281,60,0.7404725412248997,0.6755906765311246,0.008389267776802461
trpo_noise_it091,3.282,60,0.7223482116467733,0.6529352645584667,0.012692354637169905
trpo_noise_it091,3.283,60,0.7327924160184689,0.6659905200230861,0.010606426109001529
trpo_noise_it091,3.284,60,0.7212991177211993,0.6516238971514988,0.008878774255894532
trpo_noise_it091,3.285,60,0.7313507831176919,0.6641884788971147,0.010780067186156882
trpo_noise_it091,3.286,60,0.7234018658066411,0.6542523322583012,0.008936350098225517
trpo_noise_it091,3.287,60,0.7343842882559563,0.6679803603199452,0.010565539784559293
trpo_noise_it091,3.288,60,0.7341686272001797,0.6677107840002244,0.008046314138177859
trpo_noise_it091,3.289,60,0.7201243023981864,0.6501553779977329,0.013938281128409644
trpo_noise_it091,3.29,60,0.7341802773880161,0.6677253467350203,0.010868486853877282
trpo_noise_it091,3.291,60,0.7120556578245569,0.6400695722806963,0.01273194086654425
trpo_noise_it091,3.292,60,0.7184512404009766,0.6480640505012206,0.013750683477391763
trpo_noise_it091,3.293,60,0.7280701946958414,0.6600877433698018,0.00823772580810827
trpo_noise_it091,3.294,60,0.7304097314925693,0.6630121643657113,0.013064931782399664
trpo_noise_it091,3.295,60,0.7303680542470367,0.6629600678087958,0.010432916584199562
trpo_noise_it091,3.296,60,0.7008333141157594,0.6260416426446992,0.010362654150918665
trpo_noise_it091,3.297,60,0.7305293700232379,0.6631617125290474,0.012659654272071736
trpo_noise_it091,3.298,60,0.7159108569800532,0.6448885712250666,0.010173781842191422
trpo_noise_it091,3.299,60,0.7102481406663829,0.6378101758329785,0.008694799249237146
trpo_noise_it091,3.3,60,0.7267579758821797,0.6584474698527245,0.01388522324167764
trpo_noise_it091,3.301,60,0.7200770364291946,0.6500962955364933,0.013073353621515406
trpo_noise_it091,3.302,60,0.7178011470224286,0.6472514337780353,0.012456239326438624
trpo_noise_it091,3.303,60,0.7161688126431537,0.645211015803942,0.010249071910666827
trpo_noise_it091,3.304,60,0.7326978890032422,0.6658723612540527,0.012404925151083818
trpo_noise_it091,3.305,60,0.7119267237854358,0.6399084047317947,0.012181466515934306
trpo_noise_it091,3.306,60,0.7231423686090763,0.6539279607613453,0.013617194817127311
trpo_noise_it091,3.307,60,0.7239541577301081,0.654942697162635,0.011138817306618061
trpo_noise_it091,3.308,60,0.7327765063668931,0.6659706329586164,0.011677289347986761
trpo_noise_it091,3.309,60,0.7049759131954061,0.6312198914942577,0.01309755196793169
trpo_noise_it091,3.31,60,0.7061599386031415,0.632699923253927,0.011615620969666146
trpo_noise_it091,3.311,60,0.7175435337873423,0.6469294172341779,0.013487941039629475
trpo_noise_it091,3.312,60,0.7027939998970679,0.6284924998713349,0.015183780582117445
trpo_noise_it091,3.313,60,0.6978495972923356,0.6223119966154194,0.013267502006853638
trpo_noise_it091,3.314,60,0.7158758225834424,0.644844778229303,0.011445105672570722
trpo_noise_it091,3.315,60,0.7260728037399482,0.6575910046749354,0.012642408474960972
trpo_noise_it091,3.316,60,0.7203100198536132,0.6503875248170164,0.009469550155972136
trpo_noise_it091,3.317,60,0.7135470222725965,0.6419337778407456,0.012700913740265886
trpo_noise_it091,3.318,60,0.7349077548015307,0.6686346935019133,0.010909510751378608
trpo_noise_it091,3.319,60,0.7111824670636424,0.638978083829553,0.011811089062591675
trpo_noise_it091,3.32,60,0.7137978984394022,0.642247373049253,0.008741261676822898
trpo_noise_it091,3.321,60,0.7028337802338211,0.6285422252922764,0.011246250351451074
trpo_noise_it091,3.322,60,0.7240811098270824,0.6551013872838528,0.012568710784939185
trpo_noise_it091,3.323,60,0.7179595746164193,0.6474494682705242,0.011127523095192056
trpo_noise_it091,3.324,60,0.7301018516747243,0.6626273145934054,0.0066755892878287895
trpo_noise_it091,3.325,60,0.7278777347402738,0.6598471684253423,0.008523767837355287
trpo_noise_it091,3.326,60,0.7093578723023916,0.6366973403779893,0.011054878754738371
trpo_noise_it091,3.327,60,0.7040397455060707,0.6300496818825881,0.011300576805646983
trpo_noise_it091,3.328,60,0.7145975763254182,0.6432469704067727,0.01538453412361394
trpo_noise_it091,3.329,60,0.7215476660104216,0.651934582513027,0.013690782053323114
trpo_noise_it091,3.33,60,0.7351467455141815,0.6689334318927268,0.011494648564959792
trpo_noise_it091,3.331,60,0.7073037264967776,0.6341296581209721,0.013448372273626602
trpo_noise_it091,3.332,60,0.7193225934256141,0.6491532417820175,0.01022970282917751
trpo_noise_it091,3.333,60,0.7200769450786285,0.6500961813482857,0.013133326211135388
trpo_noise_it091,3.334,60,0.7100145412594329,0.6375181765742909,0.008249963756125678
trpo_noise_it091,3.335,60,0.7107899672240788,0.6384874590300983,0.016849099112521155
trpo_noise_it091,3.336,60,0.7110633195337421,0.6388291494171775,0.015173281777654318
trpo_noise_it091,3.337,60,0.7320960242281963,0.6651200302852455,0.009910127354614145
trpo_noise_it091,3.338,60,0.6928943649979353,0.6161179562474188,0.01373961513433125
trpo_noise_it091,3.339,60,0.728889744291756,0.6611121803646949,0.00649887617606324
trpo_noise_it091,3.34,60,0.7125392193728167,0.6406740242160208,0.011260790925162304
trpo_noise_it091,3.341,60,0.6973343066253832,0.6216678832817287,0.01271161044995276
trpo_noise_it091,3.342,60,0.691917462225853,0.6148968277823161,0.008605563805050447
trpo_noise_it091,3.343,60,0.7110368528650336,0.638796066081292,0.013578884573768098
trpo_noise_it091,3.344,60,0.7252764531620044,0.6565955664525054,0.011485023071502499
trpo_noise_it091,3.345,60,0.7153045207312997,0.6441306509141247,0.012819536238890854
trpo_noise_it091,3.346,60,0.7150820571024324,0.6438525713780405,0.01048119610145173
trpo_noise_it091,3.347,60,0.7100555400025657,0.6375694250032069,0.01407840827748203
trpo_noise_it091,3.348,60,0.7266779556811427,0.6583474446014281,0.012515113819181778
trpo_noise_it091,3.349,60,0.7087134347192658,0.6358917933990824,0.014336807293690933
trpo_noise_it091,3.35,60,0.7069169327770142,0.6336461659712678,0.0127298852779119
trpo_noise_it091,3.351,60,0.7183527410570819,0.6479409263213523,0.012754896776984579
trpo_noise_it091,3.352,60,0.7070707296156107,0.6338384120195132,0.01284044874205678
trpo_noise_it091,3.353,60,0.7038971739313558,0.6298714674141945,0.011793598738317706
trpo_noise_it091,3.354,60,0.7227006659741858,0.6533758324677322,0.015199419004383641
trpo_noise_it091,3.355,60,0.7352649845728036,0.6690812307160044,0.00827163518124197
trpo_noise_it091,3.356,60,0.7035830803680739,0.6294788504600926,0.010709406415018144
trpo_noise_it091,3.357,60,0.7148691524347932,0.6435864405434916,0.011316925290727283
trpo_noise_it091,3.358,60,0.7206487087612845,0.6508108859516055,0.008852211905397462
trpo_noise_it091,3.359,60,0.7077884555023373,0.6347355693779216,0.014761167453730023
trpo_noise_it091,3.36,60,0.710537783808066,0.6381722297600825,0.00987185762454155
trpo_noise_it091,3.361,60,0.7038962426566506,0.6298703033208132,0.014074331072997303
trpo_noise_it091,3.362,60,0.7494606619863236,0.6868258274829044,0.0101905323816601
trpo_noise_it091,3.363,60,0.7150870519185476,0.6438588148981845,0.00902955746163723
trpo_noise_it091,3.364,60,0.7193155843029491,0.6491444803786863,0.010749709088687838
trpo_noise_it091,3.365,60,0.6986700868133896,0.6233376085167368,0.011773788121929635
trpo_noise_it091,3.366,60,0.7142928447976277,0.6428660559970344,0.011708731280565605
trpo_noise_it091,3.367,60,0.7067759915918383,0.6334699894897979,0.010684474615929073
trpo_noise_it091,3.368,60,0.7018792676918348,0.6273490846147934,0.01709702088664594
trpo_noise_it091,3.369,60,0.7209660018806732,0.6512075023508413,0.012154682492865162
trpo_noise_it091,3.37,60,0.7094190660887465,0.636773832610933,0.00826209453093999
trpo_noise_it091,3.371,60,0.6949755151931787,0.6187193939914734,0.011168015396121595
trpo_noise_it091,3.372,60,0.7137027119084269,0.6421283898855336,0.013094222867795014
trpo_noise_it091,3.373,60,0.6999514728725322,0.6249393410906651,0.012462357697478372
trpo_noise_it091,3.374,60,0.6934241261197639,0.616780157649705,0.01522603533059439
trpo_noise_it091,3.375,60,0.7248651589292547,0.6560814486615685,0.01157472713452404
trpo_noise_it091,3.376,60,0.7128203006753007,0.6410253758441254,0.011157798424620375
trpo_noise_it091,3.377,60,0.7102638236078482,0.6378297795098102,0.010231251617922979
trpo_noise_it091,3.378,60,0.7111525662512203,0.6389407078140253,0.012710089396415125
trpo_noise_it091,3.379,60,0.7191461072188062,0.6489326340235079,0.011905762601370202
trpo_noise_it091,3.38,60,0.7266200360769993,0.6582750450962492,0.006921420566612152
trpo_noise_it091,3.381,60,0.7042483416532332,0.6303104270665415,0.00917872522500716
trpo_noise_it091,3.382,60,0.7188378916384845,0.6485473645481057,0.009588690979906462
trpo_noise_it091,3.383,60,0.7228653347324907,0.6535816684156133,0.009979057403513026
trpo_noise_it091,3.384,60,0.7198333106976256,0.6497916383720319,0.009918757005411071
trpo_noise_it091,3.385,60,0.7172452548500714,0.6465565685625891,0.009965439265432637
trpo_noise_it091,3.386,60,0.7205770981920399,0.6507213727400499,0.009695561154196166
trpo_noise_it091,3.387,60,0.7121636688364048,0.6402045860455059,0.014514685744020707
trpo_noise_it091,3.388,60,0.7057407091496536,0.6321758864370668,0.012128259521091285
trpo_noise_it091,3.389,60,0.6986473390301702,0.6233091737877126,0.011651222634957343
trpo_noise_it091,3.39,60,0.7174446507377609,0.6468058134222011,0.011259145751628057
trpo_noise_it091,3.391,60,0.696040575482342,0.6200507193529273,0.016104125122677785
trpo_noise_it091,3.392,60,0.6981023942035565,0.6226279927544456,0.012460724971277072
trpo_noise_it091,3.393,60,0.7182011679569342,0.6477514599461676,0.011213518604861392
trpo_noise_it091,3.394,60,0.7171801964679576,0.646475245584947,0.011730657827570363
trpo_noise_it091,3.395,60,0.708061114169508,0.6350763927118849,0.01112869853954586
trpo_noise_it091,3.396,60,0.6996457083408368,0.624557135426046,0.010305305487790564
trpo_noise_it091,3.397,60,0.7100965039808184,0.6376206299760228,0.013365620472051327
trpo_noise_it091,3.398,60,0.703085195111498,0.6288564938893725,0.007899474440592285
trpo_noise_it091,3.399,60,0.7005769997813641,0.6257212497267052,0.01165659583022213
trpo_noise_it091,3.4,60,0.7051051620096315,0.6313814525120393,0.012719777282392939
trpo_noise_it091,3.401,60,0.730117179267228,0.662646474084035,0.011048746740558259
trpo_noise_it091,3.402,60,0.708585446447382,0.6357318080592276,0.010801081814057357
trpo_noise_it091,3.403,60,0.6943465620518948,0.6179332025648687,0.014462112639101065
trpo_noise_it091,3.404,60,0.6907229824682866,0.6134037280853579,0.012828720065164638
trpo_noise_it091,3.405,60,0.6991672188684612,0.6239590235855762,0.012740891035057416
trpo_noise_it091,3.406,60,0.7081316058734881,0.63516450734186,0.010741545754709066
trpo_noise_it091,3.407,60,0.705955981959496,0.6324449774493701,0.007716377750649133
trpo_noise_it091,3.408,60,0.6996843440690954,0.6246054300863692,0.007513948180484341
trpo_noise_it091,3.409,60,0.7042163291863661,0.6302704114829576,0.014770030767058915
trpo_noise_it091,3.41,60,0.7344064365111417,0.6680080456389269,0.009897530371239716
trpo_noise_it091,3.411,60,0.6871160830907015,0.6088951038633768,0.013766641979774239
trpo_noise_it091,3.412,60,0.6917898389538144,0.6147372986922677,0.013038178475269243
trpo_noise_it091,3.413,60,0.7182306483335641,0.6477883104169551,0.0144443367823826
trpo_noise_it091,3.414,60,0.7030376679931427,0.6287970849914283,0.00836321236501881
trpo_noise_it091,3.415,60,0.716422419925054,0.6455280249063176,0.009700811092663773
trpo_noise_it091,3.416,60,0.6987298772340339,0.6234123465425422,0.010154824067227787
trpo_noise_it091,3.417,60,0.6980970219257041,0.62262127740713,0.01274209595647996
trpo_noise_it091,3.418,60,0.723704148949113,0.6546301861863911,0.011570326863326437
trpo_noise_it091,3.419,60,0.7085324765488038,0.6356655956860046,0.015008269721245018
trpo_noise_it091,3.42,60,0.68618360320158,0.6077295040019749,0.015250831012850529
trpo_noise_it091,3.421,60,0.6844830579906422,0.605603822488303,0.012404084366281282
trpo_noise_it091,3.422,60,0.6781598327150494,0.5976997908938115,0.013055305932379439
trpo_noise_it091,3.423,60,0.6886938015384049,0.6108672519230061,0.013757165854737933
trpo_noise_it091,3.424,60,0.7030034965528618,0.6287543706910771,0.010546613268215104
trpo_noise_it091,3.425,60,0.7098040050685555,0.6372550063356942,0.012735960526402022
trpo_noise_it091,3.426,60,0.7103360226062488,0.637920028257811,0.013000793169349743
trpo_noise_it091,3.427,60,0.7043104064162562,0.6303880080203204,0.013900175741332125
trpo_noise_it091,3.428,60,0.70514141148916,0.63142676436145,0.0128589210290064
trpo_noise_it091,3.429,60,0.7215562812082551,0.6519453515103188,0.00878661603651342
trpo_noise_it091,3.43,60,0.6943156191056823,0.6178945238821026,0.01511070942997238
trpo_noise_it091,3.431,60,0.6915062693451066,0.6143828366813833,0.013292396737753455
trpo_noise_it091,3.432,60,0.6927153821979629,0.6158942277474537,0.009658201415932125
trpo_noise_it091,3.433,60,0.7200292713692096,0.6500365892115116,0.009811206056835046
trpo_noise_it091,3.434,60,0.7063518320384397,0.6329397900480497,0.011676615152077295
trpo_noise_it091,3.435,60,0.7099166018337457,0.6373957522921819,0.010098309496659847
trpo_noise_it091,3.436,60,0.7179800523195438,0.6474750653994298,0.012294964725630077
trpo_noise_it091,3.437,60,0.7080689382566658,0.6350861728208322,0.008953779467088186
trpo_noise_it091,3.438,60,0.7018389383094591,0.6272986728868238,0.01022374569729914
trpo_noise_it091,3.439,60,0.7176032376160998,0.6470040470201248,0.009621313533844949
trpo_noise_it091,3.44,60,0.7096917401755388,0.6371146752194234,0.008559351358610849
trpo_noise_it091,3.441,60,0.6887989914087217,0.6109987392609019,0.01080928596290376
trpo_noise_it091,3.442,60,0.7126681171471373,0.6408351464339216,0.015195327537759528
trpo_noise_it091,3.443,60,0.6879781021180817,0.6099726276476023,0.010530003176917125
trpo_noise_it091,3.444,60,0.7160202594434332,0.6450253243042916,0.012585261693460324
trpo_noise_it091,3.445,60,0.7024648154728732,0.6280810193410916,0.012595827906319641
trpo_noise_it091,3.446,60,0.6979866348745762,0.6224832935932203,0.018355690112643253
trpo_noise_it091,3.447,60,0.6952398680600645,0.6190498350750807,0.011908353276686988
trpo_noise_it091,3.448,60,0.6857362143718024,0.6071702679647532,0.013052778077415552
trpo_noise_it091,3.449,60,0.6974121099155492,0.6217651373944366,0.01197446827938204
trpo_noise_it091,3.45,60,0.7112935563852555,0.6391169454815693,0.012342095285633804
trpo_noise_it091,3.451,60,0.6951215849758087,0.6189019812197609,0.012303036696859488
trpo_noise_it091,3.452,60,0.689986025982416,0.6124825324780201,0.011347891847504836
trpo_noise_it091,3.453,60,0.6876002814395525,0.6095003517994406,0.01777332280059908
trpo_noise_it091,3.454,60,0.6993253503539401,0.6241566879424251,0.012675388879722289
trpo_noise_it091,3.455,60,0.6855102792654795,0.6068878490818493,0.02119082323181607
trpo_noise_it091,3.456,60,0.6968473188566636,0.6210591485708296,0.01335830300994181
trpo_noise_it091,3.457,60,0.7205411510260161,0.6506764387825201,0.008671681707537892
trpo_noise_it091,3.458,60,0.7062734477534376,0.6328418096917968,0.01054044753635386
trpo_noise_it091,3.459,60,0.6762822113921998,0.5953527642402497,0.010020681375953707
trpo_noise_it091,3.46,60,0.7053750529372821,0.6317188161716025,0.011193559597123915
trpo_noise_it091,3.461,60,0.7124987092524462,0.6406233865655575,0.008155503462071135
trpo_noise_it091,3.462,60,0.7192621910700969,0.6490777388376211,0.008027595031692626
trpo_noise_it091,3.463,60,0.7099121256704902,0.6373901570881129,0.009588829604491209
trpo_noise_it091,3.464,60,0.7067740396429629,0.6334675495537038,0.013861155096489464
trpo_noise_it091,3.465,60,0.7083822832535437,0.6354778540669294,0.010476864402507363
trpo_noise_it091,3.466,60,0.6888198044806675,0.6110247556008342,0.014038290646989967
trpo_noise_it091,3.467,60,0.700104374212958,0.6251304677661975,0.01425317076362924
trpo_noise_it091,3.468,60,0.7020497116090947,0.6275621395113682,0.00844397327350964
trpo_noise_it091,3.469,60,0.7148529450073291,0.6435661812591615,0.009969368676892956
trpo_noise_it091,3.47,60,0.6947354777945335,0.618419347243167,0.011007244372240226
trpo_noise_it091,3.471,60,0.6861290542467257,0.6076613178084069,0.015671120366570743
trpo_noise_it091,3.472,60,0.6931359654483945,0.616419956810493,0.011766869353505054
trpo_noise_it091,3.473,60,0.7063225429869724,0.6329031787337154,0.01497480029818055
trpo_noise_it091,3.474,60,0.7065426429533714,0.6331783036917142,0.010536852055615506
trpo_noise_it091,3.475,60,0.6964710612241725,0.6205888265302159,0.014546424155132331
trpo_noise_it091,3.476,60,0.697008887398149,0.6212611092476863,0.015240957525424932
trpo_noise_it091,3.477,60,0.7092770042570047,0.636596255321256,0.013398363270549446
trpo_noise_it091,3.478,60,0.6967958051999639,0.6209947564999546,0.013919860701787254
trpo_noise_it091,3.479,60,0.69467504500004,0.6183438062500503,0.011552622870764362
trpo_noise_it091,3.48,60,0.7007278389933834,0.6259097987417291,0.011849004740263866
trpo_noise_it091,3.481,60,0.6967136466059126,0.6208920582573909,0.009394594164478047
trpo_noise_it091,3.482,60,0.701665045738833,0.627081307173541,0.011684466996983077
trpo_noise_it091,3.483,60,0.7101757260733473,0.6377196575916841,0.008212563810114534
trpo_noise_it091,3.484,60,0.6786932751759989,0.5983665939699985,0.015236724606904931
trpo_noise_it091,3.485,60,0.7020246617371397,0.6275308271714246,0.012056255253433157
trpo_noise_it091,3.486,60,0.6931083961223276,0.6163854951529095,0.013244903682409753
trpo_noise_it091,3.487,60,0.7025096059712667,0.6281370074640831,0.011246118888455522
trpo_noise_it091,3.488,60,0.6992365471974792,0.6240456839968489,0.013784084489272335
trpo_noise_it091,3.489,60,0.6863880038932472,0.6079850048665587,0.012003758030726156
trpo_noise_it091,3.49,60,0.6892621295662861,0.6115776619578577,0.010149825217728862
trpo_noise_it091,3.491,60,0.6791203352019978,0.5989004190024972,0.012140578882219975
trpo_noise_it091,3.492,60,0.6806437282686661,0.6008046603358326,0.011360267340972197
trpo_noise_it091,3.493,60,0.6718995442860088,0.589874430357511,0.01325335103253661
trpo_noise_it091,3.494,60,0.7113121340876054,0.6391401676095069,0.008200062612058873
trpo_noise_it091,3.495,60,0.687749526020884,0.609686907526105,0.014700673050029962
trpo_noise_it091,3.496,60,0.6968957999218957,0.6211197499023695,0.009970799201695203
trpo_noise_it091,3.497,60,0.6866428416001215,0.6083035520001517,0.015923547525918142
trpo_noise_it091,3.498,60,0.6887349470830879,0.61091868385386,0.010109842386539692
trpo_noise_it091,3.499,60,0.704001093166351,0.6300013664579386,0.008781312260928199
trpo_noise_it091,3.5,60,0.7027516828267744,0.628439603533468,0.01189351533587456
