source,label,time_ns,nominal_fidelity,nominal_cost,white_first_order_1mhz,memory_gain,quasi_static_first_order_0p1mhz,quasi_static_average_fidelity_0p1mhz,quasi_static_excess_0p1mhz,quasi_static_fidelity_variance_0p1mhz,quasi_static_first_order_0p3mhz,quasi_static_average_fidelity_0p3mhz,quasi_static_excess_0p3mhz,quasi_static_fidelity_variance_0p3mhz,quasi_static_first_order_0p1mhz_delta_1,quasi_static_first_order_0p1mhz_delta_2,quasi_static_first_order_0p1mhz_f_1,quasi_static_first_order_0p1mhz_f_2,quasi_static_first_order_0p1mhz_g,quasi_static_first_order_0p1mhz_eta,white_average_fidelity_1mhz,white_excess_1mhz,white_fidelity_variance_1mhz
selected_adam_70ns,,70.0,0.9966196279490397,0.15757516180135928,0.020849931496606862,16.66403708961455,0.0034744403177537943,0.9936532552531478,0.003642447106083968,1.9214886286091873e-05,0.03126996285978414,0.9656295453422553,0.031666157016976504,0.0008625334684786769,0.000266923416905382,0.0002670393551732198,0.0009636673259383013,0.0011994656101214252,0.0007773442205705763,3.8904489044605875e-10,0.9774921808194351,0.019803521539796698,0.00012026370333432088
selected_adam_60ns,,60.0,0.9820504068885064,0.38063865817222853,0.017877173123560564,14.774961128509743,0.0026413453798824647,0.983024331640511,0.0026159938702943197,5.4300225482813754e-05,0.02377210841894218,0.9628585398168232,0.022781785693982037,0.0008449222669357143,0.0002160240855464737,0.00021596824752512705,0.0008406899975872516,0.0007975430730150892,0.0005711196932996075,2.8290891547993617e-10,0.9684808027127545,0.017159522798050775,0.00022057390509947443
selected_trpo_nominal,,116.0,0.9941508785718656,0.29820038449467157,0.0345695449367395,22.968496899520282,0.007940104856973284,0.9873436095652158,0.007977093292276582,0.00010388469202010658,0.07146094371275954,0.9273309839555584,0.06798971890193406,0.003555038376627302,0.0007894395484073649,0.0007893924658620054,0.002171124126812595,0.002062061092048552,0.002128085630763127,1.9930796387271522e-09,0.9616602778855434,0.03366042497194899,0.0003435052227298838
selected_trpo_noise,,98.0,0.9907799387396189,0.353693159621321,0.029203589383825664,19.180380153483043,0.00560135946227998,0.9870393321256465,0.005584618866048441,9.240730426203658e-05,0.050412235160519805,0.9442349140896618,0.04838903690203322,0.002193884961585746,0.0005677598843282231,0.0005680003557420015,0.0015054099608893643,0.0014404154205610797,0.0015197736751421523,1.6561715929548364e-10,0.9644261412952437,0.028197809696451248,0.0002776955163583328
selected_trpo_noise_it091,,104.0,0.9878172317647098,0.3822430963111507,0.030992151280916896,20.03090578177633,0.00620800862282605,0.9840386617533067,0.006215123658461219,0.00013132925742295366,0.05587207760543444,0.9369590871752427,0.05329469823652522,0.0027686736153870292,0.0006485873132402448,0.0006485393418164772,0.0016237969372529834,0.0015762468975872993,0.0017108379165500247,2.1637902165860232e-10,0.9610904438667631,0.029163341545004773,0.0003474254968175389
trajectory_nominal,1,180.0,0.9884892456969291,0.617223898661735,0.05364683141976113,32.064282557972525,0.017201471609831393,0.9739255785237667,0.016865818033776514,0.0004131824212506644,0.15481324448848252,0.8541025127722603,0.13668888378528288,0.011964337875371848,0.0019472160190063422,0.0019461414693601213,0.0040669061179243035,0.004128894360297647,0.005112313565287679,7.795530111920544e-11,,,
trajectory_nominal,2,180.0,0.9839400373021937,0.47675027204606146,0.05364278229211764,31.977081563106985,0.017153396246270373,0.9699987210778197,0.017153308763935393,0.0005558272905849275,0.1543805662164333,0.8478348225456565,0.13931720729609864,0.013284888418074495,0.0016266426753959238,0.0016262042821958104,0.004380202941748746,0.004402159549683803,0.005118186589779924,2.07466166785198e-10,,,
trajectory_nominal,3,120.0,0.9974004036447875,0.3944422596019782,0.0357633791591364,22.20471228876907,0.00794115544702784,0.9900063550951457,0.007913967820684431,6.249211727119851e-05,0.07147039902325054,0.9297456352186974,0.06817468769713275,0.0031887950166599966,0.0008136974786561459,0.0008138493981087843,0.0020390136629663273,0.0019974642984561253,0.0022771304780558176,1.3078463947617925e-10,,,
trajectory_nominal,4,108.0,0.9939743142822708,0.3970767815516024,0.03218422637890473,20.444560999013206,0.006579923794095678,0.9885130301743189,0.006666421251497745,8.301771375518238e-05,0.05921931414686109,0.9380754625991564,0.057103988826660235,0.002602248188186433,0.0006868478500269117,0.000687098929642442,0.001656236802440335,0.0017050202925056447,0.0018447198157506457,1.0372969970018272e-10,,,
trajectory_nominal,5,104.0,0.9943057566829848,0.3960144354916614,0.030989899111102233,19.715188227120397,0.006109716941148518,0.9892490592688586,0.006195546077529257,7.40581987034791e-05,0.054987452470336644,0.9418618027166886,0.05358280262969928,0.0023515755690094054,0.0006257448650234794,0.0006260236728691439,0.0015706224508244323,0.0015777130234366932,0.0017096127863761028,1.4261866619476116e-10,,,
trajectory_nominal,6,102.0,0.9911565037738721,0.3942576108639203,0.030395966776024186,19.613701780724472,0.0059617742768174765,0.9869926408975356,0.005932562121562124,8.410943370426746e-05,0.05365596849135727,0.9413313760704254,0.05159382694867232,0.0022619186677104953,0.0006028962290254784,0.0006012788497912855,0.0015352762721782191,0.001578060663176267,0.00164426213102964,1.3161658650269967e-10,,,
trajectory_nominal,7,102.0,0.9915541907182244,0.3676092866101972,0.03039586246086542,19.689538383841136,0.005984805006331658,0.9872360312232129,0.006007321351366612,8.784053245781312e-05,0.0538632450569849,0.9413510688222118,0.05189228375236776,0.002362995567354188,0.0006041919265153257,0.0006037654408571358,0.0015935926180813496,0.0015388769725115125,0.0016443779142580562,1.3410827668421576e-10,,,
trajectory_nominal,8,100.0,0.9870208513774548,0.3936998400248624,0.029799660093047256,19.425672631494386,0.005788784414973437,0.9837918295202801,0.0058248515816836655,0.00011469092675413685,0.05209905973476092,0.9395449382101735,0.05007174289179028,0.0024171761142335532,0.0005839911877228308,0.0005839023142466058,0.0015615562407530368,0.001481278177845629,0.0015780563228320146,1.715733201071032e-10,,,
trajectory_nominal,9,100.0,0.988637987230459,0.3715053020666875,0.029799411892589257,19.401709134235116,0.005781595219112836,0.9850879517574433,0.005822438026923837,0.00010868662973226163,0.052034356972015514,0.9408359193575396,0.050074470426827555,0.0024294229611665453,0.0005862557879665191,0.000585211322086214,0.0015570189132490483,0.0014742805523045089,0.0015788284652665976,1.7823994816351194e-10,,,
trajectory_nominal,10,98.0,0.9847172221731394,0.3962597264040906,0.02920321466152229,19.222337930350744,0.005613540608763549,0.9822377310189296,0.005536046719581744,0.00012875780865760945,0.050521865478871934,0.9396382825409025,0.048135495197608846,0.002435980249354464,0.0005663131758713546,0.0005642818035771807,0.0014977370708480315,0.0014681226023783816,0.001517085769559612,1.8652898921111097e-10,,,
trajectory_nominal,11,98.0,0.9835977369020441,0.39656388980771146,0.029203569167518165,19.225785346837878,0.005614615521762373,0.9813069576421963,0.005571231879438976,0.00014029970206183923,0.05053153969586134,0.9387607566796067,0.04811743284202863,0.002574502741737662,0.0005659221456034159,0.0005661915754121661,0.0015251118366876512,0.0014414146977233635,0.0015159750767278384,1.8960793721585945e-10,,,
trajectory_nominal,12,96.0,0.9851399638366762,0.3863143258135472,0.02860836727393544,19.026960878901512,0.0054433028493041605,0.982669030618179,0.005442940451162004,0.0001210498531123903,0.04898972564373743,0.9414022302712917,0.04670974079804935,0.002317152115441531,0.0005494330750747851,0.0005495878072278364,0.0014845222783556801,0.0014030488852516663,0.0014567105902128445,2.131813484871714e-10,,,
trajectory_nominal,13,180.0,0.8207718419320901,2.1180889776363845,0.05364123542018024,34.2623014229272,0.018378721766644148,0.8416953926188808,0.014922080926791148,0.0033839520774735813,0.16540849589979728,0.7399954130355233,0.11662206051014867,0.027117837452344386,0.002027864638275343,0.0020418645244866212,0.00462346525604623,0.0045963308903372285,0.005089195026343831,1.431154894865501e-09,,,
trajectory_nominal,14,94.0,0.9867345391996288,0.3876404047571622,0.028011552017869812,18.564778952663808,0.00520028271332797,0.9841162273383952,0.005271404021307768,0.0001041165332271497,0.04680254441995172,0.9443061850351689,0.045081446324534036,0.0021020639608048232,0.0005242270088665599,0.0005249746046832938,0.0014317743363238785,0.0013236223347402826,0.0013956841737103845,2.550035719696748e-10,,,
trajectory_nominal,15,96.0,0.9823458524431466,0.38408727870000525,0.028607292494212507,18.75161894948239,0.0053643304802786064,0.9806099955646189,0.005266686389898467,0.00014754681674924931,0.04827897432250745,0.9401284353841067,0.045748246570410656,0.002499674247657685,0.0005472214671620769,0.0005486885792067698,0.0014323127248757456,0.0013801256958052316,0.001455981796509038,2.1671974429230537e-10,,,
trajectory_nominal,16,94.0,0.985143009788771,0.38380296012261694,0.028011594352691207,18.464571368861773,0.005172220830808722,0.9828770309844238,0.005237376846592978,0.00011944591073741717,0.04654998747727849,0.9434107446965007,0.044703663134516125,0.0022102173383892793,0.00052620677740713,0.0005270344838230912,0.001369647202566098,0.0013521147310395906,0.0013972173768453864,2.591274275091601e-10,,,
trajectory_nominal,17,180.0,0.9451253143079356,1.0716715043920555,0.05363768818672755,35.65396396283614,0.01912396201659426,0.9376495568541158,0.018450694592232808,0.0014768804375390968,0.1721156581493483,0.8103245621248133,0.14577568932153528,0.019451804920823636,0.0020394289992219433,0.0020417187147388806,0.005055504515944452,0.004880015991472487,0.00510729220151039,1.59370610554762e-09,,,
trajectory_nominal,18,96.0,0.9818291949418166,0.3940107079712447,0.02860878266341983,18.697529566305413,0.0053491355970529805,0.9801549345839419,0.005308421369511485,0.00014884648637265556,0.04814222037347682,0.9399314997006687,0.045531856252784664,0.0024786403956868664,0.0005547338001230546,0.000554767976749736,0.0014059779118955342,0.001375834408072017,0.001457821173694383,3.2651825562622014e-10,,,
trajectory_nominal,19,94.0,0.9812698290285652,0.3986021781218576,0.02801277648087517,18.38585530546683,0.005150388550817553,0.9799686400944021,0.0050472231284499625,0.00014680811740894217,0.046353496957357965,0.9413469909502152,0.04366887227263683,0.002382766832338917,0.0005320349722534921,0.0005324881419222758,0.0013781130781996445,0.001310215420926088,0.0013975366232540354,3.142620169270131e-10,,,
trajectory_nominal,20,98.0,0.9792233111547037,0.39646961775767864,0.029206132884213525,18.944900862198054,0.0055330729205960785,0.9779320487120877,0.005446600211675312,0.0001694750574242852,0.04979765628536469,0.9367351567871222,0.046643492136640874,0.0026960591620416264,0.0005773717385017091,0.0005776226629814493,0.001463505853525505,0.0013952340998346167,0.001519338261601421,3.041513768848676e-10,,,
trajectory_nominal,21,96.0,0.9856571698129979,0.39803972540311483,0.02860871535392006,18.56492647788487,0.0053111869717226215,0.9832305469111979,0.005295188939200335,0.0001222449714036418,0.04780068274550358,0.9430099796827054,0.04551575616769288,0.0022760470781531305,0.0005534223405926409,0.0005533293991253485,0.0013873642741886964,0.0013589185638958026,0.001458152113691037,2.8022909498656687e-10,,,
trajectory_nominal,22,180.0,0.9871006457184552,0.8572142245142484,0.05363756445510655,36.22929904482296,0.01943251362680022,0.9700575804401396,0.019622936134624624,0.0005211183649921009,0.17489262264120195,0.8332539098026228,0.15642660677214137,0.015343267572391472,0.0019952417421014216,0.001994115965791394,0.005152318987451872,0.005181562426451519,0.005109272626951251,1.8780527615369264e-09,,,
trajectory_nominal,23,94.0,0.9857436594079368,0.3867295665213707,0.02801184101827067,18.19398531475796,0.005096470241257514,0.983523778421082,0.005071149105267625,0.0001175470148420827,0.04586823217131761,0.9448063782974568,0.04378854922889275,0.0021529033704528553,0.0005297294663395437,0.0005298661136517018,0.0013368538912278858,0.0013019964500667657,0.0013980239676300852,3.5234153012640683e-10,,,
trajectory_nominal,24,180.0,0.9871303812210901,0.835464693147102,0.05363593374417806,36.394569621616164,0.019520567248728804,0.9697647821318522,0.019939522845019875,0.00043209907548285876,0.1756851052385592,0.8313119587910517,0.15839234618582043,0.015117199227132961,0.0019632303290953437,0.001965665865009748,0.0052577009694462365,0.005236616409130653,0.005097351463567221,2.212479603209583e-09,,,
trajectory_nominal,25,98.0,0.9829977036708438,0.3993147442205037,0.029205403754750676,18.943085988039833,0.005532404746416636,0.9809582342866505,0.005439928650024628,0.00014160912195037483,0.04979164271774971,0.9394275078107139,0.046970655125961214,0.002482235270014663,0.0005753435640811948,0.0005747627507610847,0.0014854429113489247,0.0013790015705479608,0.0015178535143969985,4.352804717232895e-10,,,
trajectory_nominal,26,98.0,0.9822231279859953,0.3841661760751518,0.029204930979991366,18.891584938686588,0.005517274342369863,0.9803117542334199,0.005466748155376511,0.00014396938474333943,0.04965546908132876,0.9388057689849603,0.04697273340383612,0.002524835939252974,0.0005739998564227279,0.0005740917539535893,0.0014735552167008394,0.00137879184317436,0.00151683522760593,4.445124163419303e-10,,,
trajectory_nominal,27,94.0,0.9867753141871844,0.38278442055472023,0.02801223274377286,18.19082967993697,0.0050956575479672575,0.9843380759818465,0.0050821753679010095,0.00010811296081838285,0.045860917931705304,0.9455695922106935,0.04385065913905406,0.002065017258396808,0.0005276428244274822,0.0005274742261620793,0.0013285357564665312,0.0013143476790866853,0.0013976566651572983,3.966671813205789e-10,,,
trajectory_nominal,28,102.0,0.9802701035813628,0.3959195940518243,0.030398808081080538,19.758496193003367,0.006006347337418699,0.9783814081044706,0.005834674760619607,0.00017834392378569884,0.05405712603676828,0.9339210761971899,0.05029500666790032,0.0029633616132947057,0.0006238922484239279,0.0006241446385174327,0.0015682866442146427,0.0015446476334683653,0.0016453758031784054,3.6961592599005677e-10,,,
trajectory_nominal,29,96.0,0.9867790546828774,0.39682987108578394,0.02860845212498516,18.616415895240547,0.00532586842877802,0.9841514816350445,0.005271762111257461,0.00010804479975812994,0.04793281585900217,0.9437413643113948,0.0456818794349072,0.0021579024768633415,0.000549573711711881,0.0005492372651605305,0.0014020903970395,0.001367985524079424,0.0014569811971349292,3.3365175488101766e-10,,,
trajectory_nominal,30,180.0,0.9906235337240294,0.8502303028642676,0.053636245329696776,36.79501401310211,0.019735463985163758,0.972302665526095,0.020196161453128525,0.0003808949156786908,0.1776191758664738,0.8314072550260863,0.16109157195313728,0.014947886250537997,0.0019481407992248652,0.0019471239539688933,0.005408550964433237,0.005331061090602063,0.0051005849240872364,2.2528474622980186e-09,,,
trajectory_nominal,31,98.0,0.9871746094760185,0.391909213905573,0.02920578956719322,19.2140170499212,0.005611605387004614,0.9842041377726298,0.005535549808185047,0.00011491819506355414,0.05050444848304151,0.9419061767920492,0.04783351078876563,0.002336267914963848,0.0005742486705799238,0.0005743283509316471,0.0014656922079708614,0.0014774176416631612,0.0015199181278736495,3.879853697727246e-10,,,
trajectory_nominal,32,96.0,0.9832877599643786,0.39999215618102724,0.028609153738563306,18.884754755677214,0.0054027685212023405,0.9812603014894801,0.005369906482022735,0.00013843604806234642,0.04862491669082105,0.9405952845748754,0.0460349233966274,0.0024358416353840277,0.0005551423695319065,0.0005551552227459082,0.0014033367565906276,0.0014310546536819458,0.0014580792096253515,3.0902659948804134e-10,,,
trajectory_nominal,33,102.0,0.9807801500355214,0.39988388638570144,0.03039813601288034,19.8574124709254,0.006036283251550567,0.97872010059018,0.005904019438237262,0.00017569003071669998,0.05432654926395509,0.9338703875206523,0.05075373250776494,0.0029760818095568007,0.0006258708404217279,0.0006259171789385165,0.0015586293102758904,0.0015799122903654259,0.0016459532838472221,3.4770178406409574e-10,,,
trajectory_nominal,34,100.0,0.9844675899541585,0.39596057281038277,0.02980339057566519,19.415986832258653,0.0057866223897377715,0.9819303307850861,0.005643741178240624,0.00013216434175518122,0.052079601507639926,0.9387635348350492,0.04881053712827754,0.002507978623818289,0.0005978384962418418,0.0005975348058760293,0.0015349857050648643,0.0014755673775956662,0.0015806956502436968,3.547156722185434e-10,,,
trajectory_nominal,35,98.0,0.9834453868276161,0.39558984581181966,0.029207717360220053,19.006885996215168,0.005551477540753773,0.9813066511683317,0.005449658293761095,0.00013048656993426682,0.04996329786678395,0.939865477383011,0.046890832079081846,0.0023929786986052466,0.0005741134244286431,0.0005742551124187632,0.0014637664963329296,0.0014202483940393877,0.0015190937873499153,3.261841339954508e-10,,,
trajectory_nominal,36,100.0,0.98213328812129,0.399241392142623,0.029804246013452884,19.366660560936843,0.0057720871581719724,0.980080741893967,0.005625888603065121,0.00014395134947532508,0.051948784423547736,0.9372453254751726,0.048461305021859524,0.0025880638032963767,0.0005986562671189497,0.0005986251270765357,0.0015420781419058257,0.001452702808611609,0.0015800244506952192,3.62763833750568e-10,,,
trajectory_nominal,37,108.0,0.9820768246542128,0.39880739439174673,0.03218975677891249,20.90131230158668,0.006728081593481671,0.9791368452196526,0.006524614503717552,0.00016723937842848908,0.06055273434133503,0.929669167269623,0.05599229245374715,0.0031919433591325827,0.000695551806274943,0.0006955353237098212,0.001814928051689234,0.0016785796790218896,0.0018434862035544076,5.292313750759061e-10,,,
trajectory_nominal,38,94.0,0.987651971433855,0.3992325648729408,0.028013022397008328,18.174010047632567,0.0050910895050778554,0.9850667148857827,0.005054862261301252,9.839990826872674e-05,0.04581980554570069,0.9463811098527468,0.043740467294337115,0.001980222859453701,0.0005277892466998791,0.0005276404613087289,0.0013515546920276574,0.0012867849361679349,0.0013973197052969727,4.635766830664245e-10,,,
trajectory_nominal,39,98.0,0.9832529100357216,0.3927623803440832,0.029205979071988266,19.010530736938833,0.0055522116285042535,0.9811368845837055,0.005465443444871876,0.00013801456481046017,0.04996990465653827,0.9395115073131475,0.047090820715429915,0.0024707699334569496,0.0005761094306342439,0.0005759844171603121,0.001476680379272283,0.0014045627778894562,0.0015188740396505375,5.838974201306554e-10,,,
trajectory_nominal,40,98.0,0.9879007670240235,0.38084581005122,0.02920531438597436,19.042234660381354,0.005561344498679352,0.9848094690297657,0.005511144589453121,0.00010875086308221605,0.05005210048811416,0.9427082378285329,0.047612375790686,0.0022766706476867577,0.000572170941074512,0.0005723989618849633,0.0014698030559897248,0.0014274072444290834,0.0015195637654469047,5.298541651365567e-10,,,
trajectory_nominal,41,100.0,0.9835176579119288,0.39881796132472025,0.029802413851953844,19.456219705546047,0.005798423116592229,0.9811106152491545,0.005703511080388579,0.00014262116681408544,0.052185808049330054,0.9377489555790188,0.0490651707505243,0.0026206093696105625,0.0005997786676146386,0.0005999474935682993,0.001523419607834075,0.0014938234454297931,0.0015814533427569231,5.59388499423677e-10,,,
trajectory_nominal,42,96.0,0.9874832363182161,0.3822319678698007,0.028608657633778376,18.600353465544757,0.005321311441630332,0.9846771116200669,0.005309477434506049,0.00010972057863041276,0.04789180297467298,0.9442484257122082,0.04573816334236469,0.0021783704853523744,0.0005510822411045347,0.0005510673076971301,0.0014116401289210121,0.001349186144993605,0.0014583352100896107,4.088244388297506e-10,,,
trajectory_nominal,43,106.0,0.9840565297634307,0.39718051807824073,0.03158940426947953,20.355559961293036,0.00643020012748917,0.9808471283539492,0.006398095456795372,0.00016300470482626944,0.057871801147402514,0.9326123698779696,0.05463285393277495,0.0030863890464186854,0.0006742395054337496,0.0006746701600151828,0.0016881015761555716,0.0016165546125157541,0.0017766336702531365,6.031157752457819e-10,,,
trajectory_nominal,44,100.0,0.9891720259275197,0.3797362819332765,0.0297999060040208,19.234282485880005,0.005731798101340078,0.9855937222171722,0.0057438985248434715,0.00010847602557096408,0.051586182912060685,0.9418889335762326,0.0494486871657831,0.0023682873605015277,0.0005967339635084632,0.0005966740892677649,0.0014937370197096126,0.001462782456447486,0.0015818699321547966,6.402519552092105e-10,,,
trajectory_nominal,45,100.0,0.985119655207929,0.3859076310013399,0.02980008645969084,19.22659976063752,0.005729543351928695,0.9823986952207153,0.005697028945627736,0.0001378790209606947,0.051565890167358235,0.9390662578563729,0.04902946630997018,0.0025825693336026293,0.0006002267024328264,0.0006002402968154043,0.0014605384646118205,0.0014876690628798691,0.0015808681845315231,6.406572504918092e-10,,,
trajectory_nominal,46,106.0,0.9853596550960031,0.398333590500935,0.03159058516835553,20.37728274481479,0.006437302860497333,0.9819277656876805,0.006359958389121956,0.0001529724415289124,0.05793572574447598,0.9337942065953222,0.054493517481480236,0.00300003534540475,0.000675642736253058,0.0006756049781904343,0.0017053229523157866,0.0016038209741376,0.0017769104754658026,7.44134651168904e-10,,,
trajectory_nominal,47,100.0,0.9869961080763479,0.3874851112498714,0.029801311125266444,19.219194263160357,0.005727571878133779,0.9839191216468526,0.005677764814225661,0.00011906210215458399,0.051548146903204,0.9406388003393108,0.04895808612176744,0.0024301324403959543,0.0005975787501202506,0.0005976900906260287,0.0014645337479358524,0.001487259382170666,0.001580509273569585,6.337113954769922e-10,,,
trajectory_nominal,48,104.0,0.9844717864232484,0.3899112203005024,0.030991514984142862,19.913852508032363,0.00617160458394696,0.9814144513485903,0.006162977790008406,0.00015862351239247807,0.05554444125552263,0.9347654818721264,0.052811947266472314,0.0029569167521895797,0.0006502922020292913,0.0006501872109754384,0.00160174362737592,0.0015587189261406973,0.001710661793283922,8.241416902780552e-10,,,
trajectory_nominal,49,102.0,0.9859473916890149,0.38872949341662,0.030394706703529503,19.53208147428298,0.005936718877202734,0.9828142986963657,0.005943614654846163,0.00013906411781270018,0.05343046989482459,0.9376380243187927,0.05111988903241915,0.0027011158785996956,0.0006230482853354286,0.0006226326299550657,0.0015664087547661166,0.001478964963638228,0.001645663458057198,7.854506962512044e-10,,,
trajectory_nominal,50,100.0,0.985372755379256,0.39333589965950844,0.029798434889142005,19.143694967349976,0.005704521480221738,0.9825589490166401,0.005739255286764666,0.00013994226307679602,0.05134069332199563,0.9390697399183121,0.04922846438509265,0.002610339826871479,0.00060127936273896,0.0006012046467757554,0.0014831689021694294,0.001437082359905566,0.001581785260727411,9.479046158834667e-10,,,
trajectory_nominal,51,102.0,0.9848700789535271,0.3938255681595859,0.030395497755965784,19.5890002521265,0.005954174132051243,0.9819431998133148,0.005952863349506954,0.00014865247972616026,0.05358756718846117,0.9368467354750208,0.051049327687800905,0.0027772314482001504,0.0006255863418931209,0.0006255144441045704,0.0015582689893834862,0.001498641523644812,0.0016461617246138944,1.1084113593362158e-09,,,
trajectory_nominal,52,110.0,0.9853492135928004,0.39722595121333437,0.03278289098721976,21.16863652584202,0.0069396910357475755,0.9814480244338804,0.006831346440359987,0.00016028455072438261,0.06245721932172816,0.9297526726388267,0.05852669823541368,0.00330122638183851,0.0007251501455156867,0.000725326198301888,0.0018173350484157235,0.0017590536998626743,0.0019128245720118765,1.3716397264381397e-09,,,
trajectory_nominal,53,114.0,0.9869161241618414,0.3938667492828697,0.03397142773867551,21.682622549459747,0.007365896451239481,0.9821489619277107,0.007383937401762353,0.00016331758697557427,0.06629306806115531,0.926524969580657,0.06300792974881608,0.0036351320504434998,0.0007781155871772963,0.0007785325451841104,0.0018782012108003983,0.0018777837033019439,0.0020532617445729036,1.6602028280868831e-09,,,
trajectory_nominal,54,106.0,0.9873346400258853,0.39582013525749865,0.03158986027401212,20.247561920530757,0.006396176519589752,0.9835090953698927,0.006358616650815496,0.00012744089445867912,0.05756558867630776,0.9353237502003633,0.05454396182034493,0.00280496019649832,0.000672194606232815,0.0006723821541500273,0.001652396752882033,0.001622704665955796,0.00177649707924147,1.2611276117486498e-09,,,
trajectory_nominal,55,104.0,0.9882890695895885,0.3824485265139532,0.030993044699124898,19.927904501678704,0.006176264349804205,0.9844623243407826,0.006168931330888139,0.00012424475609938896,0.05558637914823783,0.9377017859477992,0.05292946972387158,0.002685197500121678,0.0006478014421161803,0.0006477879188239138,0.0016605071865668825,0.0015099614907578048,0.00171020492660986,1.3849295642704177e-09,,,
trajectory_nominal,56,100.0,0.9866357494783758,0.3918255794315634,0.029799940788758535,19.329405822825105,0.005760151490020727,0.9835423673692084,0.005766232213492373,0.00012536608235153615,0.05184136341018653,0.9397904888831967,0.04951811069950407,0.002508244884684481,0.0005999502610638388,0.0005999302167287113,0.0015652735910276115,0.0014145915368292531,0.001580404656899451,1.2274718618627439e-09,,,
trajectory_nominal,57,102.0,0.9852259010253811,0.395186734081039,0.030396440524700682,19.656607104656597,0.005974908887741033,0.9822358099627578,0.005944910857547114,0.00014305359057482431,0.05377417998966928,0.9371232135882337,0.05105750723207125,0.0027284954188701808,0.0006255613336941281,0.0006253920497177111,0.0016041692678388057,0.001474113352744237,0.0016456716747906032,1.2089555477622388e-09,,,
trajectory_nominal,58,104.0,0.9851711822640605,0.3943905480971164,0.030992438271918325,20.07144966362631,0.006220631647278544,0.9819670377809665,0.006169908030281945,0.00014940178991808113,0.055985684825506886,0.9350965902363398,0.053040355574908604,0.0028997215726295766,0.0006496463708054906,0.0006497813082113249,0.0016398492168541868,0.001570988781510167,0.0017103646413633065,1.3285340698380046e-09,,,
trajectory_nominal,59,108.0,0.9851153974711091,0.3947752918142343,0.032186827675788676,20.927034440704126,0.0067357485130823845,0.9814566673188334,0.006635650658053827,0.00014926323712869435,0.06062173661774145,0.9312031485095555,0.05688916946733169,0.0031270163609171827,0.0006974181662962484,0.0006979002275109418,0.001789909531444001,0.0017063161313503584,0.0018442030639859888,1.392494846153103e-09,,,
trajectory_nominal,60,104.0,0.9854166604124845,0.3895926312225785,0.030994908788463404,20.162141828166718,0.006249237469440902,0.9821797983735976,0.006153529956390069,0.00013917553860596976,0.05624313722496811,0.9354549699674045,0.052878358362583144,0.002804501010713861,0.0006477767142539691,0.0006479810750458862,0.0016684257905776015,0.0015745400718045763,0.001710512570685352,1.2470735176886808e-09,,,
trajectory_nominal,61,108.0,0.9851755939067474,0.3989051624468939,0.032186106065247896,20.747499634665253,0.00667781223830028,0.9815483706964209,0.006592104428976953,0.00015682569965419103,0.0601003101447025,0.9316135325800928,0.05652694254530499,0.0031541446235036517,0.0007007607537445007,0.0007011442128557262,0.001748369027354702,0.0016827702840301326,0.001844766757963944,1.2023512739419496e-09,,,
trajectory_nominal,62,104.0,0.9863848410546596,0.3903113109246685,0.030994184668604336,20.022136610921077,0.006205697995789118,0.9829681875306038,0.0061396853131239215,0.0001303248509882915,0.055851281962102046,0.9363407629855779,0.05276710985814981,0.0027258516217121267,0.000647445011502479,0.0006477128462673861,0.0016382942557936337,0.0015619101153930906,0.0017103346579454986,1.1088870299223072e-09,,,
trajectory_nominal,63,100.0,0.9867413531635256,0.3889519314981308,0.029802700734737834,19.317950088114962,0.005757270852846928,0.9837045860820378,0.005688496448782665,0.00011878870725125278,0.051815437675622335,0.9404079551838521,0.04898512734696836,0.002418245811350576,0.0005983214680526734,0.0005984055702962943,0.0015473202017544142,0.0014317798156772616,0.00158144282945464,9.676116454120792e-10,,,
trajectory_nominal,64,102.0,0.9854259411114089,0.38362409832148514,0.030394324119918784,19.5498384297191,0.005942041257249264,0.9823627785019561,0.005977974387171181,0.00013989821952762428,0.05347837131524336,0.9370756570026633,0.051265095886463996,0.002723615988822356,0.0006234110403667371,0.0006235763193824142,0.0015598088986686531,0.001489679679707612,0.0016455643189383987,1.0001854488759559e-09,,,
trajectory_nominal,65,104.0,0.9839513642305276,0.39598596622716553,0.030993828890245427,19.990284610278586,0.006195754606782811,0.98105453412073,0.006106557263692247,0.00015270606832473054,0.05576179146104528,0.9346592348881291,0.05250185649629313,0.0028804134927822495,0.000650048341138705,0.000650346817570954,0.0016644931661033244,0.0015209330139761726,0.0017099321481310985,1.1198625559029038e-09,,,
trajectory_nominal,66,102.0,0.9846365705034938,0.39193054209644695,0.030397981442640155,19.70065473754972,0.005988601371198973,0.9817866312931752,0.005922625109619828,0.00014058741351854142,0.05389741234079074,0.9368480576134115,0.050861198789383555,0.002698243194392876,0.0006247369116243828,0.0006247953694120145,0.0015952656081579522,0.0014979034130427982,0.0016458990820888814,9.868729433334948e-10,,,
trajectory_nominal,67,100.0,0.9853882783315103,0.3859088444511196,0.02980230743238094,19.423199451125605,0.005788561613628981,0.9826249224921213,0.005685700173086894,0.00012549694157074193,0.052097054522660814,0.939193320628064,0.04911730203714415,0.0024889666037926188,0.0005977629003046071,0.0005979122040619506,0.0015132517827283229,0.001499116733609628,0.001580517111545865,8.813786071635108e-10,,,
trajectory_nominal,68,102.0,0.9854147067670733,0.3900185757906085,0.030398307692776492,19.790049622466707,0.006015840176790584,0.9823890956875563,0.0059426697261023564,0.00013055897635349932,0.05414256159111524,0.9372416262329153,0.051090139180743344,0.0026385206705156956,0.0006227811101750655,0.000622550749302806,0.0015978678544789605,0.0015269396293230153,0.0016456999005492873,9.32961448686366e-10,,,
trajectory_nominal,69,100.0,0.985251357930186,0.38899372953248085,0.029801839211714184,19.492455375791188,0.005809110209508429,0.9824628048530627,0.005738281491086128,0.00013004935967223083,0.05228199188557585,0.9387967725901823,0.04940431375396648,0.002543928411898726,0.0005989038058367308,0.0005991790710552609,0.0015487930518499973,0.001480848185958225,0.0015813851893052672,9.055029478595817e-10,,,
trajectory_nominal,70,100.0,0.9846148236710123,0.39798989969684373,0.029802013043575788,19.52906590557537,0.005820054768468085,0.98193276655993,0.005759092376879882,0.00013749862140473383,0.05238049291621275,0.9382381764535955,0.049453682483214356,0.0026021369622590946,0.0006013505811503731,0.000601450652804344,0.0015904031574045768,0.0014457438264883272,0.0015811056458536314,9.047668323631469e-10,,,
trajectory_nominal,71,98.0,0.9853239836227434,0.39247737151712797,0.02920458651139324,19.094660131235017,0.005576516537083046,0.9827068923050855,0.0055522945931092416,0.00012764822256265785,0.0501886488337474,0.940521521525435,0.0477376653727597,0.002430636218366762,0.0005770093769155708,0.0005770926194600199,0.0015259212288404294,0.0013777390784945338,0.0015187533606526164,8.727198762593725e-10,,,
trajectory_nominal,72,96.0,0.9867044939461149,0.3876631462557769,0.02860719878524341,18.69395525599442,0.005347816940906783,0.9840210133970878,0.005342581759804177,0.00011770975295628639,0.04813035246816104,0.9432729753307804,0.04609061982611162,0.00227384315897059,0.0005526162234622522,0.0005528108399212706,0.0014287106798168444,0.0013554387824677525,0.0014582396856703042,7.295683592890381e-10,,,
trajectory_nominal,73,94.0,0.9858830601395324,0.39776953173768304,0.02801166767696897,18.332325031500286,0.005135189965285658,0.9835905234048058,0.005115924706820096,0.00011637751649784256,0.04621670968757091,0.9445408557469979,0.044165592364628026,0.002164970461017053,0.0005308211742984479,0.0005309741678352855,0.0013583098228450254,0.001316995246022388,0.001398088811329217,7.429552935291492e-10,,,
trajectory_nominal,74,96.0,0.985690777971222,0.3852722587531649,0.02860683216652143,18.70333956830502,0.005350432959839612,0.9832026747651753,0.005349947611802297,0.00012514032532474453,0.048153896638556494,0.942447282584579,0.046105339792398614,0.002332488193224692,0.0005534204877935103,0.0005533793769890198,0.0014277528155480996,0.001357689959817244,0.0014581896119469676,7.077447702969867e-10,,,
trajectory_nominal,75,94.0,0.9876122116166366,0.3833490562942387,0.028012449007805577,18.376392821832003,0.005147677668689735,0.9849553095406638,0.005134459752645482,0.00010411367231114692,0.04632909901820761,0.945790404346349,0.044299364946960296,0.0020721995162488616,0.000528846604951312,0.0005288448853317095,0.0013891006430175282,0.0013026313791919936,0.0013982534562754117,6.999217801376549e-10,,,
trajectory_nominal,76,92.0,0.9873537927221455,0.3940748023357924,0.027414894496730968,18.08867404823592,0.004958990906181433,0.9848717203530205,0.005011313824695773,9.877992411699024e-05,0.04463091815563289,0.9468274203054217,0.04305561387229462,0.0019682838387937826,0.0005064056344113338,0.000506468844190973,0.0013863301083166732,0.0012211944257786165,0.0013385911903577286,7.031261073082413e-10,,,
trajectory_nominal,77,92.0,0.9864009302686977,0.3937927717296372,0.027415282446323696,18.092442863559402,0.004960094312484546,0.9841169335142268,0.005003810700731415,0.00010609886051198954,0.044640848812360905,0.9461847442886281,0.042935999926330126,0.0020265590047633584,0.0005066403166641668,0.0005067467236567741,0.0013242480326944633,0.0012829112697965595,0.0013395473137510156,6.559215666750491e-10,,,
trajectory_nominal,78,92.0,0.9856730674822178,0.387533667154028,0.027414162068908687,18.144195753052124,0.004974079229841757,0.9835287522348104,0.005009701750963824,0.00011405418802281749,0.0447667130685758,0.9454525405893275,0.04308591339644674,0.0021010480893002906,0.0005080467500582887,0.0005080513025264446,0.0013314580631713796,0.0012868279427650055,0.0013396945348207315,6.364999072945077e-10,,,
trajectory_nominal,79,96.0,0.9826083204264277,0.3943849269776298,0.028604936850080125,18.869452022650563,0.0053975948350353615,0.9806180370136885,0.005468619327453461,0.0001483706678037601,0.048578353515318244,0.9393626457751477,0.04672401056599429,0.0025650921806519107,0.0005552491668513606,0.0005552670592310338,0.0014753283602278264,0.0013536420022572531,0.0014581074180728976,8.283949904106701e-10,,,
trajectory_nominal,80,94.0,0.98481496743534,0.3972784143242605,0.028010635828984488,18.496102571499122,0.005180875933858056,0.9826598449704186,0.005192128977853372,0.00012461342599600584,0.04662788340472249,0.9431775832567387,0.04467439069153323,0.0022656372038083153,0.0005314615833987682,0.0005315455487609246,0.001399839077184162,0.0013201353596186383,0.0013978935579687815,8.069267805969395e-10,,,
trajectory_nominal,81,96.0,0.984920598015425,0.38469768212781436,0.028605857814687705,18.7994818788785,0.005377753056169965,0.9825155062255024,0.005420972186837569,0.00013160094438504749,0.04839977750552967,0.9414221512337919,0.04651432717854809,0.002419709221524266,0.0005533739322589969,0.000553375892877752,0.0014520606196109888,0.001360775244812836,0.0014581665547447984,8.118645919602455e-10,,,
trajectory_nominal,82,96.0,0.9847242788670493,0.38580752317838807,0.028604863218764924,18.854087227857516,0.005393185862675271,0.9823132081781161,0.00546621491552346,0.00013102577464854114,0.048538672764077424,0.9409426249138889,0.046836798179750616,0.002429694621911999,0.0005529735377086629,0.0005528822384607138,0.0014832395804957824,0.0013459230741786025,0.001458166517915027,9.139164823342097e-10,,,
trajectory_nominal,83,96.0,0.9833347416613336,0.39656623429258053,0.028604620781925605,18.926526542177477,0.005413861144580365,0.9811734437161794,0.005494349612887417,0.0001433115274421882,0.04872475030122327,0.9397042689184201,0.04696352441064677,0.0025408713358662308,0.0005549367321782794,0.0005549309218358613,0.0014775104507725478,0.0013682361538719123,0.0014582459658248378,9.200969263453497e-10,,,
trajectory_nominal,84,92.0,0.9862169317139906,0.39739725494253897,0.02741382144434736,18.17993582628024,0.004983815146113402,0.9839341480133739,0.005039397357818665,0.00011044840820020297,0.0448543363150206,0.9456807019983481,0.04329284337284445,0.0020817661384462845,0.0005078429825365948,0.00050791609194656,0.0013259545829646874,0.0013024503889495945,0.001339650286374406,8.133415595192814e-10,,,
trajectory_nominal,85,90.0,0.9876244817082783,0.38707534004908384,0.026816737163370567,17.705593730705363,0.004748062533977475,0.9852822300936257,0.0048173552729970925,9.744323893256946e-05,0.042732562805797264,0.9485802412354707,0.0415193441311521,0.0018887063050787001,0.0004840213561917059,0.0004840102296322105,0.001270058917972707,0.0012280041260321825,0.0012819670653492787,8.387993900519522e-10,,,
trajectory_nominal,86,92.0,0.9857427427903165,0.3848879445745853,0.027413021252406713,18.01082086520087,0.004937310151510417,0.9835837449479982,0.005010449284254981,0.00011394202033024937,0.04443579136359375,0.945579204129708,0.04301499010254517,0.002096507891956268,0.0005072866862857335,0.0005072827224352259,0.0013039495344837634,0.0012789102984696531,0.001339880020231935,8.896041070586773e-10,,,
trajectory_nominal,87,94.0,0.985938863178101,0.37643452433338215,0.028010443275871735,18.4341826740058,0.005163496281272971,0.9835473449112746,0.00520374563120618,0.00011701655900350242,0.04647146653145673,0.9440644112395777,0.04468667930290304,0.002204735593071111,0.0005293436064431877,0.0005293214776257511,0.001333611320472853,0.0013732666709597749,0.0013979521771902653,1.028581139540047e-09,,,
trajectory_nominal,88,92.0,0.9851498521004786,0.3975875548914901,0.02741282479258201,18.062555808438677,0.0049514567768296405,0.9831121364601362,0.005007745220246607,0.00011729591356733339,0.04456311099146676,0.945038680701526,0.043081200978856815,0.002125209295437748,0.0005082094494825224,0.0005081668012985617,0.0012843570652417988,0.0013111068966300621,0.0013396156203827505,9.437939450773478e-10,,,
trajectory_nominal,89,100.0,0.9827163887796946,0.3910755367721597,0.029795693702917306,19.423110647660817,0.005787250556155737,0.980280084873284,0.005893026150471714,0.00015646062893324243,0.052085255005401614,0.9358715612604753,0.050301549763280384,0.0028201700936405917,0.0005996402741561301,0.0005996367569665187,0.0014944039186390312,0.0015126102004522908,0.001580958043077387,1.3628643785206061e-09,,,
trajectory_nominal,90,94.0,0.9862066309658931,0.38095076664556266,0.028010348573814448,18.579004104425934,0.005204043811192998,0.9837329964558362,0.005232308316878154,0.00011615133251848686,0.04683639430073698,0.9439500709173206,0.045015233855393744,0.002212630086522418,0.0005297875493872215,0.0005297847516615177,0.0013777737229797426,0.0013688753347938908,0.001397821352303047,1.1000675790116582e-09,,,
trajectory_nominal,91,96.0,0.9855033864450413,0.38506817102615504,0.028607424490215427,19.029992649966836,0.005443990777832809,0.9829640024804661,0.005438706675566896,0.00012696458192133607,0.04899591700049527,0.9416276052893785,0.04677510386665451,0.0023845592362373874,0.0005536996233321818,0.000553633053761954,0.001449578829807624,0.0014289053076076098,0.0014581729105362887,1.052787150512298e-09,,,
trajectory_nominal,92,94.0,0.9862944538072997,0.3979647148711959,0.028011474917947726,18.5988599205032,0.0052098149816559875,0.9838197824444375,0.0052157806014023755,0.00011556915653205685,0.04688833483490388,0.9441476885881261,0.044887874457713695,0.002193605904658532,0.0005313369843376796,0.000531309488921165,0.001414816715629755,0.0013340957579978752,0.0013982549452601,1.0895094128634904e-09,,,
trajectory_nominal,93,94.0,0.9862888408344112,0.3953568997205149,0.02801100380915256,18.563206745662857,0.0051997405486284886,0.9838082464560847,0.005222826211444209,0.00011607891776236233,0.046797664937656386,0.9441280476316468,0.04490302503588206,0.0021998447401456217,0.0005312313449346846,0.0005312370643099635,0.001407630569431037,0.0013313518701591619,0.0013982886110341334,1.0887595076333481e-09,,,
trajectory_nominal,94,92.0,0.9890446408573372,0.3912493773011254,0.027414158694496583,18.171125341072077,0.004981461137577384,0.986181000270118,0.005054712415751728,9.196926741667688e-05,0.044833150238196444,0.9477850745903933,0.043450638095476446,0.0019360826457847332,0.0005055702662423457,0.0005056417852029955,0.001358331457073082,0.0012719507394355469,0.0013399659950669857,8.945564285304924e-10,,,
trajectory_nominal,95,94.0,0.9855113116529699,0.3869922400412231,0.02801098191711224,18.508142409311,0.005184312423465487,0.9832077490279145,0.0052013002944614195,0.00012199644758315067,0.046658811811189374,0.9437040688246349,0.044704980497741076,0.0022426178577437308,0.0005315958921979285,0.0005315858839116765,0.0013692807415761244,0.0013534836169135423,0.0013983651967774543,1.0920887603794153e-09,,,
trajectory_nominal,96,94.0,0.9876742324849974,0.3796174854279193,0.02801181441791646,18.54670285787482,0.005195267985190303,0.9849530518901339,0.005186334097863954,0.00010283698620637449,0.04675741186671272,0.9453588460525932,0.04478053993540465,0.0020872882266254797,0.0005284424183046947,0.0005285257241888617,0.0014020687446812737,0.001338131902773404,0.0013980981308729997,1.0643690700269856e-09,,,
trajectory_nominal,97,94.0,0.9860643071420536,0.3898735781073004,0.028011304081631903,18.51104018632144,0.00518518375526358,0.9836692276211639,0.005182218092478985,0.00011486161219370333,0.04666665379737221,0.9441781216094899,0.044673324104153034,0.002177268265449366,0.0005305348025650505,0.0005304035925302841,0.0013891989699965147,0.0013369815344441665,0.00139806381516396,1.0405636050976239e-09,,,
trajectory_nominal,98,94.0,0.986844149648529,0.38552633419487814,0.02801155412642219,18.543513915941915,0.005194326437504702,0.9842840000731528,0.005191319645670434,0.00010990755564389551,0.046748937937542305,0.9447091763529663,0.044766143365856936,0.0021409137554124695,0.000529902940106453,0.0005297828348937284,0.00141115808982516,0.0013252844998976404,0.0013981970246572995,1.0481244200591384e-09,,,
trajectory_nominal,99,94.0,0.9860610081636336,0.39386795577353073,0.028011222010187797,18.408786961090197,0.005156526185053479,0.9836812426684677,0.005167563862439217,0.0001148506133513493,0.0464087356654813,0.944360957080035,0.04448784945087192,0.002167285805908278,0.0005311131831889032,0.0005310718801632814,0.0013703067664992178,0.0013259973190816443,0.0013980359245476873,1.1115727445791643e-09,,,
trajectory_nominal,100,96.0,0.9855639575501016,0.38542384719529793,0.028608091855580272,18.80070753851393,0.005378523682117071,0.9830788642747471,0.005372301765334209,0.0001244132807427446,0.04840671313905363,0.9422759794576138,0.04617518658246755,0.002327725450935982,0.0005540569803936574,0.0005540793246483134,0.0014296455875206918,0.0013825654319197978,0.0014581752771869213,1.0804476897384645e-09,,,
trajectory_noise,1,180.0,0.9827388019369104,0.6770774419650775,0.0536462056547133,32.003591413474744,0.01716871246656683,0.9694931834299035,0.016697858119624875,0.0005258976229492436,0.15451841219910142,0.8508049610811032,0.13538608046842526,0.012469419339511357,0.0019720215264113156,0.001973296867819445,0.004052269248391339,0.004061369723932059,0.005109755033980936,6.603173450967744e-11,,,
trajectory_noise,2,180.0,0.9794957549964468,0.527327624603531,0.05364354284417672,31.900789500907884,0.017112713683550152,0.966590038805047,0.0170065651921103,0.0006059656395918047,0.15401442315195132,0.8454321269638608,0.13816447703329648,0.013409727387961408,0.001641326014641726,0.0016396587587062658,0.004387569974928255,0.004329404072805094,0.005114754658645408,2.038234026741543e-10,,,
trajectory_noise,3,126.0,0.997297296778989,0.3761323431161916,0.037550241258212914,22.927789286743014,0.008609440192346697,0.9892196137993953,0.00861822362379594,7.560350855753621e-05,0.07748496173112025,0.9237458279512584,0.07409200947193284,0.003722814926337618,0.000881157909085218,0.0008815367691660578,0.0021970034380242535,0.002139168119621244,0.002510573837551292,1.1889863283132195e-10,,,
trajectory_noise,4,112.0,0.9960525342943445,0.37186595683135093,0.03337521253454894,20.86478531649232,0.006963666444256673,0.9896947468905836,0.0071472805448919985,7.368730314933788e-05,0.06267299799831004,0.935919404453832,0.060922622981643526,0.002784609685499676,0.0007313354588183449,0.0007317554615656512,0.0017536377929660023,0.0017628339368356155,0.0019841036951647032,9.890635609586484e-11,,,
trajectory_noise,5,106.0,0.99648637153632,0.3886082744871211,0.031585097302874746,19.90254346251137,0.006286237718381155,0.9907584124692155,0.006430684759840433,5.791793697595313e-05,0.05657613946543038,0.9417145458045502,0.05547455142450575,0.0023326883273066144,0.0006510149098746523,0.0006512233450874009,0.001611785224301532,0.0015948291610184857,0.001777384951885895,1.262131888560241e-10,,,
trajectory_noise,6,102.0,0.9958904396417341,0.3717435422054335,0.030394632074157935,19.488601456924943,0.0059234887092313206,0.9906900323156236,0.0060223193977636535,5.677129598749278e-05,0.053311398383081875,0.9447463455661913,0.05196600614719593,0.0020939043695874728,0.0006070161300682588,0.0006068660263705603,0.0015340800376350877,0.0015288196331664473,0.0016467067582920391,1.236989268902324e-10,,,
trajectory_noise,7,102.0,0.9952338401136447,0.3759943005079821,0.03039517411165683,19.604667491262177,0.005958872817980525,0.9902006570575892,0.005986415033326531,6.017175033466371e-05,0.05362985536182471,0.9441655751778107,0.05202149691310498,0.0021403004258369737,0.0006006629031104085,0.0006012452488484197,0.0015820961966967922,0.001529195632488572,0.00164567269538424,1.4145209330010123e-10,,,
trajectory_noise,8,100.0,0.993179793266949,0.3573746470535296,0.029798747296862195,19.38025483109818,0.005775073162606875,0.9886496549616499,0.005894179651909304,7.4834744750402e-05,0.05197565846346187,0.9440166929032913,0.05052714171026795,0.0021731912661178336,0.0005887794394393111,0.0005887274470852663,0.0015598264705007448,0.0014567248474949724,0.0015810147951554959,1.6293108518783054e-10,,,
trajectory_noise,9,98.0,0.9911378509807725,0.3956057854332443,0.02920251959731212,19.07573375042471,0.00557059488679886,0.9873050991690782,0.0056051816155398,8.704428987923681e-05,0.05013535398118973,0.9444663273997185,0.048443953384899485,0.00215006265317302,0.0005702249815010914,0.0005702677589182742,0.001496169108387306,0.0014143192748357237,0.001519613612175839,1.5098062614506806e-10,,,
trajectory_noise,10,98.0,0.9913662118693796,0.36357368660724276,0.0292029202369183,19.154721437535603,0.005593738023007414,0.9874945901556341,0.005598379339869508,8.747807803053404e-05,0.05034364220706671,0.9445819908409018,0.048510978654601855,0.0021627548187426624,0.0005672489764835504,0.000567464183830707,0.0014888371256844596,0.0014502937300062703,0.0015198938361908729,1.7081155426877583e-10,,,
trajectory_noise,11,98.0,0.9907799387396189,0.353693159621321,0.029203589383825664,19.180380153483043,0.00560135946227998,0.9870393321256465,0.005584618866048441,9.240730426203658e-05,0.050412235160519805,0.9442349140896618,0.04838903690203322,0.002193884961585746,0.0005677598843282231,0.0005680003557420015,0.0015054099608893643,0.0014404154205610797,0.0015197736751421523,1.6561715929548364e-10,,,
trajectory_noise,12,96.0,0.986160437322681,0.3988853408126698,0.028607929622288957,18.94133385656664,0.005418723459209376,0.9834987848804687,0.005429564977676216,0.00012096818819547367,0.04876851113288437,0.9423496810874511,0.04657866877069383,0.0023293133884415692,0.0005545918474323476,0.0005545223443199081,0.0014572434681756022,0.001394122834623979,0.001458242807571028,1.5708651096050994e-10,,,
trajectory_noise,13,98.0,0.9801571948408684,0.3955666314052813,0.02920392709855261,19.26712871355707,0.005626758223491506,0.9786113734684028,0.005514382404292029,0.0001700768767960391,0.050640824011423544,0.9364884730953079,0.04763728277738688,0.0027597351231012945,0.0005783144978054646,0.0005778551642131528,0.0015286192387289062,0.0014236816429688398,0.0015182875067249002,1.7305024164868573e-10,,,
trajectory_noise,14,96.0,0.986850040888118,0.38012209715906076,0.02860811051632084,18.925388411086704,0.0054141960322866625,0.9840439508951728,0.005436081815321625,0.00011152280475320282,0.04872776429057995,0.9428568468659204,0.04662318584457403,0.0022569736118364866,0.0005509853124726639,0.0005508449963732825,0.0014903234969997636,0.0013647327739842565,0.0014573092891353185,1.6332137747391056e-10,,,
trajectory_noise,15,96.0,0.9863898991476757,0.37351102721944307,0.028607324506143002,18.878504591158457,0.005400635070299806,0.9837336440220238,0.005378275296116897,0.00012014780874345992,0.04860571563269824,0.9426921269023316,0.04641979241580907,0.0023087860429242637,0.0005518169448257039,0.0005518121753687092,0.0014637678065940612,0.001375284123948105,0.0014579538476515597,1.7191166765365577e-10,,,
trajectory_noise,16,96.0,0.9845445614940316,0.38573847221031643,0.028607636984346624,18.85162868238231,0.005393005499092899,0.9822153000543968,0.005420349140828451,0.00012966321568456013,0.04853704949183608,0.9412528269191098,0.046382822276115454,0.0023952799539188785,0.0005518456170438139,0.0005514418519011716,0.001453575918873581,0.0013784148608166674,0.0014577270794355268,1.7102213724587135e-10,,,
trajectory_noise,17,98.0,0.9808417165868191,0.38266576564076227,0.02920412985096204,19.13721726216593,0.005588857779103662,0.9791215473445003,0.005551825924954956,0.00016203750750638188,0.05029972001193295,0.9371387883591664,0.047534584910288835,0.002702480368492884,0.0005777003071880886,0.0005776785297335515,0.0015182175208190657,0.0013959994185329839,0.0015192618054605822,1.9736938948748906e-10,,,
trajectory_noise,18,96.0,0.9812247688009351,0.3930360818001401,0.028608471125174974,18.85091921160454,0.005392959779481949,0.979638154198857,0.005341660841891027,0.00014920944088537102,0.04853663801533752,0.9391139706575661,0.045865844383181975,0.0025104068427530767,0.0005555479789369493,0.0005555726863215497,0.001493968760408603,0.001331209142995956,0.0014566610134325694,1.9738632101339473e-10,,,
trajectory_noise,19,96.0,0.9810057504940581,0.38696355786948416,0.028608477066353572,18.82614304679845,0.005385872816022253,0.9794854774058297,0.005319122989416836,0.00015106903298594727,0.04847285534420027,0.9390491422416464,0.04575545815360016,0.002524009812413364,0.0005539021083173107,0.0005540796183049077,0.0014932617239988176,0.0013280584809720632,0.00145657067353021,2.108989438303991e-10,,,
trajectory_noise,20,96.0,0.9819191771658266,0.37852718614497294,0.028608796211336135,18.83023983060978,0.005387104939245,0.9802115808961649,0.005323760836496216,0.0001462416218093007,0.04848394445320499,0.9397606678595201,0.04577467387314105,0.0024800352141414396,0.0005541666475938709,0.0005541357244637204,0.0014910146514810524,0.0013304679066038117,0.001457319804417645,2.0468489929121977e-10,,,
trajectory_noise,21,96.0,0.9819336625883874,0.3908304076788605,0.028608784941368003,18.839807890819554,0.005389840122851446,0.9801945980416935,0.005352332029016416,0.00014676753236220335,0.048508561105663,0.9396712541467591,0.04587567592395081,0.002490137904066296,0.0005553240934953416,0.000555355465136026,0.001491561708674842,0.0013300958908423182,0.0014575027552843074,2.0941861145923265e-10,,,
trajectory_noise,22,98.0,0.981046083777852,0.38194565773657174,0.02920448516967996,19.075822213601118,0.0055709956693656545,0.979347274929675,0.005489592092606466,0.00016140810914282345,0.050138961024290885,0.9375910996422722,0.047245767380009296,0.0026781389924723596,0.0005768098220239742,0.000576995463105576,0.0015304655617997146,0.0013678880183254688,0.0015188365524542117,2.5165671029940026e-10,,,
trajectory_noise,23,96.0,0.9797325755326876,0.3896340348473577,0.028608341897599077,18.80694220273482,0.0053803543258422295,0.9784831678896833,0.005302892536466763,0.0001576665090583055,0.048423188932580054,0.938155434488435,0.04563062593771505,0.002566079588808129,0.0005542594913526708,0.0005543047628128404,0.001502970539591713,0.001312448612193283,0.0014563707128430353,2.0704868748443628e-10,,,
trajectory_noise,24,96.0,0.9828952577706854,0.37664014617183394,0.028608343098018175,18.82153964280008,0.0053845306373417525,0.980942171562687,0.005374034653861215,0.00013786923497072456,0.04846077573607576,0.9402819109774736,0.04603429523907465,0.0024380762059218303,0.0005519380740541325,0.0005516764594994407,0.0014849705700486937,0.0013388318268672686,0.0014571135035300442,2.0334217210377377e-10,,,
trajectory_noise,25,180.0,0.9622784024949177,0.8457558444570392,0.053637643959929,35.71774541028693,0.01915815711368359,0.9509538591264869,0.018868862869447334,0.0010425278421209612,0.17242341402315225,0.8202904368003541,0.14953228519558015,0.017516441446302232,0.0020224342276760816,0.002018061874603682,0.005203242033740607,0.004818479329365023,0.005095938062500532,1.5857976639599053e-09,,,
trajectory_noise,26,94.0,0.9851112821049898,0.39587900791997466,0.028012016218700635,18.562073801955975,0.00519961112393109,0.9829174911482245,0.005171534535767464,0.00011811269431947848,0.0467965001153798,0.9434907157370462,0.04459830994694569,0.0022054108780108104,0.0005292188281289962,0.0005293138177656662,0.0014399002420834666,0.0013041642455073673,0.0013970137036541594,2.8679143480437063e-10,,,
trajectory_noise,27,96.0,0.9806915242452825,0.3893256717542899,0.028608981463897103,18.850023216583526,0.005392799647972683,0.9792126012052119,0.005340618191014057,0.00015561727555947418,0.048535196831754134,0.9387922535569295,0.04576096583929645,0.0025540357349846518,0.0005548096124819034,0.0005548965461522027,0.0014591826210292706,0.0013661598874193557,0.001457750739044201,2.418457486064895e-10,,,
trajectory_noise,28,96.0,0.9834952460435645,0.3962780764190117,0.02860880991079555,18.87323950564626,0.005399409214179509,0.9814569850755843,0.005339211759267437,0.00013547601029703565,0.04859468292761557,0.940805237247522,0.045990959587329794,0.002411708676498673,0.0005535265818175027,0.0005535876267277552,0.0014722726708169642,0.001362636384522376,0.0014573857061792048,2.4411570671565446e-10,,,
trajectory_noise,29,98.0,0.9827555488834223,0.38930171580116957,0.029205401370413733,19.265100929474897,0.005626450050868451,0.9806814713593957,0.005522967747342178,0.00014266771259463423,0.050638050457816046,0.9385314275203334,0.04767301158640447,0.002543000715853104,0.0005748782816417404,0.0005746252905245814,0.0015534554936220857,0.0014053514356505428,0.001518139294287131,2.5514236983400653e-10,,,
trajectory_noise,30,96.0,0.9846521597430753,0.39442634091918055,0.02860855946645045,18.97511494383064,0.005428507042533116,0.9823340674223878,0.005387660372072389,0.00012845624620368325,0.048856563382798035,0.9413483414313012,0.04637338636315902,0.002371589468632841,0.0005538818345293657,0.0005538761569290826,0.001495022407554095,0.0013682853871669323,0.0014574410082636587,2.48089981904483e-10,,,
trajectory_noise,31,104.0,0.9797469142797072,0.39660314143131453,0.030995479641775816,20.441666606017215,0.006335992611307752,0.9776138004824192,0.006183730941346499,0.0001825189737146257,0.057023933501769763,0.9308594596221755,0.05293807180159016,0.003152026810661602,0.0006469998533582241,0.0006470011762468428,0.0017371777369780126,0.0015959274752413164,0.0017088860451755616,3.243077955952445e-10,,,
trajectory_noise,32,98.0,0.9829419996700955,0.390973414111316,0.029206650234523828,19.384655210720805,0.005661608446563624,0.9807890443011364,0.005564555434939944,0.0001383906520651655,0.0509544760190726,0.9385047700313924,0.04784882970468396,0.002527847285982201,0.0005753793326999029,0.0005753405775881071,0.0015522902351044864,0.0014401593917168875,0.0015184386453977567,2.6405648331950754e-10,,,
trajectory_noise,33,96.0,0.981786329307969,0.3944150982960592,0.02860968418358142,18.99382994586213,0.005434074761877671,0.9800943680149011,0.005334695431474024,0.00014771319335073606,0.04890667285689902,0.9394743027751854,0.045954760671189754,0.00250068364976455,0.000554991888890626,0.0005549656079255093,0.0014807354199424818,0.0013855262396118377,0.0014578553720276818,2.334795338219223e-10,,,
trajectory_noise,34,100.0,0.9800813138116209,0.39511129750246843,0.029802356205344712,19.605213926173192,0.005842815689097983,0.9783520270678998,0.0057130239813969474,0.00017048857868410365,0.05258534120188184,0.9349678861654706,0.049097164883826205,0.002842298845032353,0.0006006497046104976,0.0006005872462532147,0.001602735343160066,0.0014585069717009671,0.0015803361405601114,2.8281312673007564e-10,,,
trajectory_noise,35,96.0,0.9863509908449176,0.3755908498639849,0.028609300310439175,18.88853396792658,0.005403877407123429,0.9836960304027208,0.005384762273213162,0.0001147832761024888,0.048634896664110853,0.9428211178549064,0.04625967482102755,0.0022550582415635746,0.0005507483827467722,0.000550813427950957,0.0014767915868146733,0.001367563713098724,0.0014579600268407838,2.6967151970841264e-10,,,
trajectory_noise,36,180.0,0.9842337308194549,0.9059225579848268,0.05363192651779571,36.831184258786664,0.019753273677306407,0.9670772082010742,0.020309776454489614,0.0005032017222197586,0.17777946309575762,0.8260364217640712,0.16135056289149263,0.01595692742252685,0.0019635690794512508,0.0019647699875299093,0.005535077718005737,0.005182714879820551,0.005107139282113995,2.730384963752662e-09,,,
trajectory_noise,37,98.0,0.982936884799422,0.38995077824053903,0.029205687185578713,19.180699744854966,0.005601855167487437,0.9808109739514907,0.005538533888046815,0.00014416740050845336,0.05041669650738692,0.9388117876340114,0.04753772020552616,0.002554768154806432,0.0005769268142786102,0.0005770326275150489,0.0015174157602911786,0.001410643777215853,0.001519835848835517,3.393512308762466e-10,,,
trajectory_noise,38,96.0,0.9858656723640689,0.3835785751762708,0.028608788919534472,18.79464283338604,0.0053769196963838264,0.9833540856562557,0.005338452234999402,0.00012079622983804616,0.048392277267454424,0.9426866575254834,0.04600588036577169,0.002282432237698113,0.0005519888859326704,0.0005518620877833128,0.0014641366342958329,0.001350771799268195,0.0014581600112709662,2.778328486914637e-10,,,
trajectory_noise,39,96.0,0.9865541488580165,0.3712688479973937,0.02860813988126544,18.74046583569185,0.005361298680675486,0.9838951232151718,0.005348195871241357,0.00011784285331115004,0.04825168812607936,0.9432014600831629,0.04604185900325031,0.0022697744406831736,0.0005514208175011128,0.0005514140722014478,0.0014386997345756144,0.001361344057217172,0.001458419733100544,2.660795953552784e-10,,,
trajectory_noise,40,96.0,0.985081615803764,0.3772421614929955,0.028607943953325724,18.797361254909895,0.005377538572508789,0.9827025414894969,0.005362751153514367,0.00012784009005902566,0.04839784715257909,0.9419568223065454,0.04610847033646581,0.0023602690680028402,0.0005522860436028661,0.0005523261945632967,0.0014408527765687798,0.001373845836290623,0.0014582274652408,2.562424232061066e-10,,,
trajectory_noise,41,96.0,0.9833870514474243,0.38840388717762925,0.02860800549802722,18.808052947158213,0.005380608821194894,0.9813738569718723,0.005335784186067172,0.00014072905541859137,0.04842547939075403,0.9407713754204771,0.0459382657374624,0.0024491543049232696,0.0005546818340357022,0.000554730905973573,0.001442131727480933,0.0013708606748894924,0.0014582034207212228,2.580939693062661e-10,,,
trajectory_noise,42,98.0,0.9842608644595569,0.38302562783024297,0.029203868254688695,19.083992034171114,0.005573263891394619,0.9818725256257729,0.005536165941872562,0.00014147700783191054,0.05015937502255156,0.9397656310047141,0.04764306056293133,0.0025455677305816684,0.0005768942499466486,0.0005769153158717568,0.0014688767537382812,0.0014311479368423693,0.0015194293317122803,3.0328328175345616e-10,,,
trajectory_noise,43,100.0,0.9824763145288241,0.38570449012552055,0.02980099838049343,19.518205689712012,0.005816620161492454,0.9801988320854413,0.0057822195376178165,0.0001593393270564577,0.052349581453432076,0.9365458775050763,0.049435174117982816,0.0027835078371492568,0.0006008347783126334,0.0006009261666980399,0.0015279087467797267,0.001505657870490477,0.001581292271801797,3.274097808623889e-10,,,
trajectory_noise,44,96.0,0.9829296049678747,0.39513123567270336,0.028608337030785764,18.88792847294318,0.005403522235673332,0.9809883051741703,0.005355378800129484,0.00014441355095530205,0.04863170012105998,0.9402966415689828,0.046047042405316985,0.0024842195493617637,0.0005557808207465773,0.0005557659372417128,0.0014201049436080014,0.001413642565394522,0.0014582277304966932,2.381858250946847e-10,,,
trajectory_noise,45,98.0,0.9811895119196224,0.3920793773514921,0.029204482693610256,19.219349108022246,0.005612911484076896,0.979393514672472,0.005558094863225782,0.00016371943864297456,0.05051620335669205,0.9372976856353249,0.04765392390037293,0.002719902674884313,0.0005791798150663406,0.000579181517222334,0.0014787990977569207,0.0014558848591712168,0.0015198659090098394,2.8585024471382266e-10,,,
trajectory_noise,46,96.0,0.9822451907737092,0.39657045948109126,0.028608375479264557,18.876800700264855,0.005400346022804212,0.9804360746656104,0.005360077953356801,0.00014863863534752346,0.0486031142052379,0.9397889052648726,0.04600724735409467,0.002511787594112888,0.0005561061973205546,0.0005561106745769198,0.001429686442298901,0.0014002143160425167,0.0014582281410675164,2.5149780419166257e-10,,,
trajectory_noise,47,98.0,0.9841331224443666,0.3832523347976745,0.029205058782997746,19.160358359442935,0.005595793921908333,0.981749105707725,0.0055573922477683,0.00013911208662152304,0.05036214529717498,0.9396184361750934,0.04768806178039986,0.002526942049057653,0.0005770136607401548,0.0005769925129677641,0.0014847508303492817,0.0014371687329490066,0.001519867852442269,3.3245985661990443e-10,,,
trajectory_noise,48,98.0,0.9829994749595768,0.39936593917607266,0.02920505287271474,19.14066039185111,0.005590039987626885,0.9808500781712842,0.005549501796377365,0.0001464892644719301,0.05031035988864196,0.9388168580870996,0.04758272188056201,0.0025824172923747074,0.0005784839827382167,0.0005782542764664718,0.0014861179480416045,0.0014276653699038951,0.0015195180757807015,3.346959965917295e-10,,,
trajectory_noise,49,180.0,0.9743040758417566,1.1263109484701688,0.053629153943679765,37.76833287093866,0.020254837377317102,0.9586424111220421,0.020800849551363076,0.0006853640648584285,0.18229353639585388,0.8146166949307891,0.164826565742616,0.01726312051351308,0.0019184778577602305,0.0019193286863113345,0.005843439291473086,0.005459360547438997,0.005114228618407079,2.375926376082383e-09,,,
trajectory_noise,50,102.0,0.9825408171994217,0.39714119463860886,0.030398248009329127,19.93599484644506,0.006060193156549444,0.9800674815308987,0.005965172228638571,0.0001614919463418723,0.05454173840894498,0.9348813116434682,0.05115134211606909,0.0028862145920381136,0.0006261580729598988,0.0006260635310915494,0.001620606099273322,0.0015411939212337886,0.0016461711559412606,3.7604962480087244e-10,,,
trajectory_noise,51,106.0,0.9814366334136914,0.3972405468675244,0.031591513776907304,20.704185308267288,0.0065407655540576795,0.9787556216398358,0.006393685091117263,0.00018359551446016763,0.0588668899865191,0.9304197507145231,0.054729556016429926,0.003262754425677095,0.0006750895655088908,0.0006750405994555323,0.0017556645590555307,0.0016577750641940607,0.0017771953785611896,3.872824752026645e-10,,,
trajectory_noise,52,180.0,0.9787747867254443,1.1238829594909543,0.05363185400856187,37.74185423070236,0.020241656161134526,0.9621868644332597,0.020832964947095745,0.0006597824271281441,0.1821749054502107,0.8180615894552424,0.16495823992511305,0.016988928163358445,0.0019091041266495758,0.0019084769967569206,0.0058726279676450666,0.005431783868949602,0.00511966036145989,2.8396734716582477e-09,,,
trajectory_noise,53,180.0,0.9817121484588733,1.0789673056915146,0.05363289733378334,37.88205890789284,0.020317245761993497,0.9645287946145119,0.02084092415258676,0.0006153921856906671,0.18285521185794143,0.8199908707113565,0.1653788480557422,0.016817905360554095,0.0019075083484483973,0.0019070369688971374,0.005904096439013372,0.00547951861329542,0.005119082182499242,3.2098399259317864e-09,,,
trajectory_noise,54,180.0,0.9830454242783472,1.0398550726106581,0.05363383347839273,37.796054164094926,0.020271472751773798,0.9657154607054187,0.02072087871725914,0.0006053672097682084,0.18244325476596412,0.8216190359840496,0.16481730343862822,0.016675148854557093,0.0019053153807458611,0.0019053910580740913,0.005856544507409555,0.005484995859198929,0.005119222521579569,3.4247657926268882e-09,,,
trajectory_noise,55,180.0,0.98322765582083,1.0409917345855326,0.0536341006564035,37.78997403563775,0.020268312712302703,0.9659062433269596,0.020675881329704326,0.0006031139080842244,0.18241481441072427,0.8219230618252883,0.16465906283137566,0.01663290491860582,0.0019092642579876741,0.0019098291637067398,0.005812390154177838,0.005517815980855082,0.005119009982289802,3.1732855660371057e-09,,,
trajectory_noise,56,100.0,0.9838598445582979,0.390781123110031,0.029801224451789794,19.54606642976821,0.005824967128231161,0.981321530775265,0.005766344871373286,0.00015014325331542193,0.05242470415408044,0.9375920264739491,0.04949584917268912,0.0027099535619022515,0.0006024840850012466,0.0006024839427118899,0.0015399225332753416,0.001498376994514207,0.0015816991937569697,3.7897150605830544e-10,,,
trajectory_noise,57,106.0,0.9815128679794988,0.3932912580149345,0.0315907962457109,20.707255192264437,0.00654158679586765,0.9787927071086369,0.006417587274962222,0.00018610443471283315,0.058874281162808836,0.930325267901041,0.05488502648255811,0.003296398706426334,0.0006754121713956766,0.0006754149786531323,0.0017216853717045813,0.0016924021814257648,0.001776671705918345,3.8677014950663375e-10,,,
trajectory_noise,58,104.0,0.9823682555722321,0.39183641979670175,0.030994166646575363,20.276307719264775,0.006284472604281349,0.9796990824487413,0.006195522009044274,0.00017127218487993301,0.05656025343853213,0.9328755101481429,0.05301909430964269,0.0030757814296480993,0.0006505609355735923,0.0006505487287960493,0.0016459174611393285,0.0016275529113391654,0.0017098921329877926,4.344454212377135e-10,,,
trajectory_noise,59,104.0,0.9826401413989622,0.394378741457429,0.030994387873945577,20.252110867917008,0.006277017795063684,0.9799484125065812,0.006163700612588641,0.0001670306422044573,0.056493160155573145,0.9332231087138588,0.05288900440531097,0.003031480321565373,0.000650537264901284,0.000650593413688373,0.0016306318181653148,0.0016356931439856013,0.001709561727888467,4.264346447934153e-10,,,
trajectory_noise,60,126.0,0.9833913021229689,0.39936666863845854,0.037551916278420805,24.99454944010014,0.009385932279914903,0.9775411061497721,0.009171935548603072,0.00025598235691585584,0.08447339051923411,0.9091773287929026,0.07753571290547256,0.005410706871352546,0.0009459378716786655,0.0009458866233489486,0.002538005098578215,0.0024468135975102053,0.002509288395146849,6.936520197961183e-10,,,
trajectory_noise,61,104.0,0.9840666856220094,0.3908656853414431,0.030994627546345004,20.31097486523552,0.006295311010511499,0.9810703468078511,0.006183001689756273,0.0001578094042009789,0.056657799094603487,0.9341563159531606,0.053097032544446754,0.002968205259846206,0.0006500870519886779,0.0006501011673838554,0.001677052208660273,0.001607149296655213,0.0017109209060317584,3.7979172133340424e-10,,,
trajectory_noise,62,104.0,0.9832487863426533,0.39322567739704906,0.030993519711535366,20.228466560122353,0.006269513770652863,0.9803965146576992,0.006202514416423499,0.00016775869844888632,0.05642562393587575,0.9335154371027011,0.05308359197142154,0.003049131529462352,0.0006518690043717886,0.0006519118081528469,0.0016545892004957506,0.0016003481524021436,0.0017107952026603457,4.02569987877342e-10,,,
trajectory_noise,63,102.0,0.9839637036538967,0.3998123292402905,0.030396529078023787,19.879710009682608,0.00604274183371998,0.98116929245121,0.006001670471907361,0.0001576049246915366,0.054384676503479806,0.9357248651265984,0.051446097796518986,0.0028830959532809507,0.000627929710441647,0.0006278741576350331,0.0015752390986251458,0.0015657965357787785,0.0016459019933486294,3.378907452342122e-10,,,
trajectory_noise,64,104.0,0.9865295925372305,0.3878877308061752,0.03099240719293941,20.199275618084428,0.006260241749580856,0.9830232596371007,0.006200414392683595,0.00014382618935022937,0.05634217574622769,0.9358116494285188,0.053412024601265484,0.0028851212160640695,0.0006477050988790422,0.0006480376368120379,0.0016505365263539255,0.0016035255851626598,0.0017104364765150389,4.258581524435628e-10,,,
trajectory_noise,65,106.0,0.984092352801242,0.3889651358275029,0.031588487627053075,20.511585952981054,0.0064792997908697785,0.9808419397894564,0.006431942451537109,0.00017021832159212804,0.05831369811782799,0.9322041611038394,0.05506972113715414,0.0031907284296037765,0.0006758081873050813,0.000675733537237694,0.001700629999587937,0.001650219169539833,0.0017769085157009626,3.8149826953052276e-10,,,
trajectory_noise,66,108.0,0.9810012780667116,0.39996464908153134,0.032185246873655274,21.01600077472835,0.006764051732315626,0.9781476860329592,0.006653336420409994,0.00020563377239874475,0.06087646559084062,0.9278970881452402,0.05690393430812901,0.0035691007589538663,0.0007036657602255488,0.000703762934942502,0.0018055772787767613,0.0017062363919997687,0.0018448089739341723,3.924368731290321e-10,,,
trajectory_noise,67,106.0,0.9826806605048358,0.39409333721983825,0.031590735358637545,20.6841383459972,0.006534271406098447,0.9797254470819065,0.006419081321962339,0.00017654353295093936,0.058808442654886,0.9311898057270774,0.05495472267679136,0.0032252728198571747,0.000676337643543382,0.0006763015055787193,0.0017548833240356781,0.0016501778240800467,0.0017765707944368118,3.1442380802908735e-10,,,
trajectory_noise,68,104.0,0.9823709067830293,0.39442240051545874,0.03099404082281933,20.263479070279633,0.006280470975165922,0.9797031416898292,0.006193583736594288,0.00017324801718954016,0.056524238776493284,0.9328901258981205,0.053006599528303,0.0030847191298855065,0.0006522116401227647,0.000652188882524381,0.001670643258508231,0.0015948206468470152,0.0017106062399412853,3.0722224442539384e-10,,,
trajectory_noise,69,102.0,0.9840696701948509,0.39269424987235235,0.03039730824824223,19.807398285921316,0.006020915912928552,0.9812807839240616,0.005974952231819208,0.00015324456916904184,0.05418824321635695,0.9360705078818274,0.05118522827405336,0.0028253115600596116,0.000626879320079396,0.0006268390862934398,0.0015993691732426518,0.0015218000160680755,0.001646028037382456,2.7986253157333527e-10,,,
trajectory_noise,70,110.0,0.9817954723541354,0.3970769011887803,0.0327826470319169,21.40115932280342,0.007015866521532823,0.978512048858509,0.006924329024799336,0.00019752430019085243,0.0631427986937954,0.9265028590733848,0.05893351880992348,0.003635293386805186,0.0007266874423748719,0.0007263825728589235,0.001886186534679844,0.001764570338302777,0.001912039240339919,3.929764879187071e-10,,,
trajectory_noise,71,108.0,0.9823717512527832,0.3978517432587123,0.03218662881958608,20.885099009262476,0.006722209296714365,0.9792716297487848,0.00662577125344177,0.00018337093620798196,0.060499883670429265,0.9293255175215706,0.056571883480656004,0.003368257880569687,0.0007019487746542101,0.000701940154556234,0.001795354352823548,0.0016787945203250451,0.0018441711296419883,3.647133385414047e-10,,,
trajectory_noise,72,104.0,0.9837948935254934,0.39086905408008404,0.030993434996011444,20.059859048349765,0.006217239374441805,0.9808925402116951,0.0061433746086996255,0.00016110271735568504,0.05595515436997624,0.9343155928523543,0.05272032196804044,0.0029712115463289015,0.0006507118739206815,0.0006508815716901001,0.0016452782362695354,0.0015601196673946372,0.0017102477048964032,3.2027044769754955e-10,,,
trajectory_noise,73,104.0,0.9828998003343737,0.3908143703106496,0.03099253805575498,20.063986081879495,0.006218338521927887,0.9801640999325052,0.006155740334993665,0.00016939968694969579,0.055965046697350966,0.9335099629005408,0.05280987736695808,0.0030402551651517065,0.000651395065702865,0.000651460692809145,0.0016391237118167524,0.0015661802806202951,0.001710178472825226,2.981536032682913e-10,,,
trajectory_noise,74,108.0,0.9824914172862959,0.3926122477203152,0.03218343164736775,20.74234266672322,0.006675597674207666,0.9793016270398305,0.006691506789206159,0.0001871764354321344,0.060080379067868984,0.9290547925510051,0.056938341278031546,0.0034279733317977823,0.0007023355551510801,0.0007023740551768294,0.0017573724280941312,0.0016692424995931494,0.0018442727780137115,3.5817876489405773e-10,,,
trajectory_noise,75,106.0,0.984612537126319,0.387160440417219,0.03158724173801695,20.330601871722166,0.00642187636001468,0.9812486697960837,0.006441359904971522,0.000162848792927558,0.05779688724013211,0.9326694161653313,0.05502061353572396,0.0031222964108874886,0.0006756598525472264,0.0006756658155437975,0.0016887567959292587,0.001605226189936207,0.0017765673932794023,3.1277878855199347e-10,,,
trajectory_noise,76,104.0,0.9841504579713045,0.3935153303092692,0.03099144876192333,20.036832785728038,0.0062097047663011605,0.9811304758126947,0.006189890564348821,0.00015622852165212358,0.055887342896710435,0.9342092501716515,0.053111116205392106,0.0029554982539780443,0.0006497205456738964,0.0006498006820273848,0.0016563154145682849,0.0015444968557779338,0.0017093709964711855,2.717824751347467e-10,,,
trajectory_noise,77,104.0,0.9856900741810883,0.3965930148791227,0.03099139740760107,20.11385286742689,0.006233564076124432,0.9822954607556926,0.006256598589178042,0.00014408757705026406,0.05610207668511987,0.9350298926517395,0.053522166693131146,0.002894691419725192,0.0006497569434173811,0.000649734904893954,0.0016495188658365715,0.0015746611380430316,0.0017098919212562313,3.026772623654535e-10,,,
trajectory_noise,78,108.0,0.9832044627336103,0.39273071285190386,0.03218458794954041,20.97231012286784,0.006749851596544768,0.9798591903239174,0.0067043798629707885,0.00017956550293403515,0.0607486643689029,0.9293027464062433,0.0572608237806449,0.0033871024583536774,0.000701296485192987,0.0007013040440758962,0.001819345578533242,0.0016841893363184976,0.0018437158492710737,3.0315307202324563e-10,,,
trajectory_noise,79,100.0,0.9872209555085009,0.39177051189028694,0.02980009558856353,19.449088502243885,0.005795846964772998,0.9839755265996922,0.005801237807108506,0.0001214394125997722,0.052162622682956974,0.9399536498668329,0.049823114539967794,0.002500099762559456,0.0005996855505008757,0.0005997139160759905,0.0015647587224874124,0.0014507745223872332,0.0015809139885246946,2.647967909523686e-10,,,
trajectory_noise,80,102.0,0.984197787837453,0.3924703199432046,0.030396484439227,19.81949260199233,0.0060244289846983455,0.9813403876999972,0.006017842569965182,0.00015151545456179707,0.0542198608622851,0.9359127523063634,0.051445477963598996,0.0028282082689749404,0.0006263985920622958,0.0006263717000459444,0.001607912470627725,0.001518282264611079,0.0016454637211629243,2.3618837792437565e-10,,,
trajectory_noise,81,102.0,0.9851052298446324,0.39319723854802546,0.03039711457722341,19.762279156652188,0.006007162638318308,0.9820952007681406,0.00598898310756546,0.00014094384655275247,0.05406446374486475,0.9368083253537431,0.051275858521962925,0.0027325806455069383,0.0006252277834437301,0.0006251499954622158,0.0016131177131874792,0.0014989288980021443,0.0016447380178893857,2.303333525525602e-10,,,
trajectory_noise,82,106.0,0.9848744623784971,0.38735700931157047,0.03158786184469376,20.54126372682528,0.006488546007183764,0.9814084951457775,0.006491074757020154,0.00016062491285038784,0.05839691406465387,0.9324471647828375,0.05545240511996019,0.003130486399359576,0.0006761774891454196,0.0006761295771085085,0.0017413051074874303,0.0016191670988151005,0.0017757664936679108,2.4095939428788725e-10,,,
trajectory_noise,83,106.0,0.9860060855452573,0.3971002285506213,0.031587149560636726,20.56466438311985,0.00649579129533906,0.9822902573537183,0.00651461108248752,0.00015085445547960796,0.058462121658051536,0.9330570816530607,0.05574778678314518,0.0030718932739329167,0.0006759060239722092,0.0006757695272472546,0.001751754297580133,0.0016170435332003243,0.0017753176713330883,2.4200605189604676e-10,,,
trajectory_noise,84,108.0,0.9848890007475934,0.39567300897765767,0.032184446609699026,20.91159574016349,0.006730281366229016,0.9811867344398909,0.006724466158183895,0.00016777312222089675,0.06057253229606113,0.9305603464798804,0.057350854118194405,0.0032998242362465885,0.000703079289416995,0.0007030655123194308,0.001792803639719792,0.0016873045604315488,0.0018440281070750196,2.5726622992467837e-10,,,
trajectory_noise,85,106.0,0.9867368385507725,0.3915801182888201,0.03158724950732264,20.456335007973955,0.006461593579022523,0.982882152094971,0.006507318745646917,0.0001467967285470414,0.0581543422112027,0.9338289305065486,0.05556054033406932,0.0030349659426748303,0.00067566165960157,0.0006756601454184834,0.001698333825956233,0.001635282477098831,0.0017766552256543544,2.452930514399708e-10,,,
trajectory_noise,86,106.0,0.9847156297868954,0.39078666003559254,0.03158744458257656,20.451225416492345,0.006460019494892334,0.9813106524617817,0.0064618513677346945,0.00016531865964841336,0.058140175454030996,0.9325267887732485,0.05524571505626796,0.0031571388954059884,0.0006769914976838753,0.0006769549930460436,0.001675525723353861,0.0016534883720682304,0.00177705866751092,2.412294026887414e-10,,,
trajectory_noise,87,108.0,0.9846521778380817,0.39590999227938595,0.03218535793776089,20.867080723528854,0.006716144622029268,0.9810618910927674,0.006659851177697962,0.00016994591830001327,0.0604453015982634,0.9307660468728066,0.05695569539765877,0.0032844483546278394,0.000702885608744894,0.0007027775473168607,0.0017795909153369323,0.0016867332810467958,0.001844157036497441,2.3308634391875797e-10,,,
trajectory_noise,88,104.0,0.9887135247568831,0.3832837794933483,0.030992850819914604,20.0507714247857,0.0062143056759259,0.9847403305281563,0.0062304892773500375,0.0001221303417791717,0.05592875108333308,0.9376170295121053,0.05335379029340104,0.0026991644641172277,0.0006477842854596992,0.0006478058971237268,0.001628605452383172,0.001579373011852,0.0017107368089704041,2.2013689636135578e-10,,,
trajectory_noise,89,104.0,0.9853437883098601,0.38825958524148196,0.030992031221123432,20.14935574264158,0.006244694622614706,0.9820332234582339,0.00624180718965428,0.00015151557862434474,0.056202251603532344,0.934869084597074,0.05340594605081417,0.0029439406876743987,0.0006509608886610217,0.0006510102166813075,0.0016157679958459749,0.0016161852661638666,0.0017107700248113874,2.3045114863604353e-10,,,
trajectory_noise,90,106.0,0.9848526118965594,0.3943348053636603,0.03158919359484129,20.50474748003279,0.006477284377600901,0.9814352153248812,0.006446874192366225,0.0001594726921017662,0.05829555939840809,0.9327959877538827,0.0550861017633647,0.003098176142273691,0.0006765439328180496,0.0006766414821660012,0.0016920451211615826,0.0016549545546383515,0.0017770990690463766,2.1777053890950964e-10,,,
trajectory_noise,91,104.0,0.9878172317647098,0.3822430963111507,0.030992151280916896,20.03090578177633,0.00620800862282605,0.9840386617533067,0.006215123658461219,0.00013132925742295366,0.05587207760543444,0.9369590871752427,0.05329469823652522,0.0027686736153870292,0.0006485873132402448,0.0006485393418164772,0.0016237969372529834,0.0015762468975872993,0.0017108379165500247,2.1637902165860232e-10,,,
trajectory_noise,92,102.0,0.988437301255114,0.39063130847038186,0.03039630159793536,19.57550888171086,0.005950230719015458,0.9847925884888189,0.005957252515272238,0.00011858184956860371,0.05355207647113911,0.9395694362784883,0.05118040472560281,0.002543092513973623,0.0006232390763050678,0.0006232412248638768,0.0015612441961777126,0.0014964571652492417,0.001646048853546291,2.028732682785204e-10,,,
trajectory_noise,93,102.0,0.9889345255474296,0.383646619329718,0.030396403545271997,19.657882815834068,0.005975289389157602,0.9851638344002247,0.0059837860377189855,0.00011377053743686213,0.053777604502418405,0.9397362751339561,0.05141134530398761,0.002526148193899781,0.0006214546336693937,0.0006216176392272117,0.0015691766795104451,0.0015168015257586097,0.0016462386882304565,2.2276148611254067e-10,,,
trajectory_noise,94,102.0,0.9866688224573397,0.38930247467281187,0.03039685617638624,19.56288253309075,0.005946501267538981,0.9834095398805325,0.005925518085339254,0.0001293509550722509,0.05351851140785082,0.9384374525339509,0.05089760543192079,0.002616779055183598,0.0006234222993050188,0.0006236021169337618,0.001551536040684296,0.0015018844707879282,0.0016460561248788455,2.1494913172019988e-10,,,
trajectory_noise,95,102.0,0.9872624616423948,0.3934462120244774,0.03039646392332676,19.460878576221713,0.0059154189355836604,0.9838895723173675,0.005920396996548338,0.00012664372536584122,0.053238770420252934,0.939008950814379,0.05080101849953689,0.002586763815530439,0.000624195644152839,0.0006242435060502044,0.001552627297888619,0.0014684864273005775,0.0016458658399112769,2.2028014423214952e-10,,,
trajectory_noise,96,104.0,0.9862629701980029,0.3838972344715389,0.03099287529285273,19.874424367263117,0.006159655559318194,0.9828380630485108,0.006172313109891414,0.00014145908374274134,0.055436900033863735,0.9362760362893627,0.052734339869039526,0.0028145824576283674,0.0006492084346318967,0.0006492348019516348,0.001613462698563655,0.0015371364782994761,0.0017106128721638986,2.737076329369558e-10,,,
trajectory_noise,97,100.0,0.985057752155716,0.3983870863510215,0.029800744867642635,19.208552561800264,0.005724291741709131,0.9823415500349781,0.005704651689594664,0.00014025169377784277,0.051518625675382165,0.9391073680193941,0.04893883370517871,0.0025912087942353015,0.0006029813763521894,0.0006029922974704816,0.0014868133830426658,0.0014496820584634978,0.0015818223851811694,2.411991262652717e-10,,,
trajectory_noise,98,100.0,0.9843332405142533,0.3947159761364394,0.02980050238134479,19.172696239201574,0.00571355979933127,0.9817748802427534,0.005691712168649277,0.00014642230029794713,0.05142203819398141,0.9386381200414341,0.04882847236996857,0.0026300599249703457,0.0006030016287278243,0.0006029374807460378,0.0014780583937799932,0.0014478065486723422,0.0015817554980068948,2.4939817628218147e-10,,,
trajectory_noise,99,102.0,0.9854082828057124,0.3884252374398508,0.030397547658491238,19.573805250285126,0.005949956779535683,0.9823995653513329,0.005927060893236913,0.00013907972270705654,0.053549611015821126,0.9375587424877292,0.050767883756840604,0.0026713554763839716,0.0006239201326631869,0.0006239856197009755,0.0015655125019463437,0.001491022695931159,0.0016455155409140804,2.8837993674057284e-10,,,
trajectory_noise,100,100.0,0.9860794965756933,0.395539454977412,0.029800435812913497,19.084243058668914,0.00568718760307903,0.9831571461766258,0.005706451083928754,0.00013161714596199428,0.05118468842771126,0.940004537140096,0.048859060120458486,0.002512017154410362,0.0006014652302511384,0.0006015847825415539,0.0014837393236673902,0.0014188123848485465,0.001581585585989499,2.9578090215677327e-10,,,
adam_none,1,70.0,0.999385245499656,0.12562771028198852,0.020853963638680206,12.339409324527791,0.002573255933764941,0.9968728748492399,0.002635321550484848,5.2101719413558685e-06,0.02315930340388446,0.9761830254639662,0.023325170935758588,0.0003931599685794842,0.00026714064968936613,0.0002671406496816294,0.0006274006902808476,0.0006340296837240082,0.0007775438739779876,3.864111013079067e-10,0.979155947995127,0.020352248404597817,8.472585872728072e-05
adam_none,1,100.0,0.9997228265840965,0.17025645473578016,0.02979789865195772,14.881442410109225,0.004434357127313802,0.995255552530316,0.004522708736961256,1.528573100595085e-05,0.039909214145824205,0.9602302352523461,0.039548026014931126,0.0011008986673702674,0.0005516363194713437,0.0005516363204822362,0.0008566587006330945,0.0008915007864559517,0.0015829248269973043,1.7327387122285955e-10,0.9707295132038979,0.029048748063379315,0.00017385255607238408
adam_none,1,130.0,0.9998428585838317,0.21853886491771327,0.03874045897269232,17.327400852170484,0.006712714618169047,0.993054278503752,0.006820008363313312,3.629775993744851e-05,0.06041443156352141,0.9411412406232401,0.05873304624382525,0.0024561357922013886,0.0009381098036682219,0.0009381098004525143,0.0010857352251078462,0.0010782248731204074,0.002672534817021061,9.879899623369414e-11,0.9624262485769887,0.0374480382900767,0.00027511063230679244
adam_white,1,70.0,0.9976303979279683,0.14599447848787592,0.02085511651994798,13.451973989451998,0.0028054248497333097,0.9952430468453415,0.002861271497033191,1.247508251519238e-05,0.02524882364759978,0.9728553478365463,0.025248970505828416,0.0005327026132243998,0.00026889417656644754,0.00026878404227653703,0.0006306046052858904,0.0008601039872472174,0.0007770376666170744,3.7174014276696186e-10,0.9778089054809367,0.02029541286143799,0.0001010561550678724
adam_white,2,70.0,0.9966196279490397,0.15757516180135928,0.020849931496606862,16.66403708961455,0.0034744403177537943,0.9936532552531478,0.003642447106083968,1.9214886286091873e-05,0.03126996285978414,0.9656295453422553,0.031666157016976504,0.0008625334684786769,0.000266923416905382,0.0002670393551732198,0.0009636673259383013,0.0011994656101214252,0.0007773442205705763,3.8904489044605875e-10,0.9774921808194351,0.019803521539796698,0.00012026370333432088
adam_white,3,70.0,0.9936467271963201,0.21392373526461944,0.020848352806821034,13.358635491940715,0.0027850554575370133,0.9920154493460025,0.0029019324110535205,2.025144025160145e-05,0.025065499117833116,0.9694013904491875,0.025515991307868524,0.0006141738959611885,0.0002681512950914314,0.00026804428288832274,0.0005062289708103087,0.0009656198894079543,0.0007770106429408851,3.763981108562584e-10,0.9751035663833602,0.019813815373695864,0.00013079417428684399
adam_white,4,70.0,0.9972999251893085,0.16229319650182183,0.020851560018034898,13.83267719378388,0.002884328987162872,0.994833602040534,0.0030063381109129983,1.243891479196941e-05,0.02595896088446584,0.9715388408289869,0.026301099322460053,0.0005647542131262483,0.000271981158349092,0.0002719784445520118,0.0008494961233876478,0.0007136804762174074,0.0007771924397297256,3.449269876194995e-10,0.9777681353204872,0.020071804830959716,9.979453084171888e-05
adam_white,5,70.0,0.9965002094459332,0.16666874813213045,0.02085654803225807,14.826194791483891,0.0030922324380419823,0.994040292169109,0.003159875387637512,1.1798595981667518e-05,0.027830091942377837,0.9694519690645912,0.027748198492155374,0.0006100104856212348,0.0002705216805485557,0.000270548734157638,0.0009302245327866469,0.0008450719783777519,0.0007758651526809439,3.5949044656902465e-10,0.9768526199986752,0.020347547558071333,0.0001036122276575597
adam_white,6,70.0,0.9933607396996988,0.19533439368672117,0.020859921374209587,13.749595927716838,0.002868154899793256,0.9918269077587489,0.0028616840010101674,1.96214162148787e-05,0.0258133940981393,0.9694328513880743,0.025255740371684765,0.0005870187282562444,0.0002703261748064105,0.0002701500554780031,0.0007368091340942975,0.0008139633072763563,0.0007769058699954564,3.581427325564335e-10,0.9741577966158758,0.02053079514388334,0.00012315009073294645
adam_white,7,70.0,0.9868303810589109,0.27413225071211456,0.020846691958857872,15.700373865261138,0.003273008576080017,0.985985580592877,0.003478724254251775,4.6512260991437986e-05,0.029457077184720147,0.9596654968650729,0.02979880798205592,0.0010091302958114506,0.0002782146177395688,0.00027825026745802574,0.0009735973139521862,0.0009662701694804516,0.0007766759095408339,2.979089506911397e-10,0.9702168168143505,0.019247488032778315,0.00017292122330056042
adam_white,8,70.0,0.9951590694768132,0.17908160892890904,0.02085099544059648,15.099462820478985,0.0031483883042526346,0.9929219203477757,0.003205335233674944,2.1480585967843777e-05,0.028335494738273705,0.9677230385605402,0.02840421702091045,0.0007223119524625015,0.00027084565688514705,0.00027088698070217715,0.0009526794746060497,0.0008772728850663199,0.0007767029533754434,3.536174977677296e-10,0.9760759668608772,0.02005128872057349,0.00013259713856851482
adam_white,1,100.0,0.9960778315476734,0.2147840309596228,0.029796257207243316,13.686886829491229,0.004078180003379517,0.9927106069566426,0.004151658281496218,2.8152736559059808e-05,0.03670362003041564,0.9603680292014506,0.03649423603668822,0.001109987265173469,0.0005546402951059509,0.0005539412432283955,0.0005227117398469717,0.0008661547878141496,0.0015807317691335393,1.6825050963148885e-10,0.9680479652308165,0.028814300007322324,0.00021542752885398117
adam_white,2,100.0,0.9921056581485381,0.2545003984135238,0.029803470813062755,14.431855147877123,0.004301193736781054,0.9895828046669013,0.004101721851929252,4.02254132965716e-05,0.03871074363102947,0.9569945404145261,0.036689986104304406,0.0011714749499065586,0.000542417980747469,0.0005428632564783737,0.0008414638546759704,0.0007934168167462963,0.0015810316324207918,1.9571215228618104e-10,0.9643390601472526,0.029345466371577977,0.00023912033960885628
adam_white,3,100.0,0.9979958371599277,0.19778946518825688,0.02979974893880336,18.75349187333798,0.005588493495513609,0.9927206650665983,0.00567600466134377,2.8467082051853824e-05,0.05029644145962247,0.9491750015391732,0.04922166818876883,0.001730948306670428,0.0005554519333682597,0.0005555120001855783,0.0016778132843563718,0.0012172374316391588,0.0015824786792022658,1.6676197404112583e-10,0.969238240170224,0.02915842955771808,0.00019615480340527358
adam_white,4,100.0,0.9934687280208422,0.24353456846754026,0.029800225377548648,16.082020510752805,0.004792478357467937,0.9900704927461195,0.004704489670554368,5.1604626645423834e-05,0.043132305217211425,0.9529486771449414,0.04182630527173248,0.0015343270786718826,0.0005440714560629562,0.0005453623275477418,0.001417230759858805,0.0007059152637299793,0.0015798983619899978,1.8827845704751548e-10,0.9656539179545636,0.02912106446211027,0.00025105489206161236
adam_white,5,100.0,0.9979758940950103,0.19465926687883348,0.029797191402438493,16.78317092655941,0.005000913564385319,0.9932576555366704,0.005123059739337799,2.6004378171456586e-05,0.045008222079467856,0.9537770954722227,0.04460361980378558,0.001434395093551159,0.000546370551744937,0.0005461224213717994,0.0011393011768172881,0.0011870489063139584,0.0015820703242721767,1.8386515889716068e-10,0.9695242221972122,0.02885649307879601,0.0001919708801718294
adam_white,6,100.0,0.9951815305985836,0.2721291564465045,0.029797680654977447,14.470594309299713,0.004311901481162468,0.9917526310924727,0.004392593386394195,2.2577500477998217e-05,0.03880711333046221,0.957762493121248,0.03838273135761894,0.0010981894198234532,0.0005483153334509118,0.0005487150432620718,0.0009612332416933754,0.0006721592700671225,0.001581478406641228,1.8604775951021867e-10,0.9674377341269969,0.028707490351870035,0.0002197559287371683
adam_white,7,100.0,0.9986863655960595,0.19437385847431182,0.029796414341295468,14.065928902123428,0.00419114245662873,0.9946767246396838,0.004272367837163671,1.8165301703777426e-05,0.03772028210965856,0.9613969121668499,0.03755218030999763,0.0010552163349873017,0.0005499225416743669,0.0005500682575902964,0.0008062639742215007,0.0007023757308116555,0.0015825117731159083,1.7921500195813561e-10,0.9700416682837985,0.028907424193049036,0.0001818754975425696
adam_white,8,100.0,0.9852076089699588,0.3305251177504587,0.029797978377783883,18.790050515726413,0.005599055189850826,0.982636389741517,0.005529697434450087,0.00013020858908346038,0.050391496708657425,0.940020495331877,0.04814559184409006,0.0024729200831755055,0.0005857588391645007,0.0005865172511824446,0.0014536860615246797,0.0013934088745015236,0.0015796840482516158,1.1522606180601004e-10,0.959385112601572,0.028780974574395102,0.000380652022930685
adam_white,1,130.0,0.9868413541317502,0.3515783263919608,0.03874519077417368,15.102911227523109,0.005851651767557926,0.9839181590887598,0.005554924216640389,8.863699703974445e-05,0.05266486590802132,0.9403490395008441,0.04912404380455604,0.00242923699294039,0.0009103668909488647,0.0009105791141257991,0.0005469705817829771,0.0008165663729385592,0.0026671686856383635,1.2212336211206367e-10,0.9515380578527382,0.03793502545266203,0.0004768676891730882
adam_white,2,130.0,0.9936034533898194,0.34481324529242086,0.038739930541732644,20.873077852816028,0.008086215862102711,0.9866566433211176,0.008226119390737807,0.00011477812939065348,0.07277594275892438,0.9248829558880377,0.06999980682381768,0.003759221173926416,0.0009625985687071714,0.0009618301059965919,0.0015957187611902977,0.0018988067633802477,0.002667261579634852,8.319355132301385e-11,0.9579790495979237,0.0369037131139317,0.00038932198827476496
adam_white,3,130.0,0.9947128289735252,0.2813063611889145,0.038738908889956125,16.081882813568985,0.0062299459309380035,0.9893619507831632,0.006408312395656868,4.95948665061796e-05,0.05606951337844202,0.940767384737188,0.0550028784416321,0.002397684660562787,0.0009485892874635975,0.0009485591315024135,0.000890906369191851,0.0007737070607488776,0.002668183991706611,9.032465245637434e-11,0.9586368133767383,0.037133449802081775,0.0003270802205644249
adam_white,4,130.0,0.9878511251924784,0.36449915381226683,0.038746309842675686,16.433776420136617,0.00636748193059871,0.9842234752798504,0.0060574248741323,8.07502174487415e-05,0.05730733737538839,0.9369362460082735,0.053344654145709214,0.0025258760667188295,0.0009268603348592949,0.0009294111881082061,0.0011121632997144618,0.0007407025358627934,0.0026583444644909813,1.0756297252880139e-10,0.9527018875721934,0.037579012581789306,0.00037562705045707744
adam_white,5,130.0,0.9891242114951186,0.3289195183605095,0.03873778206598107,15.005692172285924,0.0058128723311921034,0.9852322074746903,0.006067161721404646,9.416319324412517e-05,0.05231585098072892,0.9396618591998859,0.051637509996209086,0.0026510182626522816,0.0009721362298251759,0.0009720553839238219,0.0006060861267680241,0.0005953015777058844,0.0026672929374554092,7.551378806895933e-11,0.9551374117149404,0.03616195748115458,0.00041970470224787814
adam_white,6,130.0,0.9885793834804839,0.3538681384863838,0.03874550498537714,17.942338552403672,0.006951849678314811,0.9840622368704329,0.006801269913954244,0.00012168273947086744,0.06256664710483328,0.9320785476230306,0.05878495916135662,0.003036498786967799,0.0009147016436463339,0.000916302021854455,0.0016479413536475405,0.0008048080586693507,0.0026680964795324025,1.2096472957310565e-10,0.9530241974660264,0.03783930931836077,0.000451855370796026
adam_white,7,130.0,0.9868632913197982,0.3594914573018511,0.03873790841374455,19.61145253783915,0.007597066522713112,0.9817131793529507,0.007777453702887849,0.0001657234721082957,0.06837359870441799,0.9234200458594639,0.0660705871963746,0.0038258761080909023,0.0009790681332598598,0.0009789569118746411,0.0011574980940231023,0.0018148096544459375,0.002666733657108416,7.200115504535607e-11,0.9527632670346732,0.03672736602116533,0.0004997349408055761
adam_white,8,130.0,0.9901679332081592,0.3186697418509664,0.038736136899398275,18.286817435083503,0.00708360663619698,0.984755557841108,0.007378788725419305,7.614155771047027e-05,0.0637524597257728,0.9291987289446826,0.06293561762184474,0.0029880650975561496,0.000950531269368794,0.0009510070458543551,0.0010933007063588835,0.0014234245404286668,0.002665342983740091,9.044618904612877e-11,0.9553814578595876,0.03675288870693971,0.00041390455892952
adam_quasi_static,1,70.0,0.9978749056314598,0.14459699074538238,0.020855576087723073,9.71359747708379,0.002025826712688359,0.9962578842402697,0.0020420402648980707,4.773081652031965e-06,0.018232440414195226,0.9801157654770691,0.018184159028098668,0.00026393423074701363,0.00026850108144634406,0.0002685370420867095,0.00037116013811838716,0.00034083581796499175,0.0007767922579098916,3.7516203480549457e-10,0.9777609864393776,0.020538938065790213,9.290747983090757e-05
adam_quasi_static,2,70.0,0.9976807147405922,0.15049121628147175,0.020851269712450587,9.595782829292471,0.0020008425587567952,0.9960701201230734,0.0020744516694003456,5.822356682183524e-06,0.018007583028811152,0.9797942112557531,0.018350360536720678,0.00027445441444126346,0.0002648752811730038,0.0002648844664608724,0.00035328175617783497,0.0003404850811986311,0.0007773155639175369,4.0982891608777636e-10,0.9779357103139212,0.020208861478552498,9.466840184010149e-05
adam_quasi_static,3,70.0,0.9969956171922056,0.15314997025136295,0.020858423461640612,9.623810442248306,0.00200737513518974,0.9956099878910749,0.001986505862689558,7.654453067445621e-06,0.018066376216707657,0.9798578210246045,0.017738672729159966,0.0002779089150156221,0.000269662873340984,0.00026966643974117425,0.0003475427270323874,0.00034314886021172394,0.0007773538711475757,3.637158949171744e-10,0.976846606333436,0.02074988742032846,9.890080828001366e-05
adam_quasi_static,4,70.0,0.9987558668750259,0.13404268353307489,0.020852251113438216,9.522026158535905,0.001985556805665182,0.9969385435764258,0.0020661499235951064,4.651945426419824e-06,0.017870011250986632,0.9807924161171936,0.01821227738282727,0.00026643852350602355,0.0002684031534276955,0.0002684027302015224,0.0003381353130202582,0.0003332280018429387,0.0007773872318522482,3.753205189441598e-10,0.978704581926688,0.02030011157333289,8.683482964099166e-05
adam_quasi_static,5,70.0,0.9974166798406602,0.1461960249192673,0.020853550629670165,9.647535260337747,0.002011853650029814,0.9958315127034286,0.002101831169099455,9.970725227293573e-06,0.01810668285026832,0.9795295203209399,0.018403823551588205,0.00031482609403448016,0.0002736524364978078,0.0002737363931686447,0.0003354012484254873,0.0003519798243611072,0.0007770834174689918,3.3010777499902106e-10,0.9775961657123009,0.020337178160227176,9.895124561205357e-05
adam_quasi_static,6,70.0,0.9967656702736333,0.1534763142661136,0.02085828256044907,9.659734972040871,0.0020148548150588017,0.9954335190360869,0.0019790171828197867,7.0770859086408224e-06,0.018133693335529208,0.9796546432671922,0.017757892951714482,0.0002702613911410198,0.00026779324951548125,0.0002677366778629049,0.00034469348796213606,0.0003573611723843655,0.0007772698465624427,3.807714713496014e-10,0.9765835317920277,0.02082900442687896,9.972998030244898e-05
adam_quasi_static,7,70.0,0.9970561738295328,0.1549207761695559,0.020856779326834628,9.660168697081568,0.002014800067750259,0.9956131353754252,0.002031803688200995,8.647412217785013e-06,0.018133200609752327,0.9796271031447399,0.018017835918886282,0.0002911660342890283,0.0002717979912269032,0.00027176714692928755,0.00034628444470829176,0.00034792175469952846,0.0007770283852591977,3.4492705029412517e-10,0.9769687495969901,0.020676189466636075,0.00010178004236389155
adam_quasi_static,8,70.0,0.9898052737656043,0.22260640031171802,0.020863262568912664,9.856855142172558,0.0020564615693488305,0.9899093075635225,0.0019349114489610741,1.9800536929497723e-05,0.018508154124139472,0.9743400432686785,0.01750417574380503,0.00037111654251996857,0.00026902115354940706,0.0002690219097660992,0.0003672037032502797,0.0003741609836045729,0.000777053448952764,3.7022570800534876e-10,0.9708189840690491,0.021025234943434445,0.0001342195449148248
adam_quasi_static,1,100.0,0.9913428531832416,0.2598709742664513,0.02980609961827639,11.536106139223778,0.0034384632879271384,0.9897848308819576,0.0032894516646356786,3.684206036170434e-05,0.030946169591344237,0.9638890246456594,0.029185257900933848,0.000951406863822842,0.0005573382900842511,0.0005571436803774431,0.0003811603897026612,0.0003611334496502363,0.0015816873121792363,1.659333100789815e-10,0.9634392222490661,0.02963506029752716,0.00022689573700863903
adam_quasi_static,2,100.0,0.9931881596971334,0.246136960639774,0.029791546547353148,11.068011631825113,0.00329733183716164,0.9911287623266964,0.0034217654310101375,3.73631673700159e-05,0.029675986534454753,0.9645433176037097,0.030007210153996877,0.001028291675253943,0.0005418669957691029,0.0005420297650671408,0.00030903444787742576,0.0003231324180631648,0.0015812680088330444,2.0155176142942934e-10,0.9662673057730107,0.028283221984695905,0.00021778795273407614
adam_quasi_static,3,100.0,0.996308684449534,0.21538198752065807,0.029793518044583092,11.028302555091681,0.003285719311762459,0.9935931977838119,0.0034537497758151403,2.154203269927796e-05,0.029571473805862124,0.9670292743412532,0.030017673218373897,0.000907196659661651,0.0005570977017885803,0.000557105471789169,0.00029498620118765964,0.00029433799242921377,0.0015821917769771347,1.6759070111330335e-10,0.9684539951442973,0.028592952415329775,0.00019054739305245116
adam_quasi_static,4,100.0,0.992563146538619,0.25677240332095663,0.029801188676216717,11.802581882825496,0.0035173096955657987,0.9906622014859874,0.0033883157449079437,5.087775228910145e-05,0.03165578726009218,0.9638250114832756,0.03022550574761973,0.0010761419797036644,0.0005326180466117261,0.0005331299709055834,0.0004213382213220998,0.0004478049621953809,0.0015824182725655027,2.2196550608351879e-10,0.9648974772922123,0.029153039938683012,0.00025643606522078463
adam_quasi_static,5,100.0,0.9965920134701944,0.20364363507568234,0.02979789526976441,11.258287738387661,0.003354732789453484,0.9938170869313062,0.0034565238448492908,2.9901644266872725e-05,0.03019259510508135,0.9671816699991964,0.030091940776959092,0.0009588905357786734,0.000569686922957834,0.0005698935109458832,0.00030141320604890027,0.00033234872194736766,0.001581390286276643,1.4127685649124134e-10,0.9682527904011138,0.029020820375041723,0.00019864045682656614
adam_quasi_static,6,100.0,0.9953264719081657,0.21985846422497765,0.02979856351232748,11.19043651927449,0.003334589333502698,0.9929631492673192,0.003298028259213437,1.6083274287866523e-05,0.030011304001524273,0.9668987262214376,0.029362451305095072,0.0008196376217889771,0.0005471980520053898,0.0005469958511212198,0.0003195178301556785,0.0003424020498368794,0.0015784753625103568,1.8787317297302014e-10,0.9673422149472011,0.028918962579331575,0.00020139649436306907
adam_quasi_static,7,100.0,0.9912880996589977,0.2999315205507212,0.029803011388083573,11.220877603715397,0.0033441594300782198,0.9897131946542675,0.003317285072930609,6.0408819831973754e-05,0.03009743487070397,0.9639850566724828,0.029045423054715358,0.0011623655752320756,0.0005729679008821194,0.0005727752906925317,0.0003141758772647908,0.00030267888617656357,0.0015815613391166453,1.3594556885723207e-10,0.9637642634119338,0.02926621631526438,0.00025660821829810693
adam_quasi_static,8,100.0,0.9965630184388109,0.21134905247587094,0.029795702976860336,11.724356692721514,0.003493354496110949,0.9936945859976974,0.0035558287533513644,2.1424397293985264e-05,0.03144019046499853,0.9659252120162541,0.031325202734794666,0.0009136906204934129,0.0005439347747451892,0.0005436865490107209,0.00044648076562245575,0.0003776069636420112,0.0015816452492940284,1.9379654314586202e-10,0.9683807465844637,0.028869668166585094,0.0001999352651520203
adam_quasi_static,1,130.0,0.9757773298221415,0.47835538067460426,0.0387260362159925,13.930551259659339,0.005394750325903076,0.9748402790075114,0.00578158485020186,0.00017734286459631548,0.04855275293312767,0.9315018723958888,0.04911999146182444,0.003366655649393709,0.0009374851936064556,0.0009380390547317807,0.0004344958965060521,0.00041417126074010796,0.002670558818334106,1.0198457370310041e-10,0.946006451371726,0.03461541248598721,0.00044921260981365795
adam_quasi_static,2,130.0,0.9664239415895726,0.5617235325614157,0.03872724213220274,14.01894079729173,0.005429149146937322,0.9676771593903066,0.005461993881351379,0.0003146875527849793,0.04886234232243589,0.9254440053063864,0.047695147965271634,0.004229854687468031,0.0008684237346398615,0.0008692521239905869,0.0005190180916712949,0.0005037060048741029,0.0026687490257065456,1.6605493144327722e-10,0.9382486878536713,0.03489046541798668,0.0006233236429332879
adam_quasi_static,3,130.0,0.9922840350556369,0.3075386281697714,0.038734671395243656,13.787035523686088,0.0053403629052453175,0.9882415495675293,0.005585678476980105,7.85891762208862e-05,0.04806326614720784,0.9460010321449935,0.047826195899515866,0.00252133838624629,0.0009724017192567397,0.000971982387009089,0.00036983881696049935,0.0003563824377242681,0.0026697574581132488,8.618147146697242e-11,0.9576272023416926,0.036200025702816774,0.0003477000770040319
adam_quasi_static,4,130.0,0.9790035221420813,0.44664163371695287,0.03874512431313268,14.437702847952856,0.005593905916400033,0.9780434269814267,0.005159390732238256,0.00024393785915046912,0.050345153247600284,0.9373584703393746,0.04584434737429033,0.0034210286538294598,0.000877960460273176,0.0008793665407637571,0.0005714401958269867,0.0005956280328316224,0.002669510529124062,1.5758042706447698e-10,0.9453782328559456,0.037824584857719334,0.000549504676945619
adam_quasi_static,5,130.0,0.9901392031705148,0.3278010139338828,0.03874318935591227,14.029647158500307,0.00543553276458414,0.9868163355120874,0.0052950270243243835,7.341148973218618e-05,0.04891979488125725,0.9456108115489442,0.046500550987467526,0.0023128510764853475,0.0009167343149316887,0.0009183602496873268,0.00046118831079511546,0.0004777532400857468,0.0026614965273435765,1.2174068619959835e-10,0.9545156643987411,0.03759569813767061,0.00034693335804222305
adam_quasi_static,6,130.0,0.9886374347038186,0.3393532190961023,0.03874509235645147,14.388195045337808,0.005574719458742509,0.9855027483847276,0.005407199378327121,6.489241879644766e-05,0.050172475128682566,0.9436073971426122,0.04730255062044253,0.002259445478378878,0.0009529345375370731,0.0009525204538035188,0.0004884035499968218,0.0005313149025064211,0.0026495459241968754,9.07017978376976e-11,0.9536114326826688,0.03729851508038595,0.00033551891205259386
adam_quasi_static,7,130.0,0.9854210669930927,0.3686807724060474,0.038730622158524464,14.080142886690876,0.005453326940824603,0.982483503154652,0.005853350439822158,0.00014162437674555072,0.049079942467421415,0.9387833123945704,0.04955354119990385,0.003072338374749613,0.0009693680318254019,0.0009695536835219097,0.00043835391604444976,0.0004051727718497217,0.002670878456524786,8.105833488372475e-11,0.9529417980036993,0.03539505559077494,0.0004043996412222911
adam_quasi_static,8,130.0,0.9912343669128936,0.3135126328229012,0.03874488961474714,14.34128819792686,0.005556516281619522,0.9876958412728488,0.005291652257466084,9.585660514051853e-05,0.050008646534575686,0.9461560283498855,0.046831465180429355,0.002420284885794622,0.0009035970337167253,0.0009035795658818048,0.0005620085547949627,0.0005177851451532196,0.002669545851136983,1.30935826333702e-10,0.9549341394629615,0.03805335406735344,0.0003613113917881086
adam_nominal_leakage_none,1,70.0,0.999385245499656,0.12562771028198852,0.020853963638680206,12.339409324527791,0.002573255933764941,0.9968728748492399,0.002635321550484848,5.2101719413558685e-06,0.02315930340388446,0.9761830254639662,0.023325170935758588,0.0003931599685794842,0.00026714064968936613,0.0002671406496816294,0.0006274006902808476,0.0006340296837240082,0.0007775438739779876,3.864111013079067e-10,0.979155947995127,0.020352248404597817,8.472585872728072e-05
adam_nominal_leakage_none,1,100.0,0.9997228265840965,0.17025645473578016,0.02979789865195772,14.881442410109225,0.004434357127313802,0.995255552530316,0.004522708736961256,1.528573100595085e-05,0.039909214145824205,0.9602302352523461,0.039548026014931126,0.0011008986673702674,0.0005516363194713437,0.0005516363204822362,0.0008566587006330945,0.0008915007864559517,0.0015829248269973043,1.7327387122285955e-10,0.9707295132038979,0.029048748063379315,0.00017385255607238408
adam_nominal_leakage_none,1,130.0,0.9998428585838317,0.21853886491771327,0.03874045897269232,17.327400852170484,0.006712714618169047,0.993054278503752,0.006820008363313312,3.629775993744851e-05,0.06041443156352141,0.9411412406232401,0.05873304624382525,0.0024561357922013886,0.0009381098036682219,0.0009381098004525143,0.0010857352251078462,0.0010782248731204074,0.002672534817021061,9.879899623369414e-11,0.9624262485769887,0.0374480382900767,0.00027511063230679244
adam_nominal_leakage_white,1,70.0,0.998015370393297,0.14336665104680563,0.02085281063359553,12.444190768772597,0.002594963535895526,0.9957361695899959,0.002676126724641681,6.5054771014230104e-06,0.02335467182305973,0.9747879754093223,0.0236243209053153,0.00041948807057902925,0.00026772791932463806,0.00026769141478855785,0.0007937963266259591,0.0004887441864665162,0.0007770033072634103,3.8142644440345805e-10,0.9781903062250457,0.020221990089591912,9.574621057878028e-05
adam_nominal_leakage_white,2,70.0,0.9969632190237581,0.17703291814138206,0.020850802659628492,15.56049791113397,0.0032444887123061583,0.9942109019638281,0.003359673255178386,1.4162217992332464e-05,0.029200398410755418,0.9679713895745603,0.02959918564444619,0.0007245815056553976,0.0002645210311300148,0.00026453616863364324,0.0008134248958745937,0.0011245245520710835,0.0007774816497213411,4.1487548206123875e-10,0.9776010100871616,0.01996956513184489,0.00010924600826895184
adam_nominal_leakage_white,3,70.0,0.9971629587111343,0.15649799217395668,0.02085583596131813,13.097415911579084,0.002731575577690514,0.9949856861204666,0.002744680848440928,1.1409368926508914e-05,0.024584180199214618,0.9732297685332242,0.024500598435683307,0.0005113303396640541,0.000263507112955595,0.0002635589037820726,0.000471944722122955,0.000955055980289506,0.0007775084352945179,4.232458673639165e-10,0.9772954033536216,0.02043496361528585,0.00010549539329269365
adam_nominal_leakage_white,4,70.0,0.9978635626122737,0.14676746639333174,0.020853519592527115,11.805702087078656,0.0024619043977643306,0.9958010699890195,0.002489780100799588,6.562129946804989e-06,0.02215713957987897,0.9760385911751992,0.022252258914619905,0.00037284389758735246,0.00026513593513784336,0.00026513361201985615,0.0006534430217782991,0.0005010694933362254,0.0007771219284851796,4.0700692713704544e-10,0.9778881086926041,0.020402741397214985,9.443351237859296e-05
adam_nominal_leakage_white,5,70.0,0.9966847907855167,0.1583508778190279,0.020854300793960254,12.88664891047829,0.002687420526052745,0.9946082311058693,0.002739601522544155,1.2515245739212451e-05,0.0241867847344747,0.9730680864541575,0.02427974617425588,0.0004792168833163175,0.00026539509264149206,0.0002652771741498453,0.0007899716367798018,0.0005897619418333045,0.0007770142758589766,4.0478932474978127e-10,0.9769732745782225,0.02037455805019095,0.00011270038853326708
adam_nominal_leakage_white,6,70.0,0.9966538760751559,0.15936353530057876,0.020858550983277834,12.54122364795086,0.002615917528534727,0.9947212960220788,0.0026018048380458403,9.695898401427158e-06,0.023543257756812538,0.9741686398456633,0.02315446101446139,0.00042450499966523403,0.0002693978947744253,0.00026940192623580415,0.0006513490043918154,0.0006484907386526844,0.0007772775981502949,3.66329702418998e-10,0.9766452054527182,0.0206778954074065,9.98458423359988e-05
adam_nominal_leakage_white,7,70.0,0.9982933302321879,0.15409774881241567,0.020853073303325205,14.48740931960815,0.003021070085170655,0.9955532610475354,0.003081403138214922,9.619925133983417e-06,0.02718963076653589,0.9712979546934519,0.027336709492298383,0.0005797674914249975,0.0002672528846148125,0.00026731480297493545,0.0007721103969937206,0.0009370202209668502,0.000777371391399939,3.882203977230289e-10,0.978392356401681,0.020242307784069324,9.864744566741146e-05
adam_nominal_leakage_white,8,70.0,0.9975418332282738,0.14928576533908722,0.02085581825136153,14.27896954866071,0.002977995937235936,0.9949857139373149,0.0030477526453042136,1.204506203471192e-05,0.026801963435123418,0.9712651614322431,0.026768305150376093,0.0005787501249250684,0.000270913848094923,0.0002708129459277206,0.0008054230296207271,0.0008537524745150717,0.0007770932838157026,3.5526179107676353e-10,0.9776935732748502,0.020339893307768975,9.957909421701863e-05
adam_nominal_leakage_white,1,100.0,0.9948693862913819,0.22021806464069743,0.029801829088209202,14.251778105714195,0.004247290553095764,0.9917580602215155,0.004137448811590172,2.8785592112921546e-05,0.038225614977861866,0.9591793155842463,0.03671619344885935,0.0011110728455927317,0.0005417899735625757,0.000541729883864626,0.0005214151798613242,0.0010607279866782433,0.0015816273329242222,1.962047722333203e-10,0.966646287799834,0.02924922123327167,0.00021933654936402854
adam_nominal_leakage_white,2,100.0,0.9973591552936547,0.19773702974144686,0.029797443041683285,14.46647964942056,0.004310641033672796,0.9934729865751677,0.0044143376597560735,2.3662553835807315e-05,0.03879576930305516,0.9593898053457423,0.038497518889181515,0.0011433632358762594,0.0005529482718869871,0.0005525282114007959,0.0007892921924182053,0.0008342395110714397,0.0015816326758720063,1.7102336212637563e-10,0.9689002031408573,0.028987121094066426,0.00019252499863537452
adam_nominal_leakage_white,3,100.0,0.9950647142239865,0.22508331467088852,0.029794748369715126,14.567818968696711,0.004340445004678815,0.9915106559274595,0.004541115451729638,3.515898283385009e-05,0.03906400504210932,0.9567532215469028,0.03929854983228631,0.001263895902245987,0.0005626405289110198,0.0005627765647309747,0.0009038162450378394,0.0007291681752804631,0.0015820433386320766,1.52086441545242e-10,0.9674698311182224,0.02858194026096672,0.00023301029893995528
adam_nominal_leakage_white,4,100.0,0.9937246009236267,0.24449530338240621,0.029797438224739094,15.648682241714374,0.004662906423960558,0.9903555314436495,0.004624149295251789,4.542008958450843e-05,0.041966157815645014,0.953813405513014,0.04116627522588734,0.0014527959341496444,0.0005397958124585589,0.0005399068561967675,0.0013714266849038739,0.0006314026273590099,0.0015803742429793897,2.0006295859577903e-10,0.966273939455537,0.02870574128336434,0.00025521738652592576
adam_nominal_leakage_white,5,100.0,0.997594279510337,0.19426062572592484,0.029794724076319792,16.055234839888936,0.004783612920350073,0.9931289415597735,0.004946482048496126,2.5942878103358675e-05,0.04305251628315065,0.9549567114388949,0.043118712169374684,0.0013531732307800915,0.0005427761420450889,0.0005427345388919837,0.0010860434479667133,0.0010291698509734544,0.001582888746985786,1.9348704680185039e-10,0.9694818630537622,0.028593560554507458,0.0001960468777272515
adam_nominal_leakage_white,6,100.0,0.9943594994922614,0.23404019931593545,0.02979565966703134,14.55239064923427,0.0043359807912627365,0.9911120067153828,0.004375592878426482,3.691645252533906e-05,0.03902382712136462,0.956825625833418,0.038661973760391266,0.0012596992673097422,0.0005451022966097439,0.0005458943099039845,0.0009939472712685929,0.0006699370784336233,0.0015810996455520396,1.894947522452187e-10,0.9665705598661667,0.02891703972764259,0.00023988667176063036
adam_nominal_leakage_white,7,100.0,0.9981071152237059,0.19152860138807665,0.029794522151772918,13.726060491961517,0.004089614133843226,0.9942423842018171,0.004243307977147559,1.8796301285827525e-05,0.036806527204589025,0.9614261138667434,0.037059578312221286,0.0010489428967723597,0.0005477807600715904,0.0005477081686724103,0.000724894004570256,0.0006864859784139589,0.0015827450411170841,1.8099792583731505e-10,0.9697269542498749,0.028758737929089784,0.00018327463213772336
adam_nominal_leakage_white,8,100.0,0.9989704535903248,0.18740758481049935,0.02979750900018558,17.6084120633813,0.005246868169375808,0.9938124876032706,0.005363875268989293,2.3951158646083027e-05,0.04722181352438226,0.952474366965092,0.04670199590716784,0.001550826809454618,0.0005556763592965229,0.0005556879856293326,0.0015401368090168439,0.0010136754598290118,0.00158169138894295,1.6666114765002563e-10,0.9701396985215552,0.029036664350704622,0.00018247659739973094
adam_nominal_leakage_white,1,130.0,0.9946156150305578,0.29826379781818446,0.038737397026573785,14.765245402453166,0.005719671733496217,0.9897634851690149,0.005929006855431407,4.8502877246531016e-05,0.05147704560146594,0.9448710034846745,0.050821488539771864,0.0023195524397866397,0.0009457375480576694,0.0009445950856562959,0.0004495614165115383,0.0007126917032387266,0.0026670858852569897,9.477499678026103e-11,0.9589399893551297,0.03675250266931662,0.0003207118071937932
adam_nominal_leakage_white,2,130.0,0.9899087577130309,0.33495658437101583,0.038733943068678646,20.362484935068306,0.007887193322117625,0.9838074463479831,0.008119559822441502,0.00012766868649881008,0.07098473989905861,0.9221952384262171,0.06973176774420753,0.0038574021623783727,0.0009156156865265489,0.0009173132271544425,0.0016313531827896824,0.0017546112515250992,0.0026682998587619793,1.1535987297436035e-10,0.9555936243037644,0.03633338186666024,0.0004054556505506004
adam_nominal_leakage_white,3,130.0,0.9958959619410174,0.2612859767854943,0.038736891844694504,18.984272334995723,0.007353917041909554,0.9890882184731948,0.007628551079619128,7.13792942908197e-05,0.06618525337718596,0.9314135074622332,0.0653032620905808,0.003175889936883342,0.0009514535143367521,0.0009514048337058809,0.0018432919726309577,0.0009398763402764564,0.0026678902920796582,8.887984741993273e-11,0.9600027604386833,0.0367140091141307,0.000321307835212779
adam_nominal_leakage_white,4,130.0,0.9952760921944768,0.28438685862527513,0.03873863970484697,18.09838388072351,0.007011067723953583,0.989113839850545,0.0071070339050364195,5.690666547243159e-05,0.06309960951558223,0.9349308179260616,0.06129005582951985,0.0027786562672813967,0.0009219378698120414,0.0009216572122727438,0.001025712056529472,0.001470802890743252,0.0026709575830272,1.115688742964849e-10,0.959008603930078,0.03721226982550341,0.0003350817888281382
adam_nominal_leakage_white,5,130.0,0.9879463524400064,0.3483656359953925,0.03873488155356756,15.782788072646294,0.006113444265790131,0.9840610114389019,0.0062960705131033246,8.944430679064285e-05,0.05502099839211117,0.936258905160446,0.05409817679155926,0.002689634975114302,0.0009121628930503667,0.0009131175929077826,0.0009001164718818703,0.0007246378440558049,0.002663409344619468,1.1927483760293695e-10,0.9538643934476813,0.03649268850432397,0.00038254262982521594
adam_nominal_leakage_white,6,130.0,0.9910198976569943,0.3114635565820715,0.03874635074826638,19.485106411737277,0.0075497676739646686,0.9854188012641721,0.007397116861423192,8.19833074898163e-05,0.067947909065682,0.9290348605780236,0.06378105754757168,0.0030598770042074095,0.0009553346381092404,0.0009550486639702551,0.0018309938966556327,0.0011459394247817628,0.0026624509636658834,8.678189476918607e-11,0.9550834514019257,0.03773246672366959,0.0003683820227071185
adam_nominal_leakage_white,7,130.0,0.9918107444233482,0.3023563613760081,0.038738272698863624,15.032853008592742,0.005823467592887982,0.9874856548395071,0.00596294069917136,8.433518226551245e-05,0.052411208335991825,0.9421019150452352,0.051346680493443264,0.0025979133241982675,0.0009617934834864614,0.0009639665261590465,0.0005522342524353412,0.0006802986649695464,0.0026651745844004514,8.143713499611657e-11,0.9570040609056447,0.036444534633033765,0.00036097248274927175
adam_nominal_leakage_white,8,130.0,0.9876707526137307,0.3479664581030919,0.0387331726688421,15.614116268773317,0.006047842615097736,0.9838916713523268,0.006244930738657728,0.00011413235393092015,0.05443058353587961,0.9362676012590164,0.053869000831968106,0.0029098403030137074,0.0009030871586959981,0.0009036580691602655,0.0006418527767204328,0.0009285818401616526,0.002670662643420413,1.2693897385275422e-10,0.9537914478661282,0.03634515422485629,0.0004130780351262693
adam_nominal_leakage_quasi_static,1,70.0,0.9978815073475045,0.14451591653062001,0.020855575990824892,9.713603776991315,0.002025828017158061,0.9962631819808839,0.0020420238971196047,4.769632088913958e-06,0.018232452154422544,0.980121001400363,0.018184204477640575,0.0002639030848660331,0.00026850347726446494,0.0002685396185658686,0.00037113648362198116,0.0003408521639372458,0.0007767958984915796,3.752769205670479e-10,0.9777657949168261,0.020539410961177396,9.288118938200915e-05
adam_nominal_leakage_quasi_static,2,70.0,0.9976852416467553,0.1504398114598206,0.020851270539529926,9.595817492928774,0.0020008498659301165,0.9960737782221735,0.002074415095230653,5.817435214060983e-06,0.018007648793371047,0.9797978919196829,0.018350301397721203,0.00027441935409370057,0.0002648749207399672,0.0002648837806849015,0.00035326134517758503,0.00034051180287915595,0.0007773176065538468,4.0989466005233985e-10,0.9779389632219246,0.02020923009547948,9.464745342081796e-05
adam_nominal_leakage_quasi_static,3,70.0,0.9969972614668661,0.15307254203828868,0.020858423465564536,9.623775815135097,0.002007367912897464,0.9956113216244946,0.001986487548998217,7.654533098955638e-06,0.018066311216077175,0.9798592221086381,0.01773858706485476,0.0002779097436800724,0.00026966153438348444,0.00026966509716913427,0.0003475541643876301,0.0003431327737555903,0.0007773539792843743,3.639172509071606e-10,0.9768477822290869,0.020750026944405975,9.889195918938593e-05
adam_nominal_leakage_quasi_static,4,70.0,0.9987550911430798,0.1340837549431409,0.020852250558563327,9.522029271371226,0.0019855574019260703,0.9969379409725387,0.0020661319419250646,4.652655192158363e-06,0.01787001661733463,0.9807918335370724,0.01821223937739136,0.0002664546824112856,0.0002684009457320424,0.000268400201564337,0.0003381609869890719,0.0003332080043537946,0.0007773868876995391,3.7558728549164094e-10,0.9787039348611917,0.020300138053272132,8.683798341884227e-05
adam_nominal_leakage_quasi_static,5,70.0,0.9974189472428141,0.14617025154237298,0.02085355091336879,9.647924980643971,0.002011934947922217,0.9958332847187844,0.0021018730754668313,9.967857008864963e-06,0.018107414531299947,0.9795307233925545,0.0184044344016967,0.00031481346700011604,0.00027365173945499894,0.00027373538474938816,0.00033543471388798574,0.00035202901987719577,0.0007770837598257546,3.3012689365027616e-10,0.9775977409689723,0.020337416825278898,9.89365974909399e-05
adam_nominal_leakage_quasi_static,6,70.0,0.9967647928829406,0.15347163078336518,0.020858282735651556,9.659796394042427,0.0020148676435576434,0.995432822419873,0.0019790118864795314,7.078788273476191e-06,0.01813380879201879,0.9796539154023177,0.017757918904034775,0.00027027265173036445,0.0002677919209963088,0.0002677353838593593,0.000344707693347156,0.00035736223280246574,0.0007772700315898666,3.809624871663227e-10,0.9765828807055759,0.020828953600776634,9.973142833136808e-05
adam_nominal_leakage_quasi_static,7,70.0,0.9970571934955117,0.154873620684064,0.020856779966926156,9.66004960381783,0.002014775290564207,0.9956139881205154,0.002031766675893998,8.652475856260076e-06,0.01813297761507786,0.9796281990572691,0.018017555739140323,0.0002912123156014898,0.00027180209581611765,0.0002717711912725297,0.00034626706318414654,0.00034790573475425963,0.000777028860435309,3.451018449456581e-10,0.9769695193139668,0.020676235482442573,0.0001017773374761397
adam_nominal_leakage_quasi_static,8,70.0,0.9898051762371609,0.2226170981181615,0.020863262710806445,9.856972779848357,0.0020564861263924444,0.9899092760755224,0.0019348649142063579,1.9800493792445694e-05,0.018508375137531993,0.9743399802066008,0.017504160783127887,0.000371111202062238,0.00026901838725786146,0.0002690191548909258,0.00036724224655083996,0.0003741514519553646,0.0007770545153064119,3.7043104063857455e-10,0.9708186735708555,0.021025467418873234,0.0001342250519971489
adam_nominal_leakage_quasi_static,1,100.0,0.9913461310600429,0.25980961182703227,0.029806099876992707,11.535924150706045,0.003438409074093567,0.9897875181681673,0.0032893866798670013,3.684283395296102e-05,0.030945681666842095,0.9638920631411875,0.029184841706846876,0.0009514007067447794,0.0005573276502946268,0.0005571342719373011,0.00038117357591068004,0.00036108316016264215,0.0015816902499633917,1.6582492562472366e-10,0.9634416812304168,0.0296352236176175,0.00022687530494172047
adam_nominal_leakage_quasi_static,2,100.0,0.9931893863859629,0.24611428256857834,0.029791544824776545,11.068133008865512,0.0032973678066020584,0.9911298067080822,0.0034217024006881758,3.736298758258281e-05,0.02967631025941852,0.9645444516692351,0.030007057439535245,0.0010282916498045127,0.0005418500451325452,0.0005420119943765776,0.0003090400974056807,0.00032319462421835215,0.0015812708441628543,2.0130604823277888e-10,0.9662674760367492,0.028284033072021098,0.0002178340578116552
adam_nominal_leakage_quasi_static,3,100.0,0.9963137220157556,0.21527275308538146,0.029793517114079633,11.028206036227335,0.0032856904527793548,0.9935973042255755,0.003453673387029066,2.1540157626082583e-05,0.029571214075014184,0.9670336330870803,0.03001734452552418,0.000907181066042349,0.0005570797034328362,0.0005570870677987207,0.0002949759001689565,0.00029435570461526435,0.0015821919093927323,1.673708450676543e-10,0.9684576328075181,0.028593344805086462,0.0001905154852193952
adam_nominal_leakage_quasi_static,4,100.0,0.9925671689696822,0.25672091762450755,0.029801188774648858,11.802837296004185,0.0035173858233468686,0.9906654155736334,0.0033883196021123885,5.0871495282994143e-05,0.03165647241012181,0.9638278992153534,0.03022583596039241,0.0010761040167545622,0.0005326163440378377,0.0005331266840275752,0.0004213688286138172,0.0004478523413378352,0.0015824214034539088,2.2187589430683206e-10,0.9649002909175255,0.029153444258220307,0.00025643960797035604
adam_nominal_leakage_quasi_static,5,100.0,0.9965935999112256,0.2036166974028118,0.02979789490949916,11.25836941035968,0.0033547570854221783,0.9938183388553716,0.003456541073608932,2.9898152690170943e-05,0.030192813768799596,0.9671826328765659,0.030092247052414645,0.0009588602141598834,0.0005696800677473406,0.0005698861849263602,0.0003014263541764781,0.00033237343307341715,0.0015813909042953712,1.4120321109794763e-10,0.9682536200494806,0.029021259879499994,0.00019865816754331163
adam_nominal_leakage_quasi_static,6,100.0,0.9953526044238807,0.21949660206370175,0.02979856266899771,11.190618306479395,0.0033346434091045935,0.9929838273358176,0.0032982562032870533,1.606563775923413e-05,0.030011790681941333,0.9669183400976795,0.029363743441425116,0.0008195479197794851,0.0005471812655989873,0.0005469839617239072,0.0003195823894554111,0.0003424103935441927,0.0015784852111352368,1.876468579909278e-10,0.9673605855608084,0.02892149797829624,0.00020112496248914568
adam_nominal_leakage_quasi_static,7,100.0,0.9912884221612837,0.2999224430591364,0.029803010531603898,11.220757410174762,0.0033441235126801102,0.9897134731909853,0.0033172645380415977,6.040759540011397e-05,0.030097111614120983,0.963985480987555,0.02904525674147196,0.0011623555266594406,0.0005729494142697307,0.0005727572816297267,0.00031415658040321475,0.0003026993631013385,0.0015815607375071405,1.3576895810263755e-10,0.9637645620725941,0.029266175656432858,0.0002565913029040856
adam_nominal_leakage_quasi_static,8,100.0,0.9965689587371939,0.21127394082349504,0.02979570191932771,11.724503041134602,0.0034933979776589786,0.9936993040834977,0.003555862906257423,2.1414111638204776e-05,0.0314405817989308,0.9659294775530448,0.031325689436710324,0.0009136105302680721,0.000543930185538243,0.0005436831064530326,0.0004465316143636628,0.0003776055711696865,0.0015816473064563163,1.9367803732064198e-10,0.9683851590194384,0.02887000797031669,0.00019989322123673578
adam_nominal_leakage_quasi_static,1,130.0,0.9757783884703312,0.4783413059039857,0.03872603602426526,13.930650745767851,0.005394788826220636,0.9748411262430207,0.005781584533244177,0.000177336018289205,0.04855309943598572,0.9315026728310063,0.04912003794525854,0.0033665930270055265,0.0009374627488992575,0.0009380167902812598,0.00043453804104091615,0.00041421190050872195,0.0026705592435020643,1.0198841720753949e-10,0.9460071879478937,0.034615522828371104,0.00044920165883856426
adam_nominal_leakage_quasi_static,2,130.0,0.9664246375838161,0.5617209872722915,0.038727241759593314,14.018775625698302,0.005429085128299122,0.9676776904919177,0.005462019575135257,0.000314679173209927,0.04886176615469209,0.9254448028160442,0.04769490725100867,0.004229733297237178,0.0008684134192413114,0.00086923965310968,0.0005189554812804307,0.0005037224720901863,0.002668753936547788,1.660297262429978e-10,0.9382488786892275,0.03489083137782545,0.000623344039016806
adam_nominal_leakage_quasi_static,3,130.0,0.9922866776026422,0.3074890071485739,0.038734671097587464,13.787159922655292,0.005340411049738922,0.9882436636136174,0.005585678468496447,7.858762173121658e-05,0.048063699447650286,0.9460030743638228,0.047826267718291016,0.0025213552852565383,0.0009723929754450315,0.0009719746857870258,0.00036990966806947525,0.00035636864725941694,0.0026697649870008723,8.617710021130105e-11,0.9576295835412839,0.03619975854082991,0.00034766959554030906
adam_nominal_leakage_quasi_static,4,130.0,0.9790068917817505,0.44659332814114155,0.03874512408322163,14.437864275422584,0.005593968428479609,0.9780460883134807,0.005159425111919691,0.00024392971863624696,0.05034571585631647,0.9373606908061799,0.045844822619220515,0.0034209868268194467,0.0008779577375395155,0.0008793611241170236,0.0005714582698868771,0.0005956731662228046,0.0026695179731193895,1.5759399814744734e-10,0.9453808881621043,0.03782462526329611,0.0005495091010505875
adam_nominal_leakage_quasi_static,5,130.0,0.9901448798641953,0.3277393623613948,0.03874318891423618,14.02978792725547,0.005435587240923288,0.9868207806826454,0.005295123208710728,7.339688273186543e-05,0.048920285168309575,0.9456145772864541,0.04650132660490203,0.0023127269527074166,0.000916728770924386,0.0009183514708764744,0.00046121340759727877,0.0004777866979965502,0.0026615067718225023,1.2170609570166675e-10,0.9545198341302061,0.03759606976115004,0.00034694057585424673
adam_nominal_leakage_quasi_static,6,130.0,0.9886436603083861,0.3393001192320643,0.0387450912573238,14.388232841321841,0.0055747339446863805,0.9855076662858103,0.0054072619608985795,6.48801069427965e-05,0.05017260550217741,0.9436118185069109,0.04730310973979801,0.0022593645211327756,0.0009529293946073353,0.0009525162392636662,0.0004884527447332739,0.0005312796148768306,0.0026495558605055067,9.069976732212064e-11,0.9536158201862655,0.03729910806044345,0.00033545973045859457
adam_nominal_leakage_quasi_static,7,130.0,0.9854227471790691,0.36864597157868295,0.03873062182663231,14.080130732638182,0.0054533221867535285,0.982484878353388,0.0058533193898672176,0.00014162468990765574,0.04907989968078175,0.9387847547316891,0.04955344301156617,0.0030723552269820466,0.0009693582242066997,0.000969543162736889,0.0004383669460781039,0.00040517362795333266,0.0026708801447433155,8.103518837235579e-11,0.9529429844173494,0.035395213325905894,0.0004043846649933534
adam_nominal_leakage_quasi_static,8,130.0,0.9912360443408584,0.3134768570177938,0.038744888892609124,14.341302864308078,0.005556521860528736,0.9876971901712572,0.0052916453014294484,9.586808936579521e-05,0.050008696744758614,0.946157202702645,0.046831632770041653,0.0024203921186513773,0.0009035772160897866,0.0009035601230739464,0.0005620171187155899,0.0005178183919591413,0.0026695488797656287,1.3092464286176258e-10,0.9549354936686928,0.03805334180399389,0.0003612850007805492
