seed,agent,iteration,sigma_mhz,num_samples,average_fidelity,average_gate_fidelity,fidelity_variance,nominal_fidelity,nominal_cost,nominal_leakage,time_ns
1,noise,1,0.1,200,0.9919268914649768,0.9899086143312209,3.339468462984839e-06,0.9905359277629059,0.5984386447368024,0.0002598679337728279,180.0
1,noise,1,0.25,200,0.9887869788977363,0.9859837236221705,1.9188499819344607e-05,0.9905359277629059,0.5984386447368024,0.0002598679337728279,180.0
1,noise,1,0.5,200,0.9782926782871194,0.9728658478588992,0.00011597892612931787,0.9905359277629059,0.5984386447368024,0.0002598679337728279,180.0
1,noise,1,0.75,200,0.9635997766510656,0.9544997208138318,0.00029328625115957,0.9905359277629059,0.5984386447368024,0.0002598679337728279,180.0
1,noise,1,1.0,200,0.9412186981456895,0.9265233726821117,0.0007339805781449483,0.9905359277629059,0.5984386447368024,0.0002598679337728279,180.0
1,noise,1,1.25,200,0.9098571240806624,0.8873214051008281,0.0021267927929404227,0.9905359277629059,0.5984386447368024,0.0002598679337728279,180.0
1,noise,1,1.5,200,0.8760960382109695,0.8451200477637117,0.0027624654454404722,0.9905359277629059,0.5984386447368024,0.0002598679337728279,180.0
1,noise,1,2.0,200,0.8090022844283702,0.7612528555354626,0.007150069570689505,0.9905359277629059,0.5984386447368024,0.0002598679337728279,180.0
1,noise,1,2.5,200,0.7323854070715173,0.6654817588393968,0.008743304532953246,0.9905359277629059,0.5984386447368024,0.0002598679337728279,180.0
1,noise,1,3.0,200,0.640596245151732,0.5507453064396647,0.017046886030626995,0.9905359277629059,0.5984386447368024,0.0002598679337728279,180.0
1,noise,1,3.5,200,0.5631216546447562,0.4539020683059451,0.019280466198903386,0.9905359277629059,0.5984386447368024,0.0002598679337728279,180.0
1,noise,2,0.1,200,0.9814925492631215,0.9768656865789016,5.627761829743256e-06,0.9777090457348728,0.5387593527454542,0.0005338807288563716,180.0
1,noise,2,0.25,200,0.9784438402414907,0.9730548003018634,4.525240661288692e-05,0.9777090457348728,0.5387593527454542,0.0005338807288563716,180.0
1,noise,2,0.5,200,0.9695046140281509,0.9618807675351886,0.00017734139632564553,0.9777090457348728,0.5387593527454542,0.0005338807288563716,180.0
1,noise,2,0.75,200,0.9528496049942711,0.9410620062428389,0.0004166871222476551,0.9777090457348728,0.5387593527454542,0.0005338807288563716,180.0
1,noise,2,1.0,200,0.9323523619988411,0.9154404524985512,0.0010359610212876253,0.9777090457348728,0.5387593527454542,0.0005338807288563716,180.0
1,noise,2,1.25,200,0.905081898530193,0.8813523731627414,0.0022080348327222056,0.9777090457348728,0.5387593527454542,0.0005338807288563716,180.0
1,noise,2,1.5,200,0.8682260093559132,0.8352825116948912,0.003268930618275151,0.9777090457348728,0.5387593527454542,0.0005338807288563716,180.0
1,noise,2,2.0,200,0.799095541262778,0.7488694265784724,0.00806223236164993,0.9777090457348728,0.5387593527454542,0.0005338807288563716,180.0
1,noise,2,2.5,200,0.7256410152905103,0.6570512691131378,0.009461148800112186,0.9777090457348728,0.5387593527454542,0.0005338807288563716,180.0
1,noise,2,3.0,200,0.6312304473275926,0.5390380591594907,0.018093316222258876,0.9777090457348728,0.5387593527454542,0.0005338807288563716,180.0
1,noise,2,3.5,200,0.5570692675674119,0.44633658445926483,0.019381671649205876,0.9777090457348728,0.5387593527454542,0.0005338807288563716,180.0
1,noise,3,0.1,200,0.9977756544489603,0.9972195680612005,4.2460703582504157e-07,0.9976224089186672,0.3847922917011018,0.0003758955683910928,120.0
1,noise,3,0.25,200,0.9958665495191549,0.9948331868989435,3.4723957262079067e-06,0.9976224089186672,0.3847922917011018,0.0003758955683910928,120.0
1,noise,3,0.5,200,0.988695935334172,0.9858699191677149,2.6116091769596634e-05,0.9976224089186672,0.3847922917011018,0.0003758955683910928,120.0
1,noise,3,0.75,200,0.9779237660377866,0.9724047075472332,8.36476244105754e-05,0.9976224089186672,0.3847922917011018,0.0003758955683910928,120.0
1,noise,3,1.0,200,0.9637991868801024,0.9547489836001278,0.00027209519090815726,0.9976224089186672,0.3847922917011018,0.0003758955683910928,120.0
1,noise,3,1.25,200,0.9434494393777879,0.9293117992222346,0.000643259701269169,0.9976224089186672,0.3847922917011018,0.0003758955683910928,120.0
1,noise,3,1.5,200,0.9217636071336373,0.9022045089170463,0.001271675408844623,0.9976224089186672,0.3847922917011018,0.0003758955683910928,120.0
1,noise,3,2.0,200,0.8691660286776944,0.836457535847118,0.0036850622975907656,0.9976224089186672,0.3847922917011018,0.0003758955683910928,120.0
1,noise,3,2.5,200,0.8090354177883049,0.7612942722353812,0.00635183564174915,0.9976224089186672,0.3847922917011018,0.0003758955683910928,120.0
1,noise,3,3.0,200,0.7408633008349218,0.6760791260436523,0.010167027677697988,0.9976224089186672,0.3847922917011018,0.0003758955683910928,120.0
1,noise,3,3.5,200,0.6620056576303608,0.5775070720379509,0.014003210498590397,0.9976224089186672,0.3847922917011018,0.0003758955683910928,120.0
1,noise,4,0.1,200,0.9952099742317245,0.9940124677896557,9.265717256716242e-07,0.9943877674204193,0.366541707417211,0.0004601788700355885,110.0
1,noise,4,0.25,200,0.9935613577940334,0.9919516972425418,6.682200924813032e-06,0.9943877674204193,0.366541707417211,0.0004601788700355885,110.0
1,noise,4,0.5,200,0.9868232709296554,0.9835290886620689,3.5612553775002245e-05,0.9943877674204193,0.366541707417211,0.0004601788700355885,110.0
1,noise,4,0.75,200,0.9773578198969624,0.9716972748712029,0.0001095848916606243,0.9943877674204193,0.366541707417211,0.0004601788700355885,110.0
1,noise,4,1.0,200,0.9615930812290536,0.951991351536317,0.00031479574950593473,0.9943877674204193,0.366541707417211,0.0004601788700355885,110.0
1,noise,4,1.25,200,0.9480157812070322,0.9350197265087903,0.0004921602053260955,0.9943877674204193,0.366541707417211,0.0004601788700355885,110.0
1,noise,4,1.5,200,0.9260939984701704,0.9076174980877127,0.0011556440897608228,0.9943877674204193,0.366541707417211,0.0004601788700355885,110.0
1,noise,4,2.0,200,0.8741931270734572,0.8427414088418214,0.003250348645189487,0.9943877674204193,0.366541707417211,0.0004601788700355885,110.0
1,noise,4,2.5,200,0.8198917913442512,0.7748647391803138,0.004731741729335934,0.9943877674204193,0.366541707417211,0.0004601788700355885,110.0
1,noise,4,3.0,200,0.7542002368834254,0.6927502961042816,0.00930897195197697,0.9943877674204193,0.366541707417211,0.0004601788700355885,110.0
1,noise,4,3.5,200,0.6866665807978336,0.6083332259972921,0.01366086407306271,0.9943877674204193,0.366541707417211,0.0004601788700355885,110.0
1,noise,5,0.1,200,0.9952137545706474,0.9940171932133093,8.486108134036153e-07,0.9943923490997847,0.38779774226812025,0.00046485410232118804,104.0
1,noise,5,0.25,200,0.993742454792168,0.9921780684902101,5.408892898461587e-06,0.9943923490997847,0.38779774226812025,0.00046485410232118804,104.0
1,noise,5,0.5,200,0.9878495602774026,0.9848119503467533,2.761334576620535e-05,0.9943923490997847,0.38779774226812025,0.00046485410232118804,104.0
1,noise,5,0.75,200,0.9777842244939348,0.9722302806174185,9.607658036240231e-05,0.9943923490997847,0.38779774226812025,0.00046485410232118804,104.0
1,noise,5,1.0,200,0.9648615944008001,0.9560769930009999,0.00024986800640940435,0.9943923490997847,0.38779774226812025,0.00046485410232118804,104.0
1,noise,5,1.25,200,0.9501166821030215,0.9376458526287769,0.0005358696144300925,0.9943923490997847,0.38779774226812025,0.00046485410232118804,104.0
1,noise,5,1.5,200,0.9281902560916255,0.9102378201145319,0.001181949157915221,0.9943923490997847,0.38779774226812025,0.00046485410232118804,104.0
1,noise,5,2.0,200,0.8843106415716984,0.8553883019646227,0.002711499258506917,0.9943923490997847,0.38779774226812025,0.00046485410232118804,104.0
1,noise,5,2.5,200,0.8304881409891053,0.7881101762363815,0.004430571491159695,0.9943923490997847,0.38779774226812025,0.00046485410232118804,104.0
1,noise,5,3.0,200,0.7646482244825707,0.7058102806032132,0.010330190512790645,0.9943923490997847,0.38779774226812025,0.00046485410232118804,104.0
1,noise,5,3.5,200,0.7012446369550509,0.6265557961938135,0.011345137150879434,0.9943923490997847,0.38779774226812025,0.00046485410232118804,104.0
1,noise,6,0.1,200,0.9961871772064523,0.9952339715080651,5.730783111156581e-07,0.9955528218531098,0.38469139362262633,0.0005088674425364239,100.0
1,noise,6,0.25,200,0.9945935561933006,0.9932419452416257,5.199718376520421e-06,0.9955528218531098,0.38469139362262633,0.0005088674425364239,100.0
1,noise,6,0.5,200,0.9885845846568565,0.9857307308210704,2.709655085333582e-05,0.9955528218531098,0.38469139362262633,0.0005088674425364239,100.0
1,noise,6,0.75,200,0.9802198817219119,0.9752748521523898,8.377959723523723e-05,0.9955528218531098,0.38469139362262633,0.0005088674425364239,100.0
1,noise,6,1.0,200,0.9659992070162146,0.9574990087702681,0.00024367648009810048,0.9955528218531098,0.38469139362262633,0.0005088674425364239,100.0
1,noise,6,1.25,200,0.9517276359405387,0.9396595449256732,0.0005475109365119385,0.9955528218531098,0.38469139362262633,0.0005088674425364239,100.0
1,noise,6,1.5,200,0.9321821030473583,0.9152276288091977,0.0009818982179688593,0.9955528218531098,0.38469139362262633,0.0005088674425364239,100.0
1,noise,6,2.0,200,0.8884477673155342,0.8605597091444176,0.00258417324659793,0.9955528218531098,0.38469139362262633,0.0005088674425364239,100.0
1,noise,6,2.5,200,0.835150818197215,0.7939385227465189,0.004780331641134714,0.9955528218531098,0.38469139362262633,0.0005088674425364239,100.0
1,noise,6,3.0,200,0.7740798522818266,0.7175998153522829,0.010066144750884472,0.9955528218531098,0.38469139362262633,0.0005088674425364239,100.0
1,noise,6,3.5,200,0.7079731051776386,0.6349663814720482,0.011535221191953871,0.9955528218531098,0.38469139362262633,0.0005088674425364239,100.0
1,noise,7,0.1,200,0.9937524646248047,0.992190580781006,1.0479235433163815e-06,0.9924900990255437,0.38225909870681657,0.0005311065762376434,100.0
1,noise,7,0.25,200,0.9923097170750039,0.9903871463437548,7.483267068378781e-06,0.9924900990255437,0.38225909870681657,0.0005311065762376434,100.0
1,noise,7,0.5,200,0.9862121532445978,0.9827651915557472,3.5336905327185494e-05,0.9924900990255437,0.38225909870681657,0.0005311065762376434,100.0
1,noise,7,0.75,200,0.9779806438626455,0.9724758048283068,8.891082381778377e-05,0.9924900990255437,0.38225909870681657,0.0005311065762376434,100.0
1,noise,7,1.0,200,0.9647923621388741,0.9559904526735926,0.00024714085655144736,0.9924900990255437,0.38225909870681657,0.0005311065762376434,100.0
1,noise,7,1.25,200,0.9491597921026614,0.9364497401283265,0.0006302436158100369,0.9924900990255437,0.38225909870681657,0.0005311065762376434,100.0
1,noise,7,1.5,200,0.9288120891381972,0.9110151114227466,0.0011146522874118682,0.9924900990255437,0.38225909870681657,0.0005311065762376434,100.0
1,noise,7,2.0,200,0.8890190229755067,0.8612737787193834,0.0025564772760437206,0.9924900990255437,0.38225909870681657,0.0005311065762376434,100.0
1,noise,7,2.5,200,0.8339060218845629,0.7923825273557037,0.004813867684147532,0.9924900990255437,0.38225909870681657,0.0005311065762376434,100.0
1,noise,7,3.0,200,0.773500155141796,0.7168751939272449,0.009618895840563553,0.9924900990255437,0.38225909870681657,0.0005311065762376434,100.0
1,noise,7,3.5,200,0.7077344880847202,0.6346681101059,0.011180674539365271,0.9924900990255437,0.38225909870681657,0.0005311065762376434,100.0
1,noise,8,0.1,200,0.9864576894765102,0.9830721118456378,2.870177475922226e-06,0.9834546320480921,0.38557045308362486,0.0005544800551882688,102.0
1,noise,8,0.25,200,0.9849141652613403,0.9811427065766755,1.684502448906199e-05,0.9834546320480921,0.38557045308362486,0.0005544800551882688,102.0
1,noise,8,0.5,200,0.9785202565192684,0.9731503206490855,7.109551289738195e-05,0.9834546320480921,0.38557045308362486,0.0005544800551882688,102.0
1,noise,8,0.75,200,0.9712832214266437,0.9641040267833043,0.00018203761751633323,0.9834546320480921,0.38557045308362486,0.0005544800551882688,102.0
1,noise,8,1.0,200,0.9567096931789622,0.9458871164737029,0.000378963255596903,0.9834546320480921,0.38557045308362486,0.0005544800551882688,102.0
1,noise,8,1.25,200,0.9428062723155624,0.9285078403944528,0.000760987036211865,0.9834546320480921,0.38557045308362486,0.0005544800551882688,102.0
1,noise,8,1.5,200,0.923860209427301,0.904825261784126,0.0015427316946184386,0.9834546320480921,0.38557045308362486,0.0005544800551882688,102.0
1,noise,8,2.0,200,0.8768365119856288,0.846045639982036,0.003049176091430601,0.9834546320480921,0.38557045308362486,0.0005544800551882688,102.0
1,noise,8,2.5,200,0.8229131163319638,0.7786413954149548,0.005488258491286294,0.9834546320480921,0.38557045308362486,0.0005544800551882688,102.0
1,noise,8,3.0,200,0.7593910948064188,0.6992388685080235,0.010324092530013295,0.9834546320480921,0.38557045308362486,0.0005544800551882688,102.0
1,noise,8,3.5,200,0.6940337847283093,0.6175422309103866,0.012464369527719009,0.9834546320480921,0.38557045308362486,0.0005544800551882688,102.0
1,noise,9,0.1,200,0.9870357732163175,0.9837947165203969,2.5123444569127373e-06,0.9840375248606918,0.3859859297937066,0.0005399414476040018,100.0
1,noise,9,0.25,200,0.9856825358002098,0.9821031697502624,1.7052119794799916e-05,0.9840375248606918,0.3859859297937066,0.0005399414476040018,100.0
1,noise,9,0.5,200,0.9795006594671998,0.9743758243339997,6.923160894942806e-05,0.9840375248606918,0.3859859297937066,0.0005399414476040018,100.0
1,noise,9,0.75,200,0.9708785188452659,0.9635981485565821,0.00014678331650995623,0.9840375248606918,0.3859859297937066,0.0005399414476040018,100.0
1,noise,9,1.0,200,0.9586339309106663,0.9482924136383327,0.00038410732115462434,0.9840375248606918,0.3859859297937066,0.0005399414476040018,100.0
1,noise,9,1.25,200,0.9432314649862396,0.9290393312327996,0.000861678381230454,0.9840375248606918,0.3859859297937066,0.0005399414476040018,100.0
1,noise,9,1.5,200,0.9225548961177881,0.9031936201472353,0.001326961221713856,0.9840375248606918,0.3859859297937066,0.0005399414476040018,100.0
1,noise,9,2.0,200,0.8811326734718116,0.8514158418397645,0.0028388225231769384,0.9840375248606918,0.3859859297937066,0.0005399414476040018,100.0
1,noise,9,2.5,200,0.8288942156073716,0.7861177695092144,0.005529157471764785,0.9840375248606918,0.3859859297937066,0.0005399414476040018,100.0
1,noise,9,3.0,200,0.768846346462364,0.7110579330779551,0.010001776884537284,0.9840375248606918,0.3859859297937066,0.0005399414476040018,100.0
1,noise,9,3.5,200,0.7057024123295975,0.6321280154119968,0.011470665585715762,0.9840375248606918,0.3859859297937066,0.0005399414476040018,100.0
1,noise,10,0.1,200,0.9857287209820044,0.9821609012275053,2.7908885717099656e-06,0.9824239779274144,0.3884894294550446,0.0005611028174855425,98.0
1,noise,10,0.25,200,0.9841373774794726,0.9801717218493405,1.7850764135196606e-05,0.9824239779274144,0.3884894294550446,0.0005611028174855425,98.0
1,noise,10,0.5,200,0.9777011468928412,0.9721264336160512,8.45974291101694e-05,0.9824239779274144,0.3884894294550446,0.0005611028174855425,98.0
1,noise,10,0.75,200,0.9705412525482684,0.9631765656853355,0.00016423073671443917,0.9824239779274144,0.3884894294550446,0.0005611028174855425,98.0
1,noise,10,1.0,200,0.9565966031672339,0.9457457539590421,0.00040298940934929966,0.9824239779274144,0.3884894294550446,0.0005611028174855425,98.0
1,noise,10,1.25,200,0.9420630221872104,0.9275787777340131,0.0007269523884126275,0.9824239779274144,0.3884894294550446,0.0005611028174855425,98.0
1,noise,10,1.5,200,0.9249481432123545,0.906185179015443,0.0012851812548581836,0.9824239779274144,0.3884894294550446,0.0005611028174855425,98.0
1,noise,10,2.0,200,0.8825980340687494,0.8532475425859366,0.0029793239766634175,0.9824239779274144,0.3884894294550446,0.0005611028174855425,98.0
1,noise,10,2.5,200,0.8313125253666022,0.7891406567082526,0.004644302622235073,0.9824239779274144,0.3884894294550446,0.0005611028174855425,98.0
1,noise,10,3.0,200,0.7692127045926576,0.7115158807408218,0.009415763852989279,0.9824239779274144,0.3884894294550446,0.0005611028174855425,98.0
1,noise,10,3.5,200,0.703527008378927,0.6294087604736586,0.012761446227644437,0.9824239779274144,0.3884894294550446,0.0005611028174855425,98.0
1,noise,11,0.1,200,0.9864105697674632,0.9830132122093288,2.498578900789626e-06,0.9832490181694341,0.38965973424830774,0.0005499172572337353,98.0
1,noise,11,0.25,200,0.9849402681383504,0.9811753351729376,1.6245609889984897e-05,0.9832490181694341,0.38965973424830774,0.0005499172572337353,98.0
1,noise,11,0.5,200,0.9784364500896165,0.9730455626120207,7.91454079148838e-05,0.9832490181694341,0.38965973424830774,0.0005499172572337353,98.0
1,noise,11,0.75,200,0.9708519436594504,0.963564929574313,0.0001606028706782195,0.9832490181694341,0.38965973424830774,0.0005499172572337353,98.0
1,noise,11,1.0,200,0.9582318140123945,0.9477897675154933,0.00038053652471178547,0.9832490181694341,0.38965973424830774,0.0005499172572337353,98.0
1,noise,11,1.25,200,0.9426710923643151,0.9283388654553939,0.0007103190501865062,0.9832490181694341,0.38965973424830774,0.0005499172572337353,98.0
1,noise,11,1.5,200,0.9251909035959497,0.9064886294949369,0.0013073536776189033,0.9832490181694341,0.38965973424830774,0.0005499172572337353,98.0
1,noise,11,2.0,200,0.883889102128612,0.854861377660765,0.002830419452866425,0.9832490181694341,0.38965973424830774,0.0005499172572337353,98.0
1,noise,11,2.5,200,0.8331359077475509,0.7914198846844382,0.004718419440279537,0.9832490181694341,0.38965973424830774,0.0005499172572337353,98.0
1,noise,11,3.0,200,0.7702211787668581,0.7127764734585726,0.009707264699529627,0.9832490181694341,0.38965973424830774,0.0005499172572337353,98.0
1,noise,11,3.5,200,0.7065187207324408,0.633148400915551,0.012931936574461109,0.9832490181694341,0.38965973424830774,0.0005499172572337353,98.0
1,noise,12,0.1,200,0.9848221357649849,0.9810276697062309,2.8531372260101843e-06,0.9812658958714351,0.38455968412593655,0.0005750359075534075,98.0
1,noise,12,0.25,200,0.9833050608291849,0.9791313260364809,1.8293237755402625e-05,0.9812658958714351,0.38455968412593655,0.0005750359075534075,98.0
1,noise,12,0.5,200,0.9767459489032885,0.9709324361291104,8.983147448934895e-05,0.9812658958714351,0.38455968412593655,0.0005750359075534075,98.0
1,noise,12,0.75,200,0.9694944442782246,0.9618680553477807,0.00017097644398022515,0.9812658958714351,0.38455968412593655,0.0005750359075534075,98.0
1,noise,12,1.0,200,0.9561784469442153,0.945223058680269,0.0004122906770494676,0.9812658958714351,0.38455968412593655,0.0005750359075534075,98.0
1,noise,12,1.25,200,0.9411502191794938,0.9264377739743673,0.000752796257712073,0.9812658958714351,0.38455968412593655,0.0005750359075534075,98.0
1,noise,12,1.5,200,0.9237980012813969,0.9047475016017458,0.0013447955203501278,0.9812658958714351,0.38455968412593655,0.0005750359075534075,98.0
1,noise,12,2.0,200,0.8825686591205204,0.8532108239006502,0.002931378403390478,0.9812658958714351,0.38455968412593655,0.0005750359075534075,98.0
1,noise,12,2.5,200,0.8314544004229512,0.7893180005286888,0.0047862893364904735,0.9812658958714351,0.38455968412593655,0.0005750359075534075,98.0
1,noise,12,3.0,200,0.7693745011192384,0.711718126399048,0.009588375299956438,0.9812658958714351,0.38455968412593655,0.0005750359075534075,98.0
1,noise,12,3.5,200,0.7043811544657971,0.6304764430822464,0.012956222715418058,0.9812658958714351,0.38455968412593655,0.0005750359075534075,98.0
1,noise,13,0.1,200,0.9895775956845463,0.9869719946056827,1.94017920347508e-06,0.9872042703313965,0.3627880960872712,0.0006061586675119863,98.0
1,noise,13,0.25,200,0.9880827477574269,0.9851034346967835,1.1333334600359533e-05,0.9872042703313965,0.3627880960872712,0.0006061586675119863,98.0
1,noise,13,0.5,200,0.9818050222405672,0.9772562778007089,6.393067576637236e-05,0.9872042703313965,0.3627880960872712,0.0006061586675119863,98.0
1,noise,13,0.75,200,0.9738191709139438,0.9672739636424297,0.00013309320143595337,0.9872042703313965,0.3627880960872712,0.0006061586675119863,98.0
1,noise,13,1.0,200,0.9616580598712133,0.9520725748390164,0.0003131876972852906,0.9872042703313965,0.3627880960872712,0.0006061586675119863,98.0
1,noise,13,1.25,200,0.94570770386717,0.932134629833962,0.0006435375486766003,0.9872042703313965,0.3627880960872712,0.0006061586675119863,98.0
1,noise,13,1.5,200,0.9274611301833453,0.9093264127291811,0.0012447950811800596,0.9872042703313965,0.3627880960872712,0.0006061586675119863,98.0
1,noise,13,2.0,200,0.887623608323417,0.8595295104042713,0.002686677783616623,0.9872042703313965,0.3627880960872712,0.0006061586675119863,98.0
1,noise,13,2.5,200,0.8352594992422262,0.7940743740527829,0.004674471240663611,0.9872042703313965,0.3627880960872712,0.0006061586675119863,98.0
1,noise,13,3.0,200,0.7714625572401725,0.7143281965502155,0.009563190079055086,0.9872042703313965,0.3627880960872712,0.0006061586675119863,98.0
1,noise,13,3.5,200,0.7072888232840305,0.634111029105038,0.012890516885207468,0.9872042703313965,0.3627880960872712,0.0006061586675119863,98.0
1,noise,14,0.1,200,0.9854089384698469,0.9817611730873087,2.7916360187257112e-06,0.9819809784381098,0.3897929961289047,0.0006560054801089571,96.0
1,noise,14,0.25,200,0.9838759257492664,0.9798449071865829,1.6900536048376542e-05,0.9819809784381098,0.3897929961289047,0.0006560054801089571,96.0
1,noise,14,0.5,200,0.9776466801269887,0.9720583501587357,8.114276278213466e-05,0.9819809784381098,0.3897929961289047,0.0006560054801089571,96.0
1,noise,14,0.75,200,0.9701487146438996,0.9626858933048743,0.00018269397806887821,0.9819809784381098,0.3897929961289047,0.0006560054801089571,96.0
1,noise,14,1.0,200,0.9568169338078083,0.9460211672597603,0.0004258505178948126,0.9819809784381098,0.3897929961289047,0.0006560054801089571,96.0
1,noise,14,1.25,200,0.9432845220354267,0.9291056525442832,0.0006624650015022684,0.9819809784381098,0.3897929961289047,0.0006560054801089571,96.0
1,noise,14,1.5,200,0.9244551212205139,0.9055689015256422,0.0013963912523364708,0.9819809784381098,0.3897929961289047,0.0006560054801089571,96.0
1,noise,14,2.0,200,0.8816862832446095,0.8521078540557616,0.002813100152132595,0.9819809784381098,0.3897929961289047,0.0006560054801089571,96.0
1,noise,14,2.5,200,0.8300823170634906,0.7876028963293632,0.005507132198521351,0.9819809784381098,0.3897929961289047,0.0006560054801089571,96.0
1,noise,14,3.0,200,0.7752448730563839,0.7190560913204798,0.009602400608880244,0.9819809784381098,0.3897929961289047,0.0006560054801089571,96.0
1,noise,14,3.5,200,0.7152897929917491,0.6441122412396862,0.010758673548191947,0.9819809784381098,0.3897929961289047,0.0006560054801089571,96.0
1,noise,15,0.1,200,0.9870165271356695,0.9837706589195868,2.5048351824407816e-06,0.9840189861309114,0.3729987328562556,0.0006856949913132244,96.0
1,noise,15,0.25,200,0.9854937256333814,0.9818671570417266,1.371366376770187e-05,0.9840189861309114,0.3729987328562556,0.0006856949913132244,96.0
1,noise,15,0.5,200,0.9793648037185104,0.9742060046481378,7.286948216748287e-05,0.9840189861309114,0.3729987328562556,0.0006856949913132244,96.0
1,noise,15,0.75,200,0.9719543708532685,0.9649429635665857,0.00017092937399727185,0.9840189861309114,0.3729987328562556,0.0006856949913132244,96.0
1,noise,15,1.0,200,0.9581172975728386,0.9476466219660483,0.00034436773371749837,0.9840189861309114,0.3729987328562556,0.0006856949913132244,96.0
1,noise,15,1.25,200,0.9442059893909912,0.9302574867387391,0.0006341166341627756,0.9840189861309114,0.3729987328562556,0.0006856949913132244,96.0
1,noise,15,1.5,200,0.9252218769371402,0.9065273461714253,0.0013428909839131985,0.9840189861309114,0.3729987328562556,0.0006856949913132244,96.0
1,noise,15,2.0,200,0.8851067298133458,0.856383412266682,0.0025050432101101756,0.9840189861309114,0.3729987328562556,0.0006856949913132244,96.0
1,noise,15,2.5,200,0.8307980253672785,0.7884975317090982,0.005037729861589395,0.9840189861309114,0.3729987328562556,0.0006856949913132244,96.0
1,noise,15,3.0,200,0.7759820943797523,0.7199776179746901,0.009122289766355198,0.9840189861309114,0.3729987328562556,0.0006856949913132244,96.0
1,noise,15,3.5,200,0.7141987616352216,0.6427484520440268,0.010315032310241752,0.9840189861309114,0.3729987328562556,0.0006856949913132244,96.0
1,noise,16,0.1,200,0.9837908864197907,0.9797386080247383,2.9187307802310074e-06,0.9799466666437964,0.3985037403397218,0.0007448750950806584,98.0
1,noise,16,0.25,200,0.9823153280605421,0.9778941600756778,1.7135732513653265e-05,0.9799466666437964,0.3985037403397218,0.0007448750950806584,98.0
1,noise,16,0.5,200,0.9758098340322772,0.9697622925403462,8.340404772063593e-05,0.9799466666437964,0.3985037403397218,0.0007448750950806584,98.0
1,noise,16,0.75,200,0.9679610854578933,0.9599513568223665,0.00017833867843691906,0.9799466666437964,0.3985037403397218,0.0007448750950806584,98.0
1,noise,16,1.0,200,0.9555264714222234,0.9444080892777791,0.0004332880643319495,0.9799466666437964,0.3985037403397218,0.0007448750950806584,98.0
1,noise,16,1.25,200,0.9403028484844713,0.9253785606055891,0.0007600290160256344,0.9799466666437964,0.3985037403397218,0.0007448750950806584,98.0
1,noise,16,1.5,200,0.9225191487191851,0.9031489358989814,0.0013774594679390663,0.9799466666437964,0.3985037403397218,0.0007448750950806584,98.0
1,noise,16,2.0,200,0.8799524438711382,0.8499405548389225,0.0030240724004419817,0.9799466666437964,0.3985037403397218,0.0007448750950806584,98.0
1,noise,16,2.5,200,0.8294704254507574,0.7868380318134467,0.005013934484692708,0.9799466666437964,0.3985037403397218,0.0007448750950806584,98.0
1,noise,16,3.0,200,0.7668444049159766,0.7085555061449708,0.010154919412812633,0.9799466666437964,0.3985037403397218,0.0007448750950806584,98.0
1,noise,16,3.5,200,0.7041329513787679,0.6301661892234597,0.01302532714739413,0.9799466666437964,0.3985037403397218,0.0007448750950806584,98.0
1,noise,17,0.1,200,0.9423968122666546,0.9279960153333181,1.4874842373890577e-05,0.9281072063389025,1.139832578578455,0.001400657697968299,180.0
1,noise,17,0.25,200,0.939303317996785,0.9241291474959812,0.00011426101709996348,0.9281072063389025,1.139832578578455,0.001400657697968299,180.0
1,noise,17,0.5,200,0.9287082929198919,0.9108853661498649,0.0004069478952375416,0.9281072063389025,1.139832578578455,0.001400657697968299,180.0
1,noise,17,0.75,200,0.9164275740566166,0.8955344675707704,0.0008646606271515142,0.9281072063389025,1.139832578578455,0.001400657697968299,180.0
1,noise,17,1.0,200,0.8948698836843865,0.8685873546054828,0.0019376927115004195,0.9281072063389025,1.139832578578455,0.001400657697968299,180.0
1,noise,17,1.25,200,0.8623137464688888,0.8278921830861108,0.004106882738230244,0.9281072063389025,1.139832578578455,0.001400657697968299,180.0
1,noise,17,1.5,200,0.8350762925338917,0.7938453656673645,0.005095739324500039,0.9281072063389025,1.139832578578455,0.001400657697968299,180.0
1,noise,17,2.0,200,0.7767963818444606,0.7209954773055759,0.00931859755290566,0.9281072063389025,1.139832578578455,0.001400657697968299,180.0
1,noise,17,2.5,200,0.7028580440529988,0.6285725550662484,0.010721866679835702,0.9281072063389025,1.139832578578455,0.001400657697968299,180.0
1,noise,17,3.0,200,0.6195634675671662,0.5244543344589577,0.018343403246099566,0.9281072063389025,1.139832578578455,0.001400657697968299,180.0
1,noise,17,3.5,200,0.5474058067843195,0.43425725848039926,0.021327928178690843,0.9281072063389025,1.139832578578455,0.001400657697968299,180.0
1,noise,18,0.1,200,0.9846416141113548,0.9808020176391934,3.0063721332666127e-06,0.9809990167888437,0.391508974344052,0.0008138615922878827,94.0
1,noise,18,0.25,200,0.9831482252896386,0.9789352816120482,1.655748282873721e-05,0.9809990167888437,0.391508974344052,0.0008138615922878827,94.0
1,noise,18,0.5,200,0.976868831679251,0.9710860395990637,7.271877891061188e-05,0.9809990167888437,0.391508974344052,0.0008138615922878827,94.0
1,noise,18,0.75,200,0.9701982241217006,0.9627477801521259,0.00017391938175401712,0.9809990167888437,0.391508974344052,0.0008138615922878827,94.0
1,noise,18,1.0,200,0.95696826258826,0.946210328235325,0.000350889513223855,0.9809990167888437,0.391508974344052,0.0008138615922878827,94.0
1,noise,18,1.25,200,0.9424949660730185,0.9281187075912731,0.0007405966074037668,0.9809990167888437,0.391508974344052,0.0008138615922878827,94.0
1,noise,18,1.5,200,0.925308211671325,0.9066352645891561,0.0013275603819457463,0.9809990167888437,0.391508974344052,0.0008138615922878827,94.0
1,noise,18,2.0,200,0.8834386389075057,0.8542982986343819,0.003325318432845934,0.9809990167888437,0.391508974344052,0.0008138615922878827,94.0
1,noise,18,2.5,200,0.8321259162311041,0.7901573952888802,0.004993465064866043,0.9809990167888437,0.391508974344052,0.0008138615922878827,94.0
1,noise,18,3.0,200,0.7772862566707559,0.7216078208384447,0.008573269002089899,0.9809990167888437,0.391508974344052,0.0008138615922878827,94.0
1,noise,18,3.5,200,0.7165308214045094,0.6456635267556368,0.01060639001558637,0.9809990167888437,0.391508974344052,0.0008138615922878827,94.0
1,noise,19,0.1,200,0.9833380425735975,0.9791725532169968,3.10408124595451e-06,0.9793581787033083,0.39072675721544,0.000870545310117798,98.0
1,noise,19,0.25,200,0.9817793332784316,0.9772241665980396,1.8163695320973235e-05,0.9793581787033083,0.39072675721544,0.000870545310117798,98.0
1,noise,19,0.5,200,0.9751046603898094,0.9688808254872617,9.654272745764947e-05,0.9793581787033083,0.39072675721544,0.000870545310117798,98.0
1,noise,19,0.75,200,0.967851465439945,0.959814331799931,0.00018312307784752713,0.9793581787033083,0.39072675721544,0.000870545310117798,98.0
1,noise,19,1.0,200,0.9545296524879778,0.9431620656099723,0.0004321219637207814,0.9793581787033083,0.39072675721544,0.000870545310117798,98.0
1,noise,19,1.25,200,0.9392199989843605,0.9240249987304503,0.0008004524327254064,0.9793581787033083,0.39072675721544,0.000870545310117798,98.0
1,noise,19,1.5,200,0.9215760985043018,0.901970123130377,0.0013966668643094332,0.9793581787033083,0.39072675721544,0.000870545310117798,98.0
1,noise,19,2.0,200,0.8807797246157997,0.8509746557697494,0.0030861336106869446,0.9793581787033083,0.39072675721544,0.000870545310117798,98.0
1,noise,19,2.5,200,0.828316295947031,0.785395369933789,0.004996579362085457,0.9793581787033083,0.39072675721544,0.000870545310117798,98.0
1,noise,19,3.0,200,0.7671451809468494,0.7089314761835616,0.009834946516736652,0.9793581787033083,0.39072675721544,0.000870545310117798,98.0
1,noise,19,3.5,200,0.7015980823605021,0.6269976029506276,0.013215979929768047,0.9793581787033083,0.39072675721544,0.000870545310117798,98.0
1,noise,20,0.1,200,0.9853549658225497,0.981693707278187,2.7182873324850205e-06,0.9819061862100241,0.3900059271417638,0.0008903789289813648,96.0
1,noise,20,0.25,200,0.9838213579082444,0.9797766973853055,1.4966637578700949e-05,0.9819061862100241,0.3900059271417638,0.0008903789289813648,96.0
1,noise,20,0.5,200,0.9774398104700757,0.9717997630875945,7.585134933148113e-05,0.9819061862100241,0.3900059271417638,0.0008903789289813648,96.0
1,noise,20,0.75,200,0.9700626943611028,0.9625783679513785,0.0001781159661007465,0.9819061862100241,0.3900059271417638,0.0008903789289813648,96.0
1,noise,20,1.0,200,0.9569208591007492,0.9461510738759364,0.0003984171411711052,0.9819061862100241,0.3900059271417638,0.0008903789289813648,96.0
1,noise,20,1.25,200,0.9427555861028836,0.9284444826286042,0.0006997616775386489,0.9819061862100241,0.3900059271417638,0.0008903789289813648,96.0
1,noise,20,1.5,200,0.9234330978764366,0.9042913723455457,0.0014269526295453598,0.9819061862100241,0.3900059271417638,0.0008903789289813648,96.0
1,noise,20,2.0,200,0.8823639586924479,0.8529549483655597,0.0027103399152291936,0.9819061862100241,0.3900059271417638,0.0008903789289813648,96.0
1,noise,20,2.5,200,0.8288903938508692,0.7861129923135864,0.005497203612188212,0.9819061862100241,0.3900059271417638,0.0008903789289813648,96.0
1,noise,20,3.0,200,0.7747709403479714,0.7184636754349643,0.0094628320671807,0.9819061862100241,0.3900059271417638,0.0008903789289813648,96.0
1,noise,20,3.5,200,0.714685726586809,0.6433571582335109,0.010876246264260698,0.9819061862100241,0.3900059271417638,0.0008903789289813648,96.0
1,noise,21,0.1,200,0.9829155657391457,0.9786444571739323,3.1571686918712327e-06,0.9788822444452505,0.3975001900565769,0.0009750828454438838,102.0
1,noise,21,0.25,200,0.981451131714149,0.9768139146426862,1.9715054789371885e-05,0.9788822444452505,0.3975001900565769,0.0009750828454438838,102.0
1,noise,21,0.5,200,0.9745104436677651,0.9681380545847059,9.073113498441824e-05,0.9788822444452505,0.3975001900565769,0.0009750828454438838,102.0
1,noise,21,0.75,200,0.9669674233650352,0.9587092792062941,0.00021004073417857784,0.9788822444452505,0.3975001900565769,0.0009750828454438838,102.0
1,noise,21,1.0,200,0.9536719320503096,0.9420899150628869,0.0004924613312570356,0.9788822444452505,0.3975001900565769,0.0009750828454438838,102.0
1,noise,21,1.25,200,0.9386690905854338,0.9233363632317924,0.0008452152399651984,0.9788822444452505,0.3975001900565769,0.0009750828454438838,102.0
1,noise,21,1.5,200,0.9194442970095524,0.8993053712619407,0.001794795821727177,0.9788822444452505,0.3975001900565769,0.0009750828454438838,102.0
1,noise,21,2.0,200,0.8741130788951055,0.8426413486188818,0.003143804470618503,0.9788822444452505,0.3975001900565769,0.0009750828454438838,102.0
1,noise,21,2.5,200,0.818071950423032,0.77258993802879,0.005694996931507998,0.9788822444452505,0.3975001900565769,0.0009750828454438838,102.0
1,noise,21,3.0,200,0.7575190306070503,0.6968987882588128,0.009979710819412728,0.9788822444452505,0.3975001900565769,0.0009750828454438838,102.0
1,noise,21,3.5,200,0.6924907716194889,0.6156134645243612,0.012305477425452818,0.9788822444452505,0.3975001900565769,0.0009750828454438838,102.0
1,noise,22,0.1,200,0.9908075210446354,0.9885094013057943,1.8734844655390694e-06,0.9890260455092957,0.8739900268810714,0.0015834420681007965,180.0
1,noise,22,0.25,200,0.9876832796159896,0.984604099519987,1.6726729183515935e-05,0.9890260455092957,0.8739900268810714,0.0015834420681007965,180.0
1,noise,22,0.5,200,0.9776823190123274,0.9721028987654091,9.00628821849665e-05,0.9890260455092957,0.8739900268810714,0.0015834420681007965,180.0
1,noise,22,0.75,200,0.9631889016727538,0.9539861270909423,0.0002642649275406046,0.9890260455092957,0.8739900268810714,0.0015834420681007965,180.0
1,noise,22,1.0,200,0.9416943815131358,0.9271179768914196,0.0007429767051416031,0.9890260455092957,0.8739900268810714,0.0015834420681007965,180.0
1,noise,22,1.25,200,0.9095336370199392,0.8869170462749238,0.0021364678060330836,0.9890260455092957,0.8739900268810714,0.0015834420681007965,180.0
1,noise,22,1.5,200,0.877915972920206,0.8473949661502573,0.002965657134033215,0.9890260455092957,0.8739900268810714,0.0015834420681007965,180.0
1,noise,22,2.0,200,0.812357945309139,0.7654474316364238,0.0072970917401727385,0.9890260455092957,0.8739900268810714,0.0015834420681007965,180.0
1,noise,22,2.5,200,0.7365779609990963,0.6707224512488702,0.009084020885294626,0.9890260455092957,0.8739900268810714,0.0015834420681007965,180.0
1,noise,22,3.0,200,0.6457787872191787,0.5572234840239734,0.018683173807342305,0.9890260455092957,0.8739900268810714,0.0015834420681007965,180.0
1,noise,22,3.5,200,0.569094330558211,0.46136791319776355,0.021121100941299674,0.9890260455092957,0.8739900268810714,0.0015834420681007965,180.0
1,noise,23,0.1,200,0.9941425442075126,0.9926781802593908,9.342015583331783e-07,0.9932186969238814,0.8227434005332193,0.0015670436776156478,180.0
1,noise,23,0.25,200,0.9910195232140536,0.9887744040175668,1.0540501471151741e-05,0.9932186969238814,0.8227434005332193,0.0015670436776156478,180.0
1,noise,23,0.5,200,0.9811704355970371,0.9764630444962964,6.288316882081837e-05,0.9932186969238814,0.8227434005332193,0.0015670436776156478,180.0
1,noise,23,0.75,200,0.9661105843818585,0.9576382304773229,0.0002219277200234098,0.9932186969238814,0.8227434005332193,0.0015670436776156478,180.0
1,noise,23,1.0,200,0.9448830047092504,0.9311037558865628,0.0006398036213587912,0.9932186969238814,0.8227434005332193,0.0015670436776156478,180.0
1,noise,23,1.25,200,0.9134042177854893,0.8917552722318615,0.0019015797901036815,0.9932186969238814,0.8227434005332193,0.0015670436776156478,180.0
1,noise,23,1.5,200,0.8806540402265979,0.8508175502832473,0.002877586487309748,0.9932186969238814,0.8227434005332193,0.0015670436776156478,180.0
1,noise,23,2.0,200,0.8142183982844714,0.7677729978555894,0.007232918001132166,0.9932186969238814,0.8227434005332193,0.0015670436776156478,180.0
1,noise,23,2.5,200,0.7384016232909967,0.6730020291137461,0.008991037720193287,0.9932186969238814,0.8227434005332193,0.0015670436776156478,180.0
1,noise,23,3.0,200,0.6466636472327705,0.5583295590409629,0.01872738895763089,0.9932186969238814,0.8227434005332193,0.0015670436776156478,180.0
1,noise,23,3.5,200,0.5703299342183658,0.4629124177729571,0.020960944198741425,0.9932186969238814,0.8227434005332193,0.0015670436776156478,180.0
1,noise,24,0.1,200,0.9863644140816824,0.9829555176021028,2.5973203385108625e-06,0.9831919627493603,0.38085785559443336,0.0008971327322352298,98.0
1,noise,24,0.25,200,0.9848132026729659,0.9810165033412074,1.4988823332563632e-05,0.9831919627493603,0.38085785559443336,0.0008971327322352298,98.0
1,noise,24,0.5,200,0.978326441164668,0.9729080514558348,8.058546128656006e-05,0.9831919627493603,0.38085785559443336,0.0008971327322352298,98.0
1,noise,24,0.75,200,0.9709058278049011,0.9636322847561261,0.00015672903940130767,0.9831919627493603,0.38085785559443336,0.0008971327322352298,98.0
1,noise,24,1.0,200,0.9574563791240099,0.9468204739050122,0.00039628933896331973,0.9831919627493603,0.38085785559443336,0.0008971327322352298,98.0
1,noise,24,1.25,200,0.9428483898748592,0.9285604873435738,0.0007239374932297437,0.9831919627493603,0.38085785559443336,0.0008971327322352298,98.0
1,noise,24,1.5,200,0.9248946640252793,0.9061183300315989,0.0013042373728632125,0.9831919627493603,0.38085785559443336,0.0008971327322352298,98.0
1,noise,24,2.0,200,0.882924105571902,0.8536551319648775,0.0030016150623650944,0.9831919627493603,0.38085785559443336,0.0008971327322352298,98.0
1,noise,24,2.5,200,0.8308346207515673,0.7885432759394588,0.004875245475257745,0.9831919627493603,0.38085785559443336,0.0008971327322352298,98.0
1,noise,24,3.0,200,0.7688866110777972,0.7111082638472465,0.009656188957464699,0.9831919627493603,0.38085785559443336,0.0008971327322352298,98.0
1,noise,24,3.5,200,0.7037152669296523,0.6296440836620653,0.012884042783083376,0.9831919627493603,0.38085785559443336,0.0008971327322352298,98.0
1,noise,25,0.1,200,0.9846337087476345,0.9807921359345432,2.895217100559299e-06,0.9809881334370667,0.3953911156228013,0.0009074445123938657,98.0
1,noise,25,0.25,200,0.9830838872465772,0.9788548590582218,1.619823893162368e-05,0.9809881334370667,0.3953911156228013,0.0009074445123938657,98.0
1,noise,25,0.5,200,0.9764359469258391,0.9705449336572989,8.924203178693502e-05,0.9809881334370667,0.3953911156228013,0.0009074445123938657,98.0
1,noise,25,0.75,200,0.9690821199937933,0.9613526499922415,0.00017180653532627928,0.9809881334370667,0.3953911156228013,0.0009074445123938657,98.0
1,noise,25,1.0,200,0.9558447338838234,0.9448059173547791,0.0004145257739879456,0.9809881334370667,0.3953911156228013,0.0009074445123938657,98.0
1,noise,25,1.25,200,0.9407039216001061,0.9258799020001324,0.0007748053244591668,0.9809881334370667,0.3953911156228013,0.0009074445123938657,98.0
1,noise,25,1.5,200,0.9228076708388259,0.9035095885485321,0.001372489093502399,0.9809881334370667,0.3953911156228013,0.0009074445123938657,98.0
1,noise,25,2.0,200,0.8817257024877393,0.852157128109674,0.003054924511374812,0.9809881334370667,0.3953911156228013,0.0009074445123938657,98.0
1,noise,25,2.5,200,0.8292045283233858,0.7865056604042323,0.005010986174575572,0.9809881334370667,0.3953911156228013,0.0009074445123938657,98.0
1,noise,25,3.0,200,0.7678428921780043,0.7098036152225052,0.009777117381476623,0.9809881334370667,0.3953911156228013,0.0009074445123938657,98.0
1,noise,25,3.5,200,0.7024139011125968,0.6280173763907458,0.013164723478397611,0.9809881334370667,0.3953911156228013,0.0009074445123938657,98.0
1,noise,26,0.1,200,0.9860751821670718,0.9825939777088398,2.5734655569013523e-06,0.9827846285267476,0.3883181802789799,0.000897249488833405,98.0
1,noise,26,0.25,200,0.9845336426995814,0.9806670533744767,1.4253498641309876e-05,0.9827846285267476,0.3883181802789799,0.000897249488833405,98.0
1,noise,26,0.5,200,0.9779916832905073,0.9724896041131339,7.940064017986972e-05,0.9827846285267476,0.3883181802789799,0.000897249488833405,98.0
1,noise,26,0.75,200,0.9703188751778733,0.9628985939723416,0.00015878457829166147,0.9827846285267476,0.3883181802789799,0.000897249488833405,98.0
1,noise,26,1.0,200,0.9574990184976913,0.9468737731221141,0.0003878367795758684,0.9827846285267476,0.3883181802789799,0.000897249488833405,98.0
1,noise,26,1.25,200,0.9420982275278491,0.927622784409811,0.0007333794388618102,0.9827846285267476,0.3883181802789799,0.000897249488833405,98.0
1,noise,26,1.5,200,0.9240231983095377,0.9050289978869221,0.001332829095250235,0.9827846285267476,0.3883181802789799,0.000897249488833405,98.0
1,noise,26,2.0,200,0.8828922884311834,0.8536153605389794,0.0029616656330363343,0.9827846285267476,0.3883181802789799,0.000897249488833405,98.0
1,noise,26,2.5,200,0.8305979418368743,0.788247427296093,0.004979464292500512,0.9827846285267476,0.3883181802789799,0.000897249488833405,98.0
1,noise,26,3.0,200,0.7685139590636857,0.710642448829607,0.0098714946510104,0.9827846285267476,0.3883181802789799,0.000897249488833405,98.0
1,noise,26,3.5,200,0.7035725132551951,0.6294656415689937,0.013159019049603402,0.9827846285267476,0.3883181802789799,0.000897249488833405,98.0
1,noise,27,0.1,200,0.9835882859535708,0.9794853574419636,2.899074552966483e-06,0.9797384231646661,0.3995519882074061,0.0010409195723192176,102.0
1,noise,27,0.25,200,0.9821307152590137,0.9776633940737673,1.877223869332238e-05,0.9797384231646661,0.3995519882074061,0.0010409195723192176,102.0
1,noise,27,0.5,200,0.9752621392095746,0.9690776740119681,8.568084769528687e-05,0.9797384231646661,0.3995519882074061,0.0010409195723192176,102.0
1,noise,27,0.75,200,0.9675643365357995,0.9594554206697492,0.00019645210342390633,0.9797384231646661,0.3995519882074061,0.0010409195723192176,102.0
1,noise,27,1.0,200,0.954175503851721,0.9427193798146513,0.00047697325676922134,0.9797384231646661,0.3995519882074061,0.0010409195723192176,102.0
1,noise,27,1.25,200,0.9393396694900251,0.9241745868625314,0.0008105449479392761,0.9797384231646661,0.3995519882074061,0.0010409195723192176,102.0
1,noise,27,1.5,200,0.9201645042126363,0.9002056302657954,0.0017664104709717355,0.9797384231646661,0.3995519882074061,0.0010409195723192176,102.0
1,noise,27,2.0,200,0.873922841498954,0.8424035518736929,0.0030944330203512226,0.9797384231646661,0.3995519882074061,0.0010409195723192176,102.0
1,noise,27,2.5,200,0.8186018196201101,0.7732522745251376,0.005694486398901846,0.9797384231646661,0.3995519882074061,0.0010409195723192176,102.0
1,noise,27,3.0,200,0.7576398630818533,0.6970498288523166,0.010144509752491492,0.9797384231646661,0.3995519882074061,0.0010409195723192176,102.0
1,noise,27,3.5,200,0.6928037214162729,0.6160046517703409,0.012293707706033141,0.9797384231646661,0.3995519882074061,0.0010409195723192176,102.0
1,noise,28,0.1,200,0.9840662703093784,0.980082837886723,2.9266972629056064e-06,0.9802674737908792,0.3986497633317767,0.0009975593662463016,98.0
1,noise,28,0.25,200,0.9825689680190566,0.9782112100238207,1.6339163771327243e-05,0.9802674737908792,0.3986497633317767,0.0009975593662463016,98.0
1,noise,28,0.5,200,0.9759648297162343,0.9699560371452928,8.493331592692832e-05,0.9802674737908792,0.3986497633317767,0.0009975593662463016,98.0
1,noise,28,0.75,200,0.9682427432293734,0.9603034290367168,0.00017873517424496968,0.9802674737908792,0.3986497633317767,0.0009975593662463016,98.0
1,noise,28,1.0,200,0.9557658834389482,0.9447073542986852,0.00042221466753150335,0.9802674737908792,0.3986497633317767,0.0009975593662463016,98.0
1,noise,28,1.25,200,0.9402385795351402,0.9252982244189252,0.0007767742819352225,0.9802674737908792,0.3986497633317767,0.0009975593662463016,98.0
1,noise,28,1.5,200,0.9222767209871603,0.9028459012339505,0.001407924450587617,0.9802674737908792,0.3986497633317767,0.0009975593662463016,98.0
1,noise,28,2.0,200,0.8806618178801051,0.8508272723501312,0.003086182292512158,0.9802674737908792,0.3986497633317767,0.0009975593662463016,98.0
1,noise,28,2.5,200,0.8289838272764531,0.7862297840955665,0.005107838198977243,0.9802674737908792,0.3986497633317767,0.0009975593662463016,98.0
1,noise,28,3.0,200,0.7671726839467212,0.7089658549334014,0.010114077355047048,0.9802674737908792,0.3986497633317767,0.0009975593662463016,98.0
1,noise,28,3.5,200,0.7032541458937609,0.6290676823672012,0.01326105411501056,0.9802674737908792,0.3986497633317767,0.0009975593662463016,98.0
1,noise,29,0.1,200,0.9842155497512245,0.9802694371890303,2.4928648710646663e-06,0.9804904934684244,0.39041758892214684,0.001082279605393144,100.0
1,noise,29,0.25,200,0.982725499191372,0.9784068739892146,1.8459998105543633e-05,0.9804904934684244,0.39041758892214684,0.001082279605393144,100.0
1,noise,29,0.5,200,0.976059858043826,0.9700748225547821,7.476498402809762e-05,0.9804904934684244,0.39041758892214684,0.001082279605393144,100.0
1,noise,29,0.75,200,0.9681586954270207,0.9601983692837757,0.0001820351014370669,0.9804904934684244,0.39041758892214684,0.001082279605393144,100.0
1,noise,29,1.0,200,0.9540568203772122,0.9425710254715153,0.0004321527709322083,0.9804904934684244,0.39041758892214684,0.001082279605393144,100.0
1,noise,29,1.25,200,0.9394971808490862,0.9243714760613577,0.0009009634669615174,0.9804904934684244,0.39041758892214684,0.001082279605393144,100.0
1,noise,29,1.5,200,0.9206022393209423,0.9007527991511776,0.0014046231962567546,0.9804904934684244,0.39041758892214684,0.001082279605393144,100.0
1,noise,29,2.0,200,0.8764335433800693,0.8455419292250865,0.0031652817290850023,0.9804904934684244,0.39041758892214684,0.001082279605393144,100.0
1,noise,29,2.5,200,0.8244919116943379,0.7806148896179227,0.005573044018603135,0.9804904934684244,0.39041758892214684,0.001082279605393144,100.0
1,noise,29,3.0,200,0.7664407836472009,0.7080509795590012,0.010768817201355484,0.9804904934684244,0.39041758892214684,0.001082279605393144,100.0
1,noise,29,3.5,200,0.7023145171768458,0.6278931464710571,0.012326481745107157,0.9804904934684244,0.39041758892214684,0.001082279605393144,100.0
1,noise,30,0.1,200,0.986849152282046,0.9835614403525571,2.3347307363615043e-06,0.9837774005983883,0.39137563081402316,0.0010395885903793898,96.0
1,noise,30,0.25,200,0.9853348878627388,0.9816686098284235,1.3020473667544807e-05,0.9837774005983883,0.39137563081402316,0.0010395885903793898,96.0
1,noise,30,0.5,200,0.9791133547227823,0.9738916934034776,6.647320012469803e-05,0.9837774005983883,0.39137563081402316,0.0010395885903793898,96.0
1,noise,30,0.75,200,0.9714808354315819,0.9643510442894774,0.00015968929544357352,0.9837774005983883,0.39137563081402316,0.0010395885903793898,96.0
1,noise,30,1.0,200,0.9584022917761268,0.9480028647201586,0.0003338424254996662,0.9837774005983883,0.39137563081402316,0.0010395885903793898,96.0
1,noise,30,1.25,200,0.9440475210034759,0.9300594012543449,0.0006762124567786487,0.9837774005983883,0.39137563081402316,0.0010395885903793898,96.0
1,noise,30,1.5,200,0.9244419050437721,0.905552381304715,0.00136878991126613,0.9837774005983883,0.39137563081402316,0.0010395885903793898,96.0
1,noise,30,2.0,200,0.884512527869838,0.8556406598372973,0.002649180623310461,0.9837774005983883,0.39137563081402316,0.0010395885903793898,96.0
1,noise,30,2.5,200,0.8300200644850095,0.7875250806062621,0.005289455805952109,0.9837774005983883,0.39137563081402316,0.0010395885903793898,96.0
1,noise,30,3.0,200,0.7756098963460318,0.7195123704325397,0.009316481973498719,0.9837774005983883,0.39137563081402316,0.0010395885903793898,96.0
1,noise,30,3.5,200,0.7151012377918831,0.6438765472398538,0.010613047574615347,0.9837774005983883,0.39137563081402316,0.0010395885903793898,96.0
1,noise,31,0.1,200,0.9874167769423242,0.984270971177905,2.4254799098337745e-06,0.984487775938607,0.3990238858894387,0.0010198251570607828,94.0
1,noise,31,0.25,200,0.9859263950524796,0.9824079938155995,1.4071333010494966e-05,0.984487775938607,0.3990238858894387,0.0010198251570607828,94.0
1,noise,31,0.5,200,0.9797477061307949,0.9746846326634934,6.177676722517539e-05,0.984487775938607,0.3990238858894387,0.0010198251570607828,94.0
1,noise,31,0.75,200,0.9729780620229299,0.9662225775286624,0.00014839834352280365,0.984487775938607,0.3990238858894387,0.0010198251570607828,94.0
1,noise,31,1.0,200,0.9596963554056664,0.9496204442570831,0.00031214332906774405,0.984487775938607,0.3990238858894387,0.0010198251570607828,94.0
1,noise,31,1.25,200,0.9452695807395209,0.9315869759244011,0.000654389027181749,0.984487775938607,0.3990238858894387,0.0010198251570607828,94.0
1,noise,31,1.5,200,0.9282202574845038,0.9102753218556296,0.0012404888426390543,0.984487775938607,0.3990238858894387,0.0010198251570607828,94.0
1,noise,31,2.0,200,0.8856592968493775,0.857074121061722,0.003201243149511733,0.984487775938607,0.3990238858894387,0.0010198251570607828,94.0
1,noise,31,2.5,200,0.8349883227342038,0.7937354034177545,0.004785812694529446,0.984487775938607,0.3990238858894387,0.0010198251570607828,94.0
1,noise,31,3.0,200,0.7794309806442559,0.7242887258053196,0.008471819984082767,0.984487775938607,0.3990238858894387,0.0010198251570607828,94.0
1,noise,31,3.5,200,0.7183714364126261,0.6479642955157826,0.010460089957690193,0.984487775938607,0.3990238858894387,0.0010198251570607828,94.0
1,noise,32,0.1,200,0.9873857265922198,0.9842321582402747,2.301553896863917e-06,0.9844536493071977,0.39518344346073475,0.0010001417723057686,92.0
1,noise,32,0.25,200,0.9859647904892661,0.9824559881115823,1.3410932394808265e-05,0.9844536493071977,0.39518344346073475,0.0010001417723057686,92.0
1,noise,32,0.5,200,0.9798110291022806,0.9747637863778508,6.450570861746879e-05,0.9844536493071977,0.39518344346073475,0.0010001417723057686,92.0
1,noise,32,0.75,200,0.9730782165476395,0.9663477706845492,0.00015477493328937584,0.9844536493071977,0.39518344346073475,0.0010001417723057686,92.0
1,noise,32,1.0,200,0.9598391859493355,0.949798982436669,0.0003704436440177176,0.9844536493071977,0.39518344346073475,0.0010001417723057686,92.0
1,noise,32,1.25,200,0.9460757136619592,0.9325946420774488,0.0005713266493953457,0.9844536493071977,0.39518344346073475,0.0010001417723057686,92.0
1,noise,32,1.5,200,0.9284240381899418,0.910530047737427,0.0011662095401530018,0.9844536493071977,0.39518344346073475,0.0010001417723057686,92.0
1,noise,32,2.0,200,0.8872357705684899,0.859044713210612,0.0025663064471368054,0.9844536493071977,0.39518344346073475,0.0010001417723057686,92.0
1,noise,32,2.5,200,0.8393792205047342,0.7992240256309178,0.005394146312033228,0.9844536493071977,0.39518344346073475,0.0010001417723057686,92.0
1,noise,32,3.0,200,0.778171441145616,0.7227143014320199,0.008295082848220557,0.9844536493071977,0.39518344346073475,0.0010001417723057686,92.0
1,noise,32,3.5,200,0.7226779451049629,0.6533474313812034,0.010250120326254579,0.9844536493071977,0.39518344346073475,0.0010001417723057686,92.0
1,noise,33,0.1,200,0.9869043331058933,0.9836304163823665,2.486049206978567e-06,0.983837193394214,0.3900780973978094,0.001072727311575498,94.0
1,noise,33,0.25,200,0.9854285553865506,0.9817856942331881,1.4668227778123502e-05,0.983837193394214,0.3900780973978094,0.001072727311575498,94.0
1,noise,33,0.5,200,0.9792007177415194,0.9740008971768988,6.401131040440787e-05,0.983837193394214,0.3900780973978094,0.001072727311575498,94.0
1,noise,33,0.75,200,0.9723878820571333,0.9654848525714166,0.00015009148845887443,0.983837193394214,0.3900780973978094,0.001072727311575498,94.0
1,noise,33,1.0,200,0.9592114979493136,0.9490143724366422,0.00032243455219782574,0.983837193394214,0.3900780973978094,0.001072727311575498,94.0
1,noise,33,1.25,200,0.944987222429975,0.9312340280374686,0.0006657198497620026,0.983837193394214,0.3900780973978094,0.001072727311575498,94.0
1,noise,33,1.5,200,0.927792092976188,0.909740116220235,0.001251564313303396,0.983837193394214,0.3900780973978094,0.001072727311575498,94.0
1,noise,33,2.0,200,0.8848173022051946,0.856021627756493,0.003257605252716886,0.983837193394214,0.3900780973978094,0.001072727311575498,94.0
1,noise,33,2.5,200,0.8345790431697715,0.7932238039622141,0.004877768974420917,0.983837193394214,0.3900780973978094,0.001072727311575498,94.0
1,noise,33,3.0,200,0.778604166263671,0.7232552078295887,0.008568448447713057,0.983837193394214,0.3900780973978094,0.001072727311575498,94.0
1,noise,33,3.5,200,0.7181712643639915,0.6477140804549893,0.010417870158668519,0.983837193394214,0.3900780973978094,0.001072727311575498,94.0
1,noise,34,0.1,200,0.9884047487058082,0.9855059358822603,2.0948932208930095e-06,0.9857318940957944,0.37750295891977254,0.0011006302061596588,96.0
1,noise,34,0.25,200,0.986856760493966,0.9835709506174575,1.1745170198046505e-05,0.9857318940957944,0.37750295891977254,0.0011006302061596588,96.0
1,noise,34,0.5,200,0.9806116404043635,0.9757645505054541,6.185874247028883e-05,0.9857318940957944,0.37750295891977254,0.0011006302061596588,96.0
1,noise,34,0.75,200,0.9729644154555679,0.9662055193194599,0.00014953202378279566,0.9857318940957944,0.37750295891977254,0.0011006302061596588,96.0
1,noise,34,1.0,200,0.959779451937568,0.9497243149219596,0.00032176058502388934,0.9857318940957944,0.37750295891977254,0.0011006302061596588,96.0
1,noise,34,1.25,200,0.9457001076756493,0.9321251345945615,0.0006203604839614317,0.9857318940957944,0.37750295891977254,0.0011006302061596588,96.0
1,noise,34,1.5,200,0.9259578616224545,0.9074473270280683,0.0013130459622572562,0.9857318940957944,0.37750295891977254,0.0011006302061596588,96.0
1,noise,34,2.0,200,0.8849355389546407,0.8561694236933008,0.002613925984487913,0.9857318940957944,0.37750295891977254,0.0011006302061596588,96.0
1,noise,34,2.5,200,0.8309949496487722,0.7887436870609651,0.0051810742891729945,0.9857318940957944,0.37750295891977254,0.0011006302061596588,96.0
1,noise,34,3.0,200,0.7765058611322014,0.7206323264152517,0.009314098176458807,0.9857318940957944,0.37750295891977254,0.0011006302061596588,96.0
1,noise,34,3.5,200,0.7155051370890546,0.6443814213613182,0.010560242856860382,0.9857318940957944,0.37750295891977254,0.0011006302061596588,96.0
1,noise,35,0.1,200,0.9880998857177584,0.9851248571471979,2.198431083027764e-06,0.9853511628838948,0.3935700226925513,0.001057426093955081,94.0
1,noise,35,0.25,200,0.9866439687587317,0.9833049609484147,1.330917407800879e-05,0.9853511628838948,0.3935700226925513,0.001057426093955081,94.0
1,noise,35,0.5,200,0.9805542022894884,0.9756927528618607,5.909117276696286e-05,0.9853511628838948,0.3935700226925513,0.001057426093955081,94.0
1,noise,35,0.75,200,0.973490037754353,0.9668625471929414,0.00013728299930711331,0.9853511628838948,0.3935700226925513,0.001057426093955081,94.0
1,noise,35,1.0,200,0.9603356998406121,0.9504196248007653,0.0003062212115018787,0.9853511628838948,0.3935700226925513,0.001057426093955081,94.0
1,noise,35,1.25,200,0.9464048743504307,0.9330060929380385,0.0006299197194559953,0.9853511628838948,0.3935700226925513,0.001057426093955081,94.0
1,noise,35,1.5,200,0.9291177093459148,0.9113971366823936,0.0012171469792018141,0.9853511628838948,0.3935700226925513,0.001057426093955081,94.0
1,noise,35,2.0,200,0.8859889882866899,0.8574862353583624,0.003176731272253508,0.9853511628838948,0.3935700226925513,0.001057426093955081,94.0
1,noise,35,2.5,200,0.8362218638957682,0.7952773298697103,0.004807346251212946,0.9853511628838948,0.3935700226925513,0.001057426093955081,94.0
1,noise,35,3.0,200,0.7794877663717645,0.7243597079647057,0.008549102368566597,0.9853511628838948,0.3935700226925513,0.001057426093955081,94.0
1,noise,35,3.5,200,0.7194613000775784,0.6493266250969728,0.010368654643657922,0.9853511628838948,0.3935700226925513,0.001057426093955081,94.0
1,noise,36,0.1,200,0.9868665707138731,0.9835832133923411,2.4113220014057197e-06,0.9838067643605314,0.38867263713037203,0.0010940671352284422,96.0
1,noise,36,0.25,200,0.9853335670650989,0.9816669588313736,1.3637484892308189e-05,0.9838067643605314,0.38867263713037203,0.0010940671352284422,96.0
1,noise,36,0.5,200,0.9790494964622397,0.9738118705777995,6.820878574872156e-05,0.9838067643605314,0.38867263713037203,0.0010940671352284422,96.0
1,noise,36,0.75,200,0.9713736966490458,0.9642171208113072,0.00016006960328438207,0.9838067643605314,0.38867263713037203,0.0010940671352284422,96.0
1,noise,36,1.0,200,0.9584371055671248,0.9480463819589059,0.00034537201256687645,0.9838067643605314,0.38867263713037203,0.0010940671352284422,96.0
1,noise,36,1.25,200,0.9442929181972975,0.930366147746622,0.0006689511894364586,0.9838067643605314,0.38867263713037203,0.0010940671352284422,96.0
1,noise,36,1.5,200,0.9244103906445892,0.9055129883057365,0.0013745422541580846,0.9838067643605314,0.38867263713037203,0.0010940671352284422,96.0
1,noise,36,2.0,200,0.8836185369080012,0.8545231711350014,0.0027100041402642193,0.9838067643605314,0.38867263713037203,0.0010940671352284422,96.0
1,noise,36,2.5,200,0.8297889684504955,0.7872362105631194,0.005336131977663288,0.9838067643605314,0.38867263713037203,0.0010940671352284422,96.0
1,noise,36,3.0,200,0.7755668471477986,0.7194585589347482,0.009412468328230436,0.9838067643605314,0.38867263713037203,0.0010940671352284422,96.0
1,noise,36,3.5,200,0.7150197087433878,0.6437746359292348,0.010632942376033206,0.9838067643605314,0.38867263713037203,0.0010940671352284422,96.0
1,noise,37,0.1,200,0.9869294092476868,0.9836617615596083,2.440693142164397e-06,0.9838983704895661,0.3932739467494479,0.001063418098172319,96.0
1,noise,37,0.25,200,0.9854319514199288,0.9817899392749109,1.4209176564433717e-05,0.9838983704895661,0.3932739467494479,0.001063418098172319,96.0
1,noise,37,0.5,200,0.9792113434091854,0.9740141792614816,6.799566835172878e-05,0.9838983704895661,0.3932739467494479,0.001063418098172319,96.0
1,noise,37,0.75,200,0.9714919209388141,0.9643649011735174,0.00015670342444044677,0.9838983704895661,0.3932739467494479,0.001063418098172319,96.0
1,noise,37,1.0,200,0.9587692165509035,0.9484615206886292,0.0003528913460253472,0.9838983704895661,0.3932739467494479,0.001063418098172319,96.0
1,noise,37,1.25,200,0.9446063354248138,0.9307579192810173,0.0006777806094848477,0.9838983704895661,0.3932739467494479,0.001063418098172319,96.0
1,noise,37,1.5,200,0.9247613927806928,0.9059517409758658,0.001372298659538201,0.9838983704895661,0.3932739467494479,0.001063418098172319,96.0
1,noise,37,2.0,200,0.8841143519350813,0.8551429399188517,0.002719462044637691,0.9838983704895661,0.3932739467494479,0.001063418098172319,96.0
1,noise,37,2.5,200,0.8307113203611615,0.7883891504514517,0.005414510785759393,0.9838983704895661,0.3932739467494479,0.001063418098172319,96.0
1,noise,37,3.0,200,0.7762485792659058,0.7203107240823823,0.009413469346743607,0.9838983704895661,0.3932739467494479,0.001063418098172319,96.0
1,noise,37,3.5,200,0.7164344748412496,0.6455430935515618,0.010727371638335093,0.9838983704895661,0.3932739467494479,0.001063418098172319,96.0
1,noise,38,0.1,200,0.9849440200244182,0.9811800250305227,3.068570144598062e-06,0.9814348183830981,0.39709188380732824,0.001158651947060321,104.0
1,noise,38,0.25,200,0.9835419218174878,0.97942740227186,1.755199295050684e-05,0.9814348183830981,0.39709188380732824,0.001158651947060321,104.0
1,noise,38,0.5,200,0.9767371747870218,0.9709214684837773,6.756539849842528e-05,0.9814348183830981,0.39709188380732824,0.001158651947060321,104.0
1,noise,38,0.75,200,0.9678081081577615,0.9597601351972017,0.0002047919605440049,0.9814348183830981,0.39709188380732824,0.001158651947060321,104.0
1,noise,38,1.0,200,0.9539238080430616,0.942404760053827,0.00047556946321648206,0.9814348183830981,0.39709188380732824,0.001158651947060321,104.0
1,noise,38,1.25,200,0.9395808268256879,0.9244760335321098,0.0008092646702557317,0.9814348183830981,0.39709188380732824,0.001158651947060321,104.0
1,noise,38,1.5,200,0.9186650460968835,0.8983313076211045,0.0017001755750395081,0.9814348183830981,0.39709188380732824,0.001158651947060321,104.0
1,noise,38,2.0,200,0.8733378649217791,0.8416723311522236,0.003513270990878019,0.9814348183830981,0.39709188380732824,0.001158651947060321,104.0
1,noise,38,2.5,200,0.821379443344987,0.7767243041812335,0.005008073240812439,0.9814348183830981,0.39709188380732824,0.001158651947060321,104.0
1,noise,38,3.0,200,0.7589798029863211,0.6987247537329014,0.010511504581427817,0.9814348183830981,0.39709188380732824,0.001158651947060321,104.0
1,noise,38,3.5,200,0.6953842197347715,0.6192302746684641,0.011587198323627953,0.9814348183830981,0.39709188380732824,0.001158651947060321,104.0
1,noise,39,0.1,200,0.988192652290511,0.9852408153631386,1.987340449254407e-06,0.9855214202903279,0.39430308524909174,0.0011379925037444077,102.0
1,noise,39,0.25,200,0.9865054472779047,0.9831318090973805,1.2571916634264572e-05,0.9855214202903279,0.39430308524909174,0.0011379925037444077,102.0
1,noise,39,0.5,200,0.9800447526961276,0.9750559408701593,7.432014435710066e-05,0.9855214202903279,0.39430308524909174,0.0011379925037444077,102.0
1,noise,39,0.75,200,0.972334569405485,0.9654182117568563,0.00015432702542162707,0.9855214202903279,0.39430308524909174,0.0011379925037444077,102.0
1,noise,39,1.0,200,0.9587637209935066,0.9484546512418832,0.0003621888846528684,0.9855214202903279,0.39430308524909174,0.0011379925037444077,102.0
1,noise,39,1.25,200,0.9435502099070228,0.9294377623837784,0.0007464838660466278,0.9855214202903279,0.39430308524909174,0.0011379925037444077,102.0
1,noise,39,1.5,200,0.9237568671287829,0.9046960839109783,0.0016117029977631902,0.9855214202903279,0.39430308524909174,0.0011379925037444077,102.0
1,noise,39,2.0,200,0.8801094700539305,0.8501368375674129,0.002899512824500699,0.9855214202903279,0.39430308524909174,0.0011379925037444077,102.0
1,noise,39,2.5,200,0.8226727453944918,0.7783409317431148,0.00537276801957649,0.9855214202903279,0.39430308524909174,0.0011379925037444077,102.0
1,noise,39,3.0,200,0.7605570371061967,0.7006962963827459,0.009484797647893624,0.9855214202903279,0.39430308524909174,0.0011379925037444077,102.0
1,noise,39,3.5,200,0.6951516046230382,0.6189395057787975,0.012020794827558839,0.9855214202903279,0.39430308524909174,0.0011379925037444077,102.0
1,noise,40,0.1,200,0.9870485810410744,0.9838107263013427,2.2794173501797592e-06,0.984046658900527,0.3909407518273351,0.0011828800610176932,102.0
1,noise,40,0.25,200,0.9854882919008287,0.9818603648760353,1.4125777485933291e-05,0.984046658900527,0.3909407518273351,0.0011828800610176932,102.0
1,noise,40,0.5,200,0.9787728661883833,0.9734660827354793,7.065358093992597e-05,0.984046658900527,0.3909407518273351,0.0011828800610176932,102.0
1,noise,40,0.75,200,0.9707877105259567,0.9634846381574457,0.00016505299019314455,0.984046658900527,0.3909407518273351,0.0011828800610176932,102.0
1,noise,40,1.0,200,0.957807043373639,0.9472588042170486,0.0003993767547835636,0.984046658900527,0.3909407518273351,0.0011828800610176932,102.0
1,noise,40,1.25,200,0.94238497793453,0.927981222418162,0.0007486553804524914,0.984046658900527,0.3909407518273351,0.0011828800610176932,102.0
1,noise,40,1.5,200,0.9229557280772789,0.9036946600965987,0.001652823453252205,0.984046658900527,0.3909407518273351,0.0011828800610176932,102.0
1,noise,40,2.0,200,0.8775391795205801,0.8469239744007251,0.002958157392918012,0.984046658900527,0.3909407518273351,0.0011828800610176932,102.0
1,noise,40,2.5,200,0.8204803740502339,0.7756004675627921,0.005560704243354698,0.984046658900527,0.3909407518273351,0.0011828800610176932,102.0
1,noise,40,3.0,200,0.7596631380818815,0.6995789226023515,0.009761908375011943,0.984046658900527,0.3909407518273351,0.0011828800610176932,102.0
1,noise,40,3.5,200,0.6943692545799486,0.6179615682249356,0.01211007478241693,0.984046658900527,0.3909407518273351,0.0011828800610176932,102.0
1,noise,41,0.1,200,0.9867794214447948,0.9834742768059932,2.7156082179642563e-06,0.9836768328553172,0.3914179965843868,0.0012562925731021371,108.0
1,noise,41,0.25,200,0.985117462454431,0.9813968280680386,1.6568008884425603e-05,0.9836768328553172,0.3914179965843868,0.0012562925731021371,108.0
1,noise,41,0.5,200,0.9780721514032248,0.972590189254031,8.07820633173266e-05,0.9836768328553172,0.3914179965843868,0.0012562925731021371,108.0
1,noise,41,0.75,200,0.9693792253887001,0.961724031735875,0.00017381242504520798,0.9836768328553172,0.3914179965843868,0.0012562925731021371,108.0
1,noise,41,1.0,200,0.954740573032018,0.9434257162900224,0.00041208083471890505,0.9836768328553172,0.3914179965843868,0.0012562925731021371,108.0
1,noise,41,1.25,200,0.9375751299869264,0.9219689124836578,0.0008840543594929629,0.9836768328553172,0.3914179965843868,0.0012562925731021371,108.0
1,noise,41,1.5,200,0.9194290941356315,0.8992863676695396,0.0014999451575101734,0.9836768328553172,0.3914179965843868,0.0012562925731021371,108.0
1,noise,41,2.0,200,0.8724314275997248,0.840539284499656,0.0033782139460970754,0.9836768328553172,0.3914179965843868,0.0012562925731021371,108.0
1,noise,41,2.5,200,0.8171085222096676,0.7713856527620843,0.005868938878081608,0.9836768328553172,0.3914179965843868,0.0012562925731021371,108.0
1,noise,41,3.0,200,0.7499204496863112,0.6874005621078888,0.011295265418892444,0.9836768328553172,0.3914179965843868,0.0012562925731021371,108.0
1,noise,41,3.5,200,0.6829768039882086,0.6037210049852607,0.012803426060397962,0.9836768328553172,0.3914179965843868,0.0012562925731021371,108.0
1,noise,42,0.1,200,0.9881599430572543,0.985199928821568,2.2009787092875447e-06,0.9854032896691514,0.3866596661010361,0.0011432325833095158,98.0
1,noise,42,0.25,200,0.986601894555472,0.9832523681943399,1.2355487525668864e-05,0.9854032896691514,0.3866596661010361,0.0011432325833095158,98.0
1,noise,42,0.5,200,0.9801189038190558,0.9751486297738197,7.163747362492939e-05,0.9854032896691514,0.3866596661010361,0.0011432325833095158,98.0
1,noise,42,0.75,200,0.9725129261414698,0.9656411576768369,0.00014268759169047844,0.9854032896691514,0.3866596661010361,0.0011432325833095158,98.0
1,noise,42,1.0,200,0.9595310735779083,0.9494138419723857,0.00034777769933490304,0.9854032896691514,0.3866596661010361,0.0011432325833095158,98.0
1,noise,42,1.25,200,0.944160704059378,0.9302008800742223,0.0006904273963874577,0.9854032896691514,0.3866596661010361,0.0011432325833095158,98.0
1,noise,42,1.5,200,0.9259001471440496,0.9073751839300619,0.0012886132818958232,0.9854032896691514,0.3866596661010361,0.0011432325833095158,98.0
1,noise,42,2.0,200,0.885120731325801,0.8564009141572513,0.0029555808388763826,0.9854032896691514,0.3866596661010361,0.0011432325833095158,98.0
1,noise,42,2.5,200,0.832221299808868,0.7902766247610848,0.004932358390852099,0.9854032896691514,0.3866596661010361,0.0011432325833095158,98.0
1,noise,42,3.0,200,0.7703888969550733,0.7129861211938416,0.009680341056609053,0.9854032896691514,0.3866596661010361,0.0011432325833095158,98.0
1,noise,42,3.5,200,0.704151870380791,0.6301898379759884,0.013194006085021888,0.9854032896691514,0.3866596661010361,0.0011432325833095158,98.0
1,noise,43,0.1,200,0.9855098174783269,0.9818872718479088,2.5992531330076135e-06,0.9821316781339733,0.39581301856661266,0.0011566965998067752,102.0
1,noise,43,0.25,200,0.9839710873830634,0.9799638592288292,1.5471784711652135e-05,0.9821316781339733,0.39581301856661266,0.0011566965998067752,102.0
1,noise,43,0.5,200,0.9771500381380996,0.9714375476726247,8.195830892142282e-05,0.9821316781339733,0.39581301856661266,0.0011566965998067752,102.0
1,noise,43,0.75,200,0.9694682810525173,0.9618353513156468,0.00018169580335519717,0.9821316781339733,0.39581301856661266,0.0011566965998067752,102.0
1,noise,43,1.0,200,0.9561707479572263,0.9452134349465328,0.0004368028939719359,0.9821316781339733,0.39581301856661266,0.0011566965998067752,102.0
1,noise,43,1.25,200,0.9407565095943504,0.9259456369929382,0.0008022327150196218,0.9821316781339733,0.39581301856661266,0.0011566965998067752,102.0
1,noise,43,1.5,200,0.9215228319997859,0.9019035399997324,0.0017294766982256032,0.9821316781339733,0.39581301856661266,0.0011566965998067752,102.0
1,noise,43,2.0,200,0.8767192257058576,0.8458990321323219,0.0030567937277777026,0.9821316781339733,0.39581301856661266,0.0011566965998067752,102.0
1,noise,43,2.5,200,0.8194916354542912,0.7743645443178641,0.005665481165425981,0.9821316781339733,0.39581301856661266,0.0011566965998067752,102.0
1,noise,43,3.0,200,0.7585410558650683,0.6981763198313353,0.009758366432631258,0.9821316781339733,0.39581301856661266,0.0011566965998067752,102.0
1,noise,43,3.5,200,0.6930289067058895,0.6162861333823617,0.012198433770585547,0.9821316781339733,0.39581301856661266,0.0011566965998067752,102.0
1,noise,44,0.1,200,0.9867186161155893,0.9833982701444868,2.3767100111421923e-06,0.9836693165152331,0.39021482697929566,0.0011965780784747029,102.0
1,noise,44,0.25,200,0.9851890044385787,0.9814862555482236,1.5596418753489825e-05,0.9836693165152331,0.39021482697929566,0.0011965780784747029,102.0
1,noise,44,0.5,200,0.9784308101001387,0.9730385126251733,7.575477059408208e-05,0.9836693165152331,0.39021482697929566,0.0011965780784747029,102.0
1,noise,44,0.75,200,0.9708411587874073,0.9635514484842591,0.00017548455081159688,0.9836693165152331,0.39021482697929566,0.0011965780784747029,102.0
1,noise,44,1.0,200,0.9572474361594199,0.9465592951992748,0.0004179413075443335,0.9836693165152331,0.39021482697929566,0.0011965780784747029,102.0
1,noise,44,1.25,200,0.9422831528415343,0.9278539410519179,0.0007546601552737538,0.9836693165152331,0.39021482697929566,0.0011965780784747029,102.0
1,noise,44,1.5,200,0.923179218823627,0.9039740235295336,0.0016747243249915808,0.9836693165152331,0.39021482697929566,0.0011965780784747029,102.0
1,noise,44,2.0,200,0.8771415424767384,0.8464269280959229,0.0030392601664662746,0.9836693165152331,0.39021482697929566,0.0011965780784747029,102.0
1,noise,44,2.5,200,0.8211528423414344,0.7764410529267929,0.005606676926710872,0.9836693165152331,0.39021482697929566,0.0011965780784747029,102.0
1,noise,44,3.0,200,0.7600582190350982,0.7000727737938726,0.009885791824866682,0.9836693165152331,0.39021482697929566,0.0011965780784747029,102.0
1,noise,44,3.5,200,0.6948645965832796,0.6185807457290996,0.012173811054307582,0.9836693165152331,0.39021482697929566,0.0011965780784747029,102.0
1,noise,45,0.1,200,0.9862878302107378,0.9828597877634221,2.4590636507644603e-06,0.9831332177475044,0.3964367124329081,0.0012530769254250425,102.0
1,noise,45,0.25,200,0.984783587309237,0.980979484136546,1.6245035443683048e-05,0.9831332177475044,0.3964367124329081,0.0012530769254250425,102.0
1,noise,45,0.5,200,0.9780349994917078,0.972543749364635,7.903077696282731e-05,0.9831332177475044,0.3964367124329081,0.0012530769254250425,102.0
1,noise,45,0.75,200,0.9702844504478852,0.9628555630598566,0.0001753824735687184,0.9831332177475044,0.3964367124329081,0.0012530769254250425,102.0
1,noise,45,1.0,200,0.9570169931547646,0.9462712414434555,0.0004277016031546391,0.9831332177475044,0.3964367124329081,0.0012530769254250425,102.0
1,noise,45,1.25,200,0.9419332784192961,0.9274165980241201,0.0007698386983352015,0.9831332177475044,0.3964367124329081,0.0012530769254250425,102.0
1,noise,45,1.5,200,0.9228596143975054,0.9035745179968816,0.001714674713521429,0.9831332177475044,0.3964367124329081,0.0012530769254250425,102.0
1,noise,45,2.0,200,0.8772583872175489,0.8465729840219361,0.0030292203537064535,0.9831332177475044,0.3964367124329081,0.0012530769254250425,102.0
1,noise,45,2.5,200,0.8212119987831088,0.7765149984788856,0.005605880611114908,0.9831332177475044,0.3964367124329081,0.0012530769254250425,102.0
1,noise,45,3.0,200,0.7601402231197859,0.7001752788997322,0.009862439142205099,0.9831332177475044,0.3964367124329081,0.0012530769254250425,102.0
1,noise,45,3.5,200,0.6947715035972074,0.6184643794965092,0.012173062156695245,0.9831332177475044,0.3964367124329081,0.0012530769254250425,102.0
1,noise,46,0.1,200,0.9876577054251826,0.9845721317814781,2.4328917026583214e-06,0.984849616605425,0.3911812885340564,0.0013019431569204244,104.0
1,noise,46,0.25,200,0.9862505169729453,0.9828131462161818,1.395434605794152e-05,0.984849616605425,0.3911812885340564,0.0013019431569204244,104.0
1,noise,46,0.5,200,0.9795749607332556,0.9744687009165693,5.6402029293192675e-05,0.984849616605425,0.3911812885340564,0.0013019431569204244,104.0
1,noise,46,0.75,200,0.9703080305765941,0.9628850382207423,0.00017913485277359952,0.984849616605425,0.3911812885340564,0.0013019431569204244,104.0
1,noise,46,1.0,200,0.9566679446613965,0.9458349308267456,0.0004091678627839107,0.984849616605425,0.3911812885340564,0.0013019431569204244,104.0
1,noise,46,1.25,200,0.9421208464306553,0.9276510580383192,0.0007512733618758782,0.984849616605425,0.3911812885340564,0.0013019431569204244,104.0
1,noise,46,1.5,200,0.9210927157539892,0.9013658946924863,0.0015567143445330874,0.984849616605425,0.3911812885340564,0.0013019431569204244,104.0
1,noise,46,2.0,200,0.8758091496157931,0.8447614370197414,0.0034060945129053975,0.984849616605425,0.3911812885340564,0.0013019431569204244,104.0
1,noise,46,2.5,200,0.8233391030874412,0.7791738788593017,0.004870590267985917,0.984849616605425,0.3911812885340564,0.0013019431569204244,104.0
1,noise,46,3.0,200,0.7606670135446902,0.7008337669308627,0.010451413529101198,0.984849616605425,0.3911812885340564,0.0013019431569204244,104.0
1,noise,46,3.5,200,0.6971281737579019,0.6214102171973773,0.011441551267531838,0.984849616605425,0.3911812885340564,0.0013019431569204244,104.0
1,noise,47,0.1,200,0.9872015494718849,0.984001936839856,2.1130659733994597e-06,0.9842251686266558,0.3888389873477641,0.0012394875250698147,100.0
1,noise,47,0.25,200,0.9856951748016822,0.9821189685021026,1.4950333021165351e-05,0.9842251686266558,0.3888389873477641,0.0012394875250698147,100.0
1,noise,47,0.5,200,0.9790578277989828,0.9738222847487285,6.060390724655452e-05,0.9842251686266558,0.3888389873477641,0.0012394875250698147,100.0
1,noise,47,0.75,200,0.9715131089243472,0.9643913861554338,0.00015020822554102006,0.9842251686266558,0.3888389873477641,0.0012394875250698147,100.0
1,noise,47,1.0,200,0.9572134246999551,0.9465167808749435,0.0003600543612195377,0.9842251686266558,0.3888389873477641,0.0012394875250698147,100.0
1,noise,47,1.25,200,0.9420781800056339,0.9275977250070426,0.0008683662302929588,0.9842251686266558,0.3888389873477641,0.0012394875250698147,100.0
1,noise,47,1.5,200,0.9226936178864676,0.9033670223580846,0.0013012470198914027,0.9842251686266558,0.3888389873477641,0.0012394875250698147,100.0
1,noise,47,2.0,200,0.8814667818616805,0.8518334773271008,0.0030550779882101446,0.9842251686266558,0.3888389873477641,0.0012394875250698147,100.0
1,noise,47,2.5,200,0.8275813746139211,0.7844767182674013,0.005084159268280471,0.9842251686266558,0.3888389873477641,0.0012394875250698147,100.0
1,noise,47,3.0,200,0.7694748354811014,0.7118435443513766,0.010315704954657865,0.9842251686266558,0.3888389873477641,0.0012394875250698147,100.0
1,noise,47,3.5,200,0.7028214257245452,0.6285267821556816,0.012023088560141585,0.9842251686266558,0.3888389873477641,0.0012394875250698147,100.0
1,noise,48,0.1,200,0.9868177948331973,0.9835222435414969,2.4333380110339965e-06,0.9837290460052289,0.3973151264969762,0.0012450744389614795,98.0
1,noise,48,0.25,200,0.9853027090311897,0.981628386288987,1.4692401367293897e-05,0.9837290460052289,0.3973151264969762,0.0012450744389614795,98.0
1,noise,48,0.5,200,0.9787845052239377,0.9734806315299219,7.82933519204299e-05,0.9837290460052289,0.3973151264969762,0.0012450744389614795,98.0
1,noise,48,0.75,200,0.9712916903620624,0.9641146129525779,0.00015777127170968938,0.9837290460052289,0.3973151264969762,0.0012450744389614795,98.0
1,noise,48,1.0,200,0.9584686802843372,0.9480858503554217,0.000362983906289597,0.9837290460052289,0.3973151264969762,0.0012450744389614795,98.0
1,noise,48,1.25,200,0.9428340733615358,0.9285425917019197,0.0007168759300834633,0.9837290460052289,0.3973151264969762,0.0012450744389614795,98.0
1,noise,48,1.5,200,0.9248163911797717,0.9060204889747144,0.0013344324203170002,0.9837290460052289,0.3973151264969762,0.0012450744389614795,98.0
1,noise,48,2.0,200,0.8845792699948453,0.8557240874935564,0.0029531137978207724,0.9837290460052289,0.3973151264969762,0.0012450744389614795,98.0
1,noise,48,2.5,200,0.8320993194545308,0.7901241493181635,0.0049515874601691375,0.9837290460052289,0.3973151264969762,0.0012450744389614795,98.0
1,noise,48,3.0,200,0.7704908666131154,0.7131135832663941,0.009702240818454612,0.9837290460052289,0.3973151264969762,0.0012450744389614795,98.0
1,noise,48,3.5,200,0.7044388776828875,0.6305485971036094,0.01334441976622501,0.9837290460052289,0.3973151264969762,0.0012450744389614795,98.0
1,noise,49,0.1,200,0.9872356384209384,0.9840445480261732,2.0769258392838583e-06,0.9842918265643066,0.3943784680596718,0.0013216374174291085,100.0
1,noise,49,0.25,200,0.9858073796740927,0.9822592245926158,1.4154600852650883e-05,0.9842918265643066,0.3943784680596718,0.0013216374174291085,100.0
1,noise,49,0.5,200,0.9792563470539352,0.9740704338174189,6.256455879906252e-05,0.9842918265643066,0.3943784680596718,0.0013216374174291085,100.0
1,noise,49,0.75,200,0.971518397328043,0.9643979966600537,0.00014179710777975033,0.9842918265643066,0.3943784680596718,0.0013216374174291085,100.0
1,noise,49,1.0,200,0.9578369482989282,0.9472961853736601,0.0003657883295779915,0.9842918265643066,0.3943784680596718,0.0013216374174291085,100.0
1,noise,49,1.25,200,0.9420010601639082,0.9275013252048849,0.000844177839584068,0.9842918265643066,0.3943784680596718,0.0013216374174291085,100.0
1,noise,49,1.5,200,0.9225037687481294,0.9031297109351618,0.001322108768239402,0.9842918265643066,0.3943784680596718,0.0013216374174291085,100.0
1,noise,49,2.0,200,0.8820557399137002,0.8525696748921251,0.0030361277222468574,0.9842918265643066,0.3943784680596718,0.0013216374174291085,100.0
1,noise,49,2.5,200,0.8276127210428396,0.7845159013035495,0.005338829627956078,0.9842918265643066,0.3943784680596718,0.0013216374174291085,100.0
1,noise,49,3.0,200,0.7688489869816821,0.7110612337271026,0.010288240106392139,0.9842918265643066,0.3943784680596718,0.0013216374174291085,100.0
1,noise,49,3.5,200,0.7043455109260104,0.6304318886575129,0.012266634209520478,0.9842918265643066,0.3943784680596718,0.0013216374174291085,100.0
1,noise,50,0.1,200,0.9882671799987843,0.9853339749984801,2.132398123103428e-06,0.985587835432641,0.39447208565235925,0.0012781041172855647,98.0
1,noise,50,0.25,200,0.986778728827628,0.9834734110345346,1.2723042368178944e-05,0.985587835432641,0.39447208565235925,0.0012781041172855647,98.0
1,noise,50,0.5,200,0.9804842916128707,0.9756053645160881,6.55106772839969e-05,0.985587835432641,0.39447208565235925,0.0012781041172855647,98.0
1,noise,50,0.75,200,0.9726590169214125,0.9658237711517655,0.00014163780544848768,0.985587835432641,0.39447208565235925,0.0012781041172855647,98.0
1,noise,50,1.0,200,0.9599985207420236,0.9499981509275295,0.0003571889532594677,0.985587835432641,0.39447208565235925,0.0012781041172855647,98.0
1,noise,50,1.25,200,0.9450722597610188,0.9313403247012733,0.000668843324088838,0.985587835432641,0.39447208565235925,0.0012781041172855647,98.0
1,noise,50,1.5,200,0.9265402773499596,0.9081753466874494,0.0012670876968535604,0.985587835432641,0.39447208565235925,0.0012781041172855647,98.0
1,noise,50,2.0,200,0.8846626319530856,0.8558282899413566,0.0029685979733673463,0.985587835432641,0.39447208565235925,0.0012781041172855647,98.0
1,noise,50,2.5,200,0.8327641896714142,0.7909552370892677,0.004945458635506958,0.985587835432641,0.39447208565235925,0.0012781041172855647,98.0
1,noise,50,3.0,200,0.7703422280172187,0.7129277850215234,0.00990182069111976,0.985587835432641,0.39447208565235925,0.0012781041172855647,98.0
1,noise,50,3.5,200,0.705854316979508,0.6323178962243848,0.013068649488970597,0.985587835432641,0.39447208565235925,0.0012781041172855647,98.0
1,noise,51,0.1,200,0.9872788829013054,0.9840986036266315,2.0532726581721036e-06,0.9843535810519775,0.39193112777523775,0.0012775380842569187,100.0
1,noise,51,0.25,200,0.9858263198488569,0.9822828998110711,1.4841171600334232e-05,0.9843535810519775,0.39193112777523775,0.0012775380842569187,100.0
1,noise,51,0.5,200,0.979221157366127,0.9740264467076587,6.428939771371859e-05,0.9843535810519775,0.39193112777523775,0.0012775380842569187,100.0
1,noise,51,0.75,200,0.9716539869450789,0.9645674836813487,0.00014970281337603364,0.9843535810519775,0.39193112777523775,0.0012775380842569187,100.0
1,noise,51,1.0,200,0.9575511305011912,0.946938913126489,0.00036996128056589623,0.9843535810519775,0.39193112777523775,0.0012775380842569187,100.0
1,noise,51,1.25,200,0.9420519303588452,0.9275649129485563,0.0008374186383130548,0.9843535810519775,0.39193112777523775,0.0012775380842569187,100.0
1,noise,51,1.5,200,0.9230265483854879,0.90378318548186,0.00131815026437149,0.9843535810519775,0.39193112777523775,0.0012775380842569187,100.0
1,noise,51,2.0,200,0.8818496950179443,0.8523121187724303,0.0030675330923746846,0.9843535810519775,0.39193112777523775,0.0012775380842569187,100.0
1,noise,51,2.5,200,0.8277801118786396,0.7847251398482993,0.005306186309330425,0.9843535810519775,0.39193112777523775,0.0012775380842569187,100.0
1,noise,51,3.0,200,0.7693060352856161,0.7116325441070203,0.010423984587620016,0.9843535810519775,0.39193112777523775,0.0012775380842569187,100.0
1,noise,51,3.5,200,0.7042702462189999,0.6303378077737498,0.012315364133713494,0.9843535810519775,0.39193112777523775,0.0012775380842569187,100.0
1,noise,52,0.1,200,0.9882616995471489,0.9853271244339361,2.1637589114244174e-06,0.9855807119877061,0.3894993673533709,0.0012515660229466534,98.0
1,noise,52,0.25,200,0.9867408717911224,0.9834260897389027,1.3815170370616707e-05,0.9855807119877061,0.3894993673533709,0.0012515660229466534,98.0
1,noise,52,0.5,200,0.9803715818326091,0.975464477290761,7.06087505067082e-05,0.9855807119877061,0.3894993673533709,0.0012515660229466534,98.0
1,noise,52,0.75,200,0.9728763781831891,0.9660954727289862,0.00014275390234218323,0.9855807119877061,0.3894993673533709,0.0012515660229466534,98.0
1,noise,52,1.0,200,0.9595864844947869,0.9494831056184835,0.0003629242776478353,0.9855807119877061,0.3894993673533709,0.0012515660229466534,98.0
1,noise,52,1.25,200,0.9448303744427342,0.9310379680534179,0.0006720993650286482,0.9855807119877061,0.3894993673533709,0.0012515660229466534,98.0
1,noise,52,1.5,200,0.9266413576812025,0.908301697101503,0.001259003329507751,0.9855807119877061,0.3894993673533709,0.0012515660229466534,98.0
1,noise,52,2.0,200,0.8850449582093897,0.8563061977617366,0.0029394856615077556,0.9855807119877061,0.3894993673533709,0.0012515660229466534,98.0
1,noise,52,2.5,200,0.8331230851100209,0.7914038563875259,0.004863016003812237,0.9855807119877061,0.3894993673533709,0.0012515660229466534,98.0
1,noise,52,3.0,200,0.7710984888655203,0.7138731110819003,0.009687578931596826,0.9855807119877061,0.3894993673533709,0.0012515660229466534,98.0
1,noise,52,3.5,200,0.7053190259883904,0.631648782485488,0.013121866999708577,0.9855807119877061,0.3894993673533709,0.0012515660229466534,98.0
1,noise,53,0.1,200,0.9881278629980683,0.9851598287475852,1.8964780247382424e-06,0.9854182745063211,0.38226814288974004,0.0012719652528948159,100.0
1,noise,53,0.25,200,0.9866686136014746,0.983335767001843,1.3323773552340954e-05,0.9854182745063211,0.38226814288974004,0.0012719652528948159,100.0
1,noise,53,0.5,200,0.9800990366279967,0.9751237957849958,6.052688243836575e-05,0.9854182745063211,0.38226814288974004,0.0012719652528948159,100.0
1,noise,53,0.75,200,0.9724387881479034,0.9655484851848793,0.0001406014352796536,0.9854182745063211,0.38226814288974004,0.0012719652528948159,100.0
1,noise,53,1.0,200,0.958333961842925,0.9479174523036563,0.0003584847832650286,0.9854182745063211,0.38226814288974004,0.0012719652528948159,100.0
1,noise,53,1.25,200,0.9427879488208437,0.9284849360260548,0.0008155022883705867,0.9854182745063211,0.38226814288974004,0.0012719652528948159,100.0
1,noise,53,1.5,200,0.9236878992949142,0.9046098741186427,0.0012875939700942264,0.9854182745063211,0.38226814288974004,0.0012719652528948159,100.0
1,noise,53,2.0,200,0.882246696602461,0.8528083707530763,0.003015730880683286,0.9854182745063211,0.38226814288974004,0.0012719652528948159,100.0
1,noise,53,2.5,200,0.8282518798036365,0.7853148497545456,0.005297155518407133,0.9854182745063211,0.38226814288974004,0.0012719652528948159,100.0
1,noise,53,3.0,200,0.7695261434926692,0.7119076793658362,0.010412467970833455,0.9854182745063211,0.38226814288974004,0.0012719652528948159,100.0
1,noise,53,3.5,200,0.7047968539202387,0.6309960674002985,0.012363144273824345,0.9854182745063211,0.38226814288974004,0.0012719652528948159,100.0
1,noise,54,0.1,200,0.9878257561824374,0.9847821952280463,2.2342261459596943e-06,0.9850118280323918,0.3992010112267534,0.0011955325023955052,98.0
1,noise,54,0.25,200,0.9863139967902801,0.98289249598785,1.2914275787827254e-05,0.9850118280323918,0.3992010112267534,0.0011955325023955052,98.0
1,noise,54,0.5,200,0.9798711066910377,0.9748388833637971,7.180424344817338e-05,0.9850118280323918,0.3992010112267534,0.0011955325023955052,98.0
1,noise,54,0.75,200,0.972298960277655,0.9653737003470689,0.00014469322348926154,0.9850118280323918,0.3992010112267534,0.0011955325023955052,98.0
1,noise,54,1.0,200,0.9593759562295588,0.9492199452869485,0.00035841593061892036,0.9850118280323918,0.3992010112267534,0.0011955325023955052,98.0
1,noise,54,1.25,200,0.9441972500689886,0.9302465625862356,0.00069164287609214,0.9850118280323918,0.3992010112267534,0.0011955325023955052,98.0
1,noise,54,1.5,200,0.9257122803462352,0.9071403504327941,0.0012900230253932985,0.9850118280323918,0.3992010112267534,0.0011955325023955052,98.0
1,noise,54,2.0,200,0.8851793915443139,0.8564742394303925,0.0029230798757917016,0.9850118280323918,0.3992010112267534,0.0011955325023955052,98.0
1,noise,54,2.5,200,0.8325218731349143,0.7906523414186428,0.004962134500341839,0.9850118280323918,0.3992010112267534,0.0011955325023955052,98.0
1,noise,54,3.0,200,0.7705183924815581,0.7131479906019473,0.009730759902523516,0.9850118280323918,0.3992010112267534,0.0011955325023955052,98.0
1,noise,54,3.5,200,0.7048317084923732,0.6310396356154664,0.01328545478180405,0.9850118280323918,0.3992010112267534,0.0011955325023955052,98.0
1,noise,55,0.1,200,0.9871727188984644,0.9839658986230801,2.3344057736417762e-06,0.9842143936267199,0.39098659221530707,0.0012951839822115312,102.0
1,noise,55,0.25,200,0.9856100294052941,0.9820125367566175,1.359067292153781e-05,0.9842143936267199,0.39098659221530707,0.0012951839822115312,102.0
1,noise,55,0.5,200,0.9788586908487673,0.9735733635609591,7.366695615632439e-05,0.9842143936267199,0.39098659221530707,0.0012951839822115312,102.0
1,noise,55,0.75,200,0.971114911933833,0.9638936399172912,0.00016872132617481737,0.9842143936267199,0.39098659221530707,0.0012951839822115312,102.0
1,noise,55,1.0,200,0.9579692521377998,0.9474615651722498,0.0003974054416596665,0.9842143936267199,0.39098659221530707,0.0012951839822115312,102.0
1,noise,55,1.25,200,0.9423787595356317,0.9279734494195395,0.0007662672156620697,0.9842143936267199,0.39098659221530707,0.0012951839822115312,102.0
1,noise,55,1.5,200,0.9231385447973729,0.903923180996716,0.0016638154640977183,0.9842143936267199,0.39098659221530707,0.0012951839822115312,102.0
1,noise,55,2.0,200,0.8787865907344831,0.848483238418104,0.0029821921844536397,0.9842143936267199,0.39098659221530707,0.0012951839822115312,102.0
1,noise,55,2.5,200,0.8208011227529953,0.7760014034412442,0.005568016044558869,0.9842143936267199,0.39098659221530707,0.0012951839822115312,102.0
1,noise,55,3.0,200,0.7603011849395753,0.7003764811744694,0.009513838721803359,0.9842143936267199,0.39098659221530707,0.0012951839822115312,102.0
1,noise,55,3.5,200,0.693977336731927,0.6174716709149086,0.012183929222090472,0.9842143936267199,0.39098659221530707,0.0012951839822115312,102.0
1,noise,56,0.1,200,0.9872516966433027,0.9840646208041284,2.300912263448344e-06,0.984307488988213,0.3917006594870267,0.0013207040671540052,102.0
1,noise,56,0.25,200,0.9856818597518218,0.9821023246897771,1.3802231845766863e-05,0.984307488988213,0.3917006594870267,0.0013207040671540052,102.0
1,noise,56,0.5,200,0.9789309014438179,0.9736636268047723,7.319569970966576e-05,0.984307488988213,0.3917006594870267,0.0013207040671540052,102.0
1,noise,56,0.75,200,0.9711690599696058,0.9639613249620073,0.00016848725928420222,0.984307488988213,0.3917006594870267,0.0013207040671540052,102.0
1,noise,56,1.0,200,0.9579962289872779,0.9474952862340974,0.00040027860875842166,0.984307488988213,0.3917006594870267,0.0013207040671540052,102.0
1,noise,56,1.25,200,0.9424884817072599,0.9281106021340747,0.0007602923155895481,0.984307488988213,0.3917006594870267,0.0013207040671540052,102.0
1,noise,56,1.5,200,0.9231978940851996,0.9039973676064994,0.001662385365466422,0.984307488988213,0.3917006594870267,0.0013207040671540052,102.0
1,noise,56,2.0,200,0.8784912832483736,0.848114104060467,0.002983230542326336,0.984307488988213,0.3917006594870267,0.0013207040671540052,102.0
1,noise,56,2.5,200,0.8207454425478228,0.7759318031847782,0.005593368862957642,0.984307488988213,0.3917006594870267,0.0013207040671540052,102.0
1,noise,56,3.0,200,0.7603812544866537,0.7004765681083172,0.009560758994518727,0.984307488988213,0.3917006594870267,0.0013207040671540052,102.0
1,noise,56,3.5,200,0.6942220828750952,0.6177776035938689,0.012207560280545156,0.984307488988213,0.3917006594870267,0.0013207040671540052,102.0
1,noise,57,0.1,200,0.9876784775385516,0.9845980969231897,2.0381741837922353e-06,0.9848085805426913,0.3869789803229623,0.0013070232904490427,100.0
1,noise,57,0.25,200,0.9861997059909005,0.9827496324886256,1.511122392928167e-05,0.9848085805426913,0.3869789803229623,0.0013070232904490427,100.0
1,noise,57,0.5,200,0.9795547823903488,0.9744434779879358,6.265603091633697e-05,0.9848085805426913,0.3869789803229623,0.0013070232904490427,100.0
1,noise,57,0.75,200,0.9719663748187088,0.9649579685233861,0.00014884580891871528,0.9848085805426913,0.3869789803229623,0.0013070232904490427,100.0
1,noise,57,1.0,200,0.9579092812365894,0.9473866015457366,0.000376279722217278,0.9848085805426913,0.3869789803229623,0.0013070232904490427,100.0
1,noise,57,1.25,200,0.942814771549201,0.928518464436501,0.0008817825633535548,0.9848085805426913,0.3869789803229623,0.0013070232904490427,100.0
1,noise,57,1.5,200,0.9235532004551275,0.9044415005689094,0.0012823339037704021,0.9848085805426913,0.3869789803229623,0.0013070232904490427,100.0
1,noise,57,2.0,200,0.8812627656351032,0.8515784570438791,0.0030555314075684102,0.9848085805426913,0.3869789803229623,0.0013070232904490427,100.0
1,noise,57,2.5,200,0.8285112169279767,0.7856390211599709,0.005217138519980465,0.9848085805426913,0.3869789803229623,0.0013070232904490427,100.0
1,noise,57,3.0,200,0.77004870864962,0.712560885812025,0.01033720693608027,0.9848085805426913,0.3869789803229623,0.0013070232904490427,100.0
1,noise,57,3.5,200,0.70448265198623,0.6306033149827873,0.012199505589901604,0.9848085805426913,0.3869789803229623,0.0013070232904490427,100.0
1,noise,58,0.1,200,0.9896839370383739,0.9871049212979672,1.829036740647259e-06,0.9873395959842615,0.38441603793092544,0.001291060792874441,98.0
1,noise,58,0.25,200,0.9881074361167421,0.9851342951459275,1.2043815186586612e-05,0.9873395959842615,0.38441603793092544,0.001291060792874441,98.0
1,noise,58,0.5,200,0.9818398672891212,0.9772998341114012,6.499623666419563e-05,0.9873395959842615,0.38441603793092544,0.001291060792874441,98.0
1,noise,58,0.75,200,0.9742238522544678,0.9677798153180847,0.00012745597053698336,0.9873395959842615,0.38441603793092544,0.001291060792874441,98.0
1,noise,58,1.0,200,0.9608788120723475,0.9510985150904342,0.0003250140436676593,0.9873395959842615,0.38441603793092544,0.001291060792874441,98.0
1,noise,58,1.25,200,0.9457382144736967,0.9321727680921208,0.0006346856676782621,0.9873395959842615,0.38441603793092544,0.001291060792874441,98.0
1,noise,58,1.5,200,0.9275569489244241,0.9094461861555301,0.0012070183064682822,0.9873395959842615,0.38441603793092544,0.001291060792874441,98.0
1,noise,58,2.0,200,0.8869455506623194,0.8586819383278994,0.0028064404039081386,0.9873395959842615,0.38441603793092544,0.001291060792874441,98.0
1,noise,58,2.5,200,0.8344299695921468,0.7930374619901832,0.004788798578225026,0.9873395959842615,0.38441603793092544,0.001291060792874441,98.0
1,noise,58,3.0,200,0.7720120451592227,0.7150150564490283,0.009575794029125008,0.9873395959842615,0.38441603793092544,0.001291060792874441,98.0
1,noise,58,3.5,200,0.705029294623579,0.6312866182794737,0.013231173866090384,0.9873395959842615,0.38441603793092544,0.001291060792874441,98.0
1,noise,59,0.1,200,0.9877453188854667,0.9846816486068333,2.1719324231282928e-06,0.9849485291329902,0.39828915694504674,0.001304271902101719,102.0
1,noise,59,0.25,200,0.9861727136959619,0.982715892119952,1.1656877634499615e-05,0.9849485291329902,0.39828915694504674,0.001304271902101719,102.0
1,noise,59,0.5,200,0.9795585358942387,0.9744481698677983,6.88748802786781e-05,0.9849485291329902,0.39828915694504674,0.001304271902101719,102.0
1,noise,59,0.75,200,0.9716944592555461,0.9646180740694327,0.0001564720295145706,0.9849485291329902,0.39828915694504674,0.001304271902101719,102.0
1,noise,59,1.0,200,0.9588890182077222,0.9486112727596528,0.00035872333105794373,0.9849485291329902,0.39828915694504674,0.001304271902101719,102.0
1,noise,59,1.25,200,0.9430234749834483,0.9287793437293104,0.000752552728626421,0.9849485291329902,0.39828915694504674,0.001304271902101719,102.0
1,noise,59,1.5,200,0.9235942361468302,0.9044927951835379,0.0016165879926319999,0.9849485291329902,0.39828915694504674,0.001304271902101719,102.0
1,noise,59,2.0,200,0.8809356496740772,0.8511695620925963,0.0028981412642219316,0.9849485291329902,0.39828915694504674,0.001304271902101719,102.0
1,noise,59,2.5,200,0.8217708488224457,0.7772135610280568,0.005438590230919975,0.9849485291329902,0.39828915694504674,0.001304271902101719,102.0
1,noise,59,3.0,200,0.7610673087765938,0.7013341359707419,0.009242806876042363,0.9849485291329902,0.39828915694504674,0.001304271902101719,102.0
1,noise,59,3.5,200,0.6941197564863077,0.6176496956078846,0.01212036918888932,0.9849485291329902,0.39828915694504674,0.001304271902101719,102.0
1,noise,60,0.1,200,0.9886194467753753,0.9857743084692189,2.092056679076598e-06,0.9860103818533048,0.3954606596002225,0.001250752130542327,98.0
1,noise,60,0.25,200,0.987060912929751,0.9838261411621885,1.3296212135046528e-05,0.9860103818533048,0.3954606596002225,0.001250752130542327,98.0
1,noise,60,0.5,200,0.9806576629857755,0.9758220787322194,7.119586679566721e-05,0.9860103818533048,0.3954606596002225,0.001250752130542327,98.0
1,noise,60,0.75,200,0.9732319624301017,0.9665399530376271,0.0001380991736950206,0.9860103818533048,0.3954606596002225,0.001250752130542327,98.0
1,noise,60,1.0,200,0.9597285212471868,0.9496606515589835,0.0003524787989398924,0.9860103818533048,0.3954606596002225,0.001250752130542327,98.0
1,noise,60,1.25,200,0.9447639294013559,0.9309549117516949,0.0006692538562472906,0.9860103818533048,0.3954606596002225,0.001250752130542327,98.0
1,noise,60,1.5,200,0.926643488514904,0.9083043606436298,0.0012442014139956278,0.9860103818533048,0.3954606596002225,0.001250752130542327,98.0
1,noise,60,2.0,200,0.8857912793154767,0.8572390991443462,0.002870965172590534,0.9860103818533048,0.3954606596002225,0.001250752130542327,98.0
1,noise,60,2.5,200,0.8334502866465814,0.7918128583082265,0.004832893099260742,0.9860103818533048,0.3954606596002225,0.001250752130542327,98.0
1,noise,60,3.0,200,0.7713443753322545,0.7141804691653181,0.009620395645718463,0.9860103818533048,0.3954606596002225,0.001250752130542327,98.0
1,noise,60,3.5,200,0.7046986121456005,0.6308732651820005,0.01329052857875655,0.9860103818533048,0.3954606596002225,0.001250752130542327,98.0
1,noise,61,0.1,200,0.986718641699514,0.9833983021243924,2.450182840162177e-06,0.9836360016641751,0.3998567728784978,0.0012860408884724586,98.0
1,noise,61,0.25,200,0.9851623293109629,0.9814529116387035,1.6342479276513032e-05,0.9836360016641751,0.3998567728784978,0.0012860408884724586,98.0
1,noise,61,0.5,200,0.9787703058883171,0.9734628823603961,7.949947727812141e-05,0.9836360016641751,0.3998567728784978,0.0012860408884724586,98.0
1,noise,61,0.75,200,0.9713686336037979,0.9642107920047472,0.00015653510640598194,0.9836360016641751,0.3998567728784978,0.0012860408884724586,98.0
1,noise,61,1.0,200,0.9577162948455875,0.9471453685569844,0.0003957398843189866,0.9836360016641751,0.3998567728784978,0.0012860408884724586,98.0
1,noise,61,1.25,200,0.9430468427214985,0.9288085534018731,0.0007103528356155747,0.9836360016641751,0.3998567728784978,0.0012860408884724586,98.0
1,noise,61,1.5,200,0.9251727252471822,0.906465906558978,0.0012886947337690674,0.9836360016641751,0.3998567728784978,0.0012860408884724586,98.0
1,noise,61,2.0,200,0.8833359369360949,0.8541699211701186,0.002976202042390465,0.9836360016641751,0.3998567728784978,0.0012860408884724586,98.0
1,noise,61,2.5,200,0.8317697313144579,0.7897121641430723,0.004932731329816673,0.9836360016641751,0.3998567728784978,0.0012860408884724586,98.0
1,noise,61,3.0,200,0.7700500174894651,0.7125625218618317,0.009875063266798103,0.9836360016641751,0.3998567728784978,0.0012860408884724586,98.0
1,noise,61,3.5,200,0.7038282739505025,0.6297853424381281,0.013357882071570406,0.9836360016641751,0.3998567728784978,0.0012860408884724586,98.0
1,noise,62,0.1,200,0.9879824820136192,0.9849781025170239,2.1999893044751104e-06,0.985210356563445,0.38865117721605236,0.0012795608201791478,98.0
1,noise,62,0.25,200,0.9864264145576311,0.9830330181970388,1.4309815126896538e-05,0.985210356563445,0.38865117721605236,0.0012795608201791478,98.0
1,noise,62,0.5,200,0.9800042726386752,0.9750053407983438,7.415297860631285e-05,0.985210356563445,0.38865117721605236,0.0012795608201791478,98.0
1,noise,62,0.75,200,0.9726240321765265,0.9657800402206579,0.0001443882272634224,0.985210356563445,0.38865117721605236,0.0012795608201791478,98.0
1,noise,62,1.0,200,0.9590923215546323,0.9488654019432903,0.000360944061745242,0.985210356563445,0.38865117721605236,0.0012795608201791478,98.0
1,noise,62,1.25,200,0.9440868246296884,0.9301085307871105,0.0006834331560633766,0.985210356563445,0.38865117721605236,0.0012795608201791478,98.0
1,noise,62,1.5,200,0.9261125834356403,0.9076407292945506,0.0012577906274012652,0.985210356563445,0.38865117721605236,0.0012795608201791478,98.0
1,noise,62,2.0,200,0.8851754240010021,0.8564692800012523,0.0028836277717861434,0.985210356563445,0.38865117721605236,0.0012795608201791478,98.0
1,noise,62,2.5,200,0.8330157566814056,0.7912696958517569,0.004853821077420823,0.985210356563445,0.38865117721605236,0.0012795608201791478,98.0
1,noise,62,3.0,200,0.7711474859675376,0.7139343574594218,0.009649240565282338,0.985210356563445,0.38865117721605236,0.0012795608201791478,98.0
1,noise,62,3.5,200,0.7044437896287878,0.6305547370359849,0.013332043997484158,0.985210356563445,0.38865117721605236,0.0012795608201791478,98.0
1,noise,63,0.1,200,0.9870992994089169,0.9838741242611462,2.3698729824385937e-06,0.9841003603454184,0.3973319000936639,0.0013150344295850386,98.0
1,noise,63,0.25,200,0.9855857620796837,0.9819822025996043,1.4605988780969391e-05,0.9841003603454184,0.3973319000936639,0.0013150344295850386,98.0
1,noise,63,0.5,200,0.9791194842776083,0.9738993553470103,7.601474449532849e-05,0.9841003603454184,0.3973319000936639,0.0013150344295850386,98.0
1,noise,63,0.75,200,0.9716270198670967,0.9645337748338707,0.00015404110363026948,0.9841003603454184,0.3973319000936639,0.0013150344295850386,98.0
1,noise,63,1.0,200,0.9585393884604145,0.9481742355755179,0.0003742190503913842,0.9841003603454184,0.3973319000936639,0.0013150344295850386,98.0
1,noise,63,1.25,200,0.9433585072123567,0.9291981340154458,0.0007088514996125596,0.9841003603454184,0.3973319000936639,0.0013150344295850386,98.0
1,noise,63,1.5,200,0.925174066570834,0.9064675832135426,0.0013046377481710203,0.9841003603454184,0.3973319000936639,0.0013150344295850386,98.0
1,noise,63,2.0,200,0.8843012682637572,0.8553765853296963,0.0029368391867324304,0.9841003603454184,0.3973319000936639,0.0013150344295850386,98.0
1,noise,63,2.5,200,0.8321484996256384,0.790185624532048,0.0049696928426551075,0.9841003603454184,0.3973319000936639,0.0013150344295850386,98.0
1,noise,63,3.0,200,0.7703404353255308,0.7129255441569132,0.009851619742239548,0.9841003603454184,0.3973319000936639,0.0013150344295850386,98.0
1,noise,63,3.5,200,0.7046493082372788,0.6308116352965986,0.013421056240138153,0.9841003603454184,0.3973319000936639,0.0013150344295850386,98.0
1,noise,64,0.1,200,0.9882375038105509,0.9852968797631882,2.0795597792994573e-06,0.9855273098556301,0.3811939096465847,0.0012885384964695789,98.0
1,noise,64,0.25,200,0.9867004677757487,0.9833755847196857,1.1879828696948309e-05,0.9855273098556301,0.3811939096465847,0.0012885384964695789,98.0
1,noise,64,0.5,200,0.9802662402907694,0.9753328003634617,6.997134271558842e-05,0.9855273098556301,0.3811939096465847,0.0012885384964695789,98.0
1,noise,64,0.75,200,0.9727847675430361,0.9659809594287951,0.00013738196789598963,0.9855273098556301,0.3811939096465847,0.0012885384964695789,98.0
1,noise,64,1.0,200,0.9595981925904731,0.9494977407380911,0.0003423956659019162,0.9855273098556301,0.3811939096465847,0.0012885384964695789,98.0
1,noise,64,1.25,200,0.9444590755496673,0.9305738444370842,0.0006794187172209379,0.9855273098556301,0.3811939096465847,0.0012885384964695789,98.0
1,noise,64,1.5,200,0.9258868806227506,0.9073586007784382,0.0012602512829502249,0.9855273098556301,0.3811939096465847,0.0012885384964695789,98.0
1,noise,64,2.0,200,0.8857622344365347,0.8572027930456685,0.0028789519986396695,0.9855273098556301,0.3811939096465847,0.0012885384964695789,98.0
1,noise,64,2.5,200,0.8325254863656657,0.7906568579570822,0.004928568373785158,0.9855273098556301,0.3811939096465847,0.0012885384964695789,98.0
1,noise,64,3.0,200,0.7706621103357782,0.7133276379197226,0.009631413366091395,0.9855273098556301,0.3811939096465847,0.0012885384964695789,98.0
1,noise,64,3.5,200,0.7043002028866674,0.6303752536083341,0.01335567265803938,0.9855273098556301,0.3811939096465847,0.0012885384964695789,98.0
1,noise,65,0.1,200,0.9875795356689014,0.9844744195861267,2.27557231789378e-06,0.9846847469895715,0.3931526877682071,0.0012908047088340045,98.0
1,noise,65,0.25,200,0.9860492036349084,0.9825615045436357,1.29631789906892e-05,0.9846847469895715,0.3931526877682071,0.0012908047088340045,98.0
1,noise,65,0.5,200,0.9795553462967743,0.9744441828709679,7.37109994767883e-05,0.9846847469895715,0.3931526877682071,0.0012908047088340045,98.0
1,noise,65,0.75,200,0.9720178919200149,0.9650223649000188,0.00014823507108170403,0.9846847469895715,0.3931526877682071,0.0012908047088340045,98.0
1,noise,65,1.0,200,0.9590365015144425,0.9487956268930532,0.00035528640809673074,0.9846847469895715,0.3931526877682071,0.0012908047088340045,98.0
1,noise,65,1.25,200,0.9436000158335468,0.9295000197919333,0.0007053828754124865,0.9846847469895715,0.3931526877682071,0.0012908047088340045,98.0
1,noise,65,1.5,200,0.9252510844718844,0.9065638555898553,0.0012995581908379508,0.9846847469895715,0.3931526877682071,0.0012908047088340045,98.0
1,noise,65,2.0,200,0.8849937383929909,0.8562421729912382,0.0029107232122800486,0.9846847469895715,0.3931526877682071,0.0012908047088340045,98.0
1,noise,65,2.5,200,0.8321056837382277,0.7901321046727844,0.004995995043254712,0.9846847469895715,0.3931526877682071,0.0012908047088340045,98.0
1,noise,65,3.0,200,0.7704345012378125,0.7130431265472655,0.009780332458478463,0.9846847469895715,0.3931526877682071,0.0012908047088340045,98.0
1,noise,65,3.5,200,0.7042510958805515,0.6303138698506894,0.013496663689258835,0.9846847469895715,0.3931526877682071,0.0012908047088340045,98.0
1,noise,66,0.1,200,0.9870094189132257,0.9837617736415321,2.125500228069578e-06,0.9839785910948953,0.3889529567570502,0.0012830491103814831,100.0
1,noise,66,0.25,200,0.9855446194306717,0.9819307742883399,1.4274877652497658e-05,0.9839785910948953,0.3889529567570502,0.0012830491103814831,100.0
1,noise,66,0.5,200,0.978884313958139,0.9736053924476735,6.21546629963835e-05,0.9839785910948953,0.3889529567570502,0.0012830491103814831,100.0
1,noise,66,0.75,200,0.9714967699767046,0.9643709624708808,0.00014448228802376784,0.9839785910948953,0.3889529567570502,0.0012830491103814831,100.0
1,noise,66,1.0,200,0.9575217464034034,0.9469021830042539,0.0003657915113697773,0.9839785910948953,0.3889529567570502,0.0012830491103814831,100.0
1,noise,66,1.25,200,0.9416103213020398,0.9270129016275496,0.0008800891921195153,0.9839785910948953,0.3889529567570502,0.0012830491103814831,100.0
1,noise,66,1.5,200,0.922383951949147,0.9029799399364336,0.0013134161662581361,0.9839785910948953,0.3889529567570502,0.0012830491103814831,100.0
1,noise,66,2.0,200,0.8819568646616869,0.8524460808271087,0.0030470079193102746,0.9839785910948953,0.3889529567570502,0.0012830491103814831,100.0
1,noise,66,2.5,200,0.8275949907393237,0.7844937384241547,0.005131310961460876,0.9839785910948953,0.3889529567570502,0.0012830491103814831,100.0
1,noise,66,3.0,200,0.7693780770084054,0.7117225962605066,0.010235128207449078,0.9839785910948953,0.3889529567570502,0.0012830491103814831,100.0
1,noise,66,3.5,200,0.7035996545451066,0.6294995681813833,0.012151399795630855,0.9839785910948953,0.3889529567570502,0.0012830491103814831,100.0
1,noise,67,0.1,200,0.9871465935220732,0.9839332419025913,2.3447394968239685e-06,0.9841512925803116,0.3865158212445538,0.0012207015568462965,98.0
1,noise,67,0.25,200,0.9855839718799196,0.9819799648498995,1.4304913349808662e-05,0.9841512925803116,0.3865158212445538,0.0012207015568462965,98.0
1,noise,67,0.5,200,0.9791127462138451,0.9738909327673062,7.915109872877433e-05,0.9841512925803116,0.3865158212445538,0.0012207015568462965,98.0
1,noise,67,0.75,200,0.9718000005250149,0.9647500006562685,0.00014891561313674844,0.9841512925803116,0.3865158212445538,0.0012207015568462965,98.0
1,noise,67,1.0,200,0.9583356118266061,0.9479195147832574,0.0003633895267763833,0.9841512925803116,0.3865158212445538,0.0012207015568462965,98.0
1,noise,67,1.25,200,0.9431404852358214,0.9289256065447765,0.0007093630450070932,0.9841512925803116,0.3865158212445538,0.0012207015568462965,98.0
1,noise,67,1.5,200,0.9249822953619063,0.9062278692023827,0.0013056049647646017,0.9841512925803116,0.3865158212445538,0.0012207015568462965,98.0
1,noise,67,2.0,200,0.8851805264923979,0.8564756581154973,0.002907206747192406,0.9841512925803116,0.3865158212445538,0.0012207015568462965,98.0
1,noise,67,2.5,200,0.8321812042264055,0.7902265052830069,0.004961770831674625,0.9841512925803116,0.3865158212445538,0.0012207015568462965,98.0
1,noise,67,3.0,200,0.7707139419518153,0.7133924274397692,0.00959702492137759,0.9841512925803116,0.3865158212445538,0.0012207015568462965,98.0
1,noise,67,3.5,200,0.7033745957076629,0.6292182446345786,0.013439514635152788,0.9841512925803116,0.3865158212445538,0.0012207015568462965,98.0
1,noise,68,0.1,200,0.9879917996027834,0.984989749503479,2.2077152301225746e-06,0.9852333605945428,0.3829277558854096,0.0012512918988956015,98.0
1,noise,68,0.25,200,0.9864889437476034,0.9831111796845042,1.4618947070922675e-05,0.9852333605945428,0.3829277558854096,0.0012512918988956015,98.0
1,noise,68,0.5,200,0.9801080095144266,0.975135011893033,7.338411360977647e-05,0.9852333605945428,0.3829277558854096,0.0012512918988956015,98.0
1,noise,68,0.75,200,0.9725879475893637,0.9657349344867044,0.00014651585455615346,0.9852333605945428,0.3829277558854096,0.0012512918988956015,98.0
1,noise,68,1.0,200,0.9595261637359542,0.9494077046699425,0.00035759731910545584,0.9852333605945428,0.3829277558854096,0.0012512918988956015,98.0
1,noise,68,1.25,200,0.9443448859805628,0.9304311074757036,0.0006852965621239728,0.9852333605945428,0.3829277558854096,0.0012512918988956015,98.0
1,noise,68,1.5,200,0.9262878508307252,0.9078598135384064,0.0012878990214371805,0.9852333605945428,0.3829277558854096,0.0012512918988956015,98.0
1,noise,68,2.0,200,0.8856951456310118,0.8571189320387645,0.0028279885539580236,0.9852333605945428,0.3829277558854096,0.0012512918988956015,98.0
1,noise,68,2.5,200,0.834015175713068,0.7925189696413346,0.004895435225971867,0.9852333605945428,0.3829277558854096,0.0012512918988956015,98.0
1,noise,68,3.0,200,0.7719343756215945,0.714917969526993,0.009741520850607555,0.9852333605945428,0.3829277558854096,0.0012512918988956015,98.0
1,noise,68,3.5,200,0.7059270431819804,0.6324088039774753,0.01336159841812477,0.9852333605945428,0.3829277558854096,0.0012512918988956015,98.0
1,noise,69,0.1,200,0.9868152782882027,0.9835190978602532,2.2215700881996304e-06,0.9837458592205361,0.3939765066946636,0.0012894166094376475,100.0
1,noise,69,0.25,200,0.9853805276935621,0.9817256596169526,1.5831532623857143e-05,0.9837458592205361,0.3939765066946636,0.0012894166094376475,100.0
1,noise,69,0.5,200,0.9787295928888984,0.9734119911111228,6.437236947698059e-05,0.9837458592205361,0.3939765066946636,0.0012894166094376475,100.0
1,noise,69,0.75,200,0.971237399192088,0.9640467489901099,0.00014938648097274185,0.9837458592205361,0.3939765066946636,0.0012894166094376475,100.0
1,noise,69,1.0,200,0.9573968946114312,0.9467461182642889,0.0003734237251302554,0.9837458592205361,0.3939765066946636,0.0012894166094376475,100.0
1,noise,69,1.25,200,0.9417681492192442,0.9272101865240552,0.0009030759906597165,0.9837458592205361,0.3939765066946636,0.0012894166094376475,100.0
1,noise,69,1.5,200,0.9224244238120454,0.9030305297650568,0.001344711033970229,0.9837458592205361,0.3939765066946636,0.0012894166094376475,100.0
1,noise,69,2.0,200,0.8818418755231952,0.8523023444039939,0.003070298379562407,0.9837458592205361,0.3939765066946636,0.0012894166094376475,100.0
1,noise,69,2.5,200,0.8282965376615344,0.7853706720769182,0.005171478595157691,0.9837458592205361,0.3939765066946636,0.0012894166094376475,100.0
1,noise,69,3.0,200,0.7700771302767759,0.71259641284597,0.01022515725132755,0.9837458592205361,0.3939765066946636,0.0012894166094376475,100.0
1,noise,69,3.5,200,0.7041277703977997,0.6301597129972497,0.011970213680723376,0.9837458592205361,0.3939765066946636,0.0012894166094376475,100.0
1,noise,70,0.1,200,0.986489775655622,0.9831122195695273,2.831649525954289e-06,0.9834150920441921,0.39322307741887763,0.0014597536502004562,106.0
1,noise,70,0.25,200,0.9851488938268361,0.981436117283545,1.8547570083028304e-05,0.9834150920441921,0.39322307741887763,0.0014597536502004562,106.0
1,noise,70,0.5,200,0.9781807247656871,0.9727259059571085,8.377033037929214e-05,0.9834150920441921,0.39322307741887763,0.0014597536502004562,106.0
1,noise,70,0.75,200,0.9697573532348275,0.9621966915435343,0.0001858182491728997,0.9834150920441921,0.39322307741887763,0.0014597536502004562,106.0
1,noise,70,1.0,200,0.9558089466409833,0.9447611833012292,0.00043530309126649393,0.9834150920441921,0.39322307741887763,0.0014597536502004562,106.0
1,noise,70,1.25,200,0.9402066624079485,0.9252583280099352,0.0009035552102292743,0.9834150920441921,0.39322307741887763,0.0014597536502004562,106.0
1,noise,70,1.5,200,0.9200993983151945,0.900124247893993,0.0015020598259123674,0.9834150920441921,0.39322307741887763,0.0014597536502004562,106.0
1,noise,70,2.0,200,0.8733431638623359,0.8416789548279198,0.003179638895677096,0.9834150920441921,0.39322307741887763,0.0014597536502004562,106.0
1,noise,70,2.5,200,0.8200588775488552,0.7750735969360689,0.0059092908439398574,0.9834150920441921,0.39322307741887763,0.0014597536502004562,106.0
1,noise,70,3.0,200,0.7573940219172108,0.6967425273965135,0.011269169830072019,0.9834150920441921,0.39322307741887763,0.0014597536502004562,106.0
1,noise,70,3.5,200,0.6942098298879501,0.6177622873599375,0.012680281469303827,0.9834150920441921,0.39322307741887763,0.0014597536502004562,106.0
1,noise,71,0.1,200,0.9870112947905799,0.983764118488225,2.4630062848532534e-06,0.9840849104374646,0.3925313184545062,0.0014034753713707592,104.0
1,noise,71,0.25,200,0.9856154496829593,0.9820193121036992,1.6328710768950535e-05,0.9840849104374646,0.3925313184545062,0.0014034753713707592,104.0
1,noise,71,0.5,200,0.9789948801845839,0.9737436002307297,6.533203012532334e-05,0.9840849104374646,0.3925313184545062,0.0014034753713707592,104.0
1,noise,71,0.75,200,0.9698549205678799,0.9623186507098498,0.0002025927417606148,0.9840849104374646,0.3925313184545062,0.0014034753713707592,104.0
1,noise,71,1.0,200,0.9559749996993546,0.944968749624193,0.0004226711495340691,0.9840849104374646,0.3925313184545062,0.0014034753713707592,104.0
1,noise,71,1.25,200,0.9419936609432935,0.9274920761791168,0.0007707647051474286,0.9840849104374646,0.3925313184545062,0.0014034753713707592,104.0
1,noise,71,1.5,200,0.9212994997924288,0.901624374740536,0.001551880606369579,0.9840849104374646,0.3925313184545062,0.0014034753713707592,104.0
1,noise,71,2.0,200,0.8758085796201336,0.8447607245251666,0.0034921430355437013,0.9840849104374646,0.3925313184545062,0.0014034753713707592,104.0
1,noise,71,2.5,200,0.8240049170832209,0.7800061463540257,0.00497426654157202,0.9840849104374646,0.3925313184545062,0.0014034753713707592,104.0
1,noise,71,3.0,200,0.7617704429395671,0.7022130536744586,0.010436019067333544,0.9840849104374646,0.3925313184545062,0.0014034753713707592,104.0
1,noise,71,3.5,200,0.6977864244266702,0.6222330305333376,0.011444567400877475,0.9840849104374646,0.3925313184545062,0.0014034753713707592,104.0
1,noise,72,0.1,200,0.9871997907751351,0.983999738468919,2.399594768929643e-06,0.9842896258593674,0.3928284448043968,0.0013875472992180128,102.0
1,noise,72,0.25,200,0.9857208473226149,0.9821510591532683,1.408858999362798e-05,0.9842896258593674,0.3928284448043968,0.0013875472992180128,102.0
1,noise,72,0.5,200,0.9789704996480595,0.9737131245600743,7.386662629438854e-05,0.9842896258593674,0.3928284448043968,0.0013875472992180128,102.0
1,noise,72,0.75,200,0.9713970508403176,0.964246313550397,0.00017085942503621048,0.9842896258593674,0.3928284448043968,0.0013875472992180128,102.0
1,noise,72,1.0,200,0.9581641469166686,0.9477051836458356,0.00039640826031930756,0.9842896258593674,0.3928284448043968,0.0013875472992180128,102.0
1,noise,72,1.25,200,0.9427893837557767,0.9284867296947209,0.0007642524170340673,0.9842896258593674,0.3928284448043968,0.0013875472992180128,102.0
1,noise,72,1.5,200,0.9236321214188261,0.9045401517735325,0.001655571141226366,0.9842896258593674,0.3928284448043968,0.0013875472992180128,102.0
1,noise,72,2.0,200,0.8796931042130656,0.8496163802663318,0.002985664681778333,0.9842896258593674,0.3928284448043968,0.0013875472992180128,102.0
1,noise,72,2.5,200,0.8218539908926094,0.7773174886157613,0.005557108673091431,0.9842896258593674,0.3928284448043968,0.0013875472992180128,102.0
1,noise,72,3.0,200,0.7614560833060842,0.7018201041326051,0.009523144731720798,0.9842896258593674,0.3928284448043968,0.0013875472992180128,102.0
1,noise,72,3.5,200,0.6946584937441125,0.6183231171801407,0.012362668212264737,0.9842896258593674,0.3928284448043968,0.0013875472992180128,102.0
1,noise,73,0.1,200,0.9875874114598336,0.9844842643247921,2.304295264766297e-06,0.9848207758053913,0.3894755690698983,0.0013834470020256857,102.0
1,noise,73,0.25,200,0.9861077432305478,0.9826346790381848,1.4288882420857704e-05,0.9848207758053913,0.3894755690698983,0.0013834470020256857,102.0
1,noise,73,0.5,200,0.9794692001871597,0.9743365002339494,7.281732466940622e-05,0.9848207758053913,0.3894755690698983,0.0013834470020256857,102.0
1,noise,73,0.75,200,0.9721371148976673,0.9651713936220842,0.00016780598925955758,0.9848207758053913,0.3894755690698983,0.0013834470020256857,102.0
1,noise,73,1.0,200,0.9584316443708119,0.9480395554635146,0.00038673556845657877,0.9848207758053913,0.3894755690698983,0.0013834470020256857,102.0
1,noise,73,1.25,200,0.9435547159092963,0.9294433948866202,0.0007451115462507987,0.9848207758053913,0.3894755690698983,0.0013834470020256857,102.0
1,noise,73,1.5,200,0.92450773980018,0.905634674750225,0.001615774766292552,0.9848207758053913,0.3894755690698983,0.0013834470020256857,102.0
1,noise,73,2.0,200,0.8802637158682605,0.8503296448353257,0.002974133707021628,0.9848207758053913,0.3894755690698983,0.0013834470020256857,102.0
1,noise,73,2.5,200,0.8235608690518745,0.7794510863148435,0.005484421413554315,0.9848207758053913,0.3894755690698983,0.0013834470020256857,102.0
1,noise,73,3.0,200,0.762451941990885,0.7030649274886059,0.009553204767972605,0.9848207758053913,0.3894755690698983,0.0013834470020256857,102.0
1,noise,73,3.5,200,0.6959390921603288,0.6199238652004109,0.012324772807684292,0.9848207758053913,0.3894755690698983,0.0013834470020256857,102.0
1,noise,74,0.1,200,0.9879292901517719,0.984911612689715,2.006595145102104e-06,0.9851571664777286,0.3930117877073245,0.0013714831557789708,100.0
1,noise,74,0.25,200,0.9864453349640689,0.983056668705086,1.50018507138914e-05,0.9851571664777286,0.3930117877073245,0.0013714831557789708,100.0
1,noise,74,0.5,200,0.9797965308175247,0.9747456635219056,6.273921197607509e-05,0.9851571664777286,0.3930117877073245,0.0013714831557789708,100.0
1,noise,74,0.75,200,0.9725704823477174,0.9657131029346466,0.00014866613692637702,0.9851571664777286,0.3930117877073245,0.0013714831557789708,100.0
1,noise,74,1.0,200,0.9580780817852044,0.9475976022315052,0.00036244871534816294,0.9851571664777286,0.3930117877073245,0.0013714831557789708,100.0
1,noise,74,1.25,200,0.9428796963414694,0.9285996204268366,0.0008545297049235187,0.9851571664777286,0.3930117877073245,0.0013714831557789708,100.0
1,noise,74,1.5,200,0.924141241668287,0.9051765520853587,0.0012745999700571609,0.9851571664777286,0.3930117877073245,0.0013714831557789708,100.0
1,noise,74,2.0,200,0.8826322306292582,0.8532902882865728,0.0030397935731116084,0.9851571664777286,0.3930117877073245,0.0013714831557789708,100.0
1,noise,74,2.5,200,0.8293576759684701,0.7866970949605875,0.005058362618144225,0.9851571664777286,0.3930117877073245,0.0013714831557789708,100.0
1,noise,74,3.0,200,0.7711040675286712,0.7138800844108388,0.010340663162745945,0.9851571664777286,0.3930117877073245,0.0013714831557789708,100.0
1,noise,74,3.5,200,0.7045665730740778,0.6307082163425971,0.012104299278262393,0.9851571664777286,0.3930117877073245,0.0013714831557789708,100.0
1,noise,75,0.1,200,0.9863175022378958,0.9828968777973693,2.551847108105518e-06,0.9831741654530387,0.3977012028262332,0.001453657048937118,102.0
1,noise,75,0.25,200,0.9848430278544872,0.981053784818109,1.6462163795283695e-05,0.9831741654530387,0.3977012028262332,0.001453657048937118,102.0
1,noise,75,0.5,200,0.9780226119145848,0.9725282648932309,7.599712945550732e-05,0.9831741654530387,0.3977012028262332,0.001453657048937118,102.0
1,noise,75,0.75,200,0.9705076324399777,0.9631345405499719,0.00018419984076867006,0.9831741654530387,0.3977012028262332,0.001453657048937118,102.0
1,noise,75,1.0,200,0.9569963861868853,0.9462454827336064,0.00042402514132367967,0.9831741654530387,0.3977012028262332,0.001453657048937118,102.0
1,noise,75,1.25,200,0.9419109325654752,0.9273886657068442,0.0007651157031327069,0.9831741654530387,0.3977012028262332,0.001453657048937118,102.0
1,noise,75,1.5,200,0.92312614226834,0.9039076778354249,0.0016999411392648808,0.9831741654530387,0.3977012028262332,0.001453657048937118,102.0
1,noise,75,2.0,200,0.8771638250656862,0.8464547813321077,0.003069302295982048,0.9831741654530387,0.3977012028262332,0.001453657048937118,102.0
1,noise,75,2.5,200,0.8205699047198055,0.7757123808997567,0.005643374583601713,0.9831741654530387,0.3977012028262332,0.001453657048937118,102.0
1,noise,75,3.0,200,0.7608487423407774,0.7010609279259716,0.00973007903658123,0.9831741654530387,0.3977012028262332,0.001453657048937118,102.0
1,noise,75,3.5,200,0.6943661919508195,0.6179577399385243,0.012405270542453651,0.9831741654530387,0.3977012028262332,0.001453657048937118,102.0
1,noise,76,0.1,200,0.9876611045422186,0.9845763806777731,2.0435808966351802e-06,0.9848325608684617,0.39587784048822566,0.0013983432548185621,100.0
1,noise,76,0.25,200,0.9862019922882713,0.982752490360339,1.5437599421653885e-05,0.9848325608684617,0.39587784048822566,0.0013983432548185621,100.0
1,noise,76,0.5,200,0.9795440360340302,0.9744300450425378,6.387704646392734e-05,0.9848325608684617,0.39587784048822566,0.0013983432548185621,100.0
1,noise,76,0.75,200,0.9721496512513927,0.9651870640642407,0.00015322405919660984,0.9848325608684617,0.39587784048822566,0.0013983432548185621,100.0
1,noise,76,1.0,200,0.9577250655279983,0.9471563319099977,0.00037227882742617193,0.9848325608684617,0.39587784048822566,0.0013983432548185621,100.0
1,noise,76,1.25,200,0.9426941282725552,0.9283676603406937,0.0008622513693196832,0.9848325608684617,0.39587784048822566,0.0013983432548185621,100.0
1,noise,76,1.5,200,0.9238232714104732,0.9047790892630916,0.0013086997254256865,0.9848325608684617,0.39587784048822566,0.0013983432548185621,100.0
1,noise,76,2.0,200,0.8819408060382788,0.8524260075478486,0.0030657872372416885,0.9848325608684617,0.39587784048822566,0.0013983432548185621,100.0
1,noise,76,2.5,200,0.8292310622093425,0.7865388277616779,0.005160111839322393,0.9848325608684617,0.39587784048822566,0.0013983432548185621,100.0
1,noise,76,3.0,200,0.7709048122566724,0.7136310153208405,0.010428801846359885,0.9848325608684617,0.39587784048822566,0.0013983432548185621,100.0
1,noise,76,3.5,200,0.7048090370646144,0.6310112963307679,0.01214388434436386,0.9848325608684617,0.39587784048822566,0.0013983432548185621,100.0
1,noise,77,0.1,200,0.9867958005051926,0.9834947506314903,2.373197915781075e-06,0.9837386708770983,0.3963564619916923,0.0015246727998636607,102.0
1,noise,77,0.25,200,0.9852612624652626,0.9815765780815779,1.6203883388337226e-05,0.9837386708770983,0.3963564619916923,0.0015246727998636607,102.0
1,noise,77,0.5,200,0.9785413984670339,0.9731767480837924,7.000762544672566e-05,0.9837386708770983,0.3963564619916923,0.0015246727998636607,102.0
1,noise,77,0.75,200,0.9706931635177519,0.9633664543971898,0.00017642801732982384,0.9837386708770983,0.3963564619916923,0.0015246727998636607,102.0
1,noise,77,1.0,200,0.9575644098661938,0.9469555123327421,0.0004053126585741435,0.9837386708770983,0.3963564619916923,0.0015246727998636607,102.0
1,noise,77,1.25,200,0.9423963019399779,0.927995377424972,0.0007404262520151479,0.9837386708770983,0.3963564619916923,0.0015246727998636607,102.0
1,noise,77,1.5,200,0.9233644501252503,0.9042055626565626,0.001663185252559734,0.9837386708770983,0.3963564619916923,0.0015246727998636607,102.0
1,noise,77,2.0,200,0.8767290890491992,0.8459113613114988,0.003025602992751816,0.9837386708770983,0.3963564619916923,0.0015246727998636607,102.0
1,noise,77,2.5,200,0.8202237449333278,0.7752796811666599,0.005632356995665094,0.9837386708770983,0.3963564619916923,0.0015246727998636607,102.0
1,noise,77,3.0,200,0.7610543276823138,0.7013179096028924,0.009741769296936693,0.9837386708770983,0.3963564619916923,0.0015246727998636607,102.0
1,noise,77,3.5,200,0.6950855145349359,0.6188568931686699,0.012312656066896228,0.9837386708770983,0.3963564619916923,0.0015246727998636607,102.0
1,noise,78,0.1,200,0.9870221353635804,0.9837776692044755,2.136761691589366e-06,0.9840076011139125,0.393053756214645,0.0014464132651402332,100.0
1,noise,78,0.25,200,0.985499917277381,0.9818748965967259,1.6252867852713436e-05,0.9840076011139125,0.393053756214645,0.0014464132651402332,100.0
1,noise,78,0.5,200,0.9787995859720543,0.9734994824650681,6.60204321523024e-05,0.9840076011139125,0.393053756214645,0.0014464132651402332,100.0
1,noise,78,0.75,200,0.971398246389192,0.96424780798649,0.0001643938191415146,0.9840076011139125,0.393053756214645,0.0014464132651402332,100.0
1,noise,78,1.0,200,0.9566281444953237,0.9457851806191546,0.00038519948353859466,0.9840076011139125,0.393053756214645,0.0014464132651402332,100.0
1,noise,78,1.25,200,0.9420645254705239,0.9275806568381546,0.0008835452237353711,0.9840076011139125,0.393053756214645,0.0014464132651402332,100.0
1,noise,78,1.5,200,0.923380204362346,0.9042252554529326,0.0012932588330916586,0.9840076011139125,0.393053756214645,0.0014464132651402332,100.0
1,noise,78,2.0,200,0.8802413743294152,0.8503017179117691,0.0031301109741399998,0.9840076011139125,0.393053756214645,0.0014464132651402332,100.0
1,noise,78,2.5,200,0.8281070099776784,0.7851337624720981,0.00513043004255653,0.9840076011139125,0.393053756214645,0.0014464132651402332,100.0
1,noise,78,3.0,200,0.7701672459927158,0.7127090574908947,0.010590822454350812,0.9840076011139125,0.393053756214645,0.0014464132651402332,100.0
1,noise,78,3.5,200,0.7034477915653852,0.6293097394567313,0.01228055911197052,0.9840076011139125,0.393053756214645,0.0014464132651402332,100.0
1,noise,79,0.1,200,0.9864747591527666,0.9830934489409583,2.5093989202495558e-06,0.9833206293025611,0.39930215397272606,0.0013722012069082798,98.0
1,noise,79,0.25,200,0.9849904717649539,0.9812380897061921,1.561283278049032e-05,0.9833206293025611,0.39930215397272606,0.0013722012069082798,98.0
1,noise,79,0.5,200,0.9784499119177159,0.9730623898971448,7.92399794777982e-05,0.9833206293025611,0.39930215397272606,0.0013722012069082798,98.0
1,noise,79,0.75,200,0.9710530738229132,0.9638163422786411,0.00016127542412168683,0.9833206293025611,0.39930215397272606,0.0013722012069082798,98.0
1,noise,79,1.0,200,0.9580668161636283,0.9475835202045354,0.00038114962828817084,0.9833206293025611,0.39930215397272606,0.0013722012069082798,98.0
1,noise,79,1.25,200,0.9427771079222099,0.9284713849027623,0.0007241638186049178,0.9833206293025611,0.39930215397272606,0.0013722012069082798,98.0
1,noise,79,1.5,200,0.9247329697645879,0.9059162122057346,0.001335459445517314,0.9833206293025611,0.39930215397272606,0.0013722012069082798,98.0
1,noise,79,2.0,200,0.8840056064873771,0.8550070081092214,0.0029362011716759866,0.9833206293025611,0.39930215397272606,0.0013722012069082798,98.0
1,noise,79,2.5,200,0.832219721558603,0.790274651948254,0.004991289031980514,0.9833206293025611,0.39930215397272606,0.0013722012069082798,98.0
1,noise,79,3.0,200,0.7705811763700361,0.7132264704625451,0.009803983479308373,0.9833206293025611,0.39930215397272606,0.0013722012069082798,98.0
1,noise,79,3.5,200,0.7049750153835772,0.6312187692294714,0.013487250676123974,0.9833206293025611,0.39930215397272606,0.0013722012069082798,98.0
1,noise,80,0.1,200,0.9880274353031251,0.985034294128906,1.9102612864254995e-06,0.985317586646427,0.3872995964519412,0.0014410612801358266,100.0
1,noise,80,0.25,200,0.9866013023766771,0.9832516279708463,1.5598117377629235e-05,0.985317586646427,0.3872995964519412,0.0014410612801358266,100.0
1,noise,80,0.5,200,0.9800312501205204,0.9750390626506504,6.290668431369546e-05,0.985317586646427,0.3872995964519412,0.0014410612801358266,100.0
1,noise,80,0.75,200,0.9725419199676697,0.965677399959587,0.00015015187714978925,0.985317586646427,0.3872995964519412,0.0014410612801358266,100.0
1,noise,80,1.0,200,0.9581926377208373,0.9477407971510466,0.00036845158373050686,0.985317586646427,0.3872995964519412,0.0014410612801358266,100.0
1,noise,80,1.25,200,0.9435538197907878,0.9294422747384848,0.0008389131219611274,0.985317586646427,0.3872995964519412,0.0014410612801358266,100.0
1,noise,80,1.5,200,0.9245745969276005,0.9057182461595005,0.001282679781209036,0.985317586646427,0.3872995964519412,0.0014410612801358266,100.0
1,noise,80,2.0,200,0.8822841869304381,0.8528552336630475,0.003035497848812173,0.985317586646427,0.3872995964519412,0.0014410612801358266,100.0
1,noise,80,2.5,200,0.8306551469693911,0.7883189337117389,0.005188050321491156,0.985317586646427,0.3872995964519412,0.0014410612801358266,100.0
1,noise,80,3.0,200,0.7718563087819006,0.7148203859773757,0.010400403873498679,0.985317586646427,0.3872995964519412,0.0014410612801358266,100.0
1,noise,80,3.5,200,0.706127592479048,0.6326594905988098,0.01205886623520212,0.985317586646427,0.3872995964519412,0.0014410612801358266,100.0
1,noise,81,0.1,200,0.9870223374501871,0.9837779218127338,2.041502882859157e-06,0.9840653809253271,0.3979629047362345,0.0014563123533373956,100.0
1,noise,81,0.25,200,0.9856263982103709,0.9820329977629639,1.6548446883204363e-05,0.9840653809253271,0.3979629047362345,0.0014563123533373956,100.0
1,noise,81,0.5,200,0.9790767949337824,0.9738459936672278,6.630315375159872e-05,0.9840653809253271,0.3979629047362345,0.0014563123533373956,100.0
1,noise,81,0.75,200,0.9714286079494837,0.9642857599368548,0.00015471788848790596,0.9840653809253271,0.3979629047362345,0.0014563123533373956,100.0
1,noise,81,1.0,200,0.9573531543368161,0.9466914429210199,0.0003774768516658283,0.9840653809253271,0.3979629047362345,0.0014563123533373956,100.0
1,noise,81,1.25,200,0.9426380713837088,0.9282975892296358,0.0008579974875524645,0.9840653809253271,0.3979629047362345,0.0014563123533373956,100.0
1,noise,81,1.5,200,0.9235250489032909,0.9044063111291135,0.0013287002855013291,0.9840653809253271,0.3979629047362345,0.0014563123533373956,100.0
1,noise,81,2.0,200,0.8814452657175202,0.8518065821469003,0.0030665390405278433,0.9840653809253271,0.3979629047362345,0.0014563123533373956,100.0
1,noise,81,2.5,200,0.8299548901790614,0.7874436127238269,0.005301377511166184,0.9840653809253271,0.3979629047362345,0.0014563123533373956,100.0
1,noise,81,3.0,200,0.771128230049893,0.7139102875623661,0.010418361772376292,0.9840653809253271,0.3979629047362345,0.0014563123533373956,100.0
1,noise,81,3.5,200,0.7059592401967737,0.6324490502459671,0.012048111870051276,0.9840653809253271,0.3979629047362345,0.0014563123533373956,100.0
1,noise,82,0.1,200,0.9884185905679236,0.9855232382099044,2.0685616171593773e-06,0.9857922864154635,0.38838804492311385,0.0014469745232277191,98.0
1,noise,82,0.25,200,0.9869234918558519,0.983654364819815,1.4944359569134224e-05,0.9857922864154635,0.38838804492311385,0.0014469745232277191,98.0
1,noise,82,0.5,200,0.9806248430890344,0.9757810538612928,6.912298519114762e-05,0.9857922864154635,0.38838804492311385,0.0014469745232277191,98.0
1,noise,82,0.75,200,0.973129101485231,0.9664113768565386,0.00014249677719833747,0.9857922864154635,0.38838804492311385,0.0014469745232277191,98.0
1,noise,82,1.0,200,0.9599483654365475,0.9499354567956843,0.0003469754288959541,0.9857922864154635,0.38838804492311385,0.0014469745232277191,98.0
1,noise,82,1.25,200,0.94497544901756,0.9312193112719502,0.0006531176353348996,0.9857922864154635,0.38838804492311385,0.0014469745232277191,98.0
1,noise,82,1.5,200,0.9272044333661239,0.9090055417076548,0.0012508829706713062,0.9857922864154635,0.38838804492311385,0.0014469745232277191,98.0
1,noise,82,2.0,200,0.8857277263058413,0.8571596578823015,0.0028229536388594354,0.9857922864154635,0.38838804492311385,0.0014469745232277191,98.0
1,noise,82,2.5,200,0.8347424788939777,0.7934280986174721,0.004770202937534902,0.9857922864154635,0.38838804492311385,0.0014469745232277191,98.0
1,noise,82,3.0,200,0.7725515136016745,0.715689392002093,0.009626900736296833,0.9857922864154635,0.38838804492311385,0.0014469745232277191,98.0
1,noise,82,3.5,200,0.7067088140670909,0.6333860175838634,0.013177691780335218,0.9857922864154635,0.38838804492311385,0.0014469745232277191,98.0
1,noise,83,0.1,200,0.9877865084996966,0.9847331356246207,1.979652098672831e-06,0.984968414825613,0.38698530481484816,0.0014784914942762343,100.0
1,noise,83,0.25,200,0.9862997901294653,0.9828747376618315,1.5382411373872422e-05,0.984968414825613,0.38698530481484816,0.0014784914942762343,100.0
1,noise,83,0.5,200,0.9796722447373233,0.9745903059216541,6.235846274987413e-05,0.984968414825613,0.38698530481484816,0.0014784914942762343,100.0
1,noise,83,0.75,200,0.9720435870504048,0.965054483813006,0.0001519501729196926,0.984968414825613,0.38698530481484816,0.0014784914942762343,100.0
1,noise,83,1.0,200,0.9576865123401235,0.9471081404251542,0.00037051485369676883,0.984968414825613,0.38698530481484816,0.0014784914942762343,100.0
1,noise,83,1.25,200,0.9430106161540833,0.928763270192604,0.0008643679270261616,0.984968414825613,0.38698530481484816,0.0014784914942762343,100.0
1,noise,83,1.5,200,0.9239948768163793,0.9049935960204738,0.0012787186122501571,0.984968414825613,0.38698530481484816,0.0014784914942762343,100.0
1,noise,83,2.0,200,0.881070153140694,0.8513376914258675,0.0030830853882381406,0.984968414825613,0.38698530481484816,0.0014784914942762343,100.0
1,noise,83,2.5,200,0.829182382364158,0.786477977955197,0.005159882947383355,0.984968414825613,0.38698530481484816,0.0014784914942762343,100.0
1,noise,83,3.0,200,0.7707589475243265,0.7134486844054081,0.01046070506192498,0.984968414825613,0.38698530481484816,0.0014784914942762343,100.0
1,noise,83,3.5,200,0.7046268119886234,0.6307835149857791,0.012162067290352956,0.984968414825613,0.38698530481484816,0.0014784914942762343,100.0
1,noise,84,0.1,200,0.9877634997031856,0.9847043746289819,2.1590337367660185e-06,0.984978415735565,0.39348334812378116,0.0015347901226552617,102.0
1,noise,84,0.25,200,0.9861942637622605,0.9827428297028256,1.5450485537018177e-05,0.984978415735565,0.39348334812378116,0.0015347901226552617,102.0
1,noise,84,0.5,200,0.9795388023323076,0.9744235029153843,6.78986633812699e-05,0.984978415735565,0.39348334812378116,0.0015347901226552617,102.0
1,noise,84,0.75,200,0.9719179747017531,0.9648974683771917,0.00016942825339912723,0.984978415735565,0.39348334812378116,0.0015347901226552617,102.0
1,noise,84,1.0,200,0.9583388551780598,0.9479235689725747,0.0003880721945936961,0.984978415735565,0.39348334812378116,0.0015347901226552617,102.0
1,noise,84,1.25,200,0.943493109474701,0.9293663868433762,0.0007132326222765677,0.984978415735565,0.39348334812378116,0.0015347901226552617,102.0
1,noise,84,1.5,200,0.9245747557852271,0.9057184447315336,0.0016259306632998073,0.984978415735565,0.39348334812378116,0.0015347901226552617,102.0
1,noise,84,2.0,200,0.877782362825236,0.8472279535315451,0.003013204856068188,0.984978415735565,0.39348334812378116,0.0015347901226552617,102.0
1,noise,84,2.5,200,0.821821916462001,0.7772773955775011,0.005531299863348564,0.984978415735565,0.39348334812378116,0.0015347901226552617,102.0
1,noise,84,3.0,200,0.7621968611006683,0.7027460763758353,0.009657496413448983,0.984978415735565,0.39348334812378116,0.0015347901226552617,102.0
1,noise,84,3.5,200,0.6960571783167477,0.6200714728959345,0.012260078846610711,0.984978415735565,0.39348334812378116,0.0015347901226552617,102.0
1,noise,85,0.1,200,0.9897372532090553,0.9871715665113188,1.6411512472547186e-06,0.9874590826016465,0.38393637190379504,0.0015213861661151845,100.0
1,noise,85,0.25,200,0.988264245117771,0.9853303063972138,1.3396864289751349e-05,0.9874590826016465,0.38393637190379504,0.0015213861661151845,100.0
1,noise,85,0.5,200,0.9817613242632357,0.9772016553290448,5.431399775224971e-05,0.9874590826016465,0.38393637190379504,0.0015213861661151845,100.0
1,noise,85,0.75,200,0.9741861321515647,0.9677326651894554,0.00013579322134664784,0.9874590826016465,0.38393637190379504,0.0015213861661151845,100.0
1,noise,85,1.0,200,0.9596580305006995,0.9495725381258743,0.0003348429357588159,0.9874590826016465,0.38393637190379504,0.0015213861661151845,100.0
1,noise,85,1.25,200,0.9450988255487488,0.9313735319359359,0.0007887298769325255,0.9874590826016465,0.38393637190379504,0.0015213861661151845,100.0
1,noise,85,1.5,200,0.9261046039212186,0.907630754901523,0.0012164966167836759,0.9874590826016465,0.38393637190379504,0.0015213861661151845,100.0
1,noise,85,2.0,200,0.883655204273579,0.8545690053419736,0.0029633215921602758,0.9874590826016465,0.38393637190379504,0.0015213861661151845,100.0
1,noise,85,2.5,200,0.8316801601417465,0.7896002001771832,0.0050238587601380835,0.9874590826016465,0.38393637190379504,0.0015213861661151845,100.0
1,noise,85,3.0,200,0.7727137889881249,0.7158922362351561,0.010335507922478386,0.9874590826016465,0.38393637190379504,0.0015213861661151845,100.0
1,noise,85,3.5,200,0.7062523166618839,0.6328153958273549,0.011939734149700749,0.9874590826016465,0.38393637190379504,0.0015213861661151845,100.0
1,noise,86,0.1,200,0.9880481962280125,0.9850602452850157,2.093542618927433e-06,0.9853691316828455,0.3975267188859899,0.0015404575662364961,102.0
1,noise,86,0.25,200,0.9865403721376073,0.983175465172009,1.5506548443578343e-05,0.9853691316828455,0.3975267188859899,0.0015404575662364961,102.0
1,noise,86,0.5,200,0.9799550237095744,0.9749437796369681,6.962443390414445e-05,0.9853691316828455,0.3975267188859899,0.0015404575662364961,102.0
1,noise,86,0.75,200,0.9723347998848979,0.9654184998561223,0.0001637296667686156,0.9853691316828455,0.3975267188859899,0.0015404575662364961,102.0
1,noise,86,1.0,200,0.9589982913665858,0.9487478642082321,0.00038637133668972075,0.9853691316828455,0.3975267188859899,0.0015404575662364961,102.0
1,noise,86,1.25,200,0.9441945748021432,0.9302432185026791,0.0007099262195975942,0.9853691316828455,0.3975267188859899,0.0015404575662364961,102.0
1,noise,86,1.5,200,0.9250446457704993,0.906305807213124,0.0016249146064000683,0.9853691316828455,0.3975267188859899,0.0015404575662364961,102.0
1,noise,86,2.0,200,0.8799004812205425,0.8498756015256784,0.0029281037391901527,0.9853691316828455,0.3975267188859899,0.0015404575662364961,102.0
1,noise,86,2.5,200,0.8239190877554528,0.7798988596943162,0.005434246589094922,0.9853691316828455,0.3975267188859899,0.0015404575662364961,102.0
1,noise,86,3.0,200,0.7636828207894469,0.7046035259868085,0.009519617894792633,0.9853691316828455,0.3975267188859899,0.0015404575662364961,102.0
1,noise,86,3.5,200,0.6977858542247631,0.6222323177809538,0.012155590521578724,0.9853691316828455,0.3975267188859899,0.0015404575662364961,102.0
1,noise,87,0.1,200,0.9878492853851552,0.9848116067314437,2.397497068415763e-06,0.9850965813384144,0.39075272076230444,0.0015001488936975265,104.0
1,noise,87,0.25,200,0.9863872853807938,0.982984106725992,1.560108345563271e-05,0.9850965813384144,0.39075272076230444,0.0015001488936975265,104.0
1,noise,87,0.5,200,0.979649659179354,0.9745620739741926,6.152344543223878e-05,0.9850965813384144,0.39075272076230444,0.0015001488936975265,104.0
1,noise,87,0.75,200,0.9706582844590896,0.963322855573862,0.0002017026689294938,0.9850965813384144,0.39075272076230444,0.0015001488936975265,104.0
1,noise,87,1.0,200,0.9565896991039878,0.9457371238799849,0.00040051268547611554,0.9850965813384144,0.39075272076230444,0.0015001488936975265,104.0
1,noise,87,1.25,200,0.9427620472656133,0.9284525590820164,0.0007547806675425867,0.9850965813384144,0.39075272076230444,0.0015001488936975265,104.0
1,noise,87,1.5,200,0.9218189541140132,0.9022736926425163,0.0015356635308615538,0.9850965813384144,0.39075272076230444,0.0015001488936975265,104.0
1,noise,87,2.0,200,0.8758827789284611,0.8448534736605763,0.0034183113255998286,0.9850965813384144,0.39075272076230444,0.0015001488936975265,104.0
1,noise,87,2.5,200,0.8239189369718055,0.7798986712147566,0.004929513960477598,0.9850965813384144,0.39075272076230444,0.0015001488936975265,104.0
1,noise,87,3.0,200,0.7617300620644156,0.7021625775805195,0.010483492309445522,0.9850965813384144,0.39075272076230444,0.0015001488936975265,104.0
1,noise,87,3.5,200,0.6981651830359997,0.6227064787949996,0.011502445698660097,0.9850965813384144,0.39075272076230444,0.0015001488936975265,104.0
1,noise,88,0.1,200,0.9883473558724675,0.9854341948405844,2.4037294258316956e-06,0.9857115038433287,0.3957751290544189,0.0016095917207281975,106.0
1,noise,88,0.25,200,0.9869070182874495,0.9836337728593116,1.5853579319386268e-05,0.9857115038433287,0.3957751290544189,0.0016095917207281975,106.0
1,noise,88,0.5,200,0.9798474009017317,0.9748092511271648,7.416300666883183e-05,0.9857115038433287,0.3957751290544189,0.0016095917207281975,106.0
1,noise,88,0.75,200,0.9714874338997179,0.9643592923746473,0.00016640688677154757,0.9857115038433287,0.3957751290544189,0.0016095917207281975,106.0
1,noise,88,1.0,200,0.9573576754280098,0.9466970942850123,0.0003880298424734137,0.9857115038433287,0.3957751290544189,0.0016095917207281975,106.0
1,noise,88,1.25,200,0.9418279148372797,0.9272848935465996,0.0008530790940385558,0.9857115038433287,0.3957751290544189,0.0016095917207281975,106.0
1,noise,88,1.5,200,0.9215813511683788,0.9019766889604732,0.0014533984278597165,0.9857115038433287,0.3957751290544189,0.0016095917207281975,106.0
1,noise,88,2.0,200,0.8737251280349296,0.842156410043662,0.003242627905173109,0.9857115038433287,0.3957751290544189,0.0016095917207281975,106.0
1,noise,88,2.5,200,0.8199665216306768,0.7749581520383458,0.005759368088504481,0.9857115038433287,0.3957751290544189,0.0016095917207281975,106.0
1,noise,88,3.0,200,0.75775964392951,0.6971995549118872,0.011115018539339612,0.9857115038433287,0.3957751290544189,0.0016095917207281975,106.0
1,noise,88,3.5,200,0.6935210206907522,0.6169012758634402,0.012670375662822832,0.9857115038433287,0.3957751290544189,0.0016095917207281975,106.0
1,noise,89,0.1,200,0.9873453480241292,0.9841816850301615,2.5641546076100388e-06,0.9844472667188486,0.3991408326883108,0.0015033387358729534,104.0
1,noise,89,0.25,200,0.9858937537725938,0.9823671922157422,1.5549119050742195e-05,0.9844472667188486,0.3991408326883108,0.0015033387358729534,104.0
1,noise,89,0.5,200,0.9791652398536309,0.9739565498170387,6.118899208256394e-05,0.9844472667188486,0.3991408326883108,0.0015033387358729534,104.0
1,noise,89,0.75,200,0.9702572208041034,0.9628215260051292,0.00019579533908110889,0.9844472667188486,0.3991408326883108,0.0015033387358729534,104.0
1,noise,89,1.0,200,0.9561429813699889,0.9451787267124859,0.0004259904073642377,0.9844472667188486,0.3991408326883108,0.0015033387358729534,104.0
1,noise,89,1.25,200,0.9422088055452058,0.9277610069315068,0.0007655447115911917,0.9844472667188486,0.3991408326883108,0.0015033387358729534,104.0
1,noise,89,1.5,200,0.9211092783508236,0.9013865979385295,0.0016078552119673266,0.9844472667188486,0.3991408326883108,0.0015033387358729534,104.0
1,noise,89,2.0,200,0.8757075242423579,0.8446344053029472,0.003475882211227801,0.9844472667188486,0.3991408326883108,0.0015033387358729534,104.0
1,noise,89,2.5,200,0.8234059876644498,0.7792574845805622,0.004990775949533622,0.9844472667188486,0.3991408326883108,0.0015033387358729534,104.0
1,noise,89,3.0,200,0.7608038191946354,0.7010047739932941,0.01057789629702155,0.9844472667188486,0.3991408326883108,0.0015033387358729534,104.0
1,noise,89,3.5,200,0.6977697058668197,0.6222121323335246,0.011485755490315195,0.9844472667188486,0.3991408326883108,0.0015033387358729534,104.0
1,noise,90,0.1,200,0.9877420217705932,0.9846775272132413,2.219749529265027e-06,0.9849482916192198,0.3937508498817559,0.0014656642561341549,102.0
1,noise,90,0.25,200,0.9862280661829275,0.982785082728659,1.4880440307779691e-05,0.9849482916192198,0.3937508498817559,0.0014656642561341549,102.0
1,noise,90,0.5,200,0.9795130499367493,0.9743913124209365,7.132830305121503e-05,0.9849482916192198,0.3937508498817559,0.0014656642561341549,102.0
1,noise,90,0.75,200,0.971805292834218,0.9647566160427726,0.00016814363425230038,0.9849482916192198,0.3937508498817559,0.0014656642561341549,102.0
1,noise,90,1.0,200,0.9585768404996702,0.9482210506245877,0.00039982630072143483,0.9849482916192198,0.3937508498817559,0.0014656642561341549,102.0
1,noise,90,1.25,200,0.9433698291246855,0.9292122864058566,0.000736159004636381,0.9849482916192198,0.3937508498817559,0.0014656642561341549,102.0
1,noise,90,1.5,200,0.9242138192674599,0.9052672740843246,0.001660476877167567,0.9849482916192198,0.3937508498817559,0.0014656642561341549,102.0
1,noise,90,2.0,200,0.8790046324505805,0.8487557905632253,0.0029677104381967316,0.9849482916192198,0.3937508498817559,0.0014656642561341549,102.0
1,noise,90,2.5,200,0.8220552440373692,0.7775690550467113,0.00558570276462081,0.9849482916192198,0.3937508498817559,0.0014656642561341549,102.0
1,noise,90,3.0,200,0.7620094401803313,0.7025118002254142,0.009590923875149614,0.9849482916192198,0.3937508498817559,0.0014656642561341549,102.0
1,noise,90,3.5,200,0.6959821599802498,0.6199776999753123,0.012245076534257169,0.9849482916192198,0.3937508498817559,0.0014656642561341549,102.0
1,noise,91,0.1,200,0.9877771408116921,0.9847214260146147,2.5241781894098457e-06,0.9849632800945199,0.3928913630183908,0.0015455744450931913,108.0
1,noise,91,0.25,200,0.986164369823685,0.9827054622796063,1.6301908232065126e-05,0.9849632800945199,0.3928913630183908,0.0015455744450931913,108.0
1,noise,91,0.5,200,0.9790337332901115,0.9737921666126393,7.802107973708073e-05,0.9849632800945199,0.3928913630183908,0.0015455744450931913,108.0
1,noise,91,0.75,200,0.9704122180839466,0.963015272604933,0.00017087660301376637,0.9849632800945199,0.3928913630183908,0.0015455744450931913,108.0
1,noise,91,1.0,200,0.95542462287371,0.9442807785921374,0.00040940993308054887,0.9849632800945199,0.3928913630183908,0.0015455744450931913,108.0
1,noise,91,1.25,200,0.9388983552062107,0.9236229440077633,0.000870553475564669,0.9849632800945199,0.3928913630183908,0.0015455744450931913,108.0
1,noise,91,1.5,200,0.9205773752005162,0.900721719000645,0.0014832312703023287,0.9849632800945199,0.3928913630183908,0.0015455744450931913,108.0
1,noise,91,2.0,200,0.8734799809555839,0.8418499761944795,0.0033633664777473105,0.9849632800945199,0.3928913630183908,0.0015455744450931913,108.0
1,noise,91,2.5,200,0.8177740562365003,0.7722175702956252,0.005961081501855175,0.9849632800945199,0.3928913630183908,0.0015455744450931913,108.0
1,noise,91,3.0,200,0.7503865058954722,0.6879831323693404,0.011314292398456943,0.9849632800945199,0.3928913630183908,0.0015455744450931913,108.0
1,noise,91,3.5,200,0.6838807732577479,0.6048509665721847,0.012873998609944799,0.9849632800945199,0.3928913630183908,0.0015455744450931913,108.0
1,noise,92,0.1,200,0.9886731554156925,0.9858414442696156,2.052563353284172e-06,0.9861169311038206,0.39554327796467903,0.0014776405281585487,102.0
1,noise,92,0.25,200,0.9871521291411821,0.9839401614264773,1.330924184248109e-05,0.9861169311038206,0.39554327796467903,0.0014776405281585487,102.0
1,noise,92,0.5,200,0.9804577947254032,0.9755722434067539,6.721982437477292e-05,0.9861169311038206,0.39554327796467903,0.0014776405281585487,102.0
1,noise,92,0.75,200,0.9726896823351862,0.9658621029189826,0.00015843961357059992,0.9861169311038206,0.39554327796467903,0.0014776405281585487,102.0
1,noise,92,1.0,200,0.9594574097229422,0.9493217621536779,0.0003813578318300491,0.9861169311038206,0.39554327796467903,0.0014776405281585487,102.0
1,noise,92,1.25,200,0.9441621924211259,0.9302027405264073,0.0007168642311990433,0.9861169311038206,0.39554327796467903,0.0014776405281585487,102.0
1,noise,92,1.5,200,0.925049016878478,0.9063112710980973,0.0016255335710531921,0.9861169311038206,0.39554327796467903,0.0014776405281585487,102.0
1,noise,92,2.0,200,0.8799327401659783,0.8499159252074727,0.002922413226243772,0.9861169311038206,0.39554327796467903,0.0014776405281585487,102.0
1,noise,92,2.5,200,0.8226776251812814,0.7783470314766018,0.0055552474275180645,0.9861169311038206,0.39554327796467903,0.0014776405281585487,102.0
1,noise,92,3.0,200,0.7624666249303469,0.7030832811629335,0.009509824362690713,0.9861169311038206,0.39554327796467903,0.0014776405281585487,102.0
1,noise,92,3.5,200,0.695965700644011,0.6199571258050137,0.012229422543424073,0.9861169311038206,0.39554327796467903,0.0014776405281585487,102.0
1,noise,93,0.1,200,0.9881898876410061,0.9852373595512576,1.9275375675979246e-06,0.9855089834013077,0.3940598600807648,0.0014918299269649155,100.0
1,noise,93,0.25,200,0.9867204113855653,0.9834005142319568,1.5355332638223987e-05,0.9855089834013077,0.3940598600807648,0.0014918299269649155,100.0
1,noise,93,0.5,200,0.9801028060906266,0.9751285076132831,6.264132789876795e-05,0.9855089834013077,0.3940598600807648,0.0014918299269649155,100.0
1,noise,93,0.75,200,0.9726879270341284,0.9658599087926605,0.00015256240898604237,0.9855089834013077,0.3940598600807648,0.0014918299269649155,100.0
1,noise,93,1.0,200,0.9580093725580145,0.9475117156975181,0.0003674630015146799,0.9855089834013077,0.3940598600807648,0.0014918299269649155,100.0
1,noise,93,1.25,200,0.9433762459833894,0.9292203074792366,0.0008370184098630398,0.9855089834013077,0.3940598600807648,0.0014918299269649155,100.0
1,noise,93,1.5,200,0.9247203494184089,0.905900436773011,0.001276251605839943,0.9855089834013077,0.3940598600807648,0.0014918299269649155,100.0
1,noise,93,2.0,200,0.8819233257268071,0.8524041571585087,0.0030606837718509406,0.9855089834013077,0.3940598600807648,0.0014918299269649155,100.0
1,noise,93,2.5,200,0.8300421557528765,0.7875526946910958,0.005143866371634981,0.9855089834013077,0.3940598600807648,0.0014918299269649155,100.0
1,noise,93,3.0,200,0.7714585179687836,0.7143231474609796,0.010504194814131791,0.9855089834013077,0.3940598600807648,0.0014918299269649155,100.0
1,noise,93,3.5,200,0.7053322577186467,0.6316653221483084,0.012251052646152467,0.9855089834013077,0.3940598600807648,0.0014918299269649155,100.0
1,noise,94,0.1,200,0.9879304828136095,0.9849131035170119,2.2392331271371686e-06,0.9851741759905754,0.39900794401686546,0.0015029418243898763,102.0
1,noise,94,0.25,200,0.9864276544534122,0.9830345680667654,1.465109608816639e-05,0.9851741759905754,0.39900794401686546,0.0015029418243898763,102.0
1,noise,94,0.5,200,0.9797488541733301,0.9746860677166624,6.993166943748493e-05,0.9851741759905754,0.39900794401686546,0.0015029418243898763,102.0
1,noise,94,0.75,200,0.9718493653467614,0.9648117066834514,0.00016480883895461282,0.9851741759905754,0.39900794401686546,0.0015029418243898763,102.0
1,noise,94,1.0,200,0.9590705888960397,0.9488382361200496,0.0003930285350035833,0.9851741759905754,0.39900794401686546,0.0015029418243898763,102.0
1,noise,94,1.25,200,0.9435356190980054,0.9294195238725065,0.0007401925301315523,0.9851741759905754,0.39900794401686546,0.0015029418243898763,102.0
1,noise,94,1.5,200,0.9243440774881423,0.905430096860178,0.0016642702570693133,0.9851741759905754,0.39900794401686546,0.0015029418243898763,102.0
1,noise,94,2.0,200,0.8799761287924185,0.8499701609905234,0.0029209919721808687,0.9851741759905754,0.39900794401686546,0.0015029418243898763,102.0
1,noise,94,2.5,200,0.8223613124907921,0.7779516406134901,0.005556157764949181,0.9851741759905754,0.39900794401686546,0.0015029418243898763,102.0
1,noise,94,3.0,200,0.7625382724529238,0.7031728405661548,0.009454035487388025,0.9851741759905754,0.39900794401686546,0.0015029418243898763,102.0
1,noise,94,3.5,200,0.6964511293022382,0.6205639116277974,0.012109209122166158,0.9851741759905754,0.39900794401686546,0.0015029418243898763,102.0
1,noise,95,0.1,200,0.9890927617101763,0.9863659521377203,2.0852709671175076e-06,0.9866640276994169,0.3866565556330299,0.0015219880998325124,104.0
1,noise,95,0.25,200,0.9876184152419463,0.9845230190524324,1.3881583082134687e-05,0.9866640276994169,0.3866565556330299,0.0015219880998325124,104.0
1,noise,95,0.5,200,0.9810135894704008,0.976266986838001,5.6634537691388904e-05,0.9866640276994169,0.3866565556330299,0.0015219880998325124,104.0
1,noise,95,0.75,200,0.9717755681664259,0.9647194602080321,0.00018872483862792825,0.9866640276994169,0.3866565556330299,0.0015219880998325124,104.0
1,noise,95,1.0,200,0.9578300907504339,0.9472876134380421,0.0003815063709553829,0.9866640276994169,0.3866565556330299,0.0015219880998325124,104.0
1,noise,95,1.25,200,0.9440237114614084,0.9300296393267604,0.0007378635932843361,0.9866640276994169,0.3866565556330299,0.0015219880998325124,104.0
1,noise,95,1.5,200,0.9230441544865733,0.9038051931082165,0.0014696673393300643,0.9866640276994169,0.3866565556330299,0.0015219880998325124,104.0
1,noise,95,2.0,200,0.8768132231355603,0.8460165289194503,0.003469265405956857,0.9866640276994169,0.3866565556330299,0.0015219880998325124,104.0
1,noise,95,2.5,200,0.8248518767764029,0.7810648459705036,0.004894872672118654,0.9866640276994169,0.3866565556330299,0.0015219880998325124,104.0
1,noise,95,3.0,200,0.7624430586815071,0.7030538233518838,0.010561574353363077,0.9866640276994169,0.3866565556330299,0.0015219880998325124,104.0
1,noise,95,3.5,200,0.6987265540039026,0.6234081925048782,0.011362817888131729,0.9866640276994169,0.3866565556330299,0.0015219880998325124,104.0
1,noise,96,0.1,200,0.9883482041790522,0.9854352552238155,2.2953057321721665e-06,0.9857296733724903,0.39398810065851164,0.0015315580310978252,104.0
1,noise,96,0.25,200,0.986888130280266,0.9836101628503325,1.5512392540444373e-05,0.9857296733724903,0.39398810065851164,0.0015315580310978252,104.0
1,noise,96,0.5,200,0.9802179542402325,0.9752724428002904,6.135454639628006e-05,0.9857296733724903,0.39398810065851164,0.0015315580310978252,104.0
1,noise,96,0.75,200,0.9712077945175234,0.964009743146904,0.00019437159258922098,0.9857296733724903,0.39398810065851164,0.0015315580310978252,104.0
1,noise,96,1.0,200,0.9570240566566952,0.946280070820869,0.0003988253173949012,0.9857296733724903,0.39398810065851164,0.0015315580310978252,104.0
1,noise,96,1.25,200,0.9433553931205522,0.9291942414006903,0.0007460573766794607,0.9857296733724903,0.39398810065851164,0.0015315580310978252,104.0
1,noise,96,1.5,200,0.9225332106998394,0.9031665133747996,0.0015210679438260222,0.9857296733724903,0.39398810065851164,0.0015315580310978252,104.0
1,noise,96,2.0,200,0.8760605882752229,0.8450757353440284,0.0035234526470722914,0.9857296733724903,0.39398810065851164,0.0015315580310978252,104.0
1,noise,96,2.5,200,0.8245773845050774,0.7807217306313468,0.0049156877923784556,0.9857296733724903,0.39398810065851164,0.0015315580310978252,104.0
1,noise,96,3.0,200,0.762137376614305,0.7026717207678811,0.01061864965232707,0.9857296733724903,0.39398810065851164,0.0015315580310978252,104.0
1,noise,96,3.5,200,0.6982116664358946,0.6227645830448684,0.011398939088861844,0.9857296733724903,0.39398810065851164,0.0015315580310978252,104.0
1,noise,97,0.1,200,0.9884912576493234,0.9856140720616541,2.4903260922671884e-06,0.9858956974278957,0.3862614594319862,0.0015568985454630228,106.0
1,noise,97,0.25,200,0.9870828853324585,0.9838536066655729,1.5437393933800265e-05,0.9858956974278957,0.3862614594319862,0.0015568985454630228,106.0
1,noise,97,0.5,200,0.9800185189209927,0.9750231486512407,7.071454944032814e-05,0.9858956974278957,0.3862614594319862,0.0015568985454630228,106.0
1,noise,97,0.75,200,0.9715544156922779,0.9644430196153471,0.00017260476811536572,0.9858956974278957,0.3862614594319862,0.0015568985454630228,106.0
1,noise,97,1.0,200,0.9574002494935044,0.9467503118668806,0.0004237817874916054,0.9858956974278957,0.3862614594319862,0.0015568985454630228,106.0
1,noise,97,1.25,200,0.9417710413519977,0.9272138016899971,0.0008602647136836325,0.9858956974278957,0.3862614594319862,0.0015568985454630228,106.0
1,noise,97,1.5,200,0.9214612015170123,0.9018265018962651,0.0014644277322665685,0.9858956974278957,0.3862614594319862,0.0015568985454630228,106.0
1,noise,97,2.0,200,0.8735608573063746,0.8419510716329681,0.003268509319155012,0.9858956974278957,0.3862614594319862,0.0015568985454630228,106.0
1,noise,97,2.5,200,0.8197922174959866,0.7747402718699833,0.0057749531773737565,0.9858956974278957,0.3862614594319862,0.0015568985454630228,106.0
1,noise,97,3.0,200,0.7565479642933908,0.6956849553667385,0.011346269943873706,0.9858956974278957,0.3862614594319862,0.0015568985454630228,106.0
1,noise,97,3.5,200,0.6942842517270132,0.6178553146587664,0.0126883073866105,0.9858956974278957,0.3862614594319862,0.0015568985454630228,106.0
1,noise,98,0.1,200,0.988444254023293,0.9855553175291163,1.8686014004832636e-06,0.9857957683691527,0.39772594970479536,0.0014952165973781402,100.0
1,noise,98,0.25,200,0.9869811702316018,0.983726462789502,1.4220439548885477e-05,0.9857957683691527,0.39772594970479536,0.0014952165973781402,100.0
1,noise,98,0.5,200,0.980400282589622,0.9755003532370276,6.004365783614918e-05,0.9857957683691527,0.39772594970479536,0.0014952165973781402,100.0
1,noise,98,0.75,200,0.9728372986211826,0.9660466232764784,0.00014134005365117627,0.9857957683691527,0.39772594970479536,0.0014952165973781402,100.0
1,noise,98,1.0,200,0.9587535325894696,0.9484419157368368,0.00035639476661570424,0.9857957683691527,0.39772594970479536,0.0014952165973781402,100.0
1,noise,98,1.25,200,0.9434180709258819,0.929272588657352,0.0008292388140034198,0.9857957683691527,0.39772594970479536,0.0014952165973781402,100.0
1,noise,98,1.5,200,0.9243512259267921,0.9054390324084898,0.0012791168047063192,0.9857957683691527,0.39772594970479536,0.0014952165973781402,100.0
1,noise,98,2.0,200,0.882536667980319,0.8531708349753987,0.0030557051725328306,0.9857957683691527,0.39772594970479536,0.0014952165973781402,100.0
1,noise,98,2.5,200,0.8292775112533765,0.7865968890667208,0.005214723252423308,0.9857957683691527,0.39772594970479536,0.0014952165973781402,100.0
1,noise,98,3.0,200,0.7703788828287287,0.7129736035359108,0.010398679077480856,0.9857957683691527,0.39772594970479536,0.0014952165973781402,100.0
1,noise,98,3.5,200,0.7051147473706622,0.6313934342133277,0.012361873504400923,0.9857957683691527,0.39772594970479536,0.0014952165973781402,100.0
1,noise,99,0.1,200,0.9892293402426369,0.986536675303296,1.7968683517402881e-06,0.9867922914334835,0.3871014547251094,0.0015087365788130115,100.0
1,noise,99,0.25,200,0.9877427765540496,0.9846784706925618,1.3271125487224709e-05,0.9867922914334835,0.3871014547251094,0.0015087365788130115,100.0
1,noise,99,0.5,200,0.981185765293429,0.9764822066167863,5.712500234455158e-05,0.9867922914334835,0.3871014547251094,0.0015087365788130115,100.0
1,noise,99,0.75,200,0.9737449079425631,0.9671811349282038,0.00013509904196909632,0.9867922914334835,0.3871014547251094,0.0015087365788130115,100.0
1,noise,99,1.0,200,0.9594043145997189,0.9492553932496486,0.00033562186920859055,0.9867922914334835,0.3871014547251094,0.0015087365788130115,100.0
1,noise,99,1.25,200,0.9439426259457669,0.9299282824322086,0.0007972467197865595,0.9867922914334835,0.3871014547251094,0.0015087365788130115,100.0
1,noise,99,1.5,200,0.9250006057207814,0.9062507571509767,0.0012600485451120587,0.9867922914334835,0.3871014547251094,0.0015087365788130115,100.0
1,noise,99,2.0,200,0.8838160761885941,0.8547700952357427,0.003022880550336766,0.9867922914334835,0.3871014547251094,0.0015087365788130115,100.0
1,noise,99,2.5,200,0.8297454986824836,0.7871818733531041,0.005086384040297562,0.9867922914334835,0.3871014547251094,0.0015087365788130115,100.0
1,noise,99,3.0,200,0.7708898159451245,0.7136122699314056,0.010360519703763393,0.9867922914334835,0.3871014547251094,0.0015087365788130115,100.0
1,noise,99,3.5,200,0.7049151218129808,0.6311439022662261,0.012293794699459064,0.9867922914334835,0.3871014547251094,0.0015087365788130115,100.0
1,noise,100,0.1,200,0.9878914973264282,0.9848643716580354,2.0814247282461524e-06,0.9851486894997472,0.3941376337950354,0.0015431114215059944,100.0
1,noise,100,0.25,200,0.9864111789287945,0.9830139736609932,1.6007773006327017e-05,0.9851486894997472,0.3941376337950354,0.0015431114215059944,100.0
1,noise,100,0.5,200,0.9798505410012059,0.9748131762515072,6.45361354670666e-05,0.9851486894997472,0.3941376337950354,0.0015431114215059944,100.0
1,noise,100,0.75,200,0.9726166869781487,0.9657708587226856,0.00015272867520791034,0.9851486894997472,0.3941376337950354,0.0015431114215059944,100.0
1,noise,100,1.0,200,0.9579273435658847,0.9474091794573559,0.00035961165936223476,0.9851486894997472,0.3941376337950354,0.0015431114215059944,100.0
1,noise,100,1.25,200,0.9429400134737563,0.9286750168421952,0.0008186736387591928,0.9851486894997472,0.3941376337950354,0.0015431114215059944,100.0
1,noise,100,1.5,200,0.9243379843555822,0.9054224804444773,0.001295450815939613,0.9851486894997472,0.3941376337950354,0.0015431114215059944,100.0
1,noise,100,2.0,200,0.8830778564299673,0.853847320537459,0.003090372358717552,0.9851486894997472,0.3941376337950354,0.0015431114215059944,100.0
1,noise,100,2.5,200,0.8295851567902854,0.7869814459878569,0.005103200488080688,0.9851486894997472,0.3941376337950354,0.0015431114215059944,100.0
1,noise,100,3.0,200,0.7710162945941553,0.7137703682426939,0.010491832945685987,0.9851486894997472,0.3941376337950354,0.0015431114215059944,100.0
1,noise,100,3.5,200,0.7045023369921473,0.6306279212401841,0.01223560620484332,0.9851486894997472,0.3941376337950354,0.0015431114215059944,100.0
1,nominal,1,0.1,200,0.9931776150043148,0.9914720187553934,2.1652128642962228e-06,0.9920455175842844,0.5338480042946407,0.00025484041357743287,180.0
1,nominal,1,0.25,200,0.9901448930373289,0.987681116296661,1.4254555610531371e-05,0.9920455175842844,0.5338480042946407,0.00025484041357743287,180.0
1,nominal,1,0.5,200,0.9792524966999567,0.974065620874946,9.29792320262955e-05,0.9920455175842844,0.5338480042946407,0.00025484041357743287,180.0
1,nominal,1,0.75,200,0.9643260888244506,0.9554076110305633,0.00026270971264425293,0.9920455175842844,0.5338480042946407,0.00025484041357743287,180.0
1,nominal,1,1.0,200,0.9423642747403349,0.9279553434254187,0.0006511374181815499,0.9920455175842844,0.5338480042946407,0.00025484041357743287,180.0
1,nominal,1,1.25,200,0.9112224409105245,0.8890280511381559,0.001949717975859721,0.9920455175842844,0.5338480042946407,0.00025484041357743287,180.0
1,nominal,1,1.5,200,0.8771842805281189,0.8464803506601484,0.0026623178316932897,0.9920455175842844,0.5338480042946407,0.00025484041357743287,180.0
1,nominal,1,2.0,200,0.808995865887594,0.7612448323594927,0.007013551252010439,0.9920455175842844,0.5338480042946407,0.00025484041357743287,180.0
1,nominal,1,2.5,200,0.7320145847079444,0.6650182308849305,0.008380530366595173,0.9920455175842844,0.5338480042946407,0.00025484041357743287,180.0
1,nominal,1,3.0,200,0.640631678135505,0.5507895976693813,0.016748808198233232,0.9920455175842844,0.5338480042946407,0.00025484041357743287,180.0
1,nominal,1,3.5,200,0.5627464224993335,0.4534330281241668,0.019304129729966188,0.9920455175842844,0.5338480042946407,0.00025484041357743287,180.0
1,nominal,2,0.1,200,0.9877191621578256,0.984648952697282,3.147313900538233e-06,0.9853513045965986,0.4691025420844496,0.0005460528420544485,180.0
1,nominal,2,0.25,200,0.9846197166991453,0.9807746458739314,2.832127166103012e-05,0.9853513045965986,0.4691025420844496,0.0005460528420544485,180.0
1,nominal,2,0.5,200,0.9749049455967698,0.9686311819959619,0.00011096920371778948,0.9853513045965986,0.4691025420844496,0.0005460528420544485,180.0
1,nominal,2,0.75,200,0.9582950322004802,0.9478687902506003,0.0003067764238540631,0.9853513045965986,0.4691025420844496,0.0005460528420544485,180.0
1,nominal,2,1.0,200,0.9374037259996083,0.9217546574995104,0.0007248840466681808,0.9853513045965986,0.4691025420844496,0.0005460528420544485,180.0
1,nominal,2,1.25,200,0.9091993043193555,0.8864991303991943,0.0018234084952392581,0.9853513045965986,0.4691025420844496,0.0005460528420544485,180.0
1,nominal,2,1.5,200,0.8712546884477064,0.8390683605596331,0.0029046497352225487,0.9853513045965986,0.4691025420844496,0.0005460528420544485,180.0
1,nominal,2,2.0,200,0.802259254978284,0.752824068722855,0.007790432895472112,0.9853513045965986,0.4691025420844496,0.0005460528420544485,180.0
1,nominal,2,2.5,200,0.7268137552749682,0.6585171940937102,0.00893832562710293,0.9853513045965986,0.4691025420844496,0.0005460528420544485,180.0
1,nominal,2,3.0,200,0.631418315010068,0.539272893762585,0.017453387524428224,0.9853513045965986,0.4691025420844496,0.0005460528420544485,180.0
1,nominal,2,3.5,200,0.55706916721201,0.4463364590150124,0.018544216253255183,0.9853513045965986,0.4691025420844496,0.0005460528420544485,180.0
1,nominal,3,0.1,200,0.9967877918152258,0.9959847397690321,5.666337848010999e-07,0.9964806189672485,0.38031298286692283,0.00036372001298219073,120.0
1,nominal,3,0.25,200,0.994916990573401,0.9936462382167514,5.24604477889732e-06,0.9964806189672485,0.38031298286692283,0.00036372001298219073,120.0
1,nominal,3,0.5,200,0.988208548172878,0.9852606852160978,2.8399611543806335e-05,0.9964806189672485,0.38031298286692283,0.00036372001298219073,120.0
1,nominal,3,0.75,200,0.9769505019149438,0.9711881273936797,0.00010426121268195108,0.9964806189672485,0.38031298286692283,0.00036372001298219073,120.0
1,nominal,3,1.0,200,0.9625604491950863,0.9532005614938579,0.0003067058141756129,0.9964806189672485,0.38031298286692283,0.00036372001298219073,120.0
1,nominal,3,1.25,200,0.9430166685742226,0.9287708357177782,0.0006650255561382756,0.9964806189672485,0.38031298286692283,0.00036372001298219073,120.0
1,nominal,3,1.5,200,0.9209422086048241,0.9011777607560298,0.0012910245129934281,0.9964806189672485,0.38031298286692283,0.00036372001298219073,120.0
1,nominal,3,2.0,200,0.8669886030130073,0.8337357537662592,0.003921722706455479,0.9964806189672485,0.38031298286692283,0.00036372001298219073,120.0
1,nominal,3,2.5,200,0.8067890085555677,0.7584862606944597,0.006466375867216017,0.9964806189672485,0.38031298286692283,0.00036372001298219073,120.0
1,nominal,3,3.0,200,0.7379443161225652,0.6724303951532061,0.010650676042201703,0.9964806189672485,0.38031298286692283,0.00036372001298219073,120.0
1,nominal,3,3.5,200,0.6600404502057515,0.5750505627571892,0.014016194012428094,0.9964806189672485,0.38031298286692283,0.00036372001298219073,120.0
1,nominal,4,0.1,200,0.9940582533777477,0.9925728167221848,1.2160053238791493e-06,0.9928940719145977,0.38240740608027335,0.00037120583413931897,108.0
1,nominal,4,0.25,200,0.992271679109594,0.9903395988869924,7.012406792404691e-06,0.9928940719145977,0.38240740608027335,0.00037120583413931897,108.0
1,nominal,4,0.5,200,0.9859226592719097,0.9824033240898874,4.9249079045493664e-05,0.9928940719145977,0.38240740608027335,0.00037120583413931897,108.0
1,nominal,4,0.75,200,0.9774330996225938,0.9717913745282423,0.00011156392298292958,0.9928940719145977,0.38240740608027335,0.00037120583413931897,108.0
1,nominal,4,1.0,200,0.9620450103533721,0.9525562629417152,0.0002729085095829357,0.9928940719145977,0.38240740608027335,0.00037120583413931897,108.0
1,nominal,4,1.25,200,0.9446314856364325,0.9307893570455404,0.000688369116666915,0.9928940719145977,0.38240740608027335,0.00037120583413931897,108.0
1,nominal,4,1.5,200,0.9258205840482626,0.9072757300603285,0.0012106201939340853,0.9928940719145977,0.38240740608027335,0.00037120583413931897,108.0
1,nominal,4,2.0,200,0.8799456494581493,0.8499320618226867,0.002854604153832295,0.9928940719145977,0.38240740608027335,0.00037120583413931897,108.0
1,nominal,4,2.5,200,0.8246470647115836,0.7808088308894792,0.004940424212747485,0.9928940719145977,0.38240740608027335,0.00037120583413931897,108.0
1,nominal,4,3.0,200,0.7533847234244245,0.6917309042805306,0.010155688845316084,0.9928940719145977,0.38240740608027335,0.00037120583413931897,108.0
1,nominal,4,3.5,200,0.6848740255657896,0.6060925319572368,0.012770220068610673,0.9928940719145977,0.38240740608027335,0.00037120583413931897,108.0
1,nominal,5,0.1,200,0.9927390554000365,0.9909238192500456,1.2131185492993566e-06,0.9912362447114681,0.371256966709387,0.00041484873508166063,106.0
1,nominal,5,0.25,200,0.9911473756428884,0.9889342195536102,8.294688266738057e-06,0.9912362447114681,0.371256966709387,0.00041484873508166063,106.0
1,nominal,5,0.5,200,0.9850153331195339,0.9812691663994173,3.952278701197331e-05,0.9912362447114681,0.371256966709387,0.00041484873508166063,106.0
1,nominal,5,0.75,200,0.9751656043590917,0.9689570054488646,0.00012032390380603969,0.9912362447114681,0.371256966709387,0.00041484873508166063,106.0
1,nominal,5,1.0,200,0.9622518314567341,0.9528147893209177,0.0003213855920127223,0.9912362447114681,0.371256966709387,0.00041484873508166063,106.0
1,nominal,5,1.25,200,0.9464365714136513,0.9330457142670641,0.0005936873369543621,0.9912362447114681,0.371256966709387,0.00041484873508166063,106.0
1,nominal,5,1.5,200,0.9258129369034347,0.9072661711292934,0.0010769646588146152,0.9912362447114681,0.371256966709387,0.00041484873508166063,106.0
1,nominal,5,2.0,200,0.8748336360345754,0.8435420450432194,0.002708626644171769,0.9912362447114681,0.371256966709387,0.00041484873508166063,106.0
1,nominal,5,2.5,200,0.8227786285582881,0.7784732856978599,0.005297564693381669,0.9912362447114681,0.371256966709387,0.00041484873508166063,106.0
1,nominal,5,3.0,200,0.7553262985240523,0.6941578731550655,0.011283733514897571,0.9912362447114681,0.371256966709387,0.00041484873508166063,106.0
1,nominal,5,3.5,200,0.6960578206521855,0.6200722758152316,0.012005055063075969,0.9912362447114681,0.371256966709387,0.00041484873508166063,106.0
1,nominal,6,0.1,200,0.9909848792496025,0.9887310990620031,1.7149822550276427e-06,0.9890864716397172,0.3752806852415046,0.0003952143755373873,104.0
1,nominal,6,0.25,200,0.9894236295306194,0.9867795369132741,1.0377979704505963e-05,0.9890864716397172,0.3752806852415046,0.0003952143755373873,104.0
1,nominal,6,0.5,200,0.9832300675609867,0.9790375844512335,4.778695079919676e-05,0.9890864716397172,0.3752806852415046,0.0003952143755373873,104.0
1,nominal,6,0.75,200,0.974508322868151,0.9681354035851887,0.00013705390107312962,0.9890864716397172,0.3752806852415046,0.0003952143755373873,104.0
1,nominal,6,1.0,200,0.9603049788649379,0.9503812235811725,0.00028123826060889645,0.9890864716397172,0.3752806852415046,0.0003952143755373873,104.0
1,nominal,6,1.25,200,0.9454273592988692,0.9317841991235863,0.0006237695135255086,0.9890864716397172,0.3752806852415046,0.0003952143755373873,104.0
1,nominal,6,1.5,200,0.9237941824944915,0.9047427281181142,0.0013800549233555237,0.9890864716397172,0.3752806852415046,0.0003952143755373873,104.0
1,nominal,6,2.0,200,0.8815684848275058,0.8519606060343823,0.0028576401040472277,0.9890864716397172,0.3752806852415046,0.0003952143755373873,104.0
1,nominal,6,2.5,200,0.8264788974768277,0.7830986218460345,0.004624436340707007,0.9890864716397172,0.3752806852415046,0.0003952143755373873,104.0
1,nominal,6,3.0,200,0.7611716389439416,0.701464548679927,0.010137255030871267,0.9890864716397172,0.3752806852415046,0.0003952143755373873,104.0
1,nominal,6,3.5,200,0.6960289454768411,0.6200361818460514,0.011875440416456655,0.9890864716397172,0.3752806852415046,0.0003952143755373873,104.0
1,nominal,7,0.1,200,0.9941069170094997,0.9926336462618746,9.956528109473542e-07,0.9929258473551181,0.39688951277092693,0.00044134637744691174,100.0
1,nominal,7,0.25,200,0.9925735166929455,0.9907168958661816,7.524662922159346e-06,0.9929258473551181,0.39688951277092693,0.00044134637744691174,100.0
1,nominal,7,0.5,200,0.9867220595182684,0.9834025743978353,3.877405305593292e-05,0.9929258473551181,0.39688951277092693,0.00044134637744691174,100.0
1,nominal,7,0.75,200,0.977727025675938,0.9721587820949225,9.982857981469816e-05,0.9929258473551181,0.39688951277092693,0.00044134637744691174,100.0
1,nominal,7,1.0,200,0.9645767776358576,0.9557209720448219,0.0002975830184492196,0.9929258473551181,0.39688951277092693,0.00044134637744691174,100.0
1,nominal,7,1.25,200,0.950189063230438,0.9377363290380473,0.0005913091582711353,0.9929258473551181,0.39688951277092693,0.00044134637744691174,100.0
1,nominal,7,1.5,200,0.9301311565060981,0.9126639456326228,0.001061198690381489,0.9929258473551181,0.39688951277092693,0.00044134637744691174,100.0
1,nominal,7,2.0,200,0.8849867831005839,0.8562334788757296,0.002677277711627495,0.9929258473551181,0.39688951277092693,0.00044134637744691174,100.0
1,nominal,7,2.5,200,0.8333451585295717,0.7916814481619645,0.005179773858789196,0.9929258473551181,0.39688951277092693,0.00044134637744691174,100.0
1,nominal,7,3.0,200,0.7711347373873783,0.7139184217342229,0.010255996763408812,0.9929258473551181,0.39688951277092693,0.00044134637744691174,100.0
1,nominal,7,3.5,200,0.7080205946875374,0.6350257433594216,0.01177256986332778,0.9929258473551181,0.39688951277092693,0.00044134637744691174,100.0
1,nominal,8,0.1,200,0.9906409311968378,0.9883011639960472,1.6701895945925682e-06,0.9885859917868041,0.35917536379795023,0.00047449308858628185,100.0
1,nominal,8,0.25,200,0.9891812643261757,0.9864765804077195,9.757966203611663e-06,0.9885859917868041,0.35917536379795023,0.00047449308858628185,100.0
1,nominal,8,0.5,200,0.9830006815290752,0.9787508519113439,4.6403572863971466e-05,0.9885859917868041,0.35917536379795023,0.00047449308858628185,100.0
1,nominal,8,0.75,200,0.9749277378470768,0.968659672308846,0.00011222844488635169,0.9885859917868041,0.35917536379795023,0.00047449308858628185,100.0
1,nominal,8,1.0,200,0.9616489582795481,0.952061197849435,0.0002875858416159475,0.9885859917868041,0.35917536379795023,0.00047449308858628185,100.0
1,nominal,8,1.25,200,0.9454576170670397,0.9318220213337994,0.0006951396662350872,0.9885859917868041,0.35917536379795023,0.00047449308858628185,100.0
1,nominal,8,1.5,200,0.9249437398660177,0.9061796748325225,0.0012350189187705265,0.9885859917868041,0.35917536379795023,0.00047449308858628185,100.0
1,nominal,8,2.0,200,0.8869905410494703,0.8587381763118376,0.0027009270543659402,0.9885859917868041,0.35917536379795023,0.00047449308858628185,100.0
1,nominal,8,2.5,200,0.8301048512279824,0.7876310640349777,0.004813722047193316,0.9885859917868041,0.35917536379795023,0.00047449308858628185,100.0
1,nominal,8,3.0,200,0.7702264457246785,0.7127830571558479,0.009712857432045535,0.9885859917868041,0.35917536379795023,0.00047449308858628185,100.0
1,nominal,8,3.5,200,0.704086289204195,0.6301078615052437,0.011371531507593863,0.9885859917868041,0.35917536379795023,0.00047449308858628185,100.0
1,nominal,9,0.1,200,0.9911297523821564,0.9889121904776954,1.6335091102761403e-06,0.9892164396517219,0.3718557631137691,0.0005569547257174679,98.0
1,nominal,9,0.25,200,0.9896030011558896,0.9870037514448617,1.1193042894656346e-05,0.9892164396517219,0.3718557631137691,0.0005569547257174679,98.0
1,nominal,9,0.5,200,0.9834309636443991,0.9792887045554987,5.437484403698619e-05,0.9892164396517219,0.3718557631137691,0.0005569547257174679,98.0
1,nominal,9,0.75,200,0.975601362411505,0.9695017030143813,0.00011800786262895835,0.9892164396517219,0.3718557631137691,0.0005569547257174679,98.0
1,nominal,9,1.0,200,0.9623372232013847,0.9529215290017307,0.00032751445106352355,0.9892164396517219,0.3718557631137691,0.0005569547257174679,98.0
1,nominal,9,1.25,200,0.947818132210864,0.9347726652635796,0.000572074405072184,0.9892164396517219,0.3718557631137691,0.0005569547257174679,98.0
1,nominal,9,1.5,200,0.9302595368555,0.9128244210693751,0.0010926534638325525,0.9892164396517219,0.3718557631137691,0.0005569547257174679,98.0
1,nominal,9,2.0,200,0.8858664496785601,0.8573330620982,0.002762638983681544,0.9892164396517219,0.3718557631137691,0.0005569547257174679,98.0
1,nominal,9,2.5,200,0.8358034364345226,0.7947542955431534,0.004298924424408265,0.9892164396517219,0.3718557631137691,0.0005569547257174679,98.0
1,nominal,9,3.0,200,0.7711367699290369,0.7139209624112962,0.009593871330511941,0.9892164396517219,0.3718557631137691,0.0005569547257174679,98.0
1,nominal,9,3.5,200,0.7086606911041161,0.635825863880145,0.012321919038238418,0.9892164396517219,0.3718557631137691,0.0005569547257174679,98.0
1,nominal,10,0.1,200,0.9883051173124016,0.9853813966405016,2.230312751641206e-06,0.985602407240051,0.3852229645898192,0.0005708695818571707,98.0
1,nominal,10,0.25,200,0.9868522463539308,0.983565307942413,1.211911463028103e-05,0.985602407240051,0.3852229645898192,0.0005708695818571707,98.0
1,nominal,10,0.5,200,0.9804971052278675,0.9756213815348344,6.644114370812467e-05,0.985602407240051,0.3852229645898192,0.0005708695818571707,98.0
1,nominal,10,0.75,200,0.9724520068162168,0.9655650085202709,0.00014646307852700364,0.985602407240051,0.3852229645898192,0.0005708695818571707,98.0
1,nominal,10,1.0,200,0.9607578057361224,0.950947257170153,0.0003254637985187477,0.985602407240051,0.3852229645898192,0.0005708695818571707,98.0
1,nominal,10,1.25,200,0.9443123111977534,0.9303903889971914,0.0006754699014927159,0.985602407240051,0.3852229645898192,0.0005708695818571707,98.0
1,nominal,10,1.5,200,0.9260595306659618,0.9075744133324524,0.0012806099051430248,0.985602407240051,0.3852229645898192,0.0005708695818571707,98.0
1,nominal,10,2.0,200,0.8865181766335287,0.8581477207919107,0.0027403591188597653,0.985602407240051,0.3852229645898192,0.0005708695818571707,98.0
1,nominal,10,2.5,200,0.8338925404945773,0.7923656756182215,0.004709976422242293,0.985602407240051,0.3852229645898192,0.0005708695818571707,98.0
1,nominal,10,3.0,200,0.7697249385558053,0.7121561731947564,0.009669833078094105,0.985602407240051,0.3852229645898192,0.0005708695818571707,98.0
1,nominal,10,3.5,200,0.7070849283641705,0.6338561604552132,0.012938509345076002,0.985602407240051,0.3852229645898192,0.0005708695818571707,98.0
1,nominal,11,0.1,200,0.9898495129619285,0.9873118912024104,2.004932468308624e-06,0.9875798614900274,0.37456239389575513,0.000613677726454177,96.0
1,nominal,11,0.25,200,0.9883111367147941,0.9853889208934926,1.2725812889180641e-05,0.9875798614900274,0.37456239389575513,0.000613677726454177,96.0
1,nominal,11,0.5,200,0.9823646940505469,0.9779558675631838,6.353599622401254e-05,0.9875798614900274,0.37456239389575513,0.000613677726454177,96.0
1,nominal,11,0.75,200,0.9746454718038724,0.9683068397548404,0.0001455992485195158,0.9875798614900274,0.37456239389575513,0.000613677726454177,96.0
1,nominal,11,1.0,200,0.9609120664721372,0.9511400830901715,0.00034052432183894946,0.9875798614900274,0.37456239389575513,0.000613677726454177,96.0
1,nominal,11,1.25,200,0.9476515462362397,0.9345644327952997,0.000539167108110358,0.9875798614900274,0.37456239389575513,0.000613677726454177,96.0
1,nominal,11,1.5,200,0.928859970118748,0.9110749626484348,0.0011978023882849467,0.9875798614900274,0.37456239389575513,0.000613677726454177,96.0
1,nominal,11,2.0,200,0.8859015060923323,0.8573768826154151,0.0025466844357159898,0.9875798614900274,0.37456239389575513,0.000613677726454177,96.0
1,nominal,11,2.5,200,0.8340635225163929,0.792579403145491,0.0048872782137448535,0.9875798614900274,0.37456239389575513,0.000613677726454177,96.0
1,nominal,11,3.0,200,0.7773921755646525,0.7217402194558155,0.009241034404973633,0.9875798614900274,0.37456239389575513,0.000613677726454177,96.0
1,nominal,11,3.5,200,0.7169061451293921,0.6461326814117399,0.010277516723134239,0.9875798614900274,0.37456239389575513,0.000613677726454177,96.0
1,nominal,12,0.1,200,0.9919557183360448,0.9899446479200559,1.3609711630111902e-06,0.990230686861723,0.3519683797774245,0.0006351139509041167,96.0
1,nominal,12,0.25,200,0.9904760563057906,0.9880950703822381,7.220851294320897e-06,0.990230686861723,0.3519683797774245,0.0006351139509041167,96.0
1,nominal,12,0.5,200,0.9844484106047002,0.980560513255875,4.5283156310175103e-05,0.990230686861723,0.3519683797774245,0.0006351139509041167,96.0
1,nominal,12,0.75,200,0.976793114549007,0.9709913931862585,0.00011113796931918594,0.990230686861723,0.3519683797774245,0.0006351139509041167,96.0
1,nominal,12,1.0,200,0.963616324318539,0.9545204053981737,0.0002441735352514036,0.990230686861723,0.3519683797774245,0.0006351139509041167,96.0
1,nominal,12,1.25,200,0.9489845268027672,0.9362306585034588,0.0005426633648725703,0.990230686861723,0.3519683797774245,0.0006351139509041167,96.0
1,nominal,12,1.5,200,0.9293064903579975,0.9116331129474972,0.001184789121858389,0.990230686861723,0.3519683797774245,0.0006351139509041167,96.0
1,nominal,12,2.0,200,0.8903348673091482,0.8629185841364353,0.002199790243097062,0.990230686861723,0.3519683797774245,0.0006351139509041167,96.0
1,nominal,12,2.5,200,0.8351058878620151,0.793882359827519,0.004739478862941908,0.990230686861723,0.3519683797774245,0.0006351139509041167,96.0
1,nominal,12,3.0,200,0.7787038410180709,0.7233798012725887,0.008742718289584674,0.990230686861723,0.3519683797774245,0.0006351139509041167,96.0
1,nominal,12,3.5,200,0.7185114841340953,0.648139355167619,0.010459791538427927,0.990230686861723,0.3519683797774245,0.0006351139509041167,96.0
1,nominal,13,0.1,200,0.9850750908336782,0.9813438635420977,2.845849403337216e-06,0.9815616581986737,0.3781856412253837,0.0006266519778253507,96.0
1,nominal,13,0.25,200,0.9835603483749682,0.9794504354687104,1.6594823718554545e-05,0.9815616581986737,0.3781856412253837,0.0006266519778253507,96.0
1,nominal,13,0.5,200,0.9772360885382496,0.9715451106728119,7.945364876295627e-05,0.9815616581986737,0.3781856412253837,0.0006266519778253507,96.0
1,nominal,13,0.75,200,0.9697725897817104,0.9622157372271374,0.0001785252938248204,0.9815616581986737,0.3781856412253837,0.0006266519778253507,96.0
1,nominal,13,1.0,200,0.9567302027523161,0.945912753440395,0.00041682777397010734,0.9815616581986737,0.3781856412253837,0.0006266519778253507,96.0
1,nominal,13,1.25,200,0.9427468278534481,0.9284335348168102,0.0006930926598671383,0.9815616581986737,0.3781856412253837,0.0006266519778253507,96.0
1,nominal,13,1.5,200,0.9236076157835094,0.9045095197293864,0.0014333005278703423,0.9815616581986737,0.3781856412253837,0.0006266519778253507,96.0
1,nominal,13,2.0,200,0.8819418139008189,0.8524272673760237,0.002765488300886397,0.9815616581986737,0.3781856412253837,0.0006266519778253507,96.0
1,nominal,13,2.5,200,0.8297283540991298,0.7871604426239125,0.005472126791726504,0.9815616581986737,0.3781856412253837,0.0006266519778253507,96.0
1,nominal,13,3.0,200,0.7745579205702812,0.7181974007128517,0.009540690543733637,0.9815616581986737,0.3781856412253837,0.0006266519778253507,96.0
1,nominal,13,3.5,200,0.7155579316146974,0.6444474145183716,0.01075768701522647,0.9815616581986737,0.3781856412253837,0.0006266519778253507,96.0
1,nominal,14,0.1,200,0.988052455376458,0.9850655692205724,2.241576888325879e-06,0.9852759980460728,0.38357065456585143,0.0006528381596622304,94.0
1,nominal,14,0.25,200,0.9865565978082306,0.983195747260288,1.2800199100244662e-05,0.9852759980460728,0.38357065456585143,0.0006528381596622304,94.0
1,nominal,14,0.5,200,0.9804537231575123,0.9755671539468903,5.772388597233307e-05,0.9852759980460728,0.38357065456585143,0.0006528381596622304,94.0
1,nominal,14,0.75,200,0.9735630578838717,0.9669538223548397,0.0001407996040391207,0.9852759980460728,0.38357065456585143,0.0006528381596622304,94.0
1,nominal,14,1.0,200,0.9603201615232937,0.9504002019041172,0.0002900580675807146,0.9852759980460728,0.38357065456585143,0.0006528381596622304,94.0
1,nominal,14,1.25,200,0.9457340238384759,0.932167529798095,0.0006387557943213437,0.9852759980460728,0.38357065456585143,0.0006528381596622304,94.0
1,nominal,14,1.5,200,0.9285130951975138,0.9106413689968923,0.0012069331414283873,0.9852759980460728,0.38357065456585143,0.0006528381596622304,94.0
1,nominal,14,2.0,200,0.8863905178236028,0.8579881472795036,0.0030739070212316435,0.9852759980460728,0.38357065456585143,0.0006528381596622304,94.0
1,nominal,14,2.5,200,0.8352417207076052,0.7940521508845066,0.004660751818373766,0.9852759980460728,0.38357065456585143,0.0006528381596622304,94.0
1,nominal,14,3.0,200,0.7796722637156434,0.7245903296445539,0.008275762871199572,0.9852759980460728,0.38357065456585143,0.0006528381596622304,94.0
1,nominal,14,3.5,200,0.7177093977216726,0.6471367471520907,0.010369803051761202,0.9852759980460728,0.38357065456585143,0.0006528381596622304,94.0
1,nominal,15,0.1,200,0.9837212484004308,0.9796515605005386,3.2010400063204084e-06,0.9798664208720388,0.3854499911340139,0.0006660638748236016,94.0
1,nominal,15,0.25,200,0.9822594625900344,0.9778243282375427,1.8258132634200976e-05,0.9798664208720388,0.3854499911340139,0.0006660638748236016,94.0
1,nominal,15,0.5,200,0.9759061229068516,0.9698826536335645,7.447555058970712e-05,0.9798664208720388,0.3854499911340139,0.0006660638748236016,94.0
1,nominal,15,0.75,200,0.9691358542246905,0.9614198177808632,0.00018099727163250597,0.9798664208720388,0.3854499911340139,0.0006660638748236016,94.0
1,nominal,15,1.0,200,0.956427870475897,0.9455348380948712,0.0003645155166875183,0.9798664208720388,0.3854499911340139,0.0006660638748236016,94.0
1,nominal,15,1.25,200,0.9421731659658775,0.927716457457347,0.0007616422094363559,0.9798664208720388,0.3854499911340139,0.0006660638748236016,94.0
1,nominal,15,1.5,200,0.9244931961575052,0.9056164951968815,0.0013547439838867909,0.9798664208720388,0.3854499911340139,0.0006660638748236016,94.0
1,nominal,15,2.0,200,0.8822250650152175,0.8527813312690219,0.0033523289604391526,0.9798664208720388,0.3854499911340139,0.0006660638748236016,94.0
1,nominal,15,2.5,200,0.8322036824793682,0.7902546030992103,0.0051680528995504274,0.9798664208720388,0.3854499911340139,0.0006660638748236016,94.0
1,nominal,15,3.0,200,0.7762746205073108,0.7203432756341386,0.008835845824485902,0.9798664208720388,0.3854499911340139,0.0006660638748236016,94.0
1,nominal,15,3.5,200,0.7169913058728367,0.6462391323410458,0.010529997062335546,0.9798664208720388,0.3854499911340139,0.0006660638748236016,94.0
1,nominal,16,0.1,200,0.9871155760300945,0.9838944700376182,2.4376914389709704e-06,0.984116527919238,0.3959599686129082,0.0006806845680839442,94.0
1,nominal,16,0.25,200,0.9856041585350813,0.9820051981688513,1.3744639209361054e-05,0.984116527919238,0.3959599686129082,0.0006806845680839442,94.0
1,nominal,16,0.5,200,0.9795128778320553,0.9743910972900693,5.961310905766131e-05,0.984116527919238,0.3959599686129082,0.0006806845680839442,94.0
1,nominal,16,0.75,200,0.9728201975573111,0.9660252469466388,0.0001488716598477036,0.984116527919238,0.3959599686129082,0.0006806845680839442,94.0
1,nominal,16,1.0,200,0.9595124069905356,0.9493905087381692,0.00029842270644815525,0.984116527919238,0.3959599686129082,0.0006806845680839442,94.0
1,nominal,16,1.25,200,0.9445172489482204,0.9306465611852753,0.0006483104945716908,0.984116527919238,0.3959599686129082,0.0006806845680839442,94.0
1,nominal,16,1.5,200,0.9277686600485059,0.9097108250606324,0.001224792704223756,0.984116527919238,0.3959599686129082,0.0006806845680839442,94.0
1,nominal,16,2.0,200,0.8860171913605209,0.8575214892006511,0.003051252145314135,0.984116527919238,0.3959599686129082,0.0006806845680839442,94.0
1,nominal,16,2.5,200,0.8348691196782634,0.7935863995978292,0.0046036247795797096,0.984116527919238,0.3959599686129082,0.0006806845680839442,94.0
1,nominal,16,3.0,200,0.7799245209310621,0.7249056511638275,0.008235086788215627,0.984116527919238,0.3959599686129082,0.0006806845680839442,94.0
1,nominal,16,3.5,200,0.7170310554451818,0.6462888193064772,0.010483311241969375,0.984116527919238,0.3959599686129082,0.0006806845680839442,94.0
1,nominal,17,0.1,200,0.9823149409198874,0.9778936761498593,2.887307773214018e-06,0.9780923972788789,0.39658339981499885,0.0008236070006803748,100.0
1,nominal,17,0.25,200,0.9808693649967899,0.9760867062459875,2.048596368401846e-05,0.9780923972788789,0.39658339981499885,0.0008236070006803748,100.0
1,nominal,17,0.5,200,0.9741190476267003,0.9676488095333755,8.028125301418533e-05,0.9780923972788789,0.39658339981499885,0.0008236070006803748,100.0
1,nominal,17,0.75,200,0.9663718392686151,0.9579647990857687,0.0001896548307610479,0.9780923972788789,0.39658339981499885,0.0008236070006803748,100.0
1,nominal,17,1.0,200,0.9525398810171822,0.9406748512714778,0.00045513427910027284,0.9780923972788789,0.39658339981499885,0.0008236070006803748,100.0
1,nominal,17,1.25,200,0.9377522289939059,0.9221902862423821,0.0009671925355905675,0.9780923972788789,0.39658339981499885,0.0008236070006803748,100.0
1,nominal,17,1.5,200,0.918511688143413,0.8981396101792661,0.0014556753039813761,0.9780923972788789,0.39658339981499885,0.0008236070006803748,100.0
1,nominal,17,2.0,200,0.8754745075583437,0.8443431344479295,0.0031118182396577786,0.9780923972788789,0.39658339981499885,0.0008236070006803748,100.0
1,nominal,17,2.5,200,0.8237545347619672,0.7796931684524592,0.0054088694300782935,0.9780923972788789,0.39658339981499885,0.0008236070006803748,100.0
1,nominal,17,3.0,200,0.7654675526881108,0.7068344408601382,0.010510679655342218,0.9780923972788789,0.39658339981499885,0.0008236070006803748,100.0
1,nominal,17,3.5,200,0.7007289162444429,0.6259111453055535,0.01202260464754766,0.9780923972788789,0.39658339981499885,0.0008236070006803748,100.0
1,nominal,18,0.1,200,0.9859024459599827,0.9823780574499782,2.6772472906055076e-06,0.9825935222763693,0.3838839043448775,0.0007884088254676184,94.0
1,nominal,18,0.25,200,0.9843662080454012,0.9804577600567516,1.5538063068164067e-05,0.9825935222763693,0.3838839043448775,0.0007884088254676184,94.0
1,nominal,18,0.5,200,0.9782393914163695,0.9727992392704615,6.743791382641603e-05,0.9825935222763693,0.3838839043448775,0.0007884088254676184,94.0
1,nominal,18,0.75,200,0.9717110587534183,0.9646388234417728,0.00015957959109243937,0.9825935222763693,0.3838839043448775,0.0007884088254676184,94.0
1,nominal,18,1.0,200,0.9578645117868666,0.9473306397335832,0.00032420847911216236,0.9825935222763693,0.3838839043448775,0.0007884088254676184,94.0
1,nominal,18,1.25,200,0.9435001507894661,0.9293751884868325,0.0006673166925204862,0.9825935222763693,0.3838839043448775,0.0007884088254676184,94.0
1,nominal,18,1.5,200,0.9269941546378917,0.9087426932973648,0.0012699851676516198,0.9825935222763693,0.3838839043448775,0.0007884088254676184,94.0
1,nominal,18,2.0,200,0.8843611192269638,0.8554513990337047,0.0031872928158224356,0.9825935222763693,0.3838839043448775,0.0007884088254676184,94.0
1,nominal,18,2.5,200,0.8338208808942273,0.7922761011177845,0.004578260406715831,0.9825935222763693,0.3838839043448775,0.0007884088254676184,94.0
1,nominal,18,3.0,200,0.7788509461414899,0.7235636826768622,0.008281341074263074,0.9825935222763693,0.3838839043448775,0.0007884088254676184,94.0
1,nominal,18,3.5,200,0.7159329206013186,0.6449161507516482,0.010533575149730719,0.9825935222763693,0.3838839043448775,0.0007884088254676184,94.0
1,nominal,19,0.1,200,0.9849973209523363,0.9812466511904202,2.833750151848343e-06,0.9814670481203841,0.377839891100763,0.000808628610356223,94.0
1,nominal,19,0.25,200,0.9835411473615907,0.979426434201988,1.701635045638939e-05,0.9814670481203841,0.377839891100763,0.000808628610356223,94.0
1,nominal,19,0.5,200,0.9772556338826628,0.9715695423533285,7.174136187401996e-05,0.9814670481203841,0.377839891100763,0.000808628610356223,94.0
1,nominal,19,0.75,200,0.9704005969158713,0.963000746144839,0.00016487213585340127,0.9814670481203841,0.377839891100763,0.000808628610356223,94.0
1,nominal,19,1.0,200,0.9573785153029002,0.946723144128625,0.0003501855485717331,0.9814670481203841,0.377839891100763,0.000808628610356223,94.0
1,nominal,19,1.25,200,0.9437031842096177,0.9296289802620222,0.0007084620272626653,0.9814670481203841,0.377839891100763,0.000808628610356223,94.0
1,nominal,19,1.5,200,0.9261002040272222,0.9076252550340277,0.0013287867543550632,0.9814670481203841,0.377839891100763,0.000808628610356223,94.0
1,nominal,19,2.0,200,0.8829231392545943,0.8536539240682427,0.0033381483908097786,0.9814670481203841,0.377839891100763,0.000808628610356223,94.0
1,nominal,19,2.5,200,0.8337254595326716,0.7921568244158397,0.005027699514496031,0.9814670481203841,0.377839891100763,0.000808628610356223,94.0
1,nominal,19,3.0,200,0.7769842786770903,0.7212303483463626,0.008767286853482499,0.9814670481203841,0.377839891100763,0.000808628610356223,94.0
1,nominal,19,3.5,200,0.7177458872535624,0.647182359066953,0.010417215194186959,0.9814670481203841,0.377839891100763,0.000808628610356223,94.0
1,nominal,20,0.1,200,0.990594974816227,0.9882437185202836,1.7937206355718502e-06,0.9884782025720258,0.36915563119992933,0.0007718358856912432,94.0
1,nominal,20,0.25,200,0.989148286288444,0.9864353578605545,1.0620237983390595e-05,0.9884782025720258,0.36915563119992933,0.0007718358856912432,94.0
1,nominal,20,0.5,200,0.9832192659512171,0.9790240824390211,4.7256346584899434e-05,0.9884782025720258,0.36915563119992933,0.0007718358856912432,94.0
1,nominal,20,0.75,200,0.976057615510428,0.9700720193880347,0.0001199402258320381,0.9884782025720258,0.36915563119992933,0.0007718358856912432,94.0
1,nominal,20,1.0,200,0.9632552133840971,0.9540690167301213,0.0002526314280643523,0.9884782025720258,0.36915563119992933,0.0007718358856912432,94.0
1,nominal,20,1.25,200,0.9483491737982821,0.9354364672478525,0.0005879867226823228,0.9884782025720258,0.36915563119992933,0.0007718358856912432,94.0
1,nominal,20,1.5,200,0.9310134538949661,0.9137668173687078,0.001130160446519512,0.9884782025720258,0.36915563119992933,0.0007718358856912432,94.0
1,nominal,20,2.0,200,0.8893164623402264,0.8616455779252828,0.0028999479424620133,0.9884782025720258,0.36915563119992933,0.0007718358856912432,94.0
1,nominal,20,2.5,200,0.8383217696405112,0.7979022120506392,0.004572030801808017,0.9884782025720258,0.36915563119992933,0.0007718358856912432,94.0
1,nominal,20,3.0,200,0.7815794556569376,0.7269743195711722,0.008193444789429622,0.9884782025720258,0.36915563119992933,0.0007718358856912432,94.0
1,nominal,20,3.5,200,0.7198470218293058,0.6498087772866321,0.010287530409088088,0.9884782025720258,0.36915563119992933,0.0007718358856912432,94.0
1,nominal,21,0.1,200,0.9823948097853541,0.9779935122316925,3.2508373306741975e-06,0.9781829759938165,0.3962526187080554,0.0009152509716239181,98.0
1,nominal,21,0.25,200,0.9809036006305484,0.9761295007881853,1.889105685557847e-05,0.9781829759938165,0.3962526187080554,0.0009152509716239181,98.0
1,nominal,21,0.5,200,0.9742212019589233,0.9677765024486541,9.405697909261073e-05,0.9781829759938165,0.3962526187080554,0.0009152509716239181,98.0
1,nominal,21,0.75,200,0.9666927307992164,0.9583659134990206,0.00019284555565500966,0.9781829759938165,0.3962526187080554,0.0009152509716239181,98.0
1,nominal,21,1.0,200,0.9539643438584318,0.9424554298230393,0.00045478983204672274,0.9781829759938165,0.3962526187080554,0.0009152509716239181,98.0
1,nominal,21,1.25,200,0.9386425029186793,0.923303128648349,0.0008035703683221644,0.9781829759938165,0.3962526187080554,0.0009152509716239181,98.0
1,nominal,21,1.5,200,0.9211466389061699,0.9014332986327122,0.0014392638303760514,0.9781829759938165,0.3962526187080554,0.0009152509716239181,98.0
1,nominal,21,2.0,200,0.8789759549379673,0.8487199436724592,0.003079530358989472,0.9781829759938165,0.3962526187080554,0.0009152509716239181,98.0
1,nominal,21,2.5,200,0.8279922968469328,0.7849903710586659,0.005053643969198119,0.9781829759938165,0.3962526187080554,0.0009152509716239181,98.0
1,nominal,21,3.0,200,0.7660136370500272,0.707517046312534,0.010063391249968483,0.9781829759938165,0.3962526187080554,0.0009152509716239181,98.0
1,nominal,21,3.5,200,0.7027776014745962,0.6284720018432453,0.013119790397124938,0.9781829759938165,0.3962526187080554,0.0009152509716239181,98.0
1,nominal,22,0.1,200,0.9892342201200099,0.9865427751500125,1.975957400458092e-06,0.9867854819662963,0.39115208484681885,0.0008491074221854756,92.0
1,nominal,22,0.25,200,0.9878121110444167,0.9847651388055209,1.1915632488981837e-05,0.9867854819662963,0.39115208484681885,0.0008491074221854756,92.0
1,nominal,22,0.5,200,0.9817623897113738,0.9772029871392174,5.663165802505421e-05,0.9867854819662963,0.39115208484681885,0.0008491074221854756,92.0
1,nominal,22,0.75,200,0.9748308996986476,0.9685386246233094,0.00013820360637061338,0.9867854819662963,0.39115208484681885,0.0008491074221854756,92.0
1,nominal,22,1.0,200,0.9615684526040833,0.951960565755104,0.000343845310702368,0.9867854819662963,0.39115208484681885,0.0008491074221854756,92.0
1,nominal,22,1.25,200,0.9481074204162401,0.9351342755203004,0.0005153297617344308,0.9867854819662963,0.39115208484681885,0.0008491074221854756,92.0
1,nominal,22,1.5,200,0.9303860118146784,0.9129825147683478,0.0011063764877656806,0.9867854819662963,0.39115208484681885,0.0008491074221854756,92.0
1,nominal,22,2.0,200,0.8881606989324535,0.8602008736655671,0.002480902212322815,0.9867854819662963,0.39115208484681885,0.0008491074221854756,92.0
1,nominal,22,2.5,200,0.8410075528111721,0.8012594410139648,0.005290500493845413,0.9867854819662963,0.39115208484681885,0.0008491074221854756,92.0
1,nominal,22,3.0,200,0.7795171784265617,0.7243964730332019,0.008257656592061291,0.9867854819662963,0.39115208484681885,0.0008491074221854756,92.0
1,nominal,22,3.5,200,0.7235861961693961,0.6544827452117451,0.010061819436187345,0.9867854819662963,0.39115208484681885,0.0008491074221854756,92.0
1,nominal,23,0.1,200,0.9832162583833249,0.9790203229791561,3.217400595440295e-06,0.9792374164338862,0.3988463890285605,0.000904017010635425,94.0
1,nominal,23,0.25,200,0.9817215995653902,0.9771519994567377,1.8922935869433696e-05,0.9792374164338862,0.3988463890285605,0.000904017010635425,94.0
1,nominal,23,0.5,200,0.9753542746856421,0.9691928433570525,7.953881393954879e-05,0.9792374164338862,0.3988463890285605,0.000904017010635425,94.0
1,nominal,23,0.75,200,0.9688010079182148,0.9610012598977684,0.00018376670418422536,0.9792374164338862,0.3988463890285605,0.000904017010635425,94.0
1,nominal,23,1.0,200,0.95540592796652,0.9442574099581499,0.00037431546029752255,0.9792374164338862,0.3988463890285605,0.000904017010635425,94.0
1,nominal,23,1.25,200,0.9416460504111539,0.9270575630139423,0.000749223486591847,0.9792374164338862,0.3988463890285605,0.000904017010635425,94.0
1,nominal,23,1.5,200,0.9245024102657915,0.9056280128322394,0.0014061785123494963,0.9792374164338862,0.3988463890285605,0.000904017010635425,94.0
1,nominal,23,2.0,200,0.8815859743512636,0.8519824679390794,0.0034541967715713195,0.9792374164338862,0.3988463890285605,0.000904017010635425,94.0
1,nominal,23,2.5,200,0.8320679137092463,0.7900848921365577,0.005019682898848528,0.9792374164338862,0.3988463890285605,0.000904017010635425,94.0
1,nominal,23,3.0,200,0.7761354209218895,0.720169276152362,0.008854082079437208,0.9792374164338862,0.3988463890285605,0.000904017010635425,94.0
1,nominal,23,3.5,200,0.7162449052927777,0.6453061316159718,0.010613352331284402,0.9792374164338862,0.3988463890285605,0.000904017010635425,94.0
1,nominal,24,0.1,200,0.9874355995909501,0.9842944994886875,2.4209353382175423e-06,0.9845302960901738,0.387673080606575,0.0009538986976010645,94.0
1,nominal,24,0.25,200,0.985908581253111,0.9823857265663887,1.3361196681223267e-05,0.9845302960901738,0.387673080606575,0.0009538986976010645,94.0
1,nominal,24,0.5,200,0.9799224298333208,0.9749030372916511,6.0913550034206716e-05,0.9845302960901738,0.387673080606575,0.0009538986976010645,94.0
1,nominal,24,0.75,200,0.9731499494498332,0.9664374368122916,0.00014851143113937045,0.9845302960901738,0.387673080606575,0.0009538986976010645,94.0
1,nominal,24,1.0,200,0.9597012149819646,0.9496265187274556,0.00029666273726908286,0.9845302960901738,0.387673080606575,0.0009538986976010645,94.0
1,nominal,24,1.25,200,0.9447031771560724,0.9308789714450907,0.0006533625434154045,0.9845302960901738,0.387673080606575,0.0009538986976010645,94.0
1,nominal,24,1.5,200,0.9280933055371154,0.9101166319213942,0.0012564387236623392,0.9845302960901738,0.387673080606575,0.0009538986976010645,94.0
1,nominal,24,2.0,200,0.8869900382796833,0.8587375478496042,0.003054142591182858,0.9845302960901738,0.387673080606575,0.0009538986976010645,94.0
1,nominal,24,2.5,200,0.8352770017841259,0.7940962522301573,0.004560231972374545,0.9845302960901738,0.387673080606575,0.0009538986976010645,94.0
1,nominal,24,3.0,200,0.7798155622016354,0.7247694527520443,0.00835584892975326,0.9845302960901738,0.387673080606575,0.0009538986976010645,94.0
1,nominal,24,3.5,200,0.7169881256534262,0.6462351570667826,0.010685191134691045,0.9845302960901738,0.387673080606575,0.0009538986976010645,94.0
1,nominal,25,0.1,200,0.9839455446210169,0.9799319307762713,3.011862174725689e-06,0.9801399961922374,0.3895871583926639,0.0011156126452226151,98.0
1,nominal,25,0.25,200,0.9824719497440381,0.9780899371800477,1.8278764472871674e-05,0.9801399961922374,0.3895871583926639,0.0011156126452226151,98.0
1,nominal,25,0.5,200,0.9759492863117641,0.9699366078897049,8.542113351299838e-05,0.9801399961922374,0.3895871583926639,0.0011156126452226151,98.0
1,nominal,25,0.75,200,0.9681983318058585,0.9602479147573232,0.00018627769186291819,0.9801399961922374,0.3895871583926639,0.0011156126452226151,98.0
1,nominal,25,1.0,200,0.9556403005475158,0.9445503756843947,0.0004418936662386538,0.9801399961922374,0.3895871583926639,0.0011156126452226151,98.0
1,nominal,25,1.25,200,0.940357252868373,0.9254465660854662,0.000765249366794793,0.9801399961922374,0.3895871583926639,0.0011156126452226151,98.0
1,nominal,25,1.5,200,0.9226525710909265,0.9033157138636579,0.0013957470574707676,0.9801399961922374,0.3895871583926639,0.0011156126452226151,98.0
1,nominal,25,2.0,200,0.8798375081567633,0.8497968851959541,0.0030803392942441105,0.9801399961922374,0.3895871583926639,0.0011156126452226151,98.0
1,nominal,25,2.5,200,0.8293483963504544,0.7866854954380681,0.005004848779279647,0.9801399961922374,0.3895871583926639,0.0011156126452226151,98.0
1,nominal,25,3.0,200,0.7665098703373555,0.7081373379216942,0.01031097356065334,0.9801399961922374,0.3895871583926639,0.0011156126452226151,98.0
1,nominal,25,3.5,200,0.7042292969076752,0.630286621134594,0.013196669548696992,0.9801399961922374,0.3895871583926639,0.0011156126452226151,98.0
1,nominal,26,0.1,200,0.9839613429459484,0.9799516786824354,3.331504535007483e-06,0.9801643804740404,0.39907369140015303,0.0012790117064815346,106.0
1,nominal,26,0.25,200,0.9824820310707207,0.9781025388384008,2.0193196503520095e-05,0.9801643804740404,0.39907369140015303,0.0012790117064815346,106.0
1,nominal,26,0.5,200,0.9752434748825008,0.9690543436031259,9.372334003433512e-05,0.9801643804740404,0.39907369140015303,0.0012790117064815346,106.0
1,nominal,26,0.75,200,0.9669226037190248,0.9586532546487812,0.00020906580144687371,0.9801643804740404,0.39907369140015303,0.0012790117064815346,106.0
1,nominal,26,1.0,200,0.9528425745009778,0.9410532181262222,0.00047290881700988706,0.9801643804740404,0.39907369140015303,0.0012790117064815346,106.0
1,nominal,26,1.25,200,0.9371316249595248,0.921414531199406,0.0009640442769724236,0.9801643804740404,0.39907369140015303,0.0012790117064815346,106.0
1,nominal,26,1.5,200,0.9170296943155756,0.8962871178944692,0.0016343286413127273,0.9801643804740404,0.39907369140015303,0.0012790117064815346,106.0
1,nominal,26,2.0,200,0.8695878260059378,0.836984782507422,0.0034461018322555874,0.9801643804740404,0.39907369140015303,0.0012790117064815346,106.0
1,nominal,26,2.5,200,0.8158370648290707,0.7697963310363383,0.005771123629370056,0.9801643804740404,0.39907369140015303,0.0012790117064815346,106.0
1,nominal,26,3.0,200,0.7526494462192655,0.690811807774082,0.011392146140727588,0.9801643804740404,0.39907369140015303,0.0012790117064815346,106.0
1,nominal,26,3.5,200,0.6896560528835111,0.6120700661043889,0.012575273852288096,0.9801643804740404,0.39907369140015303,0.0012790117064815346,106.0
1,nominal,27,0.1,200,0.9846843291409556,0.9808554114261941,2.8376423371391755e-06,0.9810492929863649,0.39607822865702064,0.0010968895773230934,98.0
1,nominal,27,0.25,200,0.9831565484858832,0.978945685607354,1.6100634882357693e-05,0.9810492929863649,0.39607822865702064,0.0010968895773230934,98.0
1,nominal,27,0.5,200,0.9766009569234235,0.9707511961542795,8.774917712379759e-05,0.9810492929863649,0.39607822865702064,0.0010968895773230934,98.0
1,nominal,27,0.75,200,0.9690452110768941,0.9613065138461172,0.0001732690069497941,0.9810492929863649,0.39607822865702064,0.0010968895773230934,98.0
1,nominal,27,1.0,200,0.9562708798322332,0.9453385997902913,0.0004072050402848193,0.9810492929863649,0.39607822865702064,0.0010968895773230934,98.0
1,nominal,27,1.25,200,0.9408644689416548,0.9260805861770685,0.0007575838466727712,0.9810492929863649,0.39607822865702064,0.0010968895773230934,98.0
1,nominal,27,1.5,200,0.9229174773822479,0.9036468467278098,0.001405784490827726,0.9810492929863649,0.39607822865702064,0.0010968895773230934,98.0
1,nominal,27,2.0,200,0.8821850506837059,0.8527313133546321,0.003060410960472328,0.9810492929863649,0.39607822865702064,0.0010968895773230934,98.0
1,nominal,27,2.5,200,0.8297558524274543,0.7871948155343179,0.005006108944349537,0.9810492929863649,0.39607822865702064,0.0010968895773230934,98.0
1,nominal,27,3.0,200,0.7676717894604482,0.7095897368255603,0.009841786500668456,0.9810492929863649,0.39607822865702064,0.0010968895773230934,98.0
1,nominal,27,3.5,200,0.7031314447103937,0.628914305887992,0.013047294927189913,0.9810492929863649,0.39607822865702064,0.0010968895773230934,98.0
1,nominal,28,0.1,200,0.9886614465680591,0.985826808210074,2.0961976737100163e-06,0.9860584728386187,0.38631124637416164,0.0010033272607961226,94.0
1,nominal,28,0.25,200,0.9871665240262829,0.9839581550328534,1.2747336595891792e-05,0.9860584728386187,0.38631124637416164,0.0010033272607961226,94.0
1,nominal,28,0.5,200,0.9810338549220895,0.9762923186526115,5.560827651669371e-05,0.9860584728386187,0.38631124637416164,0.0010033272607961226,94.0
1,nominal,28,0.75,200,0.9741226334951651,0.9676532918689563,0.0001339624734042381,0.9860584728386187,0.38631124637416164,0.0010033272607961226,94.0
1,nominal,28,1.0,200,0.9609207918846399,0.9511509898557995,0.0002887296657999575,0.9860584728386187,0.38631124637416164,0.0010033272607961226,94.0
1,nominal,28,1.25,200,0.946725392541218,0.9334067406765226,0.000605176969823782,0.9860584728386187,0.38631124637416164,0.0010033272607961226,94.0
1,nominal,28,1.5,200,0.929461300177016,0.9118266252212698,0.001202032579872121,0.9860584728386187,0.38631124637416164,0.0010033272607961226,94.0
1,nominal,28,2.0,200,0.8863886323614718,0.8579857904518398,0.00311841266770624,0.9860584728386187,0.38631124637416164,0.0010033272607961226,94.0
1,nominal,28,2.5,200,0.8363541406158239,0.79544267576978,0.004663851103695926,0.9860584728386187,0.38631124637416164,0.0010033272607961226,94.0
1,nominal,28,3.0,200,0.7799369317453673,0.7249211646817091,0.0084725703876957,0.9860584728386187,0.38631124637416164,0.0010033272607961226,94.0
1,nominal,28,3.5,200,0.7189549208227635,0.6486936510284544,0.010343838406502078,0.9860584728386187,0.38631124637416164,0.0010033272607961226,94.0
1,nominal,29,0.1,200,0.9861723527277413,0.9827154409096763,2.6522251223587964e-06,0.9829232069222925,0.38901069038498526,0.0009469950144460491,94.0
1,nominal,29,0.25,200,0.9846892700434445,0.9808615875543061,1.5074903505909949e-05,0.9829232069222925,0.38901069038498526,0.0009469950144460491,94.0
1,nominal,29,0.5,200,0.9784159902490093,0.9730199878112614,6.66326861116498e-05,0.9829232069222925,0.38901069038498526,0.0009469950144460491,94.0
1,nominal,29,0.75,200,0.9714432004091818,0.964304000511477,0.0001562257641172885,0.9829232069222925,0.38901069038498526,0.0009469950144460491,94.0
1,nominal,29,1.0,200,0.9585669583068328,0.948208697883541,0.0003303631805916762,0.9829232069222925,0.38901069038498526,0.0009469950144460491,94.0
1,nominal,29,1.25,200,0.944553037927075,0.9306912974088436,0.0007027040377669353,0.9829232069222925,0.38901069038498526,0.0009469950144460491,94.0
1,nominal,29,1.5,200,0.9268335164386475,0.9085418955483092,0.001292976276018644,0.9829232069222925,0.38901069038498526,0.0009469950144460491,94.0
1,nominal,29,2.0,200,0.8837989387638423,0.8547486734548029,0.0032935135262053133,0.9829232069222925,0.38901069038498526,0.0009469950144460491,94.0
1,nominal,29,2.5,200,0.8336324236371603,0.7920405295464503,0.005029152008489083,0.9829232069222925,0.38901069038498526,0.0009469950144460491,94.0
1,nominal,29,3.0,200,0.7768231330598216,0.7210289163247771,0.008828915932123194,0.9829232069222925,0.38901069038498526,0.0009469950144460491,94.0
1,nominal,29,3.5,200,0.7175440229027795,0.6469300286284744,0.010434367962609891,0.9829232069222925,0.38901069038498526,0.0009469950144460491,94.0
1,nominal,30,0.1,200,0.9880955833448601,0.9851194791810749,2.1706749180371467e-06,0.9853781363507145,0.3780054382922663,0.0010053238628162753,96.0
1,nominal,30,0.25,200,0.9865605698590415,0.983200712323802,1.1535580289230903e-05,0.9853781363507145,0.3780054382922663,0.0010053238628162753,96.0
1,nominal,30,0.5,200,0.9803198046743857,0.9753997558429819,6.569319609586048e-05,0.9853781363507145,0.3780054382922663,0.0010053238628162753,96.0
1,nominal,30,0.75,200,0.973010062150517,0.9662625776881462,0.00015802112431882677,0.9853781363507145,0.3780054382922663,0.0010053238628162753,96.0
1,nominal,30,1.0,200,0.9593558129890752,0.9491947662363439,0.00031981165914291574,0.9853781363507145,0.3780054382922663,0.0010053238628162753,96.0
1,nominal,30,1.25,200,0.9452702603648252,0.9315878254560314,0.0006126829869663218,0.9853781363507145,0.3780054382922663,0.0010053238628162753,96.0
1,nominal,30,1.5,200,0.9258210848379108,0.9072763560473882,0.0013381469093887684,0.9853781363507145,0.3780054382922663,0.0010053238628162753,96.0
1,nominal,30,2.0,200,0.8858817726338629,0.8573522157923287,0.0024506812580462997,0.9853781363507145,0.3780054382922663,0.0010053238628162753,96.0
1,nominal,30,2.5,200,0.8313898269239802,0.7892372836549751,0.004914465909625617,0.9853781363507145,0.3780054382922663,0.0010053238628162753,96.0
1,nominal,30,3.0,200,0.7763090149994447,0.7203862687493057,0.00916364073985249,0.9853781363507145,0.3780054382922663,0.0010053238628162753,96.0
1,nominal,30,3.5,200,0.7148927859479802,0.6436159824349751,0.01036342400234553,0.9853781363507145,0.3780054382922663,0.0010053238628162753,96.0
1,nominal,31,0.1,200,0.9855191041404832,0.9818988801756037,2.6622705659162285e-06,0.9820959330833148,0.39476240777427474,0.0010014257848939034,98.0
1,nominal,31,0.25,200,0.9839497000950926,0.9799371251188655,1.6659782866972333e-05,0.9820959330833148,0.39476240777427474,0.0010014257848939034,98.0
1,nominal,31,0.5,200,0.9773609773663076,0.9717012217078846,8.643789640303455e-05,0.9820959330833148,0.39476240777427474,0.0010014257848939034,98.0
1,nominal,31,0.75,200,0.970096965871252,0.9626212073390649,0.00016380730612939497,0.9820959330833148,0.39476240777427474,0.0010014257848939034,98.0
1,nominal,31,1.0,200,0.9567304499364007,0.9459130624205005,0.00038503557176863666,0.9820959330833148,0.39476240777427474,0.0010014257848939034,98.0
1,nominal,31,1.25,200,0.9412377632776453,0.9265472040970566,0.000731626184499324,0.9820959330833148,0.39476240777427474,0.0010014257848939034,98.0
1,nominal,31,1.5,200,0.9238232212274344,0.9047790265342931,0.0013432582462713652,0.9820959330833148,0.39476240777427474,0.0010014257848939034,98.0
1,nominal,31,2.0,200,0.8832770799803162,0.8540963499753953,0.0029426150073272378,0.9820959330833148,0.39476240777427474,0.0010014257848939034,98.0
1,nominal,31,2.5,200,0.8312033496176341,0.7890041870220427,0.004791756075981831,0.9820959330833148,0.39476240777427474,0.0010014257848939034,98.0
1,nominal,31,3.0,200,0.769224105414631,0.7115301317682889,0.009590693316628242,0.9820959330833148,0.39476240777427474,0.0010014257848939034,98.0
1,nominal,31,3.5,200,0.7032213481429342,0.6290266851786677,0.01315211997017641,0.9820959330833148,0.39476240777427474,0.0010014257848939034,98.0
1,nominal,32,0.1,200,0.9897730279882087,0.9872162849852607,1.913496902285935e-06,0.9874583272386788,0.38982999220931125,0.001086534502775469,96.0
1,nominal,32,0.25,200,0.9882144088148181,0.9852680110185225,1.1846699745554379e-05,0.9874583272386788,0.38982999220931125,0.001086534502775469,96.0
1,nominal,32,0.5,200,0.9821004174237893,0.9776255217797365,6.04518791592748e-05,0.9874583272386788,0.38982999220931125,0.001086534502775469,96.0
1,nominal,32,0.75,200,0.9744394690090386,0.9680493362612979,0.00014567581588181667,0.9874583272386788,0.38982999220931125,0.001086534502775469,96.0
1,nominal,32,1.0,200,0.9610138118813542,0.9512672648516926,0.0003390643879906109,0.9874583272386788,0.38982999220931125,0.001086534502775469,96.0
1,nominal,32,1.25,200,0.9474546692732617,0.9343183365915769,0.0005544046113824769,0.9874583272386788,0.38982999220931125,0.001086534502775469,96.0
1,nominal,32,1.5,200,0.9281010595596648,0.9101263244495805,0.001246913516166325,0.9874583272386788,0.38982999220931125,0.001086534502775469,96.0
1,nominal,32,2.0,200,0.8853925486273311,0.8567406857841636,0.002631670741072788,0.9874583272386788,0.38982999220931125,0.001086534502775469,96.0
1,nominal,32,2.5,200,0.8331592925800195,0.7914491157250244,0.004940619109825729,0.9874583272386788,0.38982999220931125,0.001086534502775469,96.0
1,nominal,32,3.0,200,0.7770895774793569,0.7213619718491961,0.009339680054140124,0.9874583272386788,0.38982999220931125,0.001086534502775469,96.0
1,nominal,32,3.5,200,0.7166396974145197,0.6457996217681498,0.010454466463604074,0.9874583272386788,0.38982999220931125,0.001086534502775469,96.0
1,nominal,33,0.1,200,0.9850276900829376,0.9812846126036721,2.5113976300345012e-06,0.9814945917696152,0.38922543983411645,0.0010864170661104963,100.0
1,nominal,33,0.25,200,0.9835100228938138,0.9793875286172674,1.7132683372138114e-05,0.9814945917696152,0.38922543983411645,0.0010864170661104963,100.0
1,nominal,33,0.5,200,0.9767526369495105,0.970940796186888,7.034513606808119e-05,0.9814945917696152,0.38922543983411645,0.0010864170661104963,100.0
1,nominal,33,0.75,200,0.9693494435281398,0.9616868044101744,0.00017688429948032163,0.9814945917696152,0.38922543983411645,0.0010864170661104963,100.0
1,nominal,33,1.0,200,0.9547942091253514,0.9434927614066888,0.0004063104953958501,0.9814945917696152,0.38922543983411645,0.0010864170661104963,100.0
1,nominal,33,1.25,200,0.9399562244549922,0.9249452805687404,0.0009072309112834562,0.9814945917696152,0.38922543983411645,0.0010864170661104963,100.0
1,nominal,33,1.5,200,0.9206098273811986,0.9007622842264985,0.0013847948563278142,0.9814945917696152,0.38922543983411645,0.0010864170661104963,100.0
1,nominal,33,2.0,200,0.8787678873492404,0.8484598591865504,0.0031165588175377248,0.9814945917696152,0.38922543983411645,0.0010864170661104963,100.0
1,nominal,33,2.5,200,0.8253948883524036,0.7817436104405046,0.005090467087200063,0.9814945917696152,0.38922543983411645,0.0010864170661104963,100.0
1,nominal,33,3.0,200,0.7672040398984321,0.70900504987304,0.010573963916877458,0.9814945917696152,0.38922543983411645,0.0010864170661104963,100.0
1,nominal,33,3.5,200,0.7007154629481163,0.625894328685145,0.012200803201560598,0.9814945917696152,0.38922543983411645,0.0010864170661104963,100.0
1,nominal,34,0.1,200,0.9888005872814412,0.986000734101801,2.022649993320998e-06,0.9862496764330718,0.3836040784914135,0.001081464618313039,96.0
1,nominal,34,0.25,200,0.987234121964756,0.984042652455945,1.2021844078641503e-05,0.9862496764330718,0.3836040784914135,0.001081464618313039,96.0
1,nominal,34,0.5,200,0.9810347576920577,0.9762934471150723,6.284931866023453e-05,0.9862496764330718,0.3836040784914135,0.001081464618313039,96.0
1,nominal,34,0.75,200,0.9734614698380414,0.9668268372975518,0.00014602719317793463,0.9862496764330718,0.3836040784914135,0.001081464618313039,96.0
1,nominal,34,1.0,200,0.9600215567295778,0.9500269459119721,0.00032764751426933374,0.9862496764330718,0.3836040784914135,0.001081464618313039,96.0
1,nominal,34,1.25,200,0.9464378436168506,0.933047304521063,0.0005605682812264925,0.9862496764330718,0.3836040784914135,0.001081464618313039,96.0
1,nominal,34,1.5,200,0.9269263074905258,0.9086578843631572,0.001277877929666258,0.9862496764330718,0.3836040784914135,0.001081464618313039,96.0
1,nominal,34,2.0,200,0.8847585726332282,0.8559482157915351,0.0025609343175725047,0.9862496764330718,0.3836040784914135,0.001081464618313039,96.0
1,nominal,34,2.5,200,0.8323346386778188,0.7904182983472734,0.004946524512674909,0.9862496764330718,0.3836040784914135,0.001081464618313039,96.0
1,nominal,34,3.0,200,0.7770533318035517,0.7213166647544398,0.009326222748523542,0.9862496764330718,0.3836040784914135,0.001081464618313039,96.0
1,nominal,34,3.5,200,0.716055030975713,0.6450687887196412,0.010351089445929646,0.9862496764330718,0.3836040784914135,0.001081464618313039,96.0
1,nominal,35,0.1,200,0.9868097637676843,0.9835122047096053,2.453952287287124e-06,0.9837340585869631,0.39009564602297697,0.0010881081289718943,96.0
1,nominal,35,0.25,200,0.9852660527505933,0.9815825659382413,1.4073928259970186e-05,0.9837340585869631,0.39009564602297697,0.0010881081289718943,96.0
1,nominal,35,0.5,200,0.9789807077869995,0.9737258847337492,7.230672163259242e-05,0.9837340585869631,0.39009564602297697,0.0010881081289718943,96.0
1,nominal,35,0.75,200,0.9715135267281515,0.9643919084101892,0.00016790775817573228,0.9837340585869631,0.39009564602297697,0.0010881081289718943,96.0
1,nominal,35,1.0,200,0.9580557201055037,0.9475696501318797,0.0003590238928824074,0.9837340585869631,0.39009564602297697,0.0010881081289718943,96.0
1,nominal,35,1.25,200,0.9442772997221383,0.9303466246526727,0.0006390361758016566,0.9837340585869631,0.39009564602297697,0.0010881081289718943,96.0
1,nominal,35,1.5,200,0.9248249971364984,0.9060312464206228,0.0013725908630885509,0.9837340585869631,0.39009564602297697,0.0010881081289718943,96.0
1,nominal,35,2.0,200,0.8834176777595282,0.85427209719941,0.002699801697112488,0.9837340585869631,0.39009564602297697,0.0010881081289718943,96.0
1,nominal,35,2.5,200,0.8305229034335568,0.7881536292919461,0.005142078960312281,0.9837340585869631,0.39009564602297697,0.0010881081289718943,96.0
1,nominal,35,3.0,200,0.7755700714775684,0.7194625893469603,0.009435547285826979,0.9837340585869631,0.39009564602297697,0.0010881081289718943,96.0
1,nominal,35,3.5,200,0.7146384045448463,0.6432980056810578,0.010428776627617495,0.9837340585869631,0.39009564602297697,0.0010881081289718943,96.0
1,nominal,36,0.1,200,0.988481342163335,0.985601677704169,2.1527190041217403e-06,0.9858269664140494,0.37995963573588454,0.0011484098869309718,98.0
1,nominal,36,0.25,200,0.9869351819348104,0.983668977418513,1.2568724530287417e-05,0.9858269664140494,0.37995963573588454,0.0011484098869309718,98.0
1,nominal,36,0.5,200,0.9804793986411058,0.9755992483013824,6.950772257971931e-05,0.9858269664140494,0.37995963573588454,0.0011484098869309718,98.0
1,nominal,36,0.75,200,0.9728653983310598,0.9660817479138245,0.00014043759486158768,0.9858269664140494,0.37995963573588454,0.0011484098869309718,98.0
1,nominal,36,1.0,200,0.9597681963066833,0.949710245383354,0.0003552691187451995,0.9858269664140494,0.37995963573588454,0.0011484098869309718,98.0
1,nominal,36,1.25,200,0.9447077142020586,0.9308846427525732,0.000665497224905543,0.9858269664140494,0.37995963573588454,0.0011484098869309718,98.0
1,nominal,36,1.5,200,0.9266720514728087,0.908340064341011,0.001262981797148669,0.9858269664140494,0.37995963573588454,0.0011484098869309718,98.0
1,nominal,36,2.0,200,0.884855728936381,0.856069661170476,0.002934728820653486,0.9858269664140494,0.37995963573588454,0.0011484098869309718,98.0
1,nominal,36,2.5,200,0.8327618816790436,0.7909523520988043,0.004770398678179365,0.9858269664140494,0.37995963573588454,0.0011484098869309718,98.0
1,nominal,36,3.0,200,0.7700406641526902,0.7125508301908627,0.009660557335138492,0.9858269664140494,0.37995963573588454,0.0011484098869309718,98.0
1,nominal,36,3.5,200,0.7052429111581509,0.6315536389476882,0.012911439142785452,0.9858269664140494,0.37995963573588454,0.0011484098869309718,98.0
1,nominal,37,0.1,200,0.989084421175461,0.9863555264693261,2.043057062933303e-06,0.986594822089804,0.3866372098587802,0.0011865542823796798,98.0
1,nominal,37,0.25,200,0.9875665572685387,0.9844581965856731,1.214708123542831e-05,0.986594822089804,0.3866372098587802,0.0011865542823796798,98.0
1,nominal,37,0.5,200,0.981139700694188,0.9764246258677349,6.635867340825824e-05,0.986594822089804,0.3866372098587802,0.0011865542823796798,98.0
1,nominal,37,0.75,200,0.9734959754624598,0.9668699693280746,0.0001359916253967524,0.986594822089804,0.3866372098587802,0.0011865542823796798,98.0
1,nominal,37,1.0,200,0.960521441276142,0.9506518015951773,0.0003480582532641614,0.986594822089804,0.3866372098587802,0.0011865542823796798,98.0
1,nominal,37,1.25,200,0.9454457833461553,0.9318072291826938,0.0006498971262520047,0.986594822089804,0.3866372098587802,0.0011865542823796798,98.0
1,nominal,37,1.5,200,0.9272775055482865,0.909096881935358,0.0012429774744570317,0.986594822089804,0.3866372098587802,0.0011865542823796798,98.0
1,nominal,37,2.0,200,0.8856221606119249,0.857027700764906,0.0028804781358105873,0.986594822089804,0.3866372098587802,0.0011865542823796798,98.0
1,nominal,37,2.5,200,0.8336871193829458,0.7921088992286822,0.004729401989906164,0.986594822089804,0.3866372098587802,0.0011865542823796798,98.0
1,nominal,37,3.0,200,0.7705763579892816,0.7132204474866021,0.009660460073419565,0.986594822089804,0.3866372098587802,0.0011865542823796798,98.0
1,nominal,37,3.5,200,0.706243311077684,0.632804138847105,0.012928851869603573,0.986594822089804,0.3866372098587802,0.0011865542823796798,98.0
1,nominal,38,0.1,200,0.9887890266689241,0.9859862833361551,2.003745079359355e-06,0.9862169726353246,0.394032579845802,0.001231487176236566,98.0
1,nominal,38,0.25,200,0.9872536122776266,0.9840670153470333,1.228716285144378e-05,0.9862169726353246,0.394032579845802,0.001231487176236566,98.0
1,nominal,38,0.5,200,0.9808718956915969,0.9760898696144962,6.457593105224876e-05,0.9862169726353246,0.394032579845802,0.001231487176236566,98.0
1,nominal,38,0.75,200,0.9731013381863971,0.9663766727329965,0.00013741830971881474,0.9862169726353246,0.394032579845802,0.001231487176236566,98.0
1,nominal,38,1.0,200,0.960222218848837,0.9502777735610459,0.0003442232616566363,0.9862169726353246,0.394032579845802,0.001231487176236566,98.0
1,nominal,38,1.25,200,0.9450606021105593,0.9313257526381992,0.0006410850910073838,0.9862169726353246,0.394032579845802,0.001231487176236566,98.0
1,nominal,38,1.5,200,0.9271787674162237,0.9089734592702797,0.0012430979632077795,0.9862169726353246,0.394032579845802,0.001231487176236566,98.0
1,nominal,38,2.0,200,0.8847690846472216,0.8559613558090267,0.002939648776520497,0.9862169726353246,0.394032579845802,0.001231487176236566,98.0
1,nominal,38,2.5,200,0.8332530006729262,0.7915662508411577,0.004704229037259346,0.9862169726353246,0.394032579845802,0.001231487176236566,98.0
1,nominal,38,3.0,200,0.7702885616289179,0.7128607020361474,0.009709542877946726,0.9862169726353246,0.394032579845802,0.001231487176236566,98.0
1,nominal,38,3.5,200,0.7059361715046455,0.6324202143808069,0.01282811285015383,0.9862169726353246,0.394032579845802,0.001231487176236566,98.0
1,nominal,39,0.1,200,0.985956905310728,0.9824461316384098,2.784531741311905e-06,0.9826652092558859,0.39886177953501645,0.0013755978053000073,108.0
1,nominal,39,0.25,200,0.9843186503732909,0.9803983129666133,1.716439513348965e-05,0.9826652092558859,0.39886177953501645,0.0013755978053000073,108.0
1,nominal,39,0.5,200,0.9772246495625642,0.9715308119532048,8.24985168250284e-05,0.9826652092558859,0.39886177953501645,0.0013755978053000073,108.0
1,nominal,39,0.75,200,0.9685971155975731,0.9607463944969663,0.00017731592189908996,0.9826652092558859,0.39886177953501645,0.0013755978053000073,108.0
1,nominal,39,1.0,200,0.953814297957475,0.9422678724468436,0.000414218159655685,0.9826652092558859,0.39886177953501645,0.0013755978053000073,108.0
1,nominal,39,1.25,200,0.936905454214433,0.9211318177680412,0.0008724763169563625,0.9826652092558859,0.39886177953501645,0.0013755978053000073,108.0
1,nominal,39,1.5,200,0.9184392293847289,0.8980490367309111,0.0015006743471561695,0.9826652092558859,0.39886177953501645,0.0013755978053000073,108.0
1,nominal,39,2.0,200,0.8719929991857769,0.8399912489822208,0.0033390001386645937,0.9826652092558859,0.39886177953501645,0.0013755978053000073,108.0
1,nominal,39,2.5,200,0.8158416466622023,0.7698020583277528,0.005887923465372322,0.9826652092558859,0.39886177953501645,0.0013755978053000073,108.0
1,nominal,39,3.0,200,0.7489143900611542,0.6861429875764427,0.01119749949940788,0.9826652092558859,0.39886177953501645,0.0013755978053000073,108.0
1,nominal,39,3.5,200,0.6821968397784102,0.6027460497230127,0.012779519935273114,0.9826652092558859,0.39886177953501645,0.0013755978053000073,108.0
1,nominal,40,0.1,200,0.9891441167136851,0.9864301458921062,1.6954621470663611e-06,0.9866568310556363,0.38500185148179666,0.0013052450886821634,100.0
1,nominal,40,0.25,200,0.9875657920387572,0.9844572400484465,1.1769528168969132e-05,0.9866568310556363,0.38500185148179666,0.0013052450886821634,100.0
1,nominal,40,0.5,200,0.981031295602305,0.9762891195028811,5.1776529236417576e-05,0.9866568310556363,0.38500185148179666,0.0013052450886821634,100.0
1,nominal,40,0.75,200,0.9731560926724001,0.9664451158405001,0.00013606536209841117,0.9866568310556363,0.38500185148179666,0.0013052450886821634,100.0
1,nominal,40,1.0,200,0.958654475538507,0.9483180944231339,0.00033022562567023314,0.9866568310556363,0.38500185148179666,0.0013052450886821634,100.0
1,nominal,40,1.25,200,0.9437716075756427,0.9297145094695531,0.0007637021099015588,0.9866568310556363,0.38500185148179666,0.0013052450886821634,100.0
1,nominal,40,1.5,200,0.9244172812760149,0.9055216015950185,0.0012296221961426192,0.9866568310556363,0.38500185148179666,0.0013052450886821634,100.0
1,nominal,40,2.0,200,0.8815429053217958,0.8519286316522447,0.0029425883449069046,0.9866568310556363,0.38500185148179666,0.0013052450886821634,100.0
1,nominal,40,2.5,200,0.827740751564565,0.7846759394557061,0.00498180635013522,0.9866568310556363,0.38500185148179666,0.0013052450886821634,100.0
1,nominal,40,3.0,200,0.7686013006426184,0.710751625803273,0.010485889781726425,0.9866568310556363,0.38500185148179666,0.0013052450886821634,100.0
1,nominal,40,3.5,200,0.7025831640114234,0.6282289550142791,0.012227084391472371,0.9866568310556363,0.38500185148179666,0.0013052450886821634,100.0
1,nominal,41,0.1,200,0.9867632049745163,0.9834540062181455,2.600147352731396e-06,0.98371447601699,0.39472499699999464,0.0013505465345151203,104.0
1,nominal,41,0.25,200,0.9852689896171626,0.9815862370214533,1.505981414978836e-05,0.98371447601699,0.39472499699999464,0.0013505465345151203,104.0
1,nominal,41,0.5,200,0.9784721059769486,0.9730901324711855,6.132077530446366e-05,0.98371447601699,0.39472499699999464,0.0013505465345151203,104.0
1,nominal,41,0.75,200,0.9694734318713089,0.9618417898391359,0.00020020234199224878,0.98371447601699,0.39472499699999464,0.0013505465345151203,104.0
1,nominal,41,1.0,200,0.9554297553085963,0.9442871941357454,0.00040930879476065734,0.98371447601699,0.39472499699999464,0.0013505465345151203,104.0
1,nominal,41,1.25,200,0.9412994015202408,0.9266242519003005,0.0007666846626273158,0.98371447601699,0.39472499699999464,0.0013505465345151203,104.0
1,nominal,41,1.5,200,0.9203580914871449,0.9004476143589311,0.001557393985267813,0.98371447601699,0.39472499699999464,0.0013505465345151203,104.0
1,nominal,41,2.0,200,0.8742837553761824,0.842854694220228,0.003435739484118972,0.98371447601699,0.39472499699999464,0.0013505465345151203,104.0
1,nominal,41,2.5,200,0.8220677751949232,0.7775847189936539,0.004799385483725837,0.98371447601699,0.39472499699999464,0.0013505465345151203,104.0
1,nominal,41,3.0,200,0.7598055860679205,0.6997569825849006,0.010352451405485756,0.98371447601699,0.39472499699999464,0.0013505465345151203,104.0
1,nominal,41,3.5,200,0.694819370169215,0.6185242127115187,0.011609935476951737,0.98371447601699,0.39472499699999464,0.0013505465345151203,104.0
1,nominal,42,0.1,200,0.9882769832400484,0.9853462290500603,1.8252530327197364e-06,0.9855516878681895,0.39792694027870734,0.0013703387939027563,100.0
1,nominal,42,0.25,200,0.9867006278065683,0.9833757847582105,1.2578435470773111e-05,0.9855516878681895,0.39792694027870734,0.0013703387939027563,100.0
1,nominal,42,0.5,200,0.980128378485452,0.9751604731068145,5.505029370261381e-05,0.9855516878681895,0.39792694027870734,0.0013703387939027563,100.0
1,nominal,42,0.75,200,0.9721882854544224,0.9652353568180277,0.0001415056831392827,0.9855516878681895,0.39792694027870734,0.0013703387939027563,100.0
1,nominal,42,1.0,200,0.9578404803619169,0.9473006004523958,0.00034589751826541643,0.9855516878681895,0.39792694027870734,0.0013703387939027563,100.0
1,nominal,42,1.25,200,0.9429473057898683,0.9286841322373354,0.0007940536211905665,0.9855516878681895,0.39792694027870734,0.0013703387939027563,100.0
1,nominal,42,1.5,200,0.9235878325786436,0.9044847907233046,0.0012471060031698422,0.9855516878681895,0.39792694027870734,0.0013703387939027563,100.0
1,nominal,42,2.0,200,0.8803446783996014,0.8504308479995017,0.002985560863208923,0.9855516878681895,0.39792694027870734,0.0013703387939027563,100.0
1,nominal,42,2.5,200,0.8268521082334828,0.7835651352918532,0.005060412948954418,0.9855516878681895,0.39792694027870734,0.0013703387939027563,100.0
1,nominal,42,3.0,200,0.7678639748329115,0.7098299685411392,0.010513712504879105,0.9855516878681895,0.39792694027870734,0.0013703387939027563,100.0
1,nominal,42,3.5,200,0.7021085957973089,0.627635744746636,0.01229830249692228,0.9855516878681895,0.39792694027870734,0.0013703387939027563,100.0
1,nominal,43,0.1,200,0.9864752042407127,0.9830940053008905,2.4638402352001284e-06,0.9832991136797424,0.39943841994282014,0.0016427307900360553,120.0
1,nominal,43,0.25,200,0.9843710462318787,0.980463807789848,1.4026218670850923e-05,0.9832991136797424,0.39943841994282014,0.0016427307900360553,120.0
1,nominal,43,0.5,200,0.9765717731691462,0.9707147164614325,8.047369385542888e-05,0.9832991136797424,0.39943841994282014,0.0016427307900360553,120.0
1,nominal,43,0.75,200,0.9664518298794014,0.9580647873492515,0.00018038418621271263,0.9832991136797424,0.39943841994282014,0.0016427307900360553,120.0
1,nominal,43,1.0,200,0.9513779289250159,0.9392224111562699,0.00042606008737955197,0.9832991136797424,0.39943841994282014,0.0016427307900360553,120.0
1,nominal,43,1.25,200,0.9304121564936679,0.913015195617085,0.000962216843674677,0.9832991136797424,0.39943841994282014,0.0016427307900360553,120.0
1,nominal,43,1.5,200,0.9097696018536503,0.8872120023170629,0.0014957451662416727,0.9832991136797424,0.39943841994282014,0.0016427307900360553,120.0
1,nominal,43,2.0,200,0.8563911004166584,0.8204888755208231,0.004574428167691094,0.9832991136797424,0.39943841994282014,0.0016427307900360553,120.0
1,nominal,43,2.5,200,0.7954872372676254,0.7443590465845318,0.006552298671580996,0.9832991136797424,0.39943841994282014,0.0016427307900360553,120.0
1,nominal,43,3.0,200,0.7274340285587718,0.6592925356984648,0.010542266930642152,0.9832991136797424,0.39943841994282014,0.0016427307900360553,120.0
1,nominal,43,3.5,200,0.6511756954633857,0.5639696193292321,0.015775183643268145,0.9832991136797424,0.39943841994282014,0.0016427307900360553,120.0
1,nominal,44,0.1,200,0.9857321996412982,0.9821652495516225,2.4904171293001848e-06,0.9823460659943444,0.39912281848036024,0.0014440500651200963,108.0
1,nominal,44,0.25,200,0.983984746213999,0.9799809327674986,1.5318923276108176e-05,0.9823460659943444,0.39912281848036024,0.0014440500651200963,108.0
1,nominal,44,0.5,200,0.9768793104537296,0.9710991380671617,7.383226433002044e-05,0.9823460659943444,0.39912281848036024,0.0014440500651200963,108.0
1,nominal,44,0.75,200,0.9681111580790364,0.9601389475987951,0.00017479753400862012,0.9823460659943444,0.39912281848036024,0.0014440500651200963,108.0
1,nominal,44,1.0,200,0.953161340927307,0.9414516761591335,0.00038724850303598264,0.9823460659943444,0.39912281848036024,0.0014440500651200963,108.0
1,nominal,44,1.25,200,0.9362303916569129,0.9202879895711411,0.0008367733903466975,0.9823460659943444,0.39912281848036024,0.0014440500651200963,108.0
1,nominal,44,1.5,200,0.9179024657893646,0.8973780822367057,0.0014454611538396189,0.9823460659943444,0.39912281848036024,0.0014440500651200963,108.0
1,nominal,44,2.0,200,0.8697483063404008,0.8371853829255008,0.0034790886656665674,0.9823460659943444,0.39912281848036024,0.0014440500651200963,108.0
1,nominal,44,2.5,200,0.8135705523496584,0.7669631904370726,0.005895201674089714,0.9823460659943444,0.39912281848036024,0.0014440500651200963,108.0
1,nominal,44,3.0,200,0.7458262662480569,0.682282832810071,0.011087102513136613,0.9823460659943444,0.39912281848036024,0.0014440500651200963,108.0
1,nominal,44,3.5,200,0.6794933316959619,0.5993666646199524,0.013014882371983309,0.9823460659943444,0.39912281848036024,0.0014440500651200963,108.0
1,nominal,45,0.1,200,0.9864302039115673,0.9830377548894592,2.4407195611339916e-06,0.9832699953443051,0.396630857570615,0.0013406875589212577,104.0
1,nominal,45,0.25,200,0.9849404221304643,0.9811755276630799,1.4194133345965952e-05,0.9832699953443051,0.396630857570615,0.0013406875589212577,104.0
1,nominal,45,0.5,200,0.9782202935262113,0.972775366907764,5.5145774208704634e-05,0.9832699953443051,0.396630857570615,0.0013406875589212577,104.0
1,nominal,45,0.75,200,0.9690675226008125,0.9613344032510157,0.00016921782717204984,0.9832699953443051,0.396630857570615,0.0013406875589212577,104.0
1,nominal,45,1.0,200,0.9549856980968898,0.943732122621112,0.00039617479507269936,0.9832699953443051,0.396630857570615,0.0013406875589212577,104.0
1,nominal,45,1.25,200,0.9408626117236003,0.9260782646545002,0.0007280320194665188,0.9832699953443051,0.396630857570615,0.0013406875589212577,104.0
1,nominal,45,1.5,200,0.9199700012962565,0.8999625016203209,0.0015518851024374821,0.9832699953443051,0.396630857570615,0.0013406875589212577,104.0
1,nominal,45,2.0,200,0.8729633659155018,0.8412042073943772,0.0035210912600738154,0.9832699953443051,0.396630857570615,0.0013406875589212577,104.0
1,nominal,45,2.5,200,0.8214508980978348,0.7768136226222936,0.004721474394191721,0.9832699953443051,0.396630857570615,0.0013406875589212577,104.0
1,nominal,45,3.0,200,0.7583808512592208,0.6979760640740261,0.010588206153860745,0.9832699953443051,0.396630857570615,0.0013406875589212577,104.0
1,nominal,45,3.5,200,0.694079024019957,0.6175987800249463,0.011475401133497841,0.9832699953443051,0.396630857570615,0.0013406875589212577,104.0
1,nominal,46,0.1,200,0.9890072169967024,0.9862590212458777,1.6050012164060916e-06,0.9864815016199637,0.3908666598544862,0.001242056450025112,98.0
1,nominal,46,0.25,200,0.9873998710395897,0.984249838799487,1.0130428201258557e-05,0.9864815016199637,0.3908666598544862,0.001242056450025112,98.0
1,nominal,46,0.5,200,0.9812392294230373,0.9765490367787965,5.6078874510187614e-05,0.9864815016199637,0.3908666598544862,0.001242056450025112,98.0
1,nominal,46,0.75,200,0.973245547632897,0.9665569345411211,0.00012101437859199878,0.9864815016199637,0.3908666598544862,0.001242056450025112,98.0
1,nominal,46,1.0,200,0.9603693809665803,0.9504617262082252,0.0002983916329996933,0.9864815016199637,0.3908666598544862,0.001242056450025112,98.0
1,nominal,46,1.25,200,0.9451015259224779,0.9313769074030975,0.0005957109929119938,0.9864815016199637,0.3908666598544862,0.001242056450025112,98.0
1,nominal,46,1.5,200,0.9272174172745619,0.9090217715932024,0.0011828822819576331,0.9864815016199637,0.3908666598544862,0.001242056450025112,98.0
1,nominal,46,2.0,200,0.8849657088168066,0.8562071360210081,0.002871687296783521,0.9864815016199637,0.3908666598544862,0.001242056450025112,98.0
1,nominal,46,2.5,200,0.8328375148394529,0.7910468935493158,0.0046963221857474,0.9864815016199637,0.3908666598544862,0.001242056450025112,98.0
1,nominal,46,3.0,200,0.7701573859261698,0.7126967324077123,0.009575504097339203,0.9864815016199637,0.3908666598544862,0.001242056450025112,98.0
1,nominal,46,3.5,200,0.7044244546712548,0.6305305683390684,0.012738215532902126,0.9864815016199637,0.3908666598544862,0.001242056450025112,98.0
1,nominal,47,0.1,200,0.9881465944205194,0.9851832430256493,1.7469636243775435e-06,0.9854219323142548,0.38537213264732606,0.0012576129721671631,100.0
1,nominal,47,0.25,200,0.986609516349203,0.983261895436504,1.283665972634128e-05,0.9854219323142548,0.38537213264732606,0.0012576129721671631,100.0
1,nominal,47,0.5,200,0.9801168061969996,0.9751460077462495,5.3257942632758066e-05,0.9854219323142548,0.38537213264732606,0.0012576129721671631,100.0
1,nominal,47,0.75,200,0.9722014640688311,0.9652518300860388,0.00013624620310025346,0.9854219323142548,0.38537213264732606,0.0012576129721671631,100.0
1,nominal,47,1.0,200,0.9579945548282919,0.9474931935353647,0.0003278046818519714,0.9854219323142548,0.38537213264732606,0.0012576129721671631,100.0
1,nominal,47,1.25,200,0.9429746539656526,0.9287183174570656,0.0007655505577583126,0.9854219323142548,0.38537213264732606,0.0012576129721671631,100.0
1,nominal,47,1.5,200,0.9236705552331117,0.9045881940413895,0.0012501635710399888,0.9854219323142548,0.38537213264732606,0.0012576129721671631,100.0
1,nominal,47,2.0,200,0.8814749903635056,0.8518437379543817,0.0029716336841896797,0.9854219323142548,0.38537213264732606,0.0012576129721671631,100.0
1,nominal,47,2.5,200,0.8277682643561063,0.7847103304451329,0.004993377330494836,0.9854219323142548,0.38537213264732606,0.0012576129721671631,100.0
1,nominal,47,3.0,200,0.768518071853517,0.7106475898168962,0.010395320564052617,0.9854219323142548,0.38537213264732606,0.0012576129721671631,100.0
1,nominal,47,3.5,200,0.7026643276280811,0.6283304095351011,0.012083244164381725,0.9854219323142548,0.38537213264732606,0.0012576129721671631,100.0
1,nominal,48,0.1,200,0.9862314541804165,0.9827893177255205,2.4415520547355604e-06,0.9830151013390578,0.39520777061916285,0.0013460087286275443,108.0
1,nominal,48,0.25,200,0.9845745744260519,0.9807182180325645,1.4837330049480558e-05,0.9830151013390578,0.39520777061916285,0.0013460087286275443,108.0
1,nominal,48,0.5,200,0.9774812972255088,0.9718516215318858,7.525044339029567e-05,0.9830151013390578,0.39520777061916285,0.0013460087286275443,108.0
1,nominal,48,0.75,200,0.9688198018339848,0.9610247522924812,0.0001633342578289914,0.9830151013390578,0.39520777061916285,0.0013460087286275443,108.0
1,nominal,48,1.0,200,0.9538343729064286,0.9422929661330355,0.0003747060028378443,0.9830151013390578,0.39520777061916285,0.0013460087286275443,108.0
1,nominal,48,1.25,200,0.9370011005515977,0.9212513756894972,0.0008153487099042721,0.9830151013390578,0.39520777061916285,0.0013460087286275443,108.0
1,nominal,48,1.5,200,0.918280148046182,0.8978501850577273,0.0013944590471651741,0.9830151013390578,0.39520777061916285,0.0013460087286275443,108.0
1,nominal,48,2.0,200,0.871909523701877,0.8398869046273464,0.003295426172431851,0.9830151013390578,0.39520777061916285,0.0013460087286275443,108.0
1,nominal,48,2.5,200,0.815675949834755,0.7695949372934439,0.00583018601298742,0.9830151013390578,0.39520777061916285,0.0013460087286275443,108.0
1,nominal,48,3.0,200,0.7478899214831044,0.6848624018538804,0.011109641760386944,0.9830151013390578,0.39520777061916285,0.0013460087286275443,108.0
1,nominal,48,3.5,200,0.6814516112331748,0.6018145140414682,0.012710971537981803,0.9830151013390578,0.39520777061916285,0.0013460087286275443,108.0
1,nominal,49,0.1,200,0.9895699377568405,0.9869624221960506,1.8118801307907606e-06,0.9871610598320629,0.37870660295568037,0.001203616696770152,98.0
1,nominal,49,0.25,200,0.9879571426807063,0.9849464283508829,1.0521215582905915e-05,0.9871610598320629,0.37870660295568037,0.001203616696770152,98.0
1,nominal,49,0.5,200,0.9816222325636343,0.9770277907045426,6.41124026239627e-05,0.9871610598320629,0.37870660295568037,0.001203616696770152,98.0
1,nominal,49,0.75,200,0.9739049525530945,0.967381190691368,0.00012671609342343996,0.9871610598320629,0.37870660295568037,0.001203616696770152,98.0
1,nominal,49,1.0,200,0.9608678194010882,0.9510847742513602,0.0003016913190481836,0.9871610598320629,0.37870660295568037,0.001203616696770152,98.0
1,nominal,49,1.25,200,0.9451795435052184,0.9314744293815229,0.0006336472840245852,0.9871610598320629,0.37870660295568037,0.001203616696770152,98.0
1,nominal,49,1.5,200,0.9270563648513802,0.9088204560642253,0.001228359481273742,0.9871610598320629,0.37870660295568037,0.001203616696770152,98.0
1,nominal,49,2.0,200,0.8867482824005122,0.85843535300064,0.0028609079479888044,0.9871610598320629,0.37870660295568037,0.001203616696770152,98.0
1,nominal,49,2.5,200,0.8332147926831667,0.7915184908539581,0.0047659314778192964,0.9871610598320629,0.37870660295568037,0.001203616696770152,98.0
1,nominal,49,3.0,200,0.7707866615919459,0.7134833269899322,0.009472035357612228,0.9871610598320629,0.37870660295568037,0.001203616696770152,98.0
1,nominal,49,3.5,200,0.7041038500381216,0.6301298125476518,0.013114417308956216,0.9871610598320629,0.37870660295568037,0.001203616696770152,98.0
1,nominal,50,0.1,200,0.9879109757609336,0.9848887197011669,2.2074235522452716e-06,0.9851057264121375,0.38226191251270847,0.00127802890238426,98.0
1,nominal,50,0.25,200,0.9863727911089036,0.9829659888861296,1.2907704158052009e-05,0.9851057264121375,0.38226191251270847,0.00127802890238426,98.0
1,nominal,50,0.5,200,0.9799385196008725,0.9749231495010904,7.173585439538241e-05,0.9851057264121375,0.38226191251270847,0.00127802890238426,98.0
1,nominal,50,0.75,200,0.9723104190552899,0.9653880238191124,0.00014651042667744363,0.9851057264121375,0.38226191251270847,0.00127802890238426,98.0
1,nominal,50,1.0,200,0.9594219367812992,0.9492774209766239,0.00035269727941180073,0.9851057264121375,0.38226191251270847,0.00127802890238426,98.0
1,nominal,50,1.25,200,0.9440979841803483,0.9301224802254353,0.0006795656428563241,0.9851057264121375,0.38226191251270847,0.00127802890238426,98.0
1,nominal,50,1.5,200,0.9259026878469392,0.9073783598086739,0.0012954042735324385,0.9851057264121375,0.38226191251270847,0.00127802890238426,98.0
1,nominal,50,2.0,200,0.8848359095224467,0.8560448869030582,0.0029806344056239253,0.9851057264121375,0.38226191251270847,0.00127802890238426,98.0
1,nominal,50,2.5,200,0.8321445455698009,0.790180681962251,0.004874265788798496,0.9851057264121375,0.38226191251270847,0.00127802890238426,98.0
1,nominal,50,3.0,200,0.7698767771257136,0.7123459714071418,0.009710193261090384,0.9851057264121375,0.38226191251270847,0.00127802890238426,98.0
1,nominal,50,3.5,200,0.7047494510802279,0.6309368138502849,0.013085191467075303,0.9851057264121375,0.38226191251270847,0.00127802890238426,98.0
1,nominal,51,0.1,200,0.9899721143644712,0.9874651429555888,1.803525152427038e-06,0.9877033780526306,0.39263230612632816,0.0012625628081823239,94.0
1,nominal,51,0.25,200,0.9885241407476578,0.985655175934572,1.1495703369400385e-05,0.9877033780526306,0.39263230612632816,0.0012625628081823239,94.0
1,nominal,51,0.5,200,0.9825233027063913,0.978154128382989,5.085608815765861e-05,0.9877033780526306,0.39263230612632816,0.0012625628081823239,94.0
1,nominal,51,0.75,200,0.9754401363056534,0.9693001703820668,0.00011901905119632605,0.9877033780526306,0.39263230612632816,0.0012625628081823239,94.0
1,nominal,51,1.0,200,0.9622104552581874,0.9527630690727341,0.0002696157502753699,0.9877033780526306,0.39263230612632816,0.0012625628081823239,94.0
1,nominal,51,1.25,200,0.9481254295296598,0.9351567869120748,0.0005741560488396655,0.9877033780526306,0.39263230612632816,0.0012625628081823239,94.0
1,nominal,51,1.5,200,0.9310562391263484,0.9138202989079356,0.0011620517662959539,0.9877033780526306,0.39263230612632816,0.0012625628081823239,94.0
1,nominal,51,2.0,200,0.8878561839185984,0.859820229898248,0.003058281541183642,0.9877033780526306,0.39263230612632816,0.0012625628081823239,94.0
1,nominal,51,2.5,200,0.8384459633918486,0.7980574542398107,0.004560538032475291,0.9877033780526306,0.39263230612632816,0.0012625628081823239,94.0
1,nominal,51,3.0,200,0.7811559984603514,0.7264449980754393,0.008404513905818997,0.9877033780526306,0.39263230612632816,0.0012625628081823239,94.0
1,nominal,51,3.5,200,0.7200652288499332,0.6500815360624164,0.010300144216927997,0.9877033780526306,0.39263230612632816,0.0012625628081823239,94.0
1,nominal,52,0.1,200,0.9873835840278954,0.9842294800348691,2.266103197246034e-06,0.9844413130768168,0.38566094317477917,0.0012629637069919344,98.0
1,nominal,52,0.25,200,0.9858316404181375,0.9822895505226716,1.3449197122249409e-05,0.9844413130768168,0.38566094317477917,0.0012629637069919344,98.0
1,nominal,52,0.5,200,0.9793750645012166,0.9742188306265208,7.498126438397148e-05,0.9844413130768168,0.38566094317477917,0.0012629637069919344,98.0
1,nominal,52,0.75,200,0.9718749033565413,0.9648436291956765,0.00014846189444397563,0.9844413130768168,0.38566094317477917,0.0012629637069919344,98.0
1,nominal,52,1.0,200,0.9587610502808396,0.9484513128510497,0.00035880860028432866,0.9844413130768168,0.38566094317477917,0.0012629637069919344,98.0
1,nominal,52,1.25,200,0.9434175359010333,0.9292719198762918,0.0006876043255572518,0.9844413130768168,0.38566094317477917,0.0012629637069919344,98.0
1,nominal,52,1.5,200,0.9252103391114841,0.9065129238893549,0.0012963526231595146,0.9844413130768168,0.38566094317477917,0.0012629637069919344,98.0
1,nominal,52,2.0,200,0.8847098125450231,0.8558872656812787,0.002968291203915787,0.9844413130768168,0.38566094317477917,0.0012629637069919344,98.0
1,nominal,52,2.5,200,0.8317250446814463,0.7896563058518079,0.004872513124355432,0.9844413130768168,0.38566094317477917,0.0012629637069919344,98.0
1,nominal,52,3.0,200,0.7695698068556449,0.7119622585695563,0.009695670481927512,0.9844413130768168,0.38566094317477917,0.0012629637069919344,98.0
1,nominal,52,3.5,200,0.7039590433936765,0.6299488042420955,0.013239546175170189,0.9844413130768168,0.38566094317477917,0.0012629637069919344,98.0
1,nominal,53,0.1,200,0.9883073176218549,0.9853841470273187,1.8635960804837812e-06,0.9856163774994917,0.3847514719881854,0.0013005668029425353,100.0
1,nominal,53,0.25,200,0.9867899009253919,0.9834873761567396,1.363184542169986e-05,0.9856163774994917,0.3847514719881854,0.0013005668029425353,100.0
1,nominal,53,0.5,200,0.9802159770330292,0.9752699712912863,5.936724734159138e-05,0.9856163774994917,0.3847514719881854,0.0013005668029425353,100.0
1,nominal,53,0.75,200,0.9724216273438302,0.9655270341797876,0.00014574870989778925,0.9856163774994917,0.3847514719881854,0.0013005668029425353,100.0
1,nominal,53,1.0,200,0.9581914927550742,0.9477393659438426,0.00035676554649521414,0.9856163774994917,0.3847514719881854,0.0013005668029425353,100.0
1,nominal,53,1.25,200,0.943207505503485,0.9290093818793559,0.0007950067653100445,0.9856163774994917,0.3847514719881854,0.0013005668029425353,100.0
1,nominal,53,1.5,200,0.92391636747377,0.9048954593422124,0.0012730791511410436,0.9856163774994917,0.3847514719881854,0.0013005668029425353,100.0
1,nominal,53,2.0,200,0.8812713007903522,0.8515891259879402,0.0030242277871565006,0.9856163774994917,0.3847514719881854,0.0013005668029425353,100.0
1,nominal,53,2.5,200,0.8279428833250546,0.7849286041563183,0.0051483992052967446,0.9856163774994917,0.3847514719881854,0.0013005668029425353,100.0
1,nominal,53,3.0,200,0.768633828413914,0.7107922855173924,0.010551730090532443,0.9856163774994917,0.3847514719881854,0.0013005668029425353,100.0
1,nominal,53,3.5,200,0.7034811115770299,0.6293513894712871,0.01234930998424439,0.9856163774994917,0.3847514719881854,0.0013005668029425353,100.0
1,nominal,54,0.1,200,0.9869955967514035,0.9837444959392545,2.33598330989078e-06,0.983994509842499,0.39805599021650434,0.0013240217478623563,98.0
1,nominal,54,0.25,200,0.9855081320764448,0.981885165095556,1.3802669367733597e-05,0.983994509842499,0.39805599021650434,0.0013240217478623563,98.0
1,nominal,54,0.5,200,0.9790796052549059,0.973849506568632,7.184902551206991e-05,0.983994509842499,0.39805599021650434,0.0013240217478623563,98.0
1,nominal,54,0.75,200,0.9714891184107298,0.9643613980134121,0.00015097546814076768,0.983994509842499,0.39805599021650434,0.0013240217478623563,98.0
1,nominal,54,1.0,200,0.9585550700739877,0.9481938375924844,0.0003826985933404324,0.983994509842499,0.39805599021650434,0.0013240217478623563,98.0
1,nominal,54,1.25,200,0.9437475657707012,0.9296844572133763,0.0006867965423099924,0.983994509842499,0.39805599021650434,0.0013240217478623563,98.0
1,nominal,54,1.5,200,0.9254309764201385,0.9067887205251728,0.0012959820319942902,0.983994509842499,0.39805599021650434,0.0013240217478623563,98.0
1,nominal,54,2.0,200,0.8833059711933802,0.8541324639917253,0.0030285705736118862,0.983994509842499,0.39805599021650434,0.0013240217478623563,98.0
1,nominal,54,2.5,200,0.8314650019106221,0.7893312523882778,0.004862175287607913,0.983994509842499,0.39805599021650434,0.0013240217478623563,98.0
1,nominal,54,3.0,200,0.7688692350313828,0.7110865437892286,0.009895670634532899,0.983994509842499,0.39805599021650434,0.0013240217478623563,98.0
1,nominal,54,3.5,200,0.705275728063691,0.6315946600796137,0.013026471170568939,0.983994509842499,0.39805599021650434,0.0013240217478623563,98.0
1,nominal,55,0.1,200,0.9886406835491993,0.9858008544364992,1.8088206029537393e-06,0.9860406041434079,0.38600729988409016,0.0013322488519411037,100.0
1,nominal,55,0.25,200,0.9871582889085897,0.9839478611357371,1.3206563057790214e-05,0.9860406041434079,0.38600729988409016,0.0013322488519411037,100.0
1,nominal,55,0.5,200,0.9806325909781066,0.9757907387226332,5.811440666112504e-05,0.9860406041434079,0.38600729988409016,0.0013322488519411037,100.0
1,nominal,55,0.75,200,0.972748363249539,0.9659354540619235,0.00013988241639847364,0.9860406041434079,0.38600729988409016,0.0013322488519411037,100.0
1,nominal,55,1.0,200,0.9588106732205397,0.9485133415256748,0.00035381896895410157,0.9860406041434079,0.38600729988409016,0.0013322488519411037,100.0
1,nominal,55,1.25,200,0.9437457137886437,0.9296821422358045,0.0007885515783989039,0.9860406041434079,0.38600729988409016,0.0013322488519411037,100.0
1,nominal,55,1.5,200,0.9241313936679447,0.9051642420849307,0.001270545256100562,0.9860406041434079,0.38600729988409016,0.0013322488519411037,100.0
1,nominal,55,2.0,200,0.8818224957627794,0.852278119703474,0.0029928807640034515,0.9860406041434079,0.38600729988409016,0.0013322488519411037,100.0
1,nominal,55,2.5,200,0.8285859516215116,0.7857324395268894,0.0052033637951929765,0.9860406041434079,0.38600729988409016,0.0013322488519411037,100.0
1,nominal,55,3.0,200,0.7689847141049163,0.7112308926311454,0.010473155791707116,0.9860406041434079,0.38600729988409016,0.0013322488519411037,100.0
1,nominal,55,3.5,200,0.7043454829948042,0.6304318537435052,0.012268621519108649,0.9860406041434079,0.38600729988409016,0.0013322488519411037,100.0
1,nominal,56,0.1,200,0.988449834892445,0.9855622936155561,1.877312009904329e-06,0.985789148120739,0.3866955687769683,0.0013175156703936317,100.0
1,nominal,56,0.25,200,0.9869504879754851,0.9836881099693562,1.3686009157491106e-05,0.985789148120739,0.3866955687769683,0.0013175156703936317,100.0
1,nominal,56,0.5,200,0.980365147355141,0.9754564341939261,5.860224385161108e-05,0.985789148120739,0.3866955687769683,0.0013175156703936317,100.0
1,nominal,56,0.75,200,0.9726748793231024,0.9658435991538777,0.00014260697982720034,0.985789148120739,0.3866955687769683,0.0013175156703936317,100.0
1,nominal,56,1.0,200,0.9585805439958579,0.9482256799948222,0.0003530368664952624,0.985789148120739,0.3866955687769683,0.0013175156703936317,100.0
1,nominal,56,1.25,200,0.9434443967031101,0.9293054958788874,0.0008071683934897284,0.985789148120739,0.3866955687769683,0.0013175156703936317,100.0
1,nominal,56,1.5,200,0.9240090750614254,0.9050113438267815,0.0012702009995137467,0.985789148120739,0.3866955687769683,0.0013175156703936317,100.0
1,nominal,56,2.0,200,0.8820125471670738,0.8525156839588419,0.0029991487759757417,0.985789148120739,0.3866955687769683,0.0013175156703936317,100.0
1,nominal,56,2.5,200,0.8285280999305904,0.7856601249132379,0.005088615407120288,0.985789148120739,0.3866955687769683,0.0013175156703936317,100.0
1,nominal,56,3.0,200,0.769268396078108,0.711585495097635,0.010406976467660155,0.985789148120739,0.3866955687769683,0.0013175156703936317,100.0
1,nominal,56,3.5,200,0.7038120930870978,0.6297651163588722,0.012191519689617887,0.985789148120739,0.3866955687769683,0.0013175156703936317,100.0
1,nominal,57,0.1,200,0.9892753693847394,0.9865942117309242,1.952591832568009e-06,0.9868422923569965,0.3822898060306529,0.0013158198731458117,98.0
1,nominal,57,0.25,200,0.9877346522455795,0.9846683153069745,1.3233054044145429e-05,0.9868422923569965,0.3822898060306529,0.0013158198731458117,98.0
1,nominal,57,0.5,200,0.9813848710989865,0.976731088873733,6.761959337301811e-05,0.9868422923569965,0.3822898060306529,0.0013158198731458117,98.0
1,nominal,57,0.75,200,0.9738978116315778,0.9673722645394721,0.00013441808341198617,0.9868422923569965,0.3822898060306529,0.0013158198731458117,98.0
1,nominal,57,1.0,200,0.9605956356704362,0.9507445445880451,0.00033856267490662444,0.9868422923569965,0.3822898060306529,0.0013158198731458117,98.0
1,nominal,57,1.25,200,0.9455093623103296,0.9318867028879119,0.0006375612445822659,0.9868422923569965,0.3822898060306529,0.0013158198731458117,98.0
1,nominal,57,1.5,200,0.9275710207735319,0.9094637759669146,0.0012278343095053297,0.9868422923569965,0.3822898060306529,0.0013158198731458117,98.0
1,nominal,57,2.0,200,0.8864527633162576,0.8580659541453219,0.0028311801107610314,0.9868422923569965,0.3822898060306529,0.0013158198731458117,98.0
1,nominal,57,2.5,200,0.834582655753179,0.7932283196914738,0.004655458889715115,0.9868422923569965,0.3822898060306529,0.0013158198731458117,98.0
1,nominal,57,3.0,200,0.7716194309023421,0.7145242886279277,0.009559049415162972,0.9868422923569965,0.3822898060306529,0.0013158198731458117,98.0
1,nominal,57,3.5,200,0.7062211609633939,0.6327764512042424,0.013018511707406923,0.9868422923569965,0.3822898060306529,0.0013158198731458117,98.0
1,nominal,58,0.1,200,0.9879599767175121,0.9849499708968901,2.156615513377542e-06,0.9851787568928828,0.39945284393772235,0.0012719892819844272,96.0
1,nominal,58,0.25,200,0.986430535018241,0.9830381687728013,1.2361285558684597e-05,0.9851787568928828,0.39945284393772235,0.0012719892819844272,96.0
1,nominal,58,0.5,200,0.9802007076599779,0.9752508845749723,6.71886221726467e-05,0.9851787568928828,0.39945284393772235,0.0012719892819844272,96.0
1,nominal,58,0.75,200,0.9728597262120149,0.9660746577650187,0.00015792060892611052,0.9851787568928828,0.39945284393772235,0.0012719892819844272,96.0
1,nominal,58,1.0,200,0.9591222140134488,0.9489027675168107,0.0003339594432874722,0.9851787568928828,0.39945284393772235,0.0012719892819844272,96.0
1,nominal,58,1.25,200,0.9453528798226712,0.9316910997783391,0.0006120896293388792,0.9851787568928828,0.39945284393772235,0.0012719892819844272,96.0
1,nominal,58,1.5,200,0.9259787182594801,0.9074733978243501,0.0013315646645539172,0.9851787568928828,0.39945284393772235,0.0012719892819844272,96.0
1,nominal,58,2.0,200,0.8850255977447496,0.856281997180937,0.0026104337883910344,0.9851787568928828,0.39945284393772235,0.0012719892819844272,96.0
1,nominal,58,2.5,200,0.8319387302248673,0.789923412781084,0.005043189447916778,0.9851787568928828,0.39945284393772235,0.0012719892819844272,96.0
1,nominal,58,3.0,200,0.776843294058306,0.7210541175728824,0.009303262418654671,0.9851787568928828,0.39945284393772235,0.0012719892819844272,96.0
1,nominal,58,3.5,200,0.7151629616540057,0.6439537020675072,0.010490337406357493,0.9851787568928828,0.39945284393772235,0.0012719892819844272,96.0
1,nominal,59,0.1,200,0.9899720145918581,0.9874650182398227,1.6626929692928422e-06,0.9877301753488428,0.37865100993216977,0.001240520012151149,96.0
1,nominal,59,0.25,200,0.9884853088832082,0.9856066361040101,9.638472237307579e-06,0.9877301753488428,0.37865100993216977,0.001240520012151149,96.0
1,nominal,59,0.5,200,0.9824570207250732,0.9780712759063412,5.61214614795777e-05,0.9877301753488428,0.37865100993216977,0.001240520012151149,96.0
1,nominal,59,0.75,200,0.9750128033696117,0.9687660042120146,0.00013245198994559832,0.9877301753488428,0.37865100993216977,0.001240520012151149,96.0
1,nominal,59,1.0,200,0.9612488162660885,0.9515610203326105,0.0002735700629234913,0.9877301753488428,0.37865100993216977,0.001240520012151149,96.0
1,nominal,59,1.25,200,0.9473471362164276,0.9341839202705343,0.0005636072485301986,0.9877301753488428,0.37865100993216977,0.001240520012151149,96.0
1,nominal,59,1.5,200,0.927860990920899,0.9098262386511238,0.001253637961505598,0.9877301753488428,0.37865100993216977,0.001240520012151149,96.0
1,nominal,59,2.0,200,0.8882136618260834,0.8602670772826041,0.002387489895715158,0.9877301753488428,0.37865100993216977,0.001240520012151149,96.0
1,nominal,59,2.5,200,0.8345355967989424,0.7931694959986779,0.004787267765138447,0.9877301753488428,0.37865100993216977,0.001240520012151149,96.0
1,nominal,59,3.0,200,0.7788088342247408,0.723511042780926,0.008978416561512987,0.9877301753488428,0.37865100993216977,0.001240520012151149,96.0
1,nominal,59,3.5,200,0.7167654695558905,0.6459568369448632,0.010282585179727424,0.9877301753488428,0.37865100993216977,0.001240520012151149,96.0
1,nominal,60,0.1,200,0.9875304683390134,0.9844130854237667,2.2533854681541677e-06,0.9846226125093731,0.38111490917817537,0.001298690020564799,98.0
1,nominal,60,0.25,200,0.9859979852774526,0.9824974815968156,1.3887627930530056e-05,0.9846226125093731,0.38111490917817537,0.001298690020564799,98.0
1,nominal,60,0.5,200,0.9795652938063015,0.9744566172578766,7.338448273052495e-05,0.9846226125093731,0.38111490917817537,0.001298690020564799,98.0
1,nominal,60,0.75,200,0.9719373569630307,0.964921696203788,0.0001515363813910363,0.9846226125093731,0.38111490917817537,0.001298690020564799,98.0
1,nominal,60,1.0,200,0.9591235643409451,0.9489044554261814,0.0003529916127557306,0.9846226125093731,0.38111490917817537,0.001298690020564799,98.0
1,nominal,60,1.25,200,0.94352750119028,0.9294093764878498,0.0006828698179995959,0.9846226125093731,0.38111490917817537,0.001298690020564799,98.0
1,nominal,60,1.5,200,0.9255490026493387,0.9069362533116735,0.0013057880006108783,0.9846226125093731,0.38111490917817537,0.001298690020564799,98.0
1,nominal,60,2.0,200,0.8846717991794133,0.8558397489742664,0.0029603274051495728,0.9846226125093731,0.38111490917817537,0.001298690020564799,98.0
1,nominal,60,2.5,200,0.8323185893145543,0.7903982366431928,0.004841784465133323,0.9846226125093731,0.38111490917817537,0.001298690020564799,98.0
1,nominal,60,3.0,200,0.769978831325939,0.7124735391574236,0.009788649092626795,0.9846226125093731,0.38111490917817537,0.001298690020564799,98.0
1,nominal,60,3.5,200,0.7048834676463612,0.6311043345579515,0.013228490455154404,0.9846226125093731,0.38111490917817537,0.001298690020564799,98.0
1,nominal,61,0.1,200,0.9873251252467243,0.9841564065584052,2.033581832490637e-06,0.9843649690349892,0.39122681255071157,0.0013625850764990152,100.0
1,nominal,61,0.25,200,0.9857892649279608,0.982236581159951,1.4202486470850216e-05,0.9843649690349892,0.39122681255071157,0.0013625850764990152,100.0
1,nominal,61,0.5,200,0.9791638107500398,0.9739547634375494,6.166286777649039e-05,0.9843649690349892,0.39122681255071157,0.0013625850764990152,100.0
1,nominal,61,0.75,200,0.9713514317152886,0.9641892896441107,0.0001530241215901992,0.9843649690349892,0.39122681255071157,0.0013625850764990152,100.0
1,nominal,61,1.0,200,0.9570832124856588,0.9463540156070732,0.0003715034711402669,0.9843649690349892,0.39122681255071157,0.0013625850764990152,100.0
1,nominal,61,1.25,200,0.9421795294291242,0.9277244117864051,0.0008315926525143128,0.9843649690349892,0.39122681255071157,0.0013625850764990152,100.0
1,nominal,61,1.5,200,0.9226973231330625,0.9033716539163279,0.0013019155920395908,0.9843649690349892,0.39122681255071157,0.0013625850764990152,100.0
1,nominal,61,2.0,200,0.8798568553739721,0.8498210692174649,0.0030761337859485888,0.9843649690349892,0.39122681255071157,0.0013625850764990152,100.0
1,nominal,61,2.5,200,0.8266455570691378,0.7833069463364223,0.005158338719307198,0.9843649690349892,0.39122681255071157,0.0013625850764990152,100.0
1,nominal,61,3.0,200,0.7676544052457562,0.7095680065571953,0.010633542998968513,0.9843649690349892,0.39122681255071157,0.0013625850764990152,100.0
1,nominal,61,3.5,200,0.7022693388280792,0.6278366735350989,0.01242670122884817,0.9843649690349892,0.39122681255071157,0.0013625850764990152,100.0
1,nominal,62,0.1,200,0.9869550764504362,0.9836938455630453,2.3942891321463826e-06,0.9839306019874905,0.3908997342829804,0.0013767571545983562,102.0
1,nominal,62,0.25,200,0.9854712959188907,0.9818391198986134,1.4043668668706743e-05,0.9839306019874905,0.3908997342829804,0.0013767571545983562,102.0
1,nominal,62,0.5,200,0.9786662062886093,0.9733327578607617,7.015553742139219e-05,0.9839306019874905,0.3908997342829804,0.0013767571545983562,102.0
1,nominal,62,0.75,200,0.9707330190538586,0.9634162738173231,0.00016727158407693114,0.9839306019874905,0.3908997342829804,0.0013767571545983562,102.0
1,nominal,62,1.0,200,0.958082815897809,0.947603519872261,0.00039705783990452964,0.9839306019874905,0.3908997342829804,0.0013767571545983562,102.0
1,nominal,62,1.25,200,0.9423305741975574,0.9279132177469468,0.0007403810445157649,0.9839306019874905,0.3908997342829804,0.0013767571545983562,102.0
1,nominal,62,1.5,200,0.9230665574484661,0.9038331968105824,0.0016767801158653673,0.9839306019874905,0.3908997342829804,0.0013767571545983562,102.0
1,nominal,62,2.0,200,0.8781140338292284,0.8476425422865352,0.002930035288069744,0.9839306019874905,0.3908997342829804,0.0013767571545983562,102.0
1,nominal,62,2.5,200,0.8207409213954187,0.7759261517442733,0.005559274288647973,0.9839306019874905,0.3908997342829804,0.0013767571545983562,102.0
1,nominal,62,3.0,200,0.7593217661520413,0.6991522076900515,0.009808233327606284,0.9839306019874905,0.3908997342829804,0.0013767571545983562,102.0
1,nominal,62,3.5,200,0.6944201621630909,0.6180252027038634,0.011954936059735974,0.9839306019874905,0.3908997342829804,0.0013767571545983562,102.0
1,nominal,63,0.1,200,0.9881366292158256,0.9851707865197815,2.1431597167022624e-06,0.9853978884286607,0.38605626579869196,0.0012904028357083718,98.0
1,nominal,63,0.25,200,0.9866153133378784,0.9832691416723479,1.2877236111329226e-05,0.9853978884286607,0.38605626579869196,0.0012904028357083718,98.0
1,nominal,63,0.5,200,0.9802437531878149,0.9753046914847687,6.954476645868498e-05,0.9853978884286607,0.38605626579869196,0.0012904028357083718,98.0
1,nominal,63,0.75,200,0.9725587357093194,0.9656984196366488,0.00014435348616602216,0.9853978884286607,0.38605626579869196,0.0012904028357083718,98.0
1,nominal,63,1.0,200,0.959750896675196,0.9496886208439951,0.00035196156013601486,0.9853978884286607,0.38605626579869196,0.0012904028357083718,98.0
1,nominal,63,1.25,200,0.9444265073019988,0.9305331341274987,0.000667684959385621,0.9853978884286607,0.38605626579869196,0.0012904028357083718,98.0
1,nominal,63,1.5,200,0.9260643107517137,0.9075803884396421,0.0012853146897883983,0.9853978884286607,0.38605626579869196,0.0012904028357083718,98.0
1,nominal,63,2.0,200,0.8852136167934369,0.8565170209917962,0.0029619317391491717,0.9853978884286607,0.38605626579869196,0.0012904028357083718,98.0
1,nominal,63,2.5,200,0.8326898222436944,0.7908622778046178,0.004839949839570342,0.9853978884286607,0.38605626579869196,0.0012904028357083718,98.0
1,nominal,63,3.0,200,0.7698545973675376,0.7123182467094219,0.009843513843521286,0.9853978884286607,0.38605626579869196,0.0012904028357083718,98.0
1,nominal,63,3.5,200,0.7053097084655675,0.6316371355819592,0.013181793729634173,0.9853978884286607,0.38605626579869196,0.0012904028357083718,98.0
1,nominal,64,0.1,200,0.9885309906862686,0.9856637383578358,2.0173957209395722e-06,0.98590063365727,0.388298997697755,0.0012953109798795365,96.0
1,nominal,64,0.25,200,0.9870413450575337,0.9838016813219171,1.1294607530252015e-05,0.98590063365727,0.388298997697755,0.0012953109798795365,96.0
1,nominal,64,0.5,200,0.9808741950712273,0.9760927438390341,6.222154586897442e-05,0.98590063365727,0.388298997697755,0.0012953109798795365,96.0
1,nominal,64,0.75,200,0.9734244421044637,0.9667805526305793,0.000151189092404366,0.98590063365727,0.388298997697755,0.0012953109798795365,96.0
1,nominal,64,1.0,200,0.9600357742627333,0.9500447178284166,0.00031816526537324294,0.98590063365727,0.388298997697755,0.0012953109798795365,96.0
1,nominal,64,1.25,200,0.9458888000733774,0.932361000091722,0.0006274106571405045,0.98590063365727,0.388298997697755,0.0012953109798795365,96.0
1,nominal,64,1.5,200,0.9262910964701208,0.9078638705876508,0.001330415159975665,0.98590063365727,0.388298997697755,0.0012953109798795365,96.0
1,nominal,64,2.0,200,0.8863657055680392,0.8579571319600486,0.002603232940293879,0.98590063365727,0.388298997697755,0.0012953109798795365,96.0
1,nominal,64,2.5,200,0.8324582801046763,0.7905728501308453,0.005050511769841949,0.98590063365727,0.388298997697755,0.0012953109798795365,96.0
1,nominal,64,3.0,200,0.7767951348716408,0.720993918589551,0.009191196311458283,0.98590063365727,0.388298997697755,0.0012953109798795365,96.0
1,nominal,64,3.5,200,0.7158756288903357,0.6448445361129197,0.010527525365614803,0.98590063365727,0.388298997697755,0.0012953109798795365,96.0
1,nominal,65,0.1,200,0.9883302732892361,0.9854128416115452,2.077659544182332e-06,0.9856483047588949,0.3996830899421883,0.0013532074501352862,96.0
1,nominal,65,0.25,200,0.986826418554006,0.9835330231925073,1.17243405696534e-05,0.9856483047588949,0.3996830899421883,0.0013532074501352862,96.0
1,nominal,65,0.5,200,0.9806305345209707,0.9757881681512133,6.493808198376114e-05,0.9856483047588949,0.3996830899421883,0.0013532074501352862,96.0
1,nominal,65,0.75,200,0.9732739251990353,0.9665924064987941,0.00015581551997843765,0.9856483047588949,0.3996830899421883,0.0013532074501352862,96.0
1,nominal,65,1.0,200,0.9596862319617699,0.9496077899522122,0.00032805844446398726,0.9856483047588949,0.3996830899421883,0.0013532074501352862,96.0
1,nominal,65,1.25,200,0.9457039643040691,0.9321299553800861,0.0006209934232601302,0.9856483047588949,0.3996830899421883,0.0013532074501352862,96.0
1,nominal,65,1.5,200,0.926245569260572,0.9078069615757148,0.00134252664288486,0.9856483047588949,0.3996830899421883,0.0013532074501352862,96.0
1,nominal,65,2.0,200,0.8860212470391109,0.8575265587988885,0.0026013013614881,0.9856483047588949,0.3996830899421883,0.0013532074501352862,96.0
1,nominal,65,2.5,200,0.832402144718645,0.7905026808983058,0.005042178303164615,0.9856483047588949,0.3996830899421883,0.0013532074501352862,96.0
1,nominal,65,3.0,200,0.7769099404255331,0.7211374255319162,0.00926209681481768,0.9856483047588949,0.3996830899421883,0.0013532074501352862,96.0
1,nominal,65,3.5,200,0.7155528363959351,0.644441045494919,0.010500042900352634,0.9856483047588949,0.3996830899421883,0.0013532074501352862,96.0
1,nominal,66,0.1,200,0.9877123995701397,0.9846404994626745,1.9657238613952693e-06,0.9848668220196013,0.38674478126033035,0.0014098507675167282,100.0
1,nominal,66,0.25,200,0.9862009270448047,0.9827511588060056,1.5264061851438283e-05,0.9848668220196013,0.38674478126033035,0.0014098507675167282,100.0
1,nominal,66,0.5,200,0.9796352940615933,0.9745441175769913,6.053942278367745e-05,0.9848668220196013,0.38674478126033035,0.0014098507675167282,100.0
1,nominal,66,0.75,200,0.971856721221861,0.9648209015273262,0.00015200245688698602,0.9848668220196013,0.38674478126033035,0.0014098507675167282,100.0
1,nominal,66,1.0,200,0.9577488739135245,0.9471860923919055,0.0003641367781741034,0.9848668220196013,0.38674478126033035,0.0014098507675167282,100.0
1,nominal,66,1.25,200,0.9430546622372322,0.9288183277965405,0.0008193060744398822,0.9848668220196013,0.38674478126033035,0.0014098507675167282,100.0
1,nominal,66,1.5,200,0.9236910151076476,0.9046137688845596,0.0013023626498989145,0.9848668220196013,0.38674478126033035,0.0014098507675167282,100.0
1,nominal,66,2.0,200,0.8810006055258172,0.8512507569072716,0.0030807959010676978,0.9848668220196013,0.38674478126033035,0.0014098507675167282,100.0
1,nominal,66,2.5,200,0.8282200718426442,0.7852750898033054,0.00513041797097991,0.9848668220196013,0.38674478126033035,0.0014098507675167282,100.0
1,nominal,66,3.0,200,0.7691758056402929,0.711469757050366,0.010577380000197008,0.9848668220196013,0.38674478126033035,0.0014098507675167282,100.0
1,nominal,66,3.5,200,0.703610467299927,0.6295130841249085,0.012152773294123115,0.9848668220196013,0.38674478126033035,0.0014098507675167282,100.0
1,nominal,67,0.1,200,0.9883355166141409,0.985419395767676,1.9481388896849375e-06,0.985654853939332,0.38470987580264643,0.0013806894887324894,98.0
1,nominal,67,0.25,200,0.9867902527711885,0.9834878159639855,1.354770306774024e-05,0.985654853939332,0.38470987580264643,0.0013806894887324894,98.0
1,nominal,67,0.5,200,0.9805025116688149,0.9756281395860185,6.672314955552262e-05,0.985654853939332,0.38470987580264643,0.0013806894887324894,98.0
1,nominal,67,0.75,200,0.972825713329781,0.9660321416622264,0.0001390014525094094,0.985654853939332,0.38470987580264643,0.0013806894887324894,98.0
1,nominal,67,1.0,200,0.9598641761951214,0.9498302202439018,0.0003312801880337728,0.985654853939332,0.38470987580264643,0.0013806894887324894,98.0
1,nominal,67,1.25,200,0.9444328602282216,0.9305410752852771,0.0006331922082370871,0.985654853939332,0.38470987580264643,0.0013806894887324894,98.0
1,nominal,67,1.5,200,0.9267932109396124,0.9084915136745153,0.0012562277987661012,0.985654853939332,0.38470987580264643,0.0013806894887324894,98.0
1,nominal,67,2.0,200,0.8851401236630295,0.8564251545787869,0.0029436760662817276,0.985654853939332,0.38470987580264643,0.0013806894887324894,98.0
1,nominal,67,2.5,200,0.8335353610018565,0.7919192012523206,0.004660225430167161,0.985654853939332,0.38470987580264643,0.0013806894887324894,98.0
1,nominal,67,3.0,200,0.770841447761903,0.7135518097023785,0.009792094639634714,0.985654853939332,0.38470987580264643,0.0013806894887324894,98.0
1,nominal,67,3.5,200,0.7057352868496674,0.6321691085620842,0.01301666708258993,0.985654853939332,0.38470987580264643,0.0013806894887324894,98.0
1,nominal,68,0.1,200,0.9868652403839093,0.9835815504798865,2.2821895824265116e-06,0.9838458787989596,0.39502515811098293,0.001468562205076237,104.0
1,nominal,68,0.25,200,0.9854136601976109,0.9817670752470136,1.4832424435933265e-05,0.9838458787989596,0.39502515811098293,0.001468562205076237,104.0
1,nominal,68,0.5,200,0.9787086938424633,0.9733858673030792,5.704260896884992e-05,0.9838458787989596,0.39502515811098293,0.001468562205076237,104.0
1,nominal,68,0.75,200,0.9691742464439888,0.9614678080549862,0.00018290285948722692,0.9838458787989596,0.39502515811098293,0.001468562205076237,104.0
1,nominal,68,1.0,200,0.9557684022823111,0.9447105028528889,0.0003944538562689749,0.9838458787989596,0.39502515811098293,0.001468562205076237,104.0
1,nominal,68,1.25,200,0.9416857880023373,0.9271072350029216,0.0007261073581931282,0.9838458787989596,0.39502515811098293,0.001468562205076237,104.0
1,nominal,68,1.5,200,0.9206710619602441,0.900838827450305,0.0015025502296578052,0.9838458787989596,0.39502515811098293,0.001468562205076237,104.0
1,nominal,68,2.0,200,0.8735745017046668,0.8419681271308338,0.0034208032663513095,0.9838458787989596,0.39502515811098293,0.001468562205076237,104.0
1,nominal,68,2.5,200,0.8227354816160141,0.7784193520200173,0.004738970961515203,0.9838458787989596,0.39502515811098293,0.001468562205076237,104.0
1,nominal,68,3.0,200,0.7603242920014206,0.7004053650017759,0.010833568304580163,0.9838458787989596,0.39502515811098293,0.001468562205076237,104.0
1,nominal,68,3.5,200,0.6962254323716183,0.6202817904645228,0.011421956848911981,0.9838458787989596,0.39502515811098293,0.001468562205076237,104.0
1,nominal,69,0.1,200,0.9872868327456594,0.984108540932074,1.7456020303336137e-06,0.9843607218633367,0.39156168095834165,0.0014223826823368101,102.0
1,nominal,69,0.25,200,0.9856295207931538,0.9820369009914421,1.2839698861772298e-05,0.9843607218633367,0.39156168095834165,0.0014223826823368101,102.0
1,nominal,69,0.5,200,0.9792166921191271,0.9740208651489088,6.002801710280823e-05,0.9843607218633367,0.39156168095834165,0.0014223826823368101,102.0
1,nominal,69,0.75,200,0.9711419914708899,0.9639274893386124,0.00014143727554915447,0.9843607218633367,0.39156168095834165,0.0014223826823368101,102.0
1,nominal,69,1.0,200,0.9582509632691942,0.9478137040864926,0.0003372922338091904,0.9843607218633367,0.39156168095834165,0.0014223826823368101,102.0
1,nominal,69,1.25,200,0.9430873662883278,0.9288592078604097,0.0006661060489349618,0.9843607218633367,0.39156168095834165,0.0014223826823368101,102.0
1,nominal,69,1.5,200,0.9233978044444666,0.9042472555555829,0.0015689081236014148,0.9843607218633367,0.39156168095834165,0.0014223826823368101,102.0
1,nominal,69,2.0,200,0.8774961365845346,0.8468701707306684,0.002842310856488981,0.9843607218633367,0.39156168095834165,0.0014223826823368101,102.0
1,nominal,69,2.5,200,0.8218756125764095,0.7773445157205117,0.005199393157532635,0.9843607218633367,0.39156168095834165,0.0014223826823368101,102.0
1,nominal,69,3.0,200,0.7601504661777256,0.7001880827221569,0.009821381755698142,0.9843607218633367,0.39156168095834165,0.0014223826823368101,102.0
1,nominal,69,3.5,200,0.6967045075355139,0.6208806344193922,0.011670813044709684,0.9843607218633367,0.39156168095834165,0.0014223826823368101,102.0
1,nominal,70,0.1,200,0.9861087891733057,0.9826359864666321,1.9185019832871145e-06,0.9828733415186773,0.39475902100902704,0.0014033600988542332,100.0
1,nominal,70,0.25,200,0.9845591791440184,0.9806989739300229,1.4574496662266355e-05,0.9828733415186773,0.39475902100902704,0.0014033600988542332,100.0
1,nominal,70,0.5,200,0.9780849732546142,0.9726062165682674,5.8485665590965115e-05,0.9828733415186773,0.39475902100902704,0.0014033600988542332,100.0
1,nominal,70,0.75,200,0.9700446014461304,0.9625557518076628,0.00015241082107410095,0.9828733415186773,0.39475902100902704,0.0014033600988542332,100.0
1,nominal,70,1.0,200,0.9558554363405117,0.9448192954256396,0.0003541111686467211,0.9828733415186773,0.39475902100902704,0.0014033600988542332,100.0
1,nominal,70,1.25,200,0.9412409153483932,0.9265511441854914,0.0007837559022223812,0.9828733415186773,0.39475902100902704,0.0014033600988542332,100.0
1,nominal,70,1.5,200,0.9219328475716058,0.9024160594645072,0.0012983654082807286,0.9828733415186773,0.39475902100902704,0.0014033600988542332,100.0
1,nominal,70,2.0,200,0.8791586166558457,0.8489482708198071,0.0031131670800241974,0.9828733415186773,0.39475902100902704,0.0014033600988542332,100.0
1,nominal,70,2.5,200,0.8258760959507193,0.7823451199383991,0.005154953958329464,0.9828733415186773,0.39475902100902704,0.0014033600988542332,100.0
1,nominal,70,3.0,200,0.7669003914215367,0.7086254892769207,0.01070043850574216,0.9828733415186773,0.39475902100902704,0.0014033600988542332,100.0
1,nominal,70,3.5,200,0.7016677060109267,0.6270846325136584,0.012236646649651083,0.9828733415186773,0.39475902100902704,0.0014033600988542332,100.0
1,nominal,71,0.1,200,0.9878717499463626,0.9848396874329532,1.917328996897555e-06,0.985038108516243,0.39211716501167004,0.0013343361181922752,96.0
1,nominal,71,0.25,200,0.9863239129235087,0.9829048911543858,1.1948556646035023e-05,0.985038108516243,0.39211716501167004,0.0013343361181922752,96.0
1,nominal,71,0.5,200,0.9802156044275012,0.9752695055343764,6.004218292373508e-05,0.985038108516243,0.39211716501167004,0.0013343361181922752,96.0
1,nominal,71,0.75,200,0.9723390196891621,0.9654237746114525,0.00014115269624611322,0.985038108516243,0.39211716501167004,0.0013343361181922752,96.0
1,nominal,71,1.0,200,0.9590249938374683,0.9487812422968352,0.0003097662567394996,0.985038108516243,0.39211716501167004,0.0013343361181922752,96.0
1,nominal,71,1.25,200,0.9454326204261563,0.9317907755326954,0.0005811412776202625,0.985038108516243,0.39211716501167004,0.0013343361181922752,96.0
1,nominal,71,1.5,200,0.9257833964420563,0.9072292455525703,0.001279373158011351,0.985038108516243,0.39211716501167004,0.0013343361181922752,96.0
1,nominal,71,2.0,200,0.8836959718352824,0.8546199647941028,0.002759679842797264,0.985038108516243,0.39211716501167004,0.0013343361181922752,96.0
1,nominal,71,2.5,200,0.8314801213305423,0.7893501516631781,0.005121239878154074,0.985038108516243,0.39211716501167004,0.0013343361181922752,96.0
1,nominal,71,3.0,200,0.7760812889017856,0.7201016111272321,0.009464518582301691,0.985038108516243,0.39211716501167004,0.0013343361181922752,96.0
1,nominal,71,3.5,200,0.7150430383015811,0.6438037978769765,0.01046768703970455,0.985038108516243,0.39211716501167004,0.0013343361181922752,96.0
1,nominal,72,0.1,200,0.9875981952052048,0.9844977440065059,2.0188519909362145e-06,0.9846758837944672,0.38504635008414134,0.001301073650050343,96.0
1,nominal,72,0.25,200,0.9860596056357667,0.9825745070447084,1.1904471819179389e-05,0.9846758837944672,0.38504635008414134,0.001301073650050343,96.0
1,nominal,72,0.5,200,0.9798857475394303,0.9748571844242876,6.181930711645676e-05,0.9846758837944672,0.38504635008414134,0.001301073650050343,96.0
1,nominal,72,0.75,200,0.9721165896143638,0.9651457370179544,0.000151309048685621,0.9846758837944672,0.38504635008414134,0.001301073650050343,96.0
1,nominal,72,1.0,200,0.9587724120213736,0.948465515026717,0.0003126372727094541,0.9846758837944672,0.38504635008414134,0.001301073650050343,96.0
1,nominal,72,1.25,200,0.9447568191760873,0.9309460239701086,0.0006366670883582617,0.9846758837944672,0.38504635008414134,0.001301073650050343,96.0
1,nominal,72,1.5,200,0.9250576290541812,0.9063220363177261,0.001319617267125679,0.9846758837944672,0.38504635008414134,0.001301073650050343,96.0
1,nominal,72,2.0,200,0.8839955159360038,0.854994394920005,0.0027955589840654538,0.9846758837944672,0.38504635008414134,0.001301073650050343,96.0
1,nominal,72,2.5,200,0.830543070495391,0.7881788381192387,0.0051865631864503525,0.9846758837944672,0.38504635008414134,0.001301073650050343,96.0
1,nominal,72,3.0,200,0.7752535439638293,0.7190669299547866,0.009422786779587291,0.9846758837944672,0.38504635008414134,0.001301073650050343,96.0
1,nominal,72,3.5,200,0.7141334807984014,0.6426668509980017,0.010581080616010995,0.9846758837944672,0.38504635008414134,0.001301073650050343,96.0
1,nominal,73,0.1,200,0.9877313404719268,0.9846641755899086,2.2898690422037093e-06,0.9848746636467471,0.38475833864098746,0.0012309045653541982,94.0
1,nominal,73,0.25,200,0.9862387066064215,0.982798383258027,1.317072313213938e-05,0.9848746636467471,0.38475833864098746,0.0012309045653541982,94.0
1,nominal,73,0.5,200,0.9800968647908164,0.9751210809885206,5.764227021546853e-05,0.9848746636467471,0.38475833864098746,0.0012309045653541982,94.0
1,nominal,73,0.75,200,0.9732735694395637,0.9665919617994544,0.0001414720782998257,0.9848746636467471,0.38475833864098746,0.0012309045653541982,94.0
1,nominal,73,1.0,200,0.9602380365416375,0.9502975456770467,0.0002904325268471247,0.9848746636467471,0.38475833864098746,0.0012309045653541982,94.0
1,nominal,73,1.25,200,0.9451965454114402,0.9314956817642996,0.0006472433583757949,0.9848746636467471,0.38475833864098746,0.0012309045653541982,94.0
1,nominal,73,1.5,200,0.9282026899608283,0.9102533624510352,0.00124247144496967,0.9848746636467471,0.38475833864098746,0.0012309045653541982,94.0
1,nominal,73,2.0,200,0.8864008071546764,0.8580010089433455,0.003150061471593597,0.9848746636467471,0.38475833864098746,0.0012309045653541982,94.0
1,nominal,73,2.5,200,0.8352626198374757,0.794078274796845,0.004752360513185171,0.9848746636467471,0.38475833864098746,0.0012309045653541982,94.0
1,nominal,73,3.0,200,0.7793504303894219,0.7241880379867771,0.008572665343691308,0.9848746636467471,0.38475833864098746,0.0012309045653541982,94.0
1,nominal,73,3.5,200,0.7177079716699213,0.6471349645874018,0.010523654900287829,0.9848746636467471,0.38475833864098746,0.0012309045653541982,94.0
1,nominal,74,0.1,200,0.9892225771829293,0.9865282214786615,2.036285327591593e-06,0.9867547944516363,0.3881158453843828,0.001237007778633429,94.0
1,nominal,74,0.25,200,0.9877646065388531,0.9847057581735663,1.2030321994906324e-05,0.9867547944516363,0.3881158453843828,0.001237007778633429,94.0
1,nominal,74,0.5,200,0.9816780658684117,0.9770975823355147,5.1187153631922976e-05,0.9867547944516363,0.3881158453843828,0.001237007778633429,94.0
1,nominal,74,0.75,200,0.9747450694606542,0.9684313368258178,0.00012978579290856042,0.9867547944516363,0.3881158453843828,0.001237007778633429,94.0
1,nominal,74,1.0,200,0.9620545605667937,0.9525682007084925,0.00027056934751379695,0.9867547944516363,0.3881158453843828,0.001237007778633429,94.0
1,nominal,74,1.25,200,0.9469170698516124,0.9336463373145151,0.0006148996743713772,0.9867547944516363,0.3881158453843828,0.001237007778633429,94.0
1,nominal,74,1.5,200,0.9295888839650353,0.9119861049562941,0.0011967778769827217,0.9867547944516363,0.3881158453843828,0.001237007778633429,94.0
1,nominal,74,2.0,200,0.8881242506050099,0.8601553132562623,0.003058606436442519,0.9867547944516363,0.3881158453843828,0.001237007778633429,94.0
1,nominal,74,2.5,200,0.8369330793929077,0.7961663492411347,0.00474608092550422,0.9867547944516363,0.3881158453843828,0.001237007778633429,94.0
1,nominal,74,3.0,200,0.7806491233565066,0.725811404195633,0.008521054493604225,0.9867547944516363,0.3881158453843828,0.001237007778633429,94.0
1,nominal,74,3.5,200,0.7193599932205927,0.6491999915257406,0.010419191081240127,0.9867547944516363,0.3881158453843828,0.001237007778633429,94.0
1,nominal,75,0.1,200,0.9882955299028154,0.9853694123785195,2.2438413573810755e-06,0.9856081439657435,0.38482925612037844,0.0012394669851138163,94.0
1,nominal,75,0.25,200,0.9868497244622998,0.9835621555778747,1.3364007496412577e-05,0.9856081439657435,0.38482925612037844,0.0012394669851138163,94.0
1,nominal,75,0.5,200,0.9807478708263097,0.9759348385328869,5.4886865421483854e-05,0.9856081439657435,0.38482925612037844,0.0012394669851138163,94.0
1,nominal,75,0.75,200,0.9738978803639413,0.967372350454927,0.00013852502418129314,0.9856081439657435,0.38482925612037844,0.0012394669851138163,94.0
1,nominal,75,1.0,200,0.9611916137028591,0.9514895171285735,0.00028560980687584433,0.9856081439657435,0.38482925612037844,0.0012394669851138163,94.0
1,nominal,75,1.25,200,0.9461198674451645,0.9326498343064554,0.0006344221167684721,0.9856081439657435,0.38482925612037844,0.0012394669851138163,94.0
1,nominal,75,1.5,200,0.9288513476720319,0.9110641845900399,0.0012352950836661844,0.9856081439657435,0.38482925612037844,0.0012394669851138163,94.0
1,nominal,75,2.0,200,0.8876729944909383,0.8595912431136725,0.003101351279345964,0.9856081439657435,0.38482925612037844,0.0012394669851138163,94.0
1,nominal,75,2.5,200,0.8366973405028637,0.7958716756285794,0.004800414090202256,0.9856081439657435,0.38482925612037844,0.0012394669851138163,94.0
1,nominal,75,3.0,200,0.780570980841711,0.7257137260521386,0.008586985887539247,0.9856081439657435,0.38482925612037844,0.0012394669851138163,94.0
1,nominal,75,3.5,200,0.719585690847593,0.6494821135594913,0.01047198427528052,0.9856081439657435,0.38482925612037844,0.0012394669851138163,94.0
1,nominal,76,0.1,200,0.9871079722577122,0.9838849653221401,2.2235443620581015e-06,0.9841065115185886,0.39314051778551407,0.0013361534480885566,96.0
1,nominal,76,0.25,200,0.9856507978122189,0.9820634972652733,1.3618932723519926e-05,0.9841065115185886,0.39314051778551407,0.0013361534480885566,96.0
1,nominal,76,0.5,200,0.9795537829728943,0.9744422287161177,6.793942333610822e-05,0.9841065115185886,0.39314051778551407,0.0013361534480885566,96.0
1,nominal,76,0.75,200,0.9719457855272382,0.9649322319090475,0.00015400243268995508,0.9841065115185886,0.39314051778551407,0.0013361534480885566,96.0
1,nominal,76,1.0,200,0.9587325669682791,0.9484157087103489,0.0003291499880746666,0.9841065115185886,0.39314051778551407,0.0013361534480885566,96.0
1,nominal,76,1.25,200,0.9447036703463942,0.9308795879329927,0.0006627695853619882,0.9841065115185886,0.39314051778551407,0.0013361534480885566,96.0
1,nominal,76,1.5,200,0.9252213718518156,0.9065267148147695,0.0013636545919777515,0.9841065115185886,0.39314051778551407,0.0013361534480885566,96.0
1,nominal,76,2.0,200,0.8854084885528781,0.8567606106910977,0.002690341737488303,0.9841065115185886,0.39314051778551407,0.0013361534480885566,96.0
1,nominal,76,2.5,200,0.8323552007341206,0.7904440009176507,0.005258986427078956,0.9841065115185886,0.39314051778551407,0.0013361534480885566,96.0
1,nominal,76,3.0,200,0.7770272683147921,0.7212840853934901,0.009301947246495145,0.9841065115185886,0.39314051778551407,0.0013361534480885566,96.0
1,nominal,76,3.5,200,0.7164473315514344,0.6455591644392927,0.010567535529453342,0.9841065115185886,0.39314051778551407,0.0013361534480885566,96.0
1,nominal,77,0.1,200,0.9870895242640721,0.98386190533009,2.2617277089527554e-06,0.9840667408316929,0.39373570470676456,0.001328356557427571,96.0
1,nominal,77,0.25,200,0.9855907678894525,0.9819884598618154,1.322327525661825e-05,0.9840667408316929,0.39373570470676456,0.001328356557427571,96.0
1,nominal,77,0.5,200,0.979411433716657,0.974264292145821,6.911621285526905e-05,0.9840667408316929,0.39373570470676456,0.001328356557427571,96.0
1,nominal,77,0.75,200,0.9718426969427496,0.9648033711784368,0.0001615169899417139,0.9840667408316929,0.39373570470676456,0.001328356557427571,96.0
1,nominal,77,1.0,200,0.9584048876265829,0.9480061095332286,0.00033194836720053564,0.9840667408316929,0.39373570470676456,0.001328356557427571,96.0
1,nominal,77,1.25,200,0.9444207390905384,0.9305259238631727,0.0006598825504725966,0.9840667408316929,0.39373570470676456,0.001328356557427571,96.0
1,nominal,77,1.5,200,0.9249416511879052,0.9061770639848814,0.001375366772745749,0.9840667408316929,0.39373570470676456,0.001328356557427571,96.0
1,nominal,77,2.0,200,0.8846676828631408,0.8558346035789259,0.0027354086937048903,0.9840667408316929,0.39373570470676456,0.001328356557427571,96.0
1,nominal,77,2.5,200,0.8311652804571761,0.7889566005714701,0.0052119355061666294,0.9840667408316929,0.39373570470676456,0.001328356557427571,96.0
1,nominal,77,3.0,200,0.7760567993814256,0.7200709992267821,0.009375273194127946,0.9840667408316929,0.39373570470676456,0.001328356557427571,96.0
1,nominal,77,3.5,200,0.7148246251939765,0.6435307814924706,0.010514771947884208,0.9840667408316929,0.39373570470676456,0.001328356557427571,96.0
1,nominal,78,0.1,200,0.9890870031826037,0.9863587539782547,2.039070001820734e-06,0.9865784382782253,0.39406313869878484,0.0012969634357156065,94.0
1,nominal,78,0.25,200,0.9875863704281023,0.9844829630351276,1.1879486994999756e-05,0.9865784382782253,0.39406313869878484,0.0012969634357156065,94.0
1,nominal,78,0.5,200,0.981477764475798,0.9768472055947476,5.39076568573351e-05,0.9865784382782253,0.39406313869878484,0.0012969634357156065,94.0
1,nominal,78,0.75,200,0.974572494026527,0.9682156175331589,0.00013036018340031172,0.9865784382782253,0.39406313869878484,0.0012969634357156065,94.0
1,nominal,78,1.0,200,0.9614127073838787,0.9517658842298485,0.0002757725481616501,0.9865784382782253,0.39406313869878484,0.0012969634357156065,94.0
1,nominal,78,1.25,200,0.9467181594877592,0.9333976993596989,0.0006128652496310654,0.9865784382782253,0.39406313869878484,0.0012969634357156065,94.0
1,nominal,78,1.5,200,0.9295894878758241,0.9119868598447803,0.0012043681134622966,0.9865784382782253,0.39406313869878484,0.0012969634357156065,94.0
1,nominal,78,2.0,200,0.8872262573153045,0.8590328216441308,0.0031090805294029444,0.9865784382782253,0.39406313869878484,0.0012969634357156065,94.0
1,nominal,78,2.5,200,0.8362628146979404,0.7953285183724254,0.0046751222295707065,0.9865784382782253,0.39406313869878484,0.0012969634357156065,94.0
1,nominal,78,3.0,200,0.7800810656510666,0.7251013320638333,0.00848869057708641,0.9865784382782253,0.39406313869878484,0.0012969634357156065,94.0
1,nominal,78,3.5,200,0.7187096222075549,0.6483870277594435,0.010453201784485439,0.9865784382782253,0.39406313869878484,0.0012969634357156065,94.0
1,nominal,79,0.1,200,0.9903010350244581,0.9878762937805723,1.8542562999153501e-06,0.9881385083024122,0.3814415360105213,0.00127646836337501,94.0
1,nominal,79,0.25,200,0.9887728689511569,0.9859660861889463,1.0870447540488334e-05,0.9881385083024122,0.3814415360105213,0.00127646836337501,94.0
1,nominal,79,0.5,200,0.9827555294054986,0.9784444117568731,4.875478389192989e-05,0.9881385083024122,0.3814415360105213,0.00127646836337501,94.0
1,nominal,79,0.75,200,0.9758861507538987,0.969857688442373,0.00012242316359211433,0.9881385083024122,0.3814415360105213,0.00127646836337501,94.0
1,nominal,79,1.0,200,0.9626591923972292,0.9533239904965365,0.0002587138860738648,0.9881385083024122,0.3814415360105213,0.00127646836337501,94.0
1,nominal,79,1.25,200,0.9478497216736117,0.9348121520920148,0.0005705537020556299,0.9881385083024122,0.3814415360105213,0.00127646836337501,94.0
1,nominal,79,1.5,200,0.9308937408770324,0.9136171760962901,0.0011750945392266425,0.9881385083024122,0.3814415360105213,0.00127646836337501,94.0
1,nominal,79,2.0,200,0.8889390053548422,0.8611737566935528,0.002991106732037373,0.9881385083024122,0.3814415360105213,0.00127646836337501,94.0
1,nominal,79,2.5,200,0.8378353303708423,0.7972941629635528,0.004519619684430405,0.9881385083024122,0.3814415360105213,0.00127646836337501,94.0
1,nominal,79,3.0,200,0.7816746530607823,0.7270933163259778,0.008421224742028671,0.9881385083024122,0.3814415360105213,0.00127646836337501,94.0
1,nominal,79,3.5,200,0.7199537881524529,0.649942235190566,0.010501653451458107,0.9881385083024122,0.3814415360105213,0.00127646836337501,94.0
1,nominal,80,0.1,200,0.9872157844259523,0.9840197305324401,2.1726345939052336e-06,0.984234110231474,0.39635642262845033,0.001305208676465992,96.0
1,nominal,80,0.25,200,0.9857051658015692,0.9821314572519614,1.215671650711839e-05,0.984234110231474,0.39635642262845033,0.001305208676465992,96.0
1,nominal,80,0.5,200,0.9795179742872773,0.9743974678590965,6.805170306344407e-05,0.984234110231474,0.39635642262845033,0.001305208676465992,96.0
1,nominal,80,0.75,200,0.9722185898668706,0.9652732373335882,0.00016303263539969534,0.984234110231474,0.39635642262845033,0.001305208676465992,96.0
1,nominal,80,1.0,200,0.9583844800482599,0.9479806000603245,0.0003302479150343025,0.984234110231474,0.39635642262845033,0.001305208676465992,96.0
1,nominal,80,1.25,200,0.9444142621405176,0.9305178276756467,0.0006421480683396356,0.984234110231474,0.39635642262845033,0.001305208676465992,96.0
1,nominal,80,1.5,200,0.9251706235487327,0.9064632794359159,0.0013666755739974617,0.984234110231474,0.39635642262845033,0.001305208676465992,96.0
1,nominal,80,2.0,200,0.8852932441710831,0.8566165552138539,0.002616039394857954,0.984234110231474,0.39635642262845033,0.001305208676465992,96.0
1,nominal,80,2.5,200,0.8314250883013902,0.7892813603767377,0.005079302186421318,0.984234110231474,0.39635642262845033,0.001305208676465992,96.0
1,nominal,80,3.0,200,0.7764094002820804,0.7205117503526002,0.009268636990146038,0.984234110231474,0.39635642262845033,0.001305208676465992,96.0
1,nominal,80,3.5,200,0.7143829232145253,0.6429786540181565,0.010503632647866705,0.984234110231474,0.39635642262845033,0.001305208676465992,96.0
1,nominal,81,0.1,200,0.9866885758800525,0.9833607198500656,2.240038782474729e-06,0.9835505623400476,0.39488158891571384,0.0013207035461809994,98.0
1,nominal,81,0.25,200,0.9850840965606745,0.9813551207008432,1.3759865007662707e-05,0.9835505623400476,0.39488158891571384,0.0013207035461809994,98.0
1,nominal,81,0.5,200,0.9787455378854233,0.9734319223567792,7.51279798090165e-05,0.9835505623400476,0.39488158891571384,0.0013207035461809994,98.0
1,nominal,81,0.75,200,0.9710553004951464,0.963819125618933,0.0001498764779415932,0.9835505623400476,0.39488158891571384,0.0013207035461809994,98.0
1,nominal,81,1.0,200,0.9579529976866348,0.9474412471082934,0.0003528969503958117,0.9835505623400476,0.39488158891571384,0.0013207035461809994,98.0
1,nominal,81,1.25,200,0.9423259973903395,0.9279074967379242,0.0006839983454158076,0.9835505623400476,0.39488158891571384,0.0013207035461809994,98.0
1,nominal,81,1.5,200,0.9243772418909683,0.9054715523637101,0.0012938434295903995,0.9835505623400476,0.39488158891571384,0.0013207035461809994,98.0
1,nominal,81,2.0,200,0.8836631339891465,0.8545789174864331,0.00300653365555424,0.9835505623400476,0.39488158891571384,0.0013207035461809994,98.0
1,nominal,81,2.5,200,0.8307247017869207,0.7884058772336507,0.004866826143221414,0.9835505623400476,0.39488158891571384,0.0013207035461809994,98.0
1,nominal,81,3.0,200,0.7685531519819333,0.7106914399774166,0.009964144077218438,0.9835505623400476,0.39488158891571384,0.0013207035461809994,98.0
1,nominal,81,3.5,200,0.702759091126564,0.6284488639082049,0.013425192530337462,0.9835505623400476,0.39488158891571384,0.0013207035461809994,98.0
1,nominal,82,0.1,200,0.989395947318487,0.9867449341481085,1.6625645586949026e-06,0.9869591903601161,0.3936996056178982,0.0013387958785273694,96.0
1,nominal,82,0.25,200,0.9878563975844408,0.9848204969805511,9.482515957110714e-06,0.9869591903601161,0.3936996056178982,0.0013387958785273694,96.0
1,nominal,82,0.5,200,0.9817801551047627,0.9772251938809532,5.560009598837596e-05,0.9869591903601161,0.3936996056178982,0.0013387958785273694,96.0
1,nominal,82,0.75,200,0.9742970956282915,0.9678713695353643,0.00013932036258259154,0.9869591903601161,0.3936996056178982,0.0013387958785273694,96.0
1,nominal,82,1.0,200,0.9603727778243407,0.9504659722804258,0.00028494019893367343,0.9869591903601161,0.3936996056178982,0.0013387958785273694,96.0
1,nominal,82,1.25,200,0.9464673702460242,0.9330842128075304,0.0005716005732943982,0.9869591903601161,0.3936996056178982,0.0013387958785273694,96.0
1,nominal,82,1.5,200,0.9271118105263316,0.9088897631579144,0.0012629595604021421,0.9869591903601161,0.3936996056178982,0.0013387958785273694,96.0
1,nominal,82,2.0,200,0.8867248461185341,0.8584060576481676,0.002525436623503105,0.9869591903601161,0.3936996056178982,0.0013387958785273694,96.0
1,nominal,82,2.5,200,0.8327864690446053,0.7909830863057562,0.004861437909180113,0.9869591903601161,0.3936996056178982,0.0013387958785273694,96.0
1,nominal,82,3.0,200,0.7771972426225211,0.7214965532781514,0.009148861179295814,0.9869591903601161,0.3936996056178982,0.0013387958785273694,96.0
1,nominal,82,3.5,200,0.7147002542262608,0.6433753177828261,0.01040771294950089,0.9869591903601161,0.3936996056178982,0.0013387958785273694,96.0
1,nominal,83,0.1,200,0.9882890402135145,0.9853613002668934,1.7626555347425202e-06,0.9855615771254335,0.3912675551478997,0.001301438792563561,96.0
1,nominal,83,0.25,200,0.9867263940161518,0.9834079925201897,9.957993075780693e-06,0.9855615771254335,0.3912675551478997,0.001301438792563561,96.0
1,nominal,83,0.5,200,0.9805914924690677,0.9757393655863348,5.753855498545504e-05,0.9855615771254335,0.3912675551478997,0.001301438792563561,96.0
1,nominal,83,0.75,200,0.9730837890492054,0.966354736311507,0.00014289554304259728,0.9855615771254335,0.3912675551478997,0.001301438792563561,96.0
1,nominal,83,1.0,200,0.9592012231637859,0.9490015289547321,0.00028915113740540424,0.9855615771254335,0.3912675551478997,0.001301438792563561,96.0
1,nominal,83,1.25,200,0.9453370148599881,0.9316712685749851,0.0005823102223610243,0.9855615771254335,0.3912675551478997,0.001301438792563561,96.0
1,nominal,83,1.5,200,0.9258771791282886,0.9073464739103607,0.001285156364679006,0.9855615771254335,0.3912675551478997,0.001301438792563561,96.0
1,nominal,83,2.0,200,0.885214079134864,0.8565175989185798,0.0025725115024438517,0.9855615771254335,0.3912675551478997,0.001301438792563561,96.0
1,nominal,83,2.5,200,0.8314582954210359,0.7893228692762948,0.0049112968941442455,0.9855615771254335,0.3912675551478997,0.001301438792563561,96.0
1,nominal,83,3.0,200,0.7761699088440217,0.720212386055027,0.00926614845854293,0.9855615771254335,0.3912675551478997,0.001301438792563561,96.0
1,nominal,83,3.5,200,0.7136317171243054,0.6420396464053816,0.01041835504731219,0.9855615771254335,0.3912675551478997,0.001301438792563561,96.0
1,nominal,84,0.1,200,0.9892855178272086,0.9866068972840106,1.8866556219975303e-06,0.9868875501313207,0.38208305870939563,0.0012577288259165843,94.0
1,nominal,84,0.25,200,0.9877038529997624,0.9846298162497027,1.0845730022457246e-05,0.9868875501313207,0.38208305870939563,0.0012577288259165843,94.0
1,nominal,84,0.5,200,0.9817955331138073,0.9772444163922591,5.026764851868012e-05,0.9868875501313207,0.38208305870939563,0.0012577288259165843,94.0
1,nominal,84,0.75,200,0.9747046612645978,0.9683808265807469,0.00012527117656631166,0.9868875501313207,0.38208305870939563,0.0012577288259165843,94.0
1,nominal,84,1.0,200,0.9613630824935779,0.9517038531169721,0.00026019030153983264,0.9868875501313207,0.38208305870939563,0.0012577288259165843,94.0
1,nominal,84,1.25,200,0.9467070937439663,0.933383867179958,0.000573619386166166,0.9868875501313207,0.38208305870939563,0.0012577288259165843,94.0
1,nominal,84,1.5,200,0.9298766816971406,0.9123458521214255,0.0012197049049520263,0.9868875501313207,0.38208305870939563,0.0012577288259165843,94.0
1,nominal,84,2.0,200,0.8879998660463955,0.8599998325579941,0.002970049317305742,0.9868875501313207,0.38208305870939563,0.0012577288259165843,94.0
1,nominal,84,2.5,200,0.8370152610952163,0.7962690763690202,0.0044764567084408825,0.9868875501313207,0.38208305870939563,0.0012577288259165843,94.0
1,nominal,84,3.0,200,0.7803906065619949,0.7254882582024936,0.008654825371589929,0.9868875501313207,0.38208305870939563,0.0012577288259165843,94.0
1,nominal,84,3.5,200,0.7187825488101932,0.6484781860127413,0.010704915835441576,0.9868875501313207,0.38208305870939563,0.0012577288259165843,94.0
1,nominal,85,0.1,200,0.987139168712837,0.9839239608910458,2.1706913534869577e-06,0.9841736347513658,0.3955933789592935,0.0012939527635953904,96.0
1,nominal,85,0.25,200,0.9855574984617731,0.9819468730772164,1.2412106877095193e-05,0.9841736347513658,0.3955933789592935,0.0012939527635953904,96.0
1,nominal,85,0.5,200,0.9792964899191188,0.9741206123988982,6.907194117197403e-05,0.9841736347513658,0.3955933789592935,0.0012939527635953904,96.0
1,nominal,85,0.75,200,0.9720343919657246,0.9650429899571554,0.00016229024877904654,0.9841736347513658,0.3955933789592935,0.0012939527635953904,96.0
1,nominal,85,1.0,200,0.9581201344889161,0.9476501681111449,0.00032971474475183143,0.9841736347513658,0.3955933789592935,0.0012939527635953904,96.0
1,nominal,85,1.25,200,0.9445972486074821,0.9307465607593527,0.000589196566171192,0.9841736347513658,0.3955933789592935,0.0012939527635953904,96.0
1,nominal,85,1.5,200,0.9251426159791706,0.9064282699739635,0.001359873531493101,0.9841736347513658,0.3955933789592935,0.0012939527635953904,96.0
1,nominal,85,2.0,200,0.8839462026535476,0.8549327533169344,0.0025387439564183456,0.9841736347513658,0.3955933789592935,0.0012939527635953904,96.0
1,nominal,85,2.5,200,0.8307052059303062,0.7883815074128827,0.004941241964074414,0.9841736347513658,0.3955933789592935,0.0012939527635953904,96.0
1,nominal,85,3.0,200,0.7759457896249795,0.7199322370312242,0.009475032801737795,0.9841736347513658,0.3955933789592935,0.0012939527635953904,96.0
1,nominal,85,3.5,200,0.7133339531456436,0.6416674414320542,0.010380311793559265,0.9841736347513658,0.3955933789592935,0.0012939527635953904,96.0
1,nominal,86,0.1,200,0.9889302579565016,0.9861628224456268,1.962830797884084e-06,0.9864315728802069,0.37986601079301374,0.0012653766726319524,94.0
1,nominal,86,0.25,200,0.9873340640139929,0.9841675800174912,1.1656528984033221e-05,0.9864315728802069,0.37986601079301374,0.0012653766726319524,94.0
1,nominal,86,0.5,200,0.981359294634602,0.9766991182932526,5.387312515885175e-05,0.9864315728802069,0.37986601079301374,0.0012653766726319524,94.0
1,nominal,86,0.75,200,0.9744117183752238,0.9680146479690296,0.00012911838541098303,0.9864315728802069,0.37986601079301374,0.0012653766726319524,94.0
1,nominal,86,1.0,200,0.9606983638112873,0.9508729547641087,0.00027284226699714496,0.9864315728802069,0.37986601079301374,0.0012653766726319524,94.0
1,nominal,86,1.25,200,0.9464796687235424,0.9330995859044282,0.0005770359568019858,0.9864315728802069,0.37986601079301374,0.0012653766726319524,94.0
1,nominal,86,1.5,200,0.9296825213126945,0.9121031516408681,0.0012352251879878804,0.9864315728802069,0.37986601079301374,0.0012653766726319524,94.0
1,nominal,86,2.0,200,0.8870953570916339,0.8588691963645425,0.0030684511132042865,0.9864315728802069,0.37986601079301374,0.0012653766726319524,94.0
1,nominal,86,2.5,200,0.8362523964636929,0.795315495579616,0.004460025817099532,0.9864315728802069,0.37986601079301374,0.0012653766726319524,94.0
1,nominal,86,3.0,200,0.7797683361826794,0.7247104202283492,0.008639339091202727,0.9864315728802069,0.37986601079301374,0.0012653766726319524,94.0
1,nominal,86,3.5,200,0.7180696317695957,0.6475870397119945,0.01073876518742352,0.9864315728802069,0.37986601079301374,0.0012653766726319524,94.0
1,nominal,87,0.1,200,0.9886175034402621,0.9857718793003275,2.047924050949553e-06,0.9860235388149383,0.3808516751710891,0.0012521652682917033,94.0
1,nominal,87,0.25,200,0.9870327424228341,0.9837909280285427,1.1880018673739746e-05,0.9860235388149383,0.3808516751710891,0.0012521652682917033,94.0
1,nominal,87,0.5,200,0.9809961848882005,0.9762452311102507,5.4709044577878966e-05,0.9860235388149383,0.3808516751710891,0.0012521652682917033,94.0
1,nominal,87,0.75,200,0.9740755833132164,0.9675944791415205,0.00013244061203723206,0.9860235388149383,0.3808516751710891,0.0012521652682917033,94.0
1,nominal,87,1.0,200,0.9605345240819507,0.950668155102438,0.0002766027915247269,0.9860235388149383,0.3808516751710891,0.0012521652682917033,94.0
1,nominal,87,1.25,200,0.9460804960842684,0.9326006201053357,0.0005945352759923869,0.9860235388149383,0.3808516751710891,0.0012521652682917033,94.0
1,nominal,87,1.5,200,0.9292130873748783,0.9115163592185977,0.001246702819148445,0.9860235388149383,0.3808516751710891,0.0012521652682917033,94.0
1,nominal,87,2.0,200,0.8867910583258013,0.8584888229072513,0.0030983613957351304,0.9860235388149383,0.3808516751710891,0.0012521652682917033,94.0
1,nominal,87,2.5,200,0.8358207628677232,0.7947759535846538,0.004541459892826644,0.9860235388149383,0.3808516751710891,0.0012521652682917033,94.0
1,nominal,87,3.0,200,0.7795014680760611,0.7243768350950762,0.008684746928359638,0.9860235388149383,0.3808516751710891,0.0012521652682917033,94.0
1,nominal,87,3.5,200,0.7177489727116214,0.6471862158895266,0.010722834554253262,0.9860235388149383,0.3808516751710891,0.0012521652682917033,94.0
1,nominal,88,0.1,200,0.9890110715062278,0.9862638393827845,1.858637480775318e-06,0.986481077509855,0.3980191094684187,0.0011946807176394254,92.0
1,nominal,88,0.25,200,0.9874860802515617,0.9843576003144519,1.0874013747566419e-05,0.986481077509855,0.3980191094684187,0.0011946807176394254,92.0
1,nominal,88,0.5,200,0.9814293170955243,0.9767866463694053,5.2255312399882534e-05,0.986481077509855,0.3980191094684187,0.0011946807176394254,92.0
1,nominal,88,0.75,200,0.9746070825125683,0.9682588531407103,0.00013697628632488527,0.986481077509855,0.3980191094684187,0.0011946807176394254,92.0
1,nominal,88,1.0,200,0.9610188299196786,0.9512735373995984,0.0003073887796531765,0.986481077509855,0.3980191094684187,0.0011946807176394254,92.0
1,nominal,88,1.25,200,0.9477269638011925,0.9346587047514906,0.0005441687499240861,0.986481077509855,0.3980191094684187,0.0011946807176394254,92.0
1,nominal,88,1.5,200,0.9294688228635359,0.9118360285794198,0.0011081288142127516,0.986481077509855,0.3980191094684187,0.0011946807176394254,92.0
1,nominal,88,2.0,200,0.8886957355534071,0.8608696694417588,0.002435643304587734,0.986481077509855,0.3980191094684187,0.0011946807176394254,92.0
1,nominal,88,2.5,200,0.8408500568760622,0.8010625710950776,0.005102800646344836,0.986481077509855,0.3980191094684187,0.0011946807176394254,92.0
1,nominal,88,3.0,200,0.7773179010890019,0.7216473763612525,0.008351461172604997,0.986481077509855,0.3980191094684187,0.0011946807176394254,92.0
1,nominal,88,3.5,200,0.7236998421344444,0.6546248026680554,0.010485268685503488,0.986481077509855,0.3980191094684187,0.0011946807176394254,92.0
1,nominal,89,0.1,200,0.9891426310323184,0.9864282887903975,1.8049873155983673e-06,0.9866358985195716,0.39501479381933124,0.0011454373244870883,90.0
1,nominal,89,0.25,200,0.9876850416646867,0.9846063020808583,1.2161998690241143e-05,0.9866358985195716,0.39501479381933124,0.0011454373244870883,90.0
1,nominal,89,0.5,200,0.98189308031094,0.9773663503886748,5.278676644920204e-05,0.9866358985195716,0.39501479381933124,0.0011454373244870883,90.0
1,nominal,89,0.75,200,0.97504835643063,0.9688104455382874,0.00013258513337946563,0.9866358985195716,0.39501479381933124,0.0011454373244870883,90.0
1,nominal,89,1.0,200,0.9624927457686504,0.9531159322108128,0.00023221166798135823,0.9866358985195716,0.39501479381933124,0.0011454373244870883,90.0
1,nominal,89,1.25,200,0.9486047822356434,0.9357559777945545,0.0005668315564593272,0.9866358985195716,0.39501479381933124,0.0011454373244870883,90.0
1,nominal,89,1.5,200,0.9326873085635538,0.9158591357044418,0.0010935976330538168,0.9866358985195716,0.39501479381933124,0.0011454373244870883,90.0
1,nominal,89,2.0,200,0.8919136329191479,0.8648920411489348,0.0025374631373279964,0.9866358985195716,0.39501479381933124,0.0011454373244870883,90.0
1,nominal,89,2.5,200,0.8426248629727457,0.803281078715932,0.0047427875320021195,0.9866358985195716,0.39501479381933124,0.0011454373244870883,90.0
1,nominal,89,3.0,200,0.7838627850135684,0.7298284812669606,0.008184963414217301,0.9866358985195716,0.39501479381933124,0.0011454373244870883,90.0
1,nominal,89,3.5,200,0.7284611086932081,0.6605763858665104,0.01052186129549326,0.9866358985195716,0.39501479381933124,0.0011454373244870883,90.0
1,nominal,90,0.1,200,0.9888148688260469,0.9860185860325582,1.966575382073889e-06,0.9862367477062227,0.39693104265779666,0.0011365725510786178,92.0
1,nominal,90,0.25,200,0.9873601803151808,0.9842002253939759,1.1711962987166703e-05,0.9862367477062227,0.39693104265779666,0.0011365725510786178,92.0
1,nominal,90,0.5,200,0.9812827460929512,0.9766034326161889,5.5384437183258464e-05,0.9862367477062227,0.39693104265779666,0.0011365725510786178,92.0
1,nominal,90,0.75,200,0.974271677409638,0.9678395967620478,0.00013624023771987792,0.9862367477062227,0.39693104265779666,0.0011365725510786178,92.0
1,nominal,90,1.0,200,0.9611557681498486,0.9514447101873107,0.0003379753355486656,0.9862367477062227,0.39693104265779666,0.0011365725510786178,92.0
1,nominal,90,1.25,200,0.9476649265750379,0.9345811582187974,0.0005462527213173008,0.9862367477062227,0.39693104265779666,0.0011365725510786178,92.0
1,nominal,90,1.5,200,0.9296226418959809,0.9120283023699759,0.0011203329454747774,0.9862367477062227,0.39693104265779666,0.0011365725510786178,92.0
1,nominal,90,2.0,200,0.8883457534633777,0.860432191829222,0.002478457135785275,0.9862367477062227,0.39693104265779666,0.0011365725510786178,92.0
1,nominal,90,2.5,200,0.8412609102239055,0.8015761377798816,0.005291804907253728,0.9862367477062227,0.39693104265779666,0.0011365725510786178,92.0
1,nominal,90,3.0,200,0.777503472541218,0.7218793406765223,0.00853107459990154,0.9862367477062227,0.39693104265779666,0.0011365725510786178,92.0
1,nominal,90,3.5,200,0.7247251478042296,0.655906434755287,0.010430842394065745,0.9862367477062227,0.39693104265779666,0.0011365725510786178,92.0
1,nominal,91,0.1,200,0.9896325623584205,0.9870407029480254,1.8575118587470594e-06,0.9872625708296342,0.3831508292718586,0.0011287901545248898,92.0
1,nominal,91,0.25,200,0.9881814514164108,0.9852268142705134,1.1049589356776217e-05,0.9872625708296342,0.3831508292718586,0.0011287901545248898,92.0
1,nominal,91,0.5,200,0.9821311596265199,0.9776639495331498,5.267361277044895e-05,0.9872625708296342,0.3831508292718586,0.0011287901545248898,92.0
1,nominal,91,0.75,200,0.9750322332978723,0.9687902916223401,0.00013115684753866894,0.9872625708296342,0.3831508292718586,0.0011287901545248898,92.0
1,nominal,91,1.0,200,0.9620011113927083,0.9525013892408853,0.0003278901411677587,0.9872625708296342,0.3831508292718586,0.0011287901545248898,92.0
1,nominal,91,1.25,200,0.9484753403671979,0.9355941754589975,0.0005308269231625294,0.9872625708296342,0.3831508292718586,0.0011287901545248898,92.0
1,nominal,91,1.5,200,0.9303792759842168,0.9129740949802708,0.0010968762803517395,0.9872625708296342,0.3831508292718586,0.0011287901545248898,92.0
1,nominal,91,2.0,200,0.889032421019436,0.8612905262742949,0.002451373936841391,0.9872625708296342,0.3831508292718586,0.0011287901545248898,92.0
1,nominal,91,2.5,200,0.84184988837392,0.8023123604673998,0.005268743581171933,0.9872625708296342,0.3831508292718586,0.0011287901545248898,92.0
1,nominal,91,3.0,200,0.7779439434273515,0.7224299292841896,0.008509269130526291,0.9872625708296342,0.3831508292718586,0.0011287901545248898,92.0
1,nominal,91,3.5,200,0.7253694506393731,0.6567118132992162,0.010391264370061534,0.9872625708296342,0.3831508292718586,0.0011287901545248898,92.0
1,nominal,92,0.1,200,0.987993698313169,0.984992122891461,2.151990548806166e-06,0.9852503168966216,0.39345802759443405,0.0011602301765733375,94.0
1,nominal,92,0.25,200,0.9864940763092611,0.9831175953865764,1.287970809254047e-05,0.9852503168966216,0.39345802759443405,0.0011602301765733375,94.0
1,nominal,92,0.5,200,0.9804609060954974,0.9755761326193715,5.435185463572868e-05,0.9852503168966216,0.39345802759443405,0.0011602301765733375,94.0
1,nominal,92,0.75,200,0.9734813854334874,0.9668517317918592,0.00013558078364378075,0.9852503168966216,0.39345802759443405,0.0011602301765733375,94.0
1,nominal,92,1.0,200,0.9605072548427345,0.9506340685534181,0.0002834261507122818,0.9852503168966216,0.39345802759443405,0.0011602301765733375,94.0
1,nominal,92,1.25,200,0.9458303877411979,0.9322879846764974,0.0006102882149563716,0.9852503168966216,0.39345802759443405,0.0011602301765733375,94.0
1,nominal,92,1.5,200,0.9287090563955239,0.9108863204944048,0.0012622550645585648,0.9852503168966216,0.39345802759443405,0.0011602301765733375,94.0
1,nominal,92,2.0,200,0.8870356246936439,0.8587945308670549,0.003091197601388296,0.9852503168966216,0.39345802759443405,0.0011602301765733375,94.0
1,nominal,92,2.5,200,0.836633237018813,0.7957915462735159,0.004706367693232491,0.9852503168966216,0.39345802759443405,0.0011602301765733375,94.0
1,nominal,92,3.0,200,0.7801268844082945,0.725158605510368,0.008748394407607543,0.9852503168966216,0.39345802759443405,0.0011602301765733375,94.0
1,nominal,92,3.5,200,0.7190907477251702,0.6488634346564628,0.010596760295393207,0.9852503168966216,0.39345802759443405,0.0011602301765733375,94.0
1,nominal,93,0.1,200,0.9894115085182325,0.9867643856477906,1.9245766056576448e-06,0.9869938241773598,0.3946690726977773,0.0011387119883946334,92.0
1,nominal,93,0.25,200,0.987930883509172,0.9849136043864652,1.1551661336922335e-05,0.9869938241773598,0.3946690726977773,0.0011387119883946334,92.0
1,nominal,93,0.5,200,0.9818417244069324,0.9773021555086655,5.3712733573450414e-05,0.9869938241773598,0.3946690726977773,0.0011387119883946334,92.0
1,nominal,93,0.75,200,0.9749371288812997,0.9686714111016247,0.0001386927036231018,0.9869938241773598,0.3946690726977773,0.0011387119883946334,92.0
1,nominal,93,1.0,200,0.9615247205696813,0.9519059007121013,0.00033014118218728647,0.9869938241773598,0.3946690726977773,0.0011387119883946334,92.0
1,nominal,93,1.25,200,0.9483916276086781,0.9354895345108474,0.0005279719359024013,0.9869938241773598,0.3946690726977773,0.0011387119883946334,92.0
1,nominal,93,1.5,200,0.9301530154297286,0.9126912692871606,0.0011153595915195454,0.9869938241773598,0.3946690726977773,0.0011387119883946334,92.0
1,nominal,93,2.0,200,0.8887862982166723,0.8609828727708403,0.0024693752221651554,0.9869938241773598,0.3946690726977773,0.0011387119883946334,92.0
1,nominal,93,2.5,200,0.8414980283556686,0.8018725354445857,0.00523105849648932,0.9869938241773598,0.3946690726977773,0.0011387119883946334,92.0
1,nominal,93,3.0,200,0.7780275578819609,0.722534447352451,0.008491178262596497,0.9869938241773598,0.3946690726977773,0.0011387119883946334,92.0
1,nominal,93,3.5,200,0.7251198440980241,0.65639980512253,0.010449279567432447,0.9869938241773598,0.3946690726977773,0.0011387119883946334,92.0
1,nominal,94,0.1,200,0.9891600720105047,0.9864500900131304,1.979461184648522e-06,0.986676357396033,0.3935467703056249,0.0011415104309167546,92.0
1,nominal,94,0.25,200,0.9876861838981643,0.9846077298727053,1.1885591831415071e-05,0.986676357396033,0.3935467703056249,0.0011415104309167546,92.0
1,nominal,94,0.5,200,0.9815873309021665,0.9769841636277085,5.497508834168933e-05,0.986676357396033,0.3935467703056249,0.0011415104309167546,92.0
1,nominal,94,0.75,200,0.9745947934059791,0.9682434917574738,0.00014018334511350212,0.986676357396033,0.3935467703056249,0.0011415104309167546,92.0
1,nominal,94,1.0,200,0.9612373132458943,0.951546641557368,0.0003435978916629905,0.986676357396033,0.3935467703056249,0.0011415104309167546,92.0
1,nominal,94,1.25,200,0.9481852416018924,0.9352315520023656,0.0005282524106057408,0.986676357396033,0.3935467703056249,0.0011415104309167546,92.0
1,nominal,94,1.5,200,0.9300143435090442,0.912517929386305,0.0011272468131570791,0.986676357396033,0.3935467703056249,0.0011415104309167546,92.0
1,nominal,94,2.0,200,0.8880923445037454,0.8601154306296818,0.002509436843964862,0.986676357396033,0.3935467703056249,0.0011415104309167546,92.0
1,nominal,94,2.5,200,0.8411139850728914,0.8013924813411144,0.005327788858104222,0.986676357396033,0.3935467703056249,0.0011415104309167546,92.0
1,nominal,94,3.0,200,0.7775916999195913,0.7219896248994889,0.008572382634583604,0.986676357396033,0.3935467703056249,0.0011415104309167546,92.0
1,nominal,94,3.5,200,0.7251327852049702,0.6564159815062126,0.010404365997100498,0.986676357396033,0.3935467703056249,0.0011415104309167546,92.0
1,nominal,95,0.1,200,0.9884100143908271,0.9855125179885339,2.126280640286892e-06,0.9857522728043072,0.38913417889792906,0.0011765827785611743,94.0
1,nominal,95,0.25,200,0.9869325999343845,0.9836657499179806,1.283273641763321e-05,0.9857522728043072,0.38913417889792906,0.0011765827785611743,94.0
1,nominal,95,0.5,200,0.9808226377198992,0.9760282971498739,5.4354401896422e-05,0.9857522728043072,0.38913417889792906,0.0011765827785611743,94.0
1,nominal,95,0.75,200,0.973824104718879,0.9672801308985988,0.0001337556402759809,0.9857522728043072,0.38913417889792906,0.0011765827785611743,94.0
1,nominal,95,1.0,200,0.9610086147295775,0.9512607684119719,0.00028481323199559024,0.9857522728043072,0.38913417889792906,0.0011765827785611743,94.0
1,nominal,95,1.25,200,0.9464459665447763,0.93305745818097,0.0006164178845497724,0.9857522728043072,0.38913417889792906,0.0011765827785611743,94.0
1,nominal,95,1.5,200,0.9290085200436624,0.9112606500545779,0.0012424201354633857,0.9857522728043072,0.38913417889792906,0.0011765827785611743,94.0
1,nominal,95,2.0,200,0.8868021138905293,0.8585026423631615,0.0031481460419631757,0.9857522728043072,0.38913417889792906,0.0011765827785611743,94.0
1,nominal,95,2.5,200,0.8365121737641407,0.7956402172051756,0.004819369852274216,0.9857522728043072,0.38913417889792906,0.0011765827785611743,94.0
1,nominal,95,3.0,200,0.7797929280174285,0.7247411600217856,0.008761270181595596,0.9857522728043072,0.38913417889792906,0.0011765827785611743,94.0
1,nominal,95,3.5,200,0.7194065614112389,0.6492582017640486,0.010464126745721145,0.9857522728043072,0.38913417889792906,0.0011765827785611743,94.0
1,nominal,96,0.1,200,0.9890970619831978,0.9863713274789973,1.960665567738039e-06,0.9865921892303555,0.3930665729630211,0.0011141424182911329,92.0
1,nominal,96,0.25,200,0.9876310075391999,0.9845387594239996,1.162818618316371e-05,0.9865921892303555,0.3930665729630211,0.0011141424182911329,92.0
1,nominal,96,0.5,200,0.9815312041610265,0.976914005201283,5.480048186550772e-05,0.9865921892303555,0.3930665729630211,0.0011141424182911329,92.0
1,nominal,96,0.75,200,0.9745571397245751,0.968196424655719,0.00013764824774610258,0.9865921892303555,0.3930665729630211,0.0011141424182911329,92.0
1,nominal,96,1.0,200,0.9613033747922395,0.9516292184902992,0.00033816160249488256,0.9865921892303555,0.3930665729630211,0.0011141424182911329,92.0
1,nominal,96,1.25,200,0.9480081542957113,0.935010192869639,0.0005387041037445981,0.9865921892303555,0.3930665729630211,0.0011141424182911329,92.0
1,nominal,96,1.5,200,0.9298941542213289,0.9123676927766611,0.001121554420316294,0.9865921892303555,0.3930665729630211,0.0011141424182911329,92.0
1,nominal,96,2.0,200,0.8884612814353011,0.8605766017941261,0.0024896279909131496,0.9865921892303555,0.3930665729630211,0.0011141424182911329,92.0
1,nominal,96,2.5,200,0.8411885139023193,0.8014856423778991,0.00531854369425523,0.9865921892303555,0.3930665729630211,0.0011141424182911329,92.0
1,nominal,96,3.0,200,0.7776150848965498,0.7220188561206874,0.008521041297253416,0.9865921892303555,0.3930665729630211,0.0011141424182911329,92.0
1,nominal,96,3.5,200,0.7249843556788165,0.6562304445985205,0.010423732885178038,0.9865921892303555,0.3930665729630211,0.0011141424182911329,92.0
1,nominal,97,0.1,200,0.9897182776635856,0.9871478470794819,1.5925910218266967e-06,0.9873624839648549,0.39848826306812873,0.0011139231112594723,90.0
1,nominal,97,0.25,200,0.9882424424489158,0.9853030530611447,1.1128583359531688e-05,0.9873624839648549,0.39848826306812873,0.0011139231112594723,90.0
1,nominal,97,0.5,200,0.9825204539811004,0.9781505674763755,4.864641467102965e-05,0.9873624839648549,0.39848826306812873,0.0011139231112594723,90.0
1,nominal,97,0.75,200,0.9756073233376228,0.9695091541720282,0.00012448906444715294,0.9873624839648549,0.39848826306812873,0.0011139231112594723,90.0
1,nominal,97,1.0,200,0.9629580797217492,0.9536975996521865,0.00021592767986956633,0.9873624839648549,0.39848826306812873,0.0011139231112594723,90.0
1,nominal,97,1.25,200,0.9492892465253254,0.9366115581566566,0.0005426865489930498,0.9873624839648549,0.39848826306812873,0.0011139231112594723,90.0
1,nominal,97,1.5,200,0.9333610848407384,0.9167013560509228,0.0010584459006395283,0.9873624839648549,0.39848826306812873,0.0011139231112594723,90.0
1,nominal,97,2.0,200,0.8921993432321291,0.8652491790401613,0.0024697031285610925,0.9873624839648549,0.39848826306812873,0.0011139231112594723,90.0
1,nominal,97,2.5,200,0.8433167519731009,0.804145939966376,0.0046772187525589695,0.9873624839648549,0.39848826306812873,0.0011139231112594723,90.0
1,nominal,97,3.0,200,0.7843479335727837,0.7304349169659797,0.008202340105554222,0.9873624839648549,0.39848826306812873,0.0011139231112594723,90.0
1,nominal,97,3.5,200,0.7286751682539503,0.660843960317438,0.01052235448379702,0.9873624839648549,0.39848826306812873,0.0011139231112594723,90.0
1,nominal,98,0.1,200,0.9906291469021262,0.9882864336276579,1.5089994167714084e-06,0.9885121539304119,0.3812735585557469,0.0011225470761204305,90.0
1,nominal,98,0.25,200,0.9891715220584847,0.9864644025731056,1.0892804690713187e-05,0.9885121539304119,0.3812735585557469,0.0011225470761204305,90.0
1,nominal,98,0.5,200,0.9834892351347388,0.9793615439184237,4.708972557374825e-05,0.9885121539304119,0.3812735585557469,0.0011225470761204305,90.0
1,nominal,98,0.75,200,0.9765870859398895,0.9707338574248615,0.0001200771842686358,0.9885121539304119,0.3812735585557469,0.0011225470761204305,90.0
1,nominal,98,1.0,200,0.963966648030586,0.9549583100382324,0.000214659048192865,0.9885121539304119,0.3812735585557469,0.0011225470761204305,90.0
1,nominal,98,1.25,200,0.9503281164865762,0.9379101456082202,0.0005267017946980713,0.9885121539304119,0.3812735585557469,0.0011225470761204305,90.0
1,nominal,98,1.5,200,0.934370855936535,0.9179635699206687,0.0010421659873324452,0.9885121539304119,0.3812735585557469,0.0011225470761204305,90.0
1,nominal,98,2.0,200,0.8929597061748411,0.8661996327185512,0.0024736460785775944,0.9885121539304119,0.3812735585557469,0.0011225470761204305,90.0
1,nominal,98,2.5,200,0.8443411849012158,0.8054264811265196,0.004673672049407523,0.9885121539304119,0.3812735585557469,0.0011225470761204305,90.0
1,nominal,98,3.0,200,0.7851813521503214,0.7314766901879017,0.008270883062938853,0.9885121539304119,0.3812735585557469,0.0011225470761204305,90.0
1,nominal,98,3.5,200,0.72993348839337,0.6624168604917123,0.01045167576360567,0.9885121539304119,0.3812735585557469,0.0011225470761204305,90.0
1,nominal,99,0.1,200,0.9913597981525215,0.9891997476906518,1.4228057091602339e-06,0.9894286585130058,0.37395431572596516,0.0011247018545953657,90.0
1,nominal,99,0.25,200,0.9899161449899794,0.987395181237474,1.0052295392899627e-05,0.9894286585130058,0.37395431572596516,0.0011247018545953657,90.0
1,nominal,99,0.5,200,0.9842411714455559,0.9803014643069448,4.459687584973569e-05,0.9894286585130058,0.37395431572596516,0.0011247018545953657,90.0
1,nominal,99,0.75,200,0.9772511283055247,0.9715639103819058,0.00011388849067616752,0.9894286585130058,0.37395431572596516,0.0011247018545953657,90.0
1,nominal,99,1.0,200,0.9647992720441718,0.9559990900552148,0.00020894170907407195,0.9894286585130058,0.37395431572596516,0.0011247018545953657,90.0
1,nominal,99,1.25,200,0.951032308217786,0.938790385272232,0.0005190689942238552,0.9894286585130058,0.37395431572596516,0.0011247018545953657,90.0
1,nominal,99,1.5,200,0.9349326348805548,0.9186657936006936,0.0010242691916361873,0.9894286585130058,0.37395431572596516,0.0011247018545953657,90.0
1,nominal,99,2.0,200,0.8937593873796503,0.867199234224563,0.002449732417345274,0.9894286585130058,0.37395431572596516,0.0011247018545953657,90.0
1,nominal,99,2.5,200,0.8448470583264552,0.8060588229080687,0.004661982413627402,0.9894286585130058,0.37395431572596516,0.0011247018545953657,90.0
1,nominal,99,3.0,200,0.7855376716051663,0.7319220895064578,0.008223075094091252,0.9894286585130058,0.37395431572596516,0.0011247018545953657,90.0
1,nominal,99,3.5,200,0.7304519841440218,0.6630649801800271,0.010443075041689604,0.9894286585130058,0.37395431572596516,0.0011247018545953657,90.0
1,nominal,100,0.1,200,0.9900352077201573,0.9875440096501968,1.6233996534140218e-06,0.9877699781431044,0.38168379241228945,0.0011518965517887084,90.0
1,nominal,100,0.25,200,0.9886190644253013,0.9857738305316265,1.1841494201975788e-05,0.9877699781431044,0.38168379241228945,0.0011518965517887084,90.0
1,nominal,100,0.5,200,0.9829185947586233,0.9786482434482789,5.040920155824933e-05,0.9877699781431044,0.38168379241228945,0.0011518965517887084,90.0
1,nominal,100,0.75,200,0.9759920793943518,0.9699900992429396,0.00012804896080872562,0.9877699781431044,0.38168379241228945,0.0011518965517887084,90.0
1,nominal,100,1.0,200,0.9634716128525782,0.9543395160657226,0.0002361308898830877,0.9877699781431044,0.38168379241228945,0.0011518965517887084,90.0
1,nominal,100,1.25,200,0.9500131024477844,0.9375163780597304,0.0005382419435233551,0.9877699781431044,0.38168379241228945,0.0011518965517887084,90.0
1,nominal,100,1.5,200,0.9337242528867954,0.9171553161084942,0.001068104528151937,0.9877699781431044,0.38168379241228945,0.0011518965517887084,90.0
1,nominal,100,2.0,200,0.8922083761593106,0.8652604701991382,0.002536982294499625,0.9877699781431044,0.38168379241228945,0.0011518965517887084,90.0
1,nominal,100,2.5,200,0.8441261378277898,0.8051576722847372,0.004762062242310646,0.9877699781431044,0.38168379241228945,0.0011518965517887084,90.0
1,nominal,100,3.0,200,0.7848586010195924,0.7310732512744903,0.008390090830312362,0.9877699781431044,0.38168379241228945,0.0011518965517887084,90.0
1,nominal,100,3.5,200,0.7303132640200065,0.662891580025008,0.010484551322054805,0.9877699781431044,0.38168379241228945,0.0011518965517887084,90.0
2,noise,1,0.1,200,0.987291909082554,0.9841148863531924,3.874521617728962e-06,0.9846250563536773,0.5355146214399205,0.00017764037368529046,180.0
2,noise,1,0.25,200,0.9842829753221903,0.9803537191527374,2.9522702962370696e-05,0.9846250563536773,0.5355146214399205,0.00017764037368529046,180.0
2,noise,1,0.5,200,0.9734600626363261,0.9668250782954072,0.00014001056852246425,0.9846250563536773,0.5355146214399205,0.00017764037368529046,180.0
2,noise,1,0.75,200,0.9592236327921335,0.9490295409901668,0.0003431659937838069,0.9846250563536773,0.5355146214399205,0.00017764037368529046,180.0
2,noise,1,1.0,200,0.9371666236515971,0.9214582795644963,0.0008574403660914936,0.9846250563536773,0.5355146214399205,0.00017764037368529046,180.0
2,noise,1,1.25,200,0.9052636396167515,0.8815795495209393,0.002269095209461503,0.9846250563536773,0.5355146214399205,0.00017764037368529046,180.0
2,noise,1,1.5,200,0.8730597553593384,0.8413246941991729,0.0030221754049583388,0.9846250563536773,0.5355146214399205,0.00017764037368529046,180.0
2,noise,1,2.0,200,0.8070023991821608,0.7587529989777012,0.006989253311385241,0.9846250563536773,0.5355146214399205,0.00017764037368529046,180.0
2,noise,1,2.5,200,0.7309084156314383,0.6636355195392977,0.008592328542205131,0.9846250563536773,0.5355146214399205,0.00017764037368529046,180.0
2,noise,1,3.0,200,0.6413719528046649,0.551714941005831,0.01670051237681382,0.9846250563536773,0.5355146214399205,0.00017764037368529046,180.0
2,noise,1,3.5,200,0.5631308430637864,0.453913553829733,0.019377881236338344,0.9846250563536773,0.5355146214399205,0.00017764037368529046,180.0
2,noise,2,0.1,200,0.9939050415980575,0.9923813019975719,1.5699077471057665e-06,0.9929439498986516,0.3920985849847286,0.000249764020595935,142.0
2,noise,2,0.25,200,0.9913589127486088,0.9891986409357608,1.2210560712734434e-05,0.9929439498986516,0.3920985849847286,0.000249764020595935,142.0
2,noise,2,0.5,200,0.9840551397959656,0.9800689247449571,6.237375978566488e-05,0.9929439498986516,0.3920985849847286,0.000249764020595935,142.0
2,noise,2,0.75,200,0.9712784388722686,0.9640980485903355,0.00020170288137041873,0.9929439498986516,0.3920985849847286,0.000249764020595935,142.0
2,noise,2,1.0,200,0.9534517776800556,0.9418147221000693,0.00045592487503276713,0.9929439498986516,0.3920985849847286,0.000249764020595935,142.0
2,noise,2,1.25,200,0.9295404626716941,0.9119255783396178,0.0009218949859770594,0.9929439498986516,0.3920985849847286,0.000249764020595935,142.0
2,noise,2,1.5,200,0.9019741425956145,0.8774676782445181,0.0017751141386953256,0.9929439498986516,0.3920985849847286,0.000249764020595935,142.0
2,noise,2,2.0,200,0.8462983542692092,0.8078729428365117,0.005127872072327565,0.9929439498986516,0.3920985849847286,0.000249764020595935,142.0
2,noise,2,2.5,200,0.7737952730391697,0.7172440912989622,0.007406956930084967,0.9929439498986516,0.3920985849847286,0.000249764020595935,142.0
2,noise,2,3.0,200,0.6991145464893372,0.6238931831116715,0.013030371981214088,0.9929439498986516,0.3920985849847286,0.000249764020595935,142.0
2,noise,2,3.5,200,0.611829976134445,0.514787470168056,0.014132263070906911,0.9929439498986516,0.3920985849847286,0.000249764020595935,142.0
2,noise,3,0.1,200,0.9972932701702364,0.9966165877127955,3.468679095019576e-07,0.9970024234186803,0.3995346236444125,0.0002553396534296897,118.0
2,noise,3,0.25,200,0.9953585163078849,0.9941981453848564,2.802966142161765e-06,0.9970024234186803,0.3995346236444125,0.0002553396534296897,118.0
2,noise,3,0.5,200,0.9882729447886724,0.9853411809858406,2.58013036889191e-05,0.9970024234186803,0.3995346236444125,0.0002553396534296897,118.0
2,noise,3,0.75,200,0.9772855411746915,0.9716069264683642,8.000383787056857e-05,0.9970024234186803,0.3995346236444125,0.0002553396534296897,118.0
2,noise,3,1.0,200,0.9628792866051402,0.9535991082564251,0.0002909435854282268,0.9970024234186803,0.3995346236444125,0.0002553396534296897,118.0
2,noise,3,1.25,200,0.9456302128124859,0.9320377660156073,0.0006072686076692924,0.9970024234186803,0.3995346236444125,0.0002553396534296897,118.0
2,noise,3,1.5,200,0.9214275436520382,0.9017844295650473,0.0012069805237165936,0.9970024234186803,0.3995346236444125,0.0002553396534296897,118.0
2,noise,3,2.0,200,0.8688370357356545,0.8360462946695679,0.003348306369868159,0.9970024234186803,0.3995346236444125,0.0002553396534296897,118.0
2,noise,3,2.5,200,0.807408459856821,0.7592605748210262,0.00526152182266723,0.9970024234186803,0.3995346236444125,0.0002553396534296897,118.0
2,noise,3,3.0,200,0.7388489558515907,0.6735611948144884,0.009404511106852746,0.9970024234186803,0.3995346236444125,0.0002553396534296897,118.0
2,noise,3,3.5,200,0.6687048846027587,0.5858811057534483,0.011778848074591276,0.9970024234186803,0.3995346236444125,0.0002553396534296897,118.0
2,noise,4,0.1,200,0.9968782218554589,0.9960977773193237,4.358758290045126e-07,0.9963862280187462,0.37051851463980656,0.0002663299150140784,108.0
2,noise,4,0.25,200,0.995045499575091,0.9938068744688635,3.2550184830618774e-06,0.9963862280187462,0.37051851463980656,0.0002663299150140784,108.0
2,noise,4,0.5,200,0.9889567789534335,0.9861959736917919,2.609610036864312e-05,0.9963862280187462,0.37051851463980656,0.0002663299150140784,108.0
2,noise,4,0.75,200,0.9792860339352525,0.9741075424190655,6.757162813316231e-05,0.9963862280187462,0.37051851463980656,0.0002663299150140784,108.0
2,noise,4,1.0,200,0.9653682336905004,0.9567102921131252,0.0002090559214266519,0.9963862280187462,0.37051851463980656,0.0002663299150140784,108.0
2,noise,4,1.25,200,0.9476239498838865,0.934529937354858,0.0005553997875776945,0.9963862280187462,0.37051851463980656,0.0002663299150140784,108.0
2,noise,4,1.5,200,0.9287552343254621,0.9109440429068275,0.00104389083292438,0.9963862280187462,0.37051851463980656,0.0002663299150140784,108.0
2,noise,4,2.0,200,0.8802510225199488,0.8503137781499359,0.002793168231100539,0.9963862280187462,0.37051851463980656,0.0002663299150140784,108.0
2,noise,4,2.5,200,0.8246277873537047,0.7807847341921311,0.005102757951449637,0.9963862280187462,0.37051851463980656,0.0002663299150140784,108.0
2,noise,4,3.0,200,0.7543961378519474,0.6929951723149341,0.010213122643752714,0.9963862280187462,0.37051851463980656,0.0002663299150140784,108.0
2,noise,4,3.5,200,0.6867109383159694,0.6083886728949617,0.012752226310455927,0.9963862280187462,0.37051851463980656,0.0002663299150140784,108.0
2,noise,5,0.1,200,0.9970578324606191,0.9963222905757738,4.405772300344531e-07,0.9966682963104901,0.3899548378200445,0.0002935038128257352,102.0
2,noise,5,0.25,200,0.9954837366323093,0.9943546707903864,3.267391583928204e-06,0.9966682963104901,0.3899548378200445,0.0002935038128257352,102.0
2,noise,5,0.5,200,0.9893985858485852,0.9867482323107312,2.3811259336555932e-05,0.9966682963104901,0.3899548378200445,0.0002935038128257352,102.0
2,noise,5,0.75,200,0.9808747970662584,0.9760934963328225,7.553361011588835e-05,0.9966682963104901,0.3899548378200445,0.0002935038128257352,102.0
2,noise,5,1.0,200,0.9676611841670234,0.959576480208779,0.00020320716496932242,0.9966682963104901,0.3899548378200445,0.0002935038128257352,102.0
2,noise,5,1.25,200,0.9528437568054979,0.9410546960068723,0.0004700490265253009,0.9966682963104901,0.3899548378200445,0.0002935038128257352,102.0
2,noise,5,1.5,200,0.9325612355724368,0.915701544465546,0.0011697702501790544,0.9966682963104901,0.3899548378200445,0.0002935038128257352,102.0
2,noise,5,2.0,200,0.8860209540657671,0.8575261925822089,0.002427673551792692,0.9966682963104901,0.3899548378200445,0.0002935038128257352,102.0
2,noise,5,2.5,200,0.8301903057339198,0.7877378821673997,0.005127612012748438,0.9966682963104901,0.3899548378200445,0.0002935038128257352,102.0
2,noise,5,3.0,200,0.7643699953803199,0.7054624942253999,0.010212226249034236,0.9966682963104901,0.3899548378200445,0.0002935038128257352,102.0
2,noise,5,3.5,200,0.7005331000284872,0.625666375035609,0.011721718826241985,0.9966682963104901,0.3899548378200445,0.0002935038128257352,102.0
2,noise,6,0.1,200,0.9960818517316193,0.9951023146645243,6.604377788776078e-07,0.9954434721545933,0.3678512553004094,0.00030944514094209425,100.0
2,noise,6,0.25,200,0.9945582878099524,0.9931978597624405,3.955541897045102e-06,0.9954434721545933,0.3678512553004094,0.00030944514094209425,100.0
2,noise,6,0.5,200,0.9887736209502983,0.9859670261878728,2.4274750467231922e-05,0.9954434721545933,0.3678512553004094,0.00030944514094209425,100.0
2,noise,6,0.75,200,0.9801880287504151,0.9752350359380187,7.128396232274844e-05,0.9954434721545933,0.3678512553004094,0.00030944514094209425,100.0
2,noise,6,1.0,200,0.9668284864152888,0.958535608019111,0.00021228452791203874,0.9954434721545933,0.3678512553004094,0.00030944514094209425,100.0
2,noise,6,1.25,200,0.9510007766741366,0.9387509708426708,0.000523168363156026,0.9954434721545933,0.3678512553004094,0.00030944514094209425,100.0
2,noise,6,1.5,200,0.9304429156840671,0.9130536446050839,0.0010595189427285165,0.9954434721545933,0.3678512553004094,0.00030944514094209425,100.0
2,noise,6,2.0,200,0.891019061526712,0.86377382690839,0.0024977359679950245,0.9954434721545933,0.3678512553004094,0.00030944514094209425,100.0
2,noise,6,2.5,200,0.8345267560519712,0.793158445064964,0.004700556895611008,0.9954434721545933,0.3678512553004094,0.00030944514094209425,100.0
2,noise,6,3.0,200,0.7728459050185637,0.7160573812732044,0.009650690478067101,0.9954434721545933,0.3678512553004094,0.00030944514094209425,100.0
2,noise,6,3.5,200,0.7074166895281349,0.6342708619101686,0.01136196802280173,0.9954434721545933,0.3678512553004094,0.00030944514094209425,100.0
2,noise,7,0.1,200,0.9962141927202005,0.9952677409002504,5.822229901656921e-07,0.9956455457952487,0.38265516039025715,0.0003616127410899417,100.0
2,noise,7,0.25,200,0.9946470654444156,0.9933088318055193,4.200187321694278e-06,0.9956455457952487,0.38265516039025715,0.0003616127410899417,100.0
2,noise,7,0.5,200,0.9887734214378598,0.9859667767973247,2.4482260124935535e-05,0.9956455457952487,0.38265516039025715,0.0003616127410899417,100.0
2,noise,7,0.75,200,0.980445124225645,0.975556405282056,7.962161777929487e-05,0.9956455457952487,0.38265516039025715,0.0003616127410899417,100.0
2,noise,7,1.0,200,0.9661561914504961,0.95769523931312,0.00022951794384632466,0.9956455457952487,0.38265516039025715,0.0003616127410899417,100.0
2,noise,7,1.25,200,0.9513757638590467,0.9392197048238082,0.0005142208976768885,0.9956455457952487,0.38265516039025715,0.0003616127410899417,100.0
2,noise,7,1.5,200,0.9318069850900333,0.9147587313625416,0.0010171339115397518,0.9956455457952487,0.38265516039025715,0.0003616127410899417,100.0
2,noise,7,2.0,200,0.8899868376208279,0.8624835470260348,0.002531528493490761,0.9956455457952487,0.38265516039025715,0.0003616127410899417,100.0
2,noise,7,2.5,200,0.8353151193042644,0.7941438991303303,0.0047426845442456785,0.9956455457952487,0.38265516039025715,0.0003616127410899417,100.0
2,noise,7,3.0,200,0.7737743219036154,0.7172179023795189,0.010014678109373051,0.9956455457952487,0.38265516039025715,0.0003616127410899417,100.0
2,noise,7,3.5,200,0.7079422505905381,0.6349278132381724,0.011544877774331557,0.9956455457952487,0.38265516039025715,0.0003616127410899417,100.0
2,noise,8,0.1,200,0.9932177796121042,0.9915222245151304,1.2399393532616581e-06,0.9917820826249045,0.3832726785846091,0.00040065251231068485,98.0
2,noise,8,0.25,200,0.9916694821214134,0.9895868526517667,7.05498841222608e-06,0.9917820826249045,0.3832726785846091,0.00040065251231068485,98.0
2,noise,8,0.5,200,0.9854195689725931,0.9817744612157417,4.74979862932569e-05,0.9917820826249045,0.3832726785846091,0.00040065251231068485,98.0
2,noise,8,0.75,200,0.9775055668032874,0.9718819585041092,9.779327730034724e-05,0.9917820826249045,0.3832726785846091,0.00040065251231068485,98.0
2,noise,8,1.0,200,0.9647555214006247,0.9559444017507809,0.0002583388629654777,0.9917820826249045,0.3832726785846091,0.00040065251231068485,98.0
2,noise,8,1.25,200,0.9491902152558378,0.9364877690697975,0.0005494286799695963,0.9917820826249045,0.3832726785846091,0.00040065251231068485,98.0
2,noise,8,1.5,200,0.9309883198861173,0.9137353998576466,0.001077547302543193,0.9917820826249045,0.3832726785846091,0.00040065251231068485,98.0
2,noise,8,2.0,200,0.8899681548389182,0.8624601935486477,0.0026047946128063813,0.9917820826249045,0.3832726785846091,0.00040065251231068485,98.0
2,noise,8,2.5,200,0.8372671116658883,0.79658388958236,0.004350278171416383,0.9917820826249045,0.3832726785846091,0.00040065251231068485,98.0
2,noise,8,3.0,200,0.7726737780409456,0.7158422225511817,0.009247982806436263,0.9917820826249045,0.3832726785846091,0.00040065251231068485,98.0
2,noise,8,3.5,200,0.7085220063939529,0.6356525079924412,0.012525369747649395,0.9917820826249045,0.3832726785846091,0.00040065251231068485,98.0
2,noise,9,0.1,200,0.9929758839650482,0.9912198549563104,1.1702048990370373e-06,0.9914932244399051,0.36725003844037263,0.0004116452563624718,98.0
2,noise,9,0.25,200,0.9914388007579341,0.9892985009474173,7.229560162756676e-06,0.9914932244399051,0.36725003844037263,0.0004116452563624718,98.0
2,noise,9,0.5,200,0.9852856377236918,0.9816070471546147,4.100188894100448e-05,0.9914932244399051,0.36725003844037263,0.0004116452563624718,98.0
2,noise,9,0.75,200,0.9770488270617226,0.971311033827153,0.00010016940497461573,0.9914932244399051,0.36725003844037263,0.0004116452563624718,98.0
2,noise,9,1.0,200,0.9644353860509001,0.9555442325636245,0.0002731271630394336,0.9914932244399051,0.36725003844037263,0.0004116452563624718,98.0
2,noise,9,1.25,200,0.949148347256119,0.9364354340701488,0.0005333106211349665,0.9914932244399051,0.36725003844037263,0.0004116452563624718,98.0
2,noise,9,1.5,200,0.9312524833112633,0.914065604139079,0.0010303634150837918,0.9914932244399051,0.36725003844037263,0.0004116452563624718,98.0
2,noise,9,2.0,200,0.8869952548778169,0.8587440685972713,0.0027814236168470104,0.9914932244399051,0.36725003844037263,0.0004116452563624718,98.0
2,noise,9,2.5,200,0.8359340091970543,0.794917511496318,0.00429647011742225,0.9914932244399051,0.36725003844037263,0.0004116452563624718,98.0
2,noise,9,3.0,200,0.7709590055567762,0.7136987569459702,0.009656569137641163,0.9914932244399051,0.36725003844037263,0.0004116452563624718,98.0
2,noise,9,3.5,200,0.7088601874541007,0.6360752343176259,0.012379972960789099,0.9914932244399051,0.36725003844037263,0.0004116452563624718,98.0
2,noise,10,0.1,200,0.9863473924433838,0.9829342405542296,2.5883284746038553e-06,0.9832549777629188,0.375011506010098,0.00048430026333366483,100.0
2,noise,10,0.25,200,0.9848081963306807,0.9810102454133505,1.4520113619367375e-05,0.9832549777629188,0.375011506010098,0.00048430026333366483,100.0
2,noise,10,0.5,200,0.978713483683192,0.9733918546039899,6.58560030087722e-05,0.9832549777629188,0.375011506010098,0.00048430026333366483,100.0
2,noise,10,0.75,200,0.9710990917627523,0.9638738647034407,0.0001624692545525492,0.9832549777629188,0.375011506010098,0.00048430026333366483,100.0
2,noise,10,1.0,200,0.9570020184742924,0.9462525230928653,0.00035735744067363266,0.9832549777629188,0.375011506010098,0.00048430026333366483,100.0
2,noise,10,1.25,200,0.9408280882216705,0.9260351102770882,0.0007849392899467291,0.9832549777629188,0.375011506010098,0.00048430026333366483,100.0
2,noise,10,1.5,200,0.9206901251954748,0.9008626564943433,0.001422882274796399,0.9832549777629188,0.375011506010098,0.00048430026333366483,100.0
2,noise,10,2.0,200,0.8848865991577587,0.8561082489471983,0.0029497104598105663,0.9832549777629188,0.375011506010098,0.00048430026333366483,100.0
2,noise,10,2.5,200,0.8260893458738722,0.7826116823423399,0.004911974125159065,0.9832549777629188,0.375011506010098,0.00048430026333366483,100.0
2,noise,10,3.0,200,0.7671172582121327,0.7088965727651657,0.010037830402768167,0.9832549777629188,0.375011506010098,0.00048430026333366483,100.0
2,noise,10,3.5,200,0.6996257051634384,0.624532131454298,0.011645484370905658,0.9832549777629188,0.375011506010098,0.00048430026333366483,100.0
2,noise,11,0.1,200,0.9869816274241949,0.9837270342802437,2.4514322221928513e-06,0.9840177310915902,0.3758008163386838,0.0004469663441773922,98.0
2,noise,11,0.25,200,0.9855707857499363,0.9819634821874204,1.5484799955960868e-05,0.9840177310915902,0.3758008163386838,0.0004469663441773922,98.0
2,noise,11,0.5,200,0.9795106975229658,0.9743883719037072,6.417426733622935e-05,0.9840177310915902,0.3758008163386838,0.0004469663441773922,98.0
2,noise,11,0.75,200,0.9710353171711135,0.9637941464638918,0.00016061874107876274,0.9840177310915902,0.3758008163386838,0.0004469663441773922,98.0
2,noise,11,1.0,200,0.9590795922212525,0.9488494902765653,0.00039782858874351116,0.9840177310915902,0.3758008163386838,0.0004469663441773922,98.0
2,noise,11,1.25,200,0.9441980545341022,0.9302475681676277,0.0006686171315270278,0.9840177310915902,0.3758008163386838,0.0004469663441773922,98.0
2,noise,11,1.5,200,0.9262107843386688,0.9077634804233358,0.001249466404502546,0.9840177310915902,0.3758008163386838,0.0004469663441773922,98.0
2,noise,11,2.0,200,0.8809156810975843,0.8511446013719806,0.0030521133459204485,0.9840177310915902,0.3758008163386838,0.0004469663441773922,98.0
2,noise,11,2.5,200,0.8321837331142256,0.7902296663927817,0.004785631866579434,0.9840177310915902,0.3758008163386838,0.0004469663441773922,98.0
2,noise,11,3.0,200,0.7667930781761454,0.7084913477201817,0.010456058672643941,0.9840177310915902,0.3758008163386838,0.0004469663441773922,98.0
2,noise,11,3.5,200,0.7076509141082279,0.6345636426352849,0.012680679326290975,0.9840177310915902,0.3758008163386838,0.0004469663441773922,98.0
2,noise,12,0.1,200,0.9907156659600602,0.988394582450075,1.6923767835603973e-06,0.9887302122263334,0.3762112632572774,0.0005191007472417896,96.0
2,noise,12,0.25,200,0.9892327709975333,0.9865409637469168,9.289541490667897e-06,0.9887302122263334,0.3762112632572774,0.0005191007472417896,96.0
2,noise,12,0.5,200,0.9833697092197756,0.9792121365247195,5.1972457889438845e-05,0.9887302122263334,0.3762112632572774,0.0005191007472417896,96.0
2,noise,12,0.75,200,0.9755859777795965,0.9694824722244957,0.00012434117482729363,0.9887302122263334,0.3762112632572774,0.0005191007472417896,96.0
2,noise,12,1.0,200,0.9625484861925886,0.9531856077407358,0.0002421953565392284,0.9887302122263334,0.3762112632572774,0.0005191007472417896,96.0
2,noise,12,1.25,200,0.9477894923938894,0.9347368654923618,0.0005618290153008674,0.9887302122263334,0.3762112632572774,0.0005191007472417896,96.0
2,noise,12,1.5,200,0.927842695265116,0.9098033690813949,0.0012612933904066373,0.9887302122263334,0.3762112632572774,0.0005191007472417896,96.0
2,noise,12,2.0,200,0.8905329232095597,0.8631661540119496,0.002092031497428194,0.9887302122263334,0.3762112632572774,0.0005191007472417896,96.0
2,noise,12,2.5,200,0.8339913150840751,0.7924891438550941,0.00465404253247286,0.9887302122263334,0.3762112632572774,0.0005191007472417896,96.0
2,noise,12,3.0,200,0.7781520510410909,0.7226900638013635,0.008612928711731763,0.9887302122263334,0.3762112632572774,0.0005191007472417896,96.0
2,noise,12,3.5,200,0.7171463732361589,0.6464329665451984,0.010297737148066722,0.9887302122263334,0.3762112632572774,0.0005191007472417896,96.0
2,noise,13,0.1,200,0.9845376120297907,0.9806720150372383,2.7976076330873153e-06,0.9809725224812019,0.3890876120478827,0.0005236560426649233,98.0
2,noise,13,0.25,200,0.9830655448210082,0.9788319310262602,1.859486693036008e-05,0.9809725224812019,0.3890876120478827,0.0005236560426649233,98.0
2,noise,13,0.5,200,0.9768556479322851,0.9710695599153563,7.925980440311925e-05,0.9809725224812019,0.3890876120478827,0.0005236560426649233,98.0
2,noise,13,0.75,200,0.9689684450253755,0.9612105562817191,0.00017871614314401844,0.9809725224812019,0.3890876120478827,0.0005236560426649233,98.0
2,noise,13,1.0,200,0.9557934197066136,0.9447417746332667,0.0004521746343937526,0.9809725224812019,0.3890876120478827,0.0005236560426649233,98.0
2,noise,13,1.25,200,0.9417920587081098,0.927240073385137,0.0007051749378483747,0.9809725224812019,0.3890876120478827,0.0005236560426649233,98.0
2,noise,13,1.5,200,0.924473434130936,0.9055917926636698,0.0013004344164919762,0.9809725224812019,0.3890876120478827,0.0005236560426649233,98.0
2,noise,13,2.0,200,0.8779022246988062,0.8473777808735078,0.0031639716809174824,0.9809725224812019,0.3890876120478827,0.0005236560426649233,98.0
2,noise,13,2.5,200,0.8299276488832075,0.7874095611040092,0.004661067446631345,0.9809725224812019,0.3890876120478827,0.0005236560426649233,98.0
2,noise,13,3.0,200,0.7658631527058626,0.7073289408823281,0.010377700201506261,0.9809725224812019,0.3890876120478827,0.0005236560426649233,98.0
2,noise,13,3.5,200,0.705350974096921,0.6316887176211511,0.012740791186450183,0.9809725224812019,0.3890876120478827,0.0005236560426649233,98.0
2,noise,14,0.1,200,0.9835701604314192,0.9794627005392741,3.0402476880439e-06,0.9796673757539891,0.39256599246401064,0.0005346150329475052,98.0
2,noise,14,0.25,200,0.982061001536489,0.9775762519206113,1.6452614680115968e-05,0.9796673757539891,0.39256599246401064,0.0005346150329475052,98.0
2,noise,14,0.5,200,0.9755076165618171,0.9693845207022713,9.83754813482859e-05,0.9796673757539891,0.39256599246401064,0.0005346150329475052,98.0
2,noise,14,0.75,200,0.9681500259577986,0.9601875324472482,0.0001832142874529207,0.9796673757539891,0.39256599246401064,0.0005346150329475052,98.0
2,noise,14,1.0,200,0.9558410073813732,0.9448012592267163,0.00036639604126347534,0.9796673757539891,0.39256599246401064,0.0005346150329475052,98.0
2,noise,14,1.25,200,0.93923254614193,0.9240406826774124,0.0007959133905125074,0.9796673757539891,0.39256599246401064,0.0005346150329475052,98.0
2,noise,14,1.5,200,0.9214461533442745,0.9018076916803429,0.0015163745130058815,0.9796673757539891,0.39256599246401064,0.0005346150329475052,98.0
2,noise,14,2.0,200,0.8847041823900477,0.8558802279875596,0.0029312331132367434,0.9796673757539891,0.39256599246401064,0.0005346150329475052,98.0
2,noise,14,2.5,200,0.8307019429293239,0.7883774286616546,0.0049160959793617,0.9796673757539891,0.39256599246401064,0.0005346150329475052,98.0
2,noise,14,3.0,200,0.7683483082287493,0.7104353852859364,0.00924920910461378,0.9796673757539891,0.39256599246401064,0.0005346150329475052,98.0
2,noise,14,3.5,200,0.7026083321463849,0.628260415182981,0.013298775815936142,0.9796673757539891,0.39256599246401064,0.0005346150329475052,98.0
2,noise,15,0.1,200,0.985511202671042,0.9818890033388024,2.879080365051752e-06,0.9821046108114221,0.3930636366193976,0.0005024175786457019,96.0
2,noise,15,0.25,200,0.9840035456664398,0.9800044320830495,1.7549674654359845e-05,0.9821046108114221,0.3930636366193976,0.0005024175786457019,96.0
2,noise,15,0.5,200,0.9778820169647727,0.9723525212059657,6.848647132842382e-05,0.9821046108114221,0.3930636366193976,0.0005024175786457019,96.0
2,noise,15,0.75,200,0.969845793549747,0.9623072419371839,0.0001697431147128533,0.9821046108114221,0.3930636366193976,0.0005024175786457019,96.0
2,noise,15,1.0,200,0.9578475456697509,0.9473094320871889,0.00042768245895467524,0.9821046108114221,0.3930636366193976,0.0005024175786457019,96.0
2,noise,15,1.25,200,0.9434813520598188,0.9293516900747734,0.0007098623141875901,0.9821046108114221,0.3930636366193976,0.0005024175786457019,96.0
2,noise,15,1.5,200,0.9237507075675842,0.9046883844594801,0.0014043432223687952,0.9821046108114221,0.3930636366193976,0.0005024175786457019,96.0
2,noise,15,2.0,200,0.88153374369882,0.8519171796235251,0.0028828252386032703,0.9821046108114221,0.3930636366193976,0.0005024175786457019,96.0
2,noise,15,2.5,200,0.8294657841469988,0.7868322301837485,0.005809526411915403,0.9821046108114221,0.3930636366193976,0.0005024175786457019,96.0
2,noise,15,3.0,200,0.7737607476138226,0.7172009345172782,0.009739857183589586,0.9821046108114221,0.3930636366193976,0.0005024175786457019,96.0
2,noise,15,3.5,200,0.716788513426135,0.6459856417826687,0.011398722414497504,0.9821046108114221,0.3930636366193976,0.0005024175786457019,96.0
2,noise,16,0.1,200,0.9830836106231717,0.9788545132789644,3.2788324569513584e-06,0.979063343065107,0.3887903156497514,0.0005237216063006447,98.0
2,noise,16,0.25,200,0.9814883823152428,0.9768604778940535,1.885691330156121e-05,0.979063343065107,0.3887903156497514,0.0005237216063006447,98.0
2,noise,16,0.5,200,0.9748930152902191,0.9686162691127737,0.00010247491293107082,0.979063343065107,0.3887903156497514,0.0005237216063006447,98.0
2,noise,16,0.75,200,0.9678486487585247,0.9598108109481558,0.00018608083602238178,0.979063343065107,0.3887903156497514,0.0005237216063006447,98.0
2,noise,16,1.0,200,0.9543440242406351,0.942930030300794,0.0004085284039036409,0.979063343065107,0.3887903156497514,0.0005237216063006447,98.0
2,noise,16,1.25,200,0.9389323194941881,0.9236653993677351,0.0008083159839736287,0.979063343065107,0.3887903156497514,0.0005237216063006447,98.0
2,noise,16,1.5,200,0.921423738453548,0.9017796730669349,0.001462109665182803,0.979063343065107,0.3887903156497514,0.0005237216063006447,98.0
2,noise,16,2.0,200,0.8824992651246424,0.8531240814058029,0.003074449027572049,0.979063343065107,0.3887903156497514,0.0005237216063006447,98.0
2,noise,16,2.5,200,0.8289414841377177,0.7861768551721471,0.004992780418929111,0.979063343065107,0.3887903156497514,0.0005237216063006447,98.0
2,noise,16,3.0,200,0.7675911582165249,0.7094889477706561,0.00927363855129289,0.979063343065107,0.3887903156497514,0.0005237216063006447,98.0
2,noise,16,3.5,200,0.7005471986564773,0.6256839983205965,0.013109055088863383,0.979063343065107,0.3887903156497514,0.0005237216063006447,98.0
2,noise,17,0.1,200,0.9838663386269358,0.9798329232836697,2.9939307021989676e-06,0.9800145572158931,0.3934605259768267,0.0005167399109708667,96.0
2,noise,17,0.25,200,0.9823151605928967,0.977893950741121,1.8190875711566498e-05,0.9800145572158931,0.3934605259768267,0.0005167399109708667,96.0
2,noise,17,0.5,200,0.9760654856788957,0.9700818570986196,8.040891878627476e-05,0.9800145572158931,0.3934605259768267,0.0005167399109708667,96.0
2,noise,17,0.75,200,0.9683797313975666,0.9604746642469582,0.0001942818313573244,0.9800145572158931,0.3934605259768267,0.0005167399109708667,96.0
2,noise,17,1.0,200,0.9554944366400786,0.9443680458000983,0.0004635453075338686,0.9800145572158931,0.3934605259768267,0.0005167399109708667,96.0
2,noise,17,1.25,200,0.9417298986121472,0.9271623732651839,0.0007070404129333582,0.9800145572158931,0.3934605259768267,0.0005167399109708667,96.0
2,noise,17,1.5,200,0.9227052251582919,0.9033815314478649,0.0014516013234049424,0.9800145572158931,0.3934605259768267,0.0005167399109708667,96.0
2,noise,17,2.0,200,0.8793630216270195,0.8492037770337741,0.003003693118525308,0.9800145572158931,0.3934605259768267,0.0005167399109708667,96.0
2,noise,17,2.5,200,0.827891180404235,0.7848639755052936,0.005718256059884293,0.9800145572158931,0.3934605259768267,0.0005167399109708667,96.0
2,noise,17,3.0,200,0.7729432452158316,0.7161790565197893,0.009861022905972499,0.9800145572158931,0.3934605259768267,0.0005167399109708667,96.0
2,noise,17,3.5,200,0.7143531324810373,0.6429414156012965,0.011148795154332408,0.9800145572158931,0.3934605259768267,0.0005167399109708667,96.0
2,noise,18,0.1,200,0.9828158485280687,0.9785198106600858,3.330322001151134e-06,0.9787256323870963,0.3954005787517513,0.0006086394122855935,98.0
2,noise,18,0.25,200,0.9812297148485787,0.9765371435607233,1.880483087956967e-05,0.9787256323870963,0.3954005787517513,0.0006086394122855935,98.0
2,noise,18,0.5,200,0.9745832776439181,0.9682290970548973,0.00010429271789186763,0.9787256323870963,0.3954005787517513,0.0006086394122855935,98.0
2,noise,18,0.75,200,0.9675923979802044,0.9594904974752552,0.0001878307014076707,0.9787256323870963,0.3954005787517513,0.0006086394122855935,98.0
2,noise,18,1.0,200,0.9540828249240028,0.9426035311550031,0.0004123557075390223,0.9787256323870963,0.3954005787517513,0.0006086394122855935,98.0
2,noise,18,1.25,200,0.9386345570841361,0.9232931963551697,0.0008187195763111976,0.9787256323870963,0.3954005787517513,0.0006086394122855935,98.0
2,noise,18,1.5,200,0.9210114586668138,0.9012643233335171,0.0014708387947527139,0.9787256323870963,0.3954005787517513,0.0006086394122855935,98.0
2,noise,18,2.0,200,0.8824013507704198,0.8530016884630247,0.0030750014078459688,0.9787256323870963,0.3954005787517513,0.0006086394122855935,98.0
2,noise,18,2.5,200,0.8286607325850899,0.7858259157313622,0.005019658808277172,0.9787256323870963,0.3954005787517513,0.0006086394122855935,98.0
2,noise,18,3.0,200,0.7673753956666101,0.7092192445832627,0.009305774690758734,0.9787256323870963,0.3954005787517513,0.0006086394122855935,98.0
2,noise,18,3.5,200,0.7003913555237566,0.6254891944046957,0.013211435681229636,0.9787256323870963,0.3954005787517513,0.0006086394122855935,98.0
2,noise,19,0.1,200,0.9493491579793818,0.9366864474742271,1.3325300781385921e-05,0.9369696409059831,1.1856657716465584,0.0010491116560525935,180.0
2,noise,19,0.25,200,0.946250101800695,0.9328126272508687,0.00010768899387948085,0.9369696409059831,1.1856657716465584,0.0010491116560525935,180.0
2,noise,19,0.5,200,0.9354467973900052,0.9193084967375066,0.0003922249954797247,0.9369696409059831,1.1856657716465584,0.0010491116560525935,180.0
2,noise,19,0.75,200,0.9234635467987021,0.9043294334983775,0.0008958738107095039,0.9369696409059831,1.1856657716465584,0.0010491116560525935,180.0
2,noise,19,1.0,200,0.9013546962281311,0.8766933702851639,0.0018605952042138427,0.9369696409059831,1.1856657716465584,0.0010491116560525935,180.0
2,noise,19,1.25,200,0.8673805971042001,0.8342257463802499,0.003856104342951442,0.9369696409059831,1.1856657716465584,0.0010491116560525935,180.0
2,noise,19,1.5,200,0.8395107530403824,0.7993884413004778,0.005098100780839134,0.9369696409059831,1.1856657716465584,0.0010491116560525935,180.0
2,noise,19,2.0,200,0.7791130583252057,0.7238913229065069,0.00927592210161583,0.9369696409059831,1.1856657716465584,0.0010491116560525935,180.0
2,noise,19,2.5,200,0.7064438939085748,0.6330548673857184,0.009964432293611672,0.9369696409059831,1.1856657716465584,0.0010491116560525935,180.0
2,noise,19,3.0,200,0.621776604058519,0.5272207550731487,0.01904626508291348,0.9369696409059831,1.1856657716465584,0.0010491116560525935,180.0
2,noise,19,3.5,200,0.5486827418036704,0.43585342725458803,0.020050833230316815,0.9369696409059831,1.1856657716465584,0.0010491116560525935,180.0
2,noise,20,0.1,200,0.9824683964666674,0.9780854955833342,3.2890807389944427e-06,0.9782563756609852,0.3970551460454107,0.0006380432417734869,98.0
2,noise,20,0.25,200,0.9809764656944427,0.9762205821180531,1.739436034568492e-05,0.9782563756609852,0.3970551460454107,0.0006380432417734869,98.0
2,noise,20,0.5,200,0.9742498387068234,0.967812298383529,9.959338997491774e-05,0.9782563756609852,0.3970551460454107,0.0006380432417734869,98.0
2,noise,20,0.75,200,0.9668184840892522,0.9585231051115655,0.0001917057657439915,0.9782563756609852,0.3970551460454107,0.0006380432417734869,98.0
2,noise,20,1.0,200,0.9544158750168568,0.9430198437710706,0.0004238501994839702,0.9782563756609852,0.3970551460454107,0.0006380432417734869,98.0
2,noise,20,1.25,200,0.9382859535302398,0.9228574419127996,0.0008270466124678977,0.9782563756609852,0.3970551460454107,0.0006380432417734869,98.0
2,noise,20,1.5,200,0.9202981854354129,0.9003727317942664,0.0014985696185429948,0.9782563756609852,0.3970551460454107,0.0006380432417734869,98.0
2,noise,20,2.0,200,0.8816140413238476,0.8520175516548094,0.003021387864962487,0.9782563756609852,0.3970551460454107,0.0006380432417734869,98.0
2,noise,20,2.5,200,0.8285184303795943,0.7856480379744929,0.005108018030632767,0.9782563756609852,0.3970551460454107,0.0006380432417734869,98.0
2,noise,20,3.0,200,0.7668373734584208,0.7085467168230261,0.009800583584476498,0.9782563756609852,0.3970551460454107,0.0006380432417734869,98.0
2,noise,20,3.5,200,0.7020371002925921,0.6275463753657402,0.013409903597714413,0.9782563756609852,0.3970551460454107,0.0006380432417734869,98.0
2,noise,21,0.1,200,0.9753685429422018,0.9692106786777521,6.624014390482343e-06,0.9696184208959154,1.0382580025756343,0.0011978438362298567,180.0
2,noise,21,0.25,200,0.9720903401459602,0.96511292518245,5.5785380744937134e-05,0.9696184208959154,1.0382580025756343,0.0011978438362298567,180.0
2,noise,21,0.5,200,0.961475336151894,0.9518441701898672,0.00022836832481599277,0.9696184208959154,1.0382580025756343,0.0011978438362298567,180.0
2,noise,21,0.75,200,0.9484788316858173,0.9355985396072714,0.0005589411935149139,0.9696184208959154,1.0382580025756343,0.0011978438362298567,180.0
2,noise,21,1.0,200,0.925787768858991,0.9072347110737385,0.0011862548705900613,0.9696184208959154,1.0382580025756343,0.0011978438362298567,180.0
2,noise,21,1.25,200,0.8926891682402851,0.8658614603003563,0.0028744740174322025,0.9696184208959154,1.0382580025756343,0.0011978438362298567,180.0
2,noise,21,1.5,200,0.8614287264044744,0.8267859080055928,0.003906378314011754,0.9696184208959154,1.0382580025756343,0.0011978438362298567,180.0
2,noise,21,2.0,200,0.7979896634159593,0.7474870792699491,0.008285962873708268,0.9696184208959154,1.0382580025756343,0.0011978438362298567,180.0
2,noise,21,2.5,200,0.7244438297332716,0.6555547871665894,0.008943842529675363,0.9696184208959154,1.0382580025756343,0.0011978438362298567,180.0
2,noise,21,3.0,200,0.6346626928687994,0.5433283660859991,0.019010708884833024,0.9696184208959154,1.0382580025756343,0.0011978438362298567,180.0
2,noise,21,3.5,200,0.5602477295244349,0.45030966190554345,0.0196397378665821,0.9696184208959154,1.0382580025756343,0.0011978438362298567,180.0
2,noise,22,0.1,200,0.9836109316077576,0.9795136645096969,3.059075226057482e-06,0.9796869185491579,0.3962994498065771,0.0006916387800032806,98.0
2,noise,22,0.25,200,0.9820816322806993,0.977602040350874,1.6417822556486613e-05,0.9796869185491579,0.3962994498065771,0.0006916387800032806,98.0
2,noise,22,0.5,200,0.9753451871473087,0.9691814839341357,9.620847992007766e-05,0.9796869185491579,0.3962994498065771,0.0006916387800032806,98.0
2,noise,22,0.75,200,0.968022942511725,0.9600286781396562,0.0001823960236479576,0.9796869185491579,0.3962994498065771,0.0006916387800032806,98.0
2,noise,22,1.0,200,0.9554077576614741,0.9442596970768424,0.0003877748629883332,0.9796869185491579,0.3962994498065771,0.0006916387800032806,98.0
2,noise,22,1.25,200,0.9391708009063326,0.9239635011329159,0.0008071445215835529,0.9796869185491579,0.3962994498065771,0.0006916387800032806,98.0
2,noise,22,1.5,200,0.9214472476080936,0.9018090595101171,0.0014614419199833245,0.9796869185491579,0.3962994498065771,0.0006916387800032806,98.0
2,noise,22,2.0,200,0.8827234876041761,0.85340435950522,0.003000389372755943,0.9796869185491579,0.3962994498065771,0.0006916387800032806,98.0
2,noise,22,2.5,200,0.8292188158733428,0.7865235198416787,0.005031816734240243,0.9796869185491579,0.3962994498065771,0.0006916387800032806,98.0
2,noise,22,3.0,200,0.7678344353318212,0.7097930441647765,0.009501334262610146,0.9796869185491579,0.3962994498065771,0.0006916387800032806,98.0
2,noise,22,3.5,200,0.702035275064201,0.6275440938302512,0.013347336652577901,0.9796869185491579,0.3962994498065771,0.0006916387800032806,98.0
2,noise,23,0.1,200,0.9832040085045682,0.97900501063071,5.421857290297692e-06,0.979501898022998,0.9980390965122876,0.0011071368928081905,180.0
2,noise,23,0.25,200,0.9799329364981703,0.9749161706227129,4.420831960281594e-05,0.979501898022998,0.9980390965122876,0.0011071368928081905,180.0
2,noise,23,0.5,200,0.9696579700557081,0.9620724625696352,0.0001907859284111484,0.979501898022998,0.9980390965122876,0.0011071368928081905,180.0
2,noise,23,0.75,200,0.9563457106047866,0.9454321382559832,0.0004721050827757417,0.979501898022998,0.9980390965122876,0.0011071368928081905,180.0
2,noise,23,1.0,200,0.9338753558897294,0.9173441948621618,0.0010545935790411529,0.979501898022998,0.9980390965122876,0.0011071368928081905,180.0
2,noise,23,1.25,200,0.9008911220226964,0.8761139025283703,0.0026414439162498926,0.979501898022998,0.9980390965122876,0.0011071368928081905,180.0
2,noise,23,1.5,200,0.8691996868050208,0.8364996085062759,0.0036661099911639017,0.979501898022998,0.9980390965122876,0.0011071368928081905,180.0
2,noise,23,2.0,200,0.8050695631645924,0.7563369539557405,0.008017710899463149,0.979501898022998,0.9980390965122876,0.0011071368928081905,180.0
2,noise,23,2.5,200,0.731964273107308,0.6649553413841349,0.00904674325019219,0.979501898022998,0.9980390965122876,0.0011071368928081905,180.0
2,noise,23,3.0,200,0.6411195679065361,0.55139945988317,0.0194038676606825,0.979501898022998,0.9980390965122876,0.0011071368928081905,180.0
2,noise,23,3.5,200,0.5657468056161369,0.4571835070201709,0.02011479627354773,0.979501898022998,0.9980390965122876,0.0011071368928081905,180.0
2,noise,24,0.1,200,0.982851520296477,0.9785644003705961,3.079554692110808e-06,0.9788069123285208,0.39712053220889887,0.0007861041915093133,102.0
2,noise,24,0.25,200,0.9813125044387032,0.976640630548379,1.821658192884935e-05,0.9788069123285208,0.39712053220889887,0.0007861041915093133,102.0
2,noise,24,0.5,200,0.9744955096737397,0.9681193870921746,0.00010029162419850253,0.9788069123285208,0.39712053220889887,0.0007861041915093133,102.0
2,noise,24,0.75,200,0.9669236833215568,0.9586546041519458,0.00020109141857405297,0.9788069123285208,0.39712053220889887,0.0007861041915093133,102.0
2,noise,24,1.0,200,0.9537425427986455,0.9421781784983068,0.0004880629074772797,0.9788069123285208,0.39712053220889887,0.0007861041915093133,102.0
2,noise,24,1.25,200,0.9383721505499811,0.9229651881874764,0.0008752439142423488,0.9788069123285208,0.39712053220889887,0.0007861041915093133,102.0
2,noise,24,1.5,200,0.9186195367082011,0.8982744208852512,0.0018413229494905433,0.9788069123285208,0.39712053220889887,0.0007861041915093133,102.0
2,noise,24,2.0,200,0.8763064722372467,0.8453830902965582,0.0030416655032107732,0.9788069123285208,0.39712053220889887,0.0007861041915093133,102.0
2,noise,24,2.5,200,0.8185687963488366,0.7732109954360459,0.005572551941338337,0.9788069123285208,0.39712053220889887,0.0007861041915093133,102.0
2,noise,24,3.0,200,0.7572702988548192,0.696587873568524,0.009529024751831157,0.9788069123285208,0.39712053220889887,0.0007861041915093133,102.0
2,noise,24,3.5,200,0.6917338672017266,0.6146673340021581,0.012209697036307858,0.9788069123285208,0.39712053220889887,0.0007861041915093133,102.0
2,noise,25,0.1,200,0.9839183460337712,0.9798979325422139,2.7008486330545347e-06,0.98010859602964,0.3947231102757234,0.0007690664749896217,100.0
2,noise,25,0.25,200,0.9824690577671543,0.9780863222089429,1.8659227779195206e-05,0.98010859602964,0.3947231102757234,0.0007690664749896217,100.0
2,noise,25,0.5,200,0.9757599863759406,0.9696999829699255,7.69457136838723e-05,0.98010859602964,0.3947231102757234,0.0007690664749896217,100.0
2,noise,25,0.75,200,0.9679535013834197,0.9599418767292747,0.00017887214770931275,0.98010859602964,0.3947231102757234,0.0007690664749896217,100.0
2,noise,25,1.0,200,0.9541584765052517,0.9426980956315646,0.0004378107940768351,0.98010859602964,0.3947231102757234,0.0007690664749896217,100.0
2,noise,25,1.25,200,0.9391683990112913,0.923960498764114,0.0009460386676068103,0.98010859602964,0.3947231102757234,0.0007690664749896217,100.0
2,noise,25,1.5,200,0.919670230788348,0.8995877884854351,0.0014259207337187522,0.98010859602964,0.3947231102757234,0.0007690664749896217,100.0
2,noise,25,2.0,200,0.8774867252247077,0.8468584065308846,0.0031313690513451076,0.98010859602964,0.3947231102757234,0.0007690664749896217,100.0
2,noise,25,2.5,200,0.8249211600449198,0.7811514500561496,0.005440333546905389,0.98010859602964,0.3947231102757234,0.0007690664749896217,100.0
2,noise,25,3.0,200,0.7667448308525376,0.7084310385656721,0.010530322598732716,0.98010859602964,0.3947231102757234,0.0007690664749896217,100.0
2,noise,25,3.5,200,0.701847462966891,0.6273093287086139,0.012062372325542574,0.98010859602964,0.3947231102757234,0.0007690664749896217,100.0
2,noise,26,0.1,200,0.9849073052299092,0.9811341315373864,2.5154103225253625e-06,0.9813630199407932,0.3890111801772449,0.0007866197082560586,100.0
2,noise,26,0.25,200,0.9833669929813831,0.9792087412267287,1.696065874789189e-05,0.9813630199407932,0.3890111801772449,0.0007866197082560586,100.0
2,noise,26,0.5,200,0.9766208171254285,0.9707760214067853,7.064426907715434e-05,0.9813630199407932,0.3890111801772449,0.0007866197082560586,100.0
2,noise,26,0.75,200,0.9692667529571359,0.9615834411964201,0.00018250836680654074,0.9813630199407932,0.3890111801772449,0.0007866197082560586,100.0
2,noise,26,1.0,200,0.9544518685242327,0.9430648356552908,0.00040669576954664694,0.9813630199407932,0.3890111801772449,0.0007866197082560586,100.0
2,noise,26,1.25,200,0.9396820706549948,0.9246025883187434,0.0008990030935250887,0.9813630199407932,0.3890111801772449,0.0007866197082560586,100.0
2,noise,26,1.5,200,0.9207210547803015,0.9009013184753766,0.0013821365809994497,0.9813630199407932,0.3890111801772449,0.0007866197082560586,100.0
2,noise,26,2.0,200,0.8787094832737324,0.8483868540921656,0.0031082879965984665,0.9813630199407932,0.3890111801772449,0.0007866197082560586,100.0
2,noise,26,2.5,200,0.82516492043952,0.7814561505494,0.005098773982304471,0.9813630199407932,0.3890111801772449,0.0007866197082560586,100.0
2,noise,26,3.0,200,0.7674784279092952,0.7093480348866188,0.010612417217701897,0.9813630199407932,0.3890111801772449,0.0007866197082560586,100.0
2,noise,26,3.5,200,0.7006173476697783,0.625771684587223,0.012084062191406099,0.9813630199407932,0.3890111801772449,0.0007866197082560586,100.0
2,noise,27,0.1,200,0.9954775206800005,0.9943469008500009,1.2178663617847714e-06,0.9951689451582075,0.8910340380386288,0.001251887118868455,180.0
2,noise,27,0.25,200,0.9925984657176476,0.9907480821470593,9.49015522605437e-06,0.9951689451582075,0.8910340380386288,0.001251887118868455,180.0
2,noise,27,0.5,200,0.9827525834849276,0.9784407293561594,7.413632872460291e-05,0.9951689451582075,0.8910340380386288,0.001251887118868455,180.0
2,noise,27,0.75,200,0.9668531790681301,0.9585664738351625,0.0002392118143776247,0.9951689451582075,0.8910340380386288,0.001251887118868455,180.0
2,noise,27,1.0,200,0.9464514628684046,0.9330643285855058,0.0006601070249999955,0.9951689451582075,0.8910340380386288,0.001251887118868455,180.0
2,noise,27,1.25,200,0.9170795640143773,0.8963494550179715,0.0017389101020422342,0.9951689451582075,0.8910340380386288,0.001251887118868455,180.0
2,noise,27,1.5,200,0.882069349045159,0.8525866863064485,0.0029856237340027503,0.9951689451582075,0.8910340380386288,0.001251887118868455,180.0
2,noise,27,2.0,200,0.8112687583570442,0.7640859479463051,0.007732929799067061,0.9951689451582075,0.8910340380386288,0.001251887118868455,180.0
2,noise,27,2.5,200,0.7380733977141569,0.6725917471426961,0.008619747064560732,0.9951689451582075,0.8910340380386288,0.001251887118868455,180.0
2,noise,27,3.0,200,0.6448923239839965,0.5561154049799957,0.01996273056496798,0.9951689451582075,0.8910340380386288,0.001251887118868455,180.0
2,noise,27,3.5,200,0.5691014944523264,0.461376868065408,0.020758096711397098,0.9951689451582075,0.8910340380386288,0.001251887118868455,180.0
2,noise,28,0.1,200,0.9841374712915076,0.9801718391143845,2.606541380086844e-06,0.980379477398889,0.3966598027134405,0.0007937335585939196,100.0
2,noise,28,0.25,200,0.982598796601803,0.9782484957522536,1.756765029422515e-05,0.980379477398889,0.3966598027134405,0.0007937335585939196,100.0
2,noise,28,0.5,200,0.9758206889119934,0.9697758611399917,7.314166392615244e-05,0.980379477398889,0.3966598027134405,0.0007937335585939196,100.0
2,noise,28,0.75,200,0.9683848101575067,0.9604810126968831,0.0001877784286248646,0.980379477398889,0.3966598027134405,0.0007937335585939196,100.0
2,noise,28,1.0,200,0.9537271372942011,0.9421589216177515,0.00042521649738174567,0.980379477398889,0.3966598027134405,0.0007937335585939196,100.0
2,noise,28,1.25,200,0.939069514460727,0.9238368930759084,0.0009284485619635483,0.980379477398889,0.3966598027134405,0.0007937335585939196,100.0
2,noise,28,1.5,200,0.9198835857735391,0.899854482216924,0.0013987645652136576,0.980379477398889,0.3966598027134405,0.0007937335585939196,100.0
2,noise,28,2.0,200,0.8775149237020724,0.8468936546275905,0.0031658529072411345,0.980379477398889,0.3966598027134405,0.0007937335585939196,100.0
2,noise,28,2.5,200,0.8243639646646014,0.7804549558307515,0.005192254325001635,0.980379477398889,0.3966598027134405,0.0007937335585939196,100.0
2,noise,28,3.0,200,0.7667985011485325,0.7084981264356657,0.010693930438658898,0.980379477398889,0.3966598027134405,0.0007937335585939196,100.0
2,noise,28,3.5,200,0.7002677785369394,0.6253347231711743,0.01215336338985845,0.980379477398889,0.3966598027134405,0.0007937335585939196,100.0
2,noise,29,0.1,200,0.9828235471565006,0.9785294339456257,2.9918441880166117e-06,0.9787408620878348,0.39828354510305286,0.0008184897499163147,100.0
2,noise,29,0.25,200,0.9813829045350453,0.9767286306688063,1.9065572300651996e-05,0.9787408620878348,0.39828354510305286,0.0008184897499163147,100.0
2,noise,29,0.5,200,0.9746267216179044,0.9682834020223804,7.744723129887009e-05,0.9787408620878348,0.39828354510305286,0.0008184897499163147,100.0
2,noise,29,0.75,200,0.9672278170794393,0.959034771349299,0.0001846350234351247,0.9787408620878348,0.39828354510305286,0.0008184897499163147,100.0
2,noise,29,1.0,200,0.9533080378775032,0.9416350473468785,0.0004379230269325805,0.9787408620878348,0.39828354510305286,0.0008184897499163147,100.0
2,noise,29,1.25,200,0.9378085352731017,0.922260669091377,0.000998420503485052,0.9787408620878348,0.39828354510305286,0.0008184897499163147,100.0
2,noise,29,1.5,200,0.9179478242317315,0.8974347802896645,0.0014933988262582699,0.9787408620878348,0.39828354510305286,0.0008184897499163147,100.0
2,noise,29,2.0,200,0.8784347461727897,0.8480434327159871,0.0031719194032094437,0.9787408620878348,0.39828354510305286,0.0008184897499163147,100.0
2,noise,29,2.5,200,0.8241352580072626,0.7801690725090782,0.0052405757659634376,0.9787408620878348,0.39828354510305286,0.0008184897499163147,100.0
2,noise,29,3.0,200,0.7665990532451552,0.708248816556444,0.01038887060270869,0.9787408620878348,0.39828354510305286,0.0008184897499163147,100.0
2,noise,29,3.5,200,0.7004788661010398,0.6255985826262997,0.011892382401138652,0.9787408620878348,0.39828354510305286,0.0008184897499163147,100.0
2,noise,30,0.1,200,0.9856484310421989,0.9820605388027487,2.6534300604157573e-06,0.9822633335529741,0.38358470095400976,0.0008441247943121387,98.0
2,noise,30,0.25,200,0.9841143681663258,0.9801429602079074,1.6144088671623253e-05,0.9822633335529741,0.38358470095400976,0.0008441247943121387,98.0
2,noise,30,0.5,200,0.9774773749466787,0.9718467186833485,8.427149358741315e-05,0.9822633335529741,0.38358470095400976,0.0008441247943121387,98.0
2,noise,30,0.75,200,0.9701630288804403,0.9627037861005503,0.00016629896081892518,0.9822633335529741,0.38358470095400976,0.0008441247943121387,98.0
2,noise,30,1.0,200,0.9569735145101479,0.9462168931376848,0.00038967239048358306,0.9822633335529741,0.38358470095400976,0.0008441247943121387,98.0
2,noise,30,1.25,200,0.9415077881950243,0.9268847352437801,0.0007388098006105504,0.9822633335529741,0.38358470095400976,0.0008441247943121387,98.0
2,noise,30,1.5,200,0.9239038576275398,0.9048798220344247,0.001338115052061922,0.9822633335529741,0.38358470095400976,0.0008441247943121387,98.0
2,noise,30,2.0,200,0.8827942885262726,0.8534928606578407,0.002988781679168907,0.9822633335529741,0.38358470095400976,0.0008441247943121387,98.0
2,noise,30,2.5,200,0.8307700755402845,0.7884625944253558,0.004851285040784965,0.9822633335529741,0.38358470095400976,0.0008441247943121387,98.0
2,noise,30,3.0,200,0.7689977070714554,0.7112471338393191,0.00978108656207438,0.9822633335529741,0.38358470095400976,0.0008441247943121387,98.0
2,noise,30,3.5,200,0.7037180866284696,0.6296476082855871,0.013262361922224184,0.9822633335529741,0.38358470095400976,0.0008441247943121387,98.0
2,noise,31,0.1,200,0.9855823224106399,0.9819779030132998,2.6153114994122616e-06,0.9821874606531563,0.39722610674110315,0.0008720078322203429,96.0
2,noise,31,0.25,200,0.9840286318440102,0.9800357898050129,1.4281508284832503e-05,0.9821874606531563,0.39722610674110315,0.0008720078322203429,96.0
2,noise,31,0.5,200,0.9776368501380314,0.9720460626725389,7.670666799530961e-05,0.9821874606531563,0.39722610674110315,0.0008720078322203429,96.0
2,noise,31,0.75,200,0.9703988140245837,0.9629985175307294,0.0001806904914967892,0.9821874606531563,0.39722610674110315,0.0008720078322203429,96.0
2,noise,31,1.0,200,0.9568194583664381,0.9460243229580476,0.0003817232739808779,0.9821874606531563,0.39722610674110315,0.0008720078322203429,96.0
2,noise,31,1.25,200,0.9428372432872103,0.9285465541090128,0.0006789854694288719,0.9821874606531563,0.39722610674110315,0.0008720078322203429,96.0
2,noise,31,1.5,200,0.923540048940954,0.904425061176192,0.0014225021026146533,0.9821874606531563,0.39722610674110315,0.0008720078322203429,96.0
2,noise,31,2.0,200,0.8824743614483282,0.8530929518104102,0.002736520506213096,0.9821874606531563,0.39722610674110315,0.0008720078322203429,96.0
2,noise,31,2.5,200,0.8287919952589397,0.7859899940736744,0.005334559407348376,0.9821874606531563,0.39722610674110315,0.0008720078322203429,96.0
2,noise,31,3.0,200,0.774532369646285,0.7181654620578561,0.009476362791811615,0.9821874606531563,0.39722610674110315,0.0008720078322203429,96.0
2,noise,31,3.5,200,0.7134303893262629,0.6417879866578287,0.010766427099524902,0.9821874606531563,0.39722610674110315,0.0008720078322203429,96.0
2,noise,32,0.1,200,0.9843606954068902,0.9804508692586126,2.84252725394943e-06,0.980637090465638,0.39279587278897665,0.000900063719803834,98.0
2,noise,32,0.25,200,0.9828551871605076,0.9785689839506344,1.6431755061737302e-05,0.980637090465638,0.39279587278897665,0.000900063719803834,98.0
2,noise,32,0.5,200,0.976154384858201,0.9701929810727512,8.516534302331874e-05,0.980637090465638,0.39279587278897665,0.000900063719803834,98.0
2,noise,32,0.75,200,0.9686887430973027,0.9608609288716282,0.00017901093791520184,0.980637090465638,0.39279587278897665,0.000900063719803834,98.0
2,noise,32,1.0,200,0.9559450556562799,0.9449313195703499,0.0004046707004380265,0.980637090465638,0.39279587278897665,0.000900063719803834,98.0
2,noise,32,1.25,200,0.9402332713594945,0.9252915891993679,0.0007704356083983951,0.980637090465638,0.39279587278897665,0.000900063719803834,98.0
2,noise,32,1.5,200,0.9226073952520051,0.9032592440650064,0.001390486950697789,0.980637090465638,0.39279587278897665,0.000900063719803834,98.0
2,noise,32,2.0,200,0.8808871818482782,0.8511089773103478,0.003112779697134067,0.980637090465638,0.39279587278897665,0.000900063719803834,98.0
2,noise,32,2.5,200,0.8289803743085287,0.7862254678856608,0.004996374863799778,0.980637090465638,0.39279587278897665,0.000900063719803834,98.0
2,noise,32,3.0,200,0.767583337677209,0.7094791720965111,0.010048920197669795,0.980637090465638,0.39279587278897665,0.000900063719803834,98.0
2,noise,32,3.5,200,0.7032592072367704,0.6290740090459628,0.013372849943821223,0.980637090465638,0.39279587278897665,0.000900063719803834,98.0
2,noise,33,0.1,200,0.9851207159809999,0.9814008949762496,2.7449511892370814e-06,0.9816235050244417,0.3945904703837952,0.0009127226907559598,96.0
2,noise,33,0.25,200,0.9835786664663637,0.9794733330829544,1.4876623355853256e-05,0.9816235050244417,0.3945904703837952,0.0009127226907559598,96.0
2,noise,33,0.5,200,0.9771566881247925,0.9714458601559908,7.737972077923337e-05,0.9816235050244417,0.3945904703837952,0.0009127226907559598,96.0
2,noise,33,0.75,200,0.9698215729913351,0.9622769662391687,0.00017845562581595648,0.9816235050244417,0.3945904703837952,0.0009127226907559598,96.0
2,noise,33,1.0,200,0.9566407004682302,0.9458008755852879,0.0003825294483173783,0.9816235050244417,0.3945904703837952,0.0009127226907559598,96.0
2,noise,33,1.25,200,0.9424587815465322,0.9280734769331653,0.0007037789484146097,0.9816235050244417,0.3945904703837952,0.0009127226907559598,96.0
2,noise,33,1.5,200,0.9228636906727448,0.903579613340931,0.0014624978432473967,0.9816235050244417,0.3945904703837952,0.0009127226907559598,96.0
2,noise,33,2.0,200,0.8823667397586373,0.8529584246982966,0.002728415174319432,0.9816235050244417,0.3945904703837952,0.0009127226907559598,96.0
2,noise,33,2.5,200,0.828343393049615,0.7854292413120185,0.005426732672427397,0.9816235050244417,0.3945904703837952,0.0009127226907559598,96.0
2,noise,33,3.0,200,0.7744095908738935,0.7180119885923668,0.009549456518298366,0.9816235050244417,0.3945904703837952,0.0009127226907559598,96.0
2,noise,33,3.5,200,0.7139544567485925,0.6424430709357406,0.010807012967249204,0.9816235050244417,0.3945904703837952,0.0009127226907559598,96.0
2,noise,34,0.1,200,0.9869052593125108,0.9836315741406385,2.4804741846885926e-06,0.9838851796238477,0.38926246954827637,0.0009859689594160755,96.0
2,noise,34,0.25,200,0.985369298766241,0.9817116234578012,1.3977077361490774e-05,0.9838851796238477,0.38926246954827637,0.0009859689594160755,96.0
2,noise,34,0.5,200,0.9790655005056454,0.9738318756320566,7.362251324400755e-05,0.9838851796238477,0.38926246954827637,0.0009859689594160755,96.0
2,noise,34,0.75,200,0.9717198227162065,0.9646497783952585,0.0001669929823967611,0.9838851796238477,0.38926246954827637,0.0009859689594160755,96.0
2,noise,34,1.0,200,0.9582939962981055,0.9478674953726318,0.0003594682744464295,0.9838851796238477,0.38926246954827637,0.0009859689594160755,96.0
2,noise,34,1.25,200,0.9444410942735367,0.9305513678419208,0.0006376370667979216,0.9838851796238477,0.38926246954827637,0.0009859689594160755,96.0
2,noise,34,1.5,200,0.9250146413261332,0.9062683016576665,0.001388790137512617,0.9838851796238477,0.38926246954827637,0.0009859689594160755,96.0
2,noise,34,2.0,200,0.8841092729625827,0.855136591203228,0.0026177373063166086,0.9838851796238477,0.38926246954827637,0.0009859689594160755,96.0
2,noise,34,2.5,200,0.8306614098295377,0.7883267622869219,0.005214635306595708,0.9838851796238477,0.38926246954827637,0.0009859689594160755,96.0
2,noise,34,3.0,200,0.7761940711627253,0.7202425889534066,0.009437431844760185,0.9838851796238477,0.38926246954827637,0.0009859689594160755,96.0
2,noise,34,3.5,200,0.7152604019156559,0.6440755023945698,0.010589905480343297,0.9838851796238477,0.38926246954827637,0.0009859689594160755,96.0
2,noise,35,0.1,200,0.9925242707349948,0.9906553384187435,2.0632287874013207e-06,0.9914949639721701,0.8382646818926318,0.0017185817325954867,180.0
2,noise,35,0.25,200,0.9896528417132292,0.9870660521415365,1.55204845730966e-05,0.9914949639721701,0.8382646818926318,0.0017185817325954867,180.0
2,noise,35,0.5,200,0.9800263656548407,0.9750329570685508,9.352167868054876e-05,0.9914949639721701,0.8382646818926318,0.0017185817325954867,180.0
2,noise,35,0.75,200,0.9638758944258061,0.9548448680322577,0.00027818207124787725,0.9914949639721701,0.8382646818926318,0.0017185817325954867,180.0
2,noise,35,1.0,200,0.9438078339976113,0.929759792497014,0.0007432380442921405,0.9914949639721701,0.8382646818926318,0.0017185817325954867,180.0
2,noise,35,1.25,200,0.9148936784819596,0.8936170981024492,0.0018842770890498122,0.9914949639721701,0.8382646818926318,0.0017185817325954867,180.0
2,noise,35,1.5,200,0.8792123486541658,0.8490154358177072,0.0031064414592086504,0.9914949639721701,0.8382646818926318,0.0017185817325954867,180.0
2,noise,35,2.0,200,0.8076630853760239,0.75957885672003,0.008208044577954909,0.9914949639721701,0.8382646818926318,0.0017185817325954867,180.0
2,noise,35,2.5,200,0.7349694202605938,0.6687117753257422,0.00889014778343165,0.9914949639721701,0.8382646818926318,0.0017185817325954867,180.0
2,noise,35,3.0,200,0.6418224019644598,0.5522780024555748,0.02071306101719125,0.9914949639721701,0.8382646818926318,0.0017185817325954867,180.0
2,noise,35,3.5,200,0.5670153189700894,0.45876914871261165,0.021013555276818495,0.9914949639721701,0.8382646818926318,0.0017185817325954867,180.0
2,noise,36,0.1,200,0.9880441321067563,0.9850551651334453,2.236706906578523e-06,0.9852701111637098,0.38765987048228184,0.0009987734177635047,98.0
2,noise,36,0.25,200,0.98654288158267,0.9831786019783374,1.2968045914353317e-05,0.9852701111637098,0.38765987048228184,0.0009987734177635047,98.0
2,noise,36,0.5,200,0.9800071334521422,0.9750089168151775,7.227475602714739e-05,0.9852701111637098,0.38765987048228184,0.0009987734177635047,98.0
2,noise,36,0.75,200,0.9724170278767051,0.9655212848458811,0.0001478217300554954,0.9852701111637098,0.38765987048228184,0.0009987734177635047,98.0
2,noise,36,1.0,200,0.9598017978412202,0.9497522473015252,0.0003450666497644471,0.9852701111637098,0.38765987048228184,0.0009987734177635047,98.0
2,noise,36,1.25,200,0.944063090335556,0.9300788629194449,0.0006933417646556226,0.9852701111637098,0.38765987048228184,0.0009987734177635047,98.0
2,noise,36,1.5,200,0.9260138937544028,0.9075173671930036,0.0013158140640046054,0.9852701111637098,0.38765987048228184,0.0009987734177635047,98.0
2,noise,36,2.0,200,0.885462997424264,0.85682874678033,0.0029180145119376897,0.9852701111637098,0.38765987048228184,0.0009987734177635047,98.0
2,noise,36,2.5,200,0.8330291240710802,0.7912864050888503,0.004846897522195057,0.9852701111637098,0.38765987048228184,0.0009987734177635047,98.0
2,noise,36,3.0,200,0.7706405107723369,0.7133006384654209,0.009733283385532235,0.9852701111637098,0.38765987048228184,0.0009987734177635047,98.0
2,noise,36,3.5,200,0.7057277370335666,0.6321596712919582,0.013204665763115934,0.9852701111637098,0.38765987048228184,0.0009987734177635047,98.0
2,noise,37,0.1,200,0.9846175016821278,0.9807718771026598,3.1587503639363515e-06,0.9810216124787494,0.3999019902700691,0.0010376214928280426,104.0
2,noise,37,0.25,200,0.9832374067907038,0.9790467584883799,2.0403073108777313e-05,0.9810216124787494,0.3999019902700691,0.0010376214928280426,104.0
2,noise,37,0.5,200,0.9765513330962631,0.9706891663703289,7.110071662768286e-05,0.9810216124787494,0.3999019902700691,0.0010376214928280426,104.0
2,noise,37,0.75,200,0.9670423887401682,0.9588029859252102,0.0002128468873127038,0.9810216124787494,0.3999019902700691,0.0010376214928280426,104.0
2,noise,37,1.0,200,0.9537030960671361,0.9421288700839199,0.0005224770905893971,0.9810216124787494,0.3999019902700691,0.0010376214928280426,104.0
2,noise,37,1.25,200,0.9400345899741599,0.9250432374676997,0.0008149166121105709,0.9810216124787494,0.3999019902700691,0.0010376214928280426,104.0
2,noise,37,1.5,200,0.9190196325587447,0.8987745406984309,0.0016890579425381503,0.9810216124787494,0.3999019902700691,0.0010376214928280426,104.0
2,noise,37,2.0,200,0.8720837500859653,0.8401046876074565,0.003587726198536807,0.9810216124787494,0.3999019902700691,0.0010376214928280426,104.0
2,noise,37,2.5,200,0.8220182429895151,0.7775228037368936,0.005113230635705714,0.9810216124787494,0.3999019902700691,0.0010376214928280426,104.0
2,noise,37,3.0,200,0.7593328782023495,0.6991660977529367,0.011176474826815353,0.9810216124787494,0.3999019902700691,0.0010376214928280426,104.0
2,noise,37,3.5,200,0.696715750837495,0.6208946885468688,0.011547197825819935,0.9810216124787494,0.3999019902700691,0.0010376214928280426,104.0
2,noise,38,0.1,200,0.9885297350664484,0.9856621688330606,2.124506429027611e-06,0.9858871189337768,0.37971420773331943,0.0010412770574611725,98.0
2,noise,38,0.25,200,0.9869909969121409,0.9837387461401758,1.2743916451033268e-05,0.9858871189337768,0.37971420773331943,0.0010412770574611725,98.0
2,noise,38,0.5,200,0.9805547534332665,0.9756934417915829,7.123709028339641e-05,0.9858871189337768,0.37971420773331943,0.0010412770574611725,98.0
2,noise,38,0.75,200,0.9729875226465619,0.966234403308202,0.00014102105864046785,0.9858871189337768,0.37971420773331943,0.0010412770574611725,98.0
2,noise,38,1.0,200,0.9600428436053257,0.9500535545066568,0.000340223750084958,0.9858871189337768,0.37971420773331943,0.0010412770574611725,98.0
2,noise,38,1.25,200,0.9446360451614068,0.9307950564517583,0.0006728073368075902,0.9858871189337768,0.37971420773331943,0.0010412770574611725,98.0
2,noise,38,1.5,200,0.9265972652618107,0.9082465815772635,0.0012953552501901156,0.9858871189337768,0.37971420773331943,0.0010412770574611725,98.0
2,noise,38,2.0,200,0.8859276590107407,0.8574095737634255,0.002932169794602617,0.9858871189337768,0.37971420773331943,0.0010412770574611725,98.0
2,noise,38,2.5,200,0.8333623908267024,0.7917029885333777,0.004809212852289472,0.9858871189337768,0.37971420773331943,0.0010412770574611725,98.0
2,noise,38,3.0,200,0.7709996602662456,0.7137495753328068,0.00964308099020304,0.9858871189337768,0.37971420773331943,0.0010412770574611725,98.0
2,noise,38,3.5,200,0.7053309822497393,0.6316637278121742,0.013063362129902134,0.9858871189337768,0.37971420773331943,0.0010412770574611725,98.0
2,noise,39,0.1,200,0.9857386766443921,0.98217334580549,2.5812501350022512e-06,0.9824393228002366,0.3903642261707245,0.0011030024066361803,102.0
2,noise,39,0.25,200,0.9843004600573448,0.9803755750716809,1.7522218453509753e-05,0.9824393228002366,0.3903642261707245,0.0011030024066361803,102.0
2,noise,39,0.5,200,0.9775144426187912,0.9718930532734887,7.777102550464002e-05,0.9824393228002366,0.3903642261707245,0.0011030024066361803,102.0
2,noise,39,0.75,200,0.9696562244110783,0.9620702805138478,0.00018083174421984705,0.9824393228002366,0.3903642261707245,0.0011030024066361803,102.0
2,noise,39,1.0,200,0.9567160132407697,0.9458950165509618,0.00043873072647177507,0.9824393228002366,0.3903642261707245,0.0011030024066361803,102.0
2,noise,39,1.25,200,0.9417101819072251,0.9271377273840311,0.0007625820290952701,0.9824393228002366,0.3903642261707245,0.0011030024066361803,102.0
2,noise,39,1.5,200,0.9224452459514354,0.9030565574392944,0.0017342329962201123,0.9824393228002366,0.3903642261707245,0.0011030024066361803,102.0
2,noise,39,2.0,200,0.8762803717744903,0.8453504647181127,0.0030532215064826684,0.9824393228002366,0.3903642261707245,0.0011030024066361803,102.0
2,noise,39,2.5,200,0.8208989757971882,0.7761237197464854,0.005683474346569227,0.9824393228002366,0.3903642261707245,0.0011030024066361803,102.0
2,noise,39,3.0,200,0.75928270620885,0.6991033827610624,0.010252896876273654,0.9824393228002366,0.3903642261707245,0.0011030024066361803,102.0
2,noise,39,3.5,200,0.6954103055939884,0.6192628819924854,0.01216202947556042,0.9824393228002366,0.3903642261707245,0.0011030024066361803,102.0
2,noise,40,0.1,200,0.9853821836266736,0.981727729533342,3.0134068832738495e-06,0.9819416900668181,0.39975784162064065,0.001136357211890537,108.0
2,noise,40,0.25,200,0.983794733905236,0.9797434173815449,1.97253722141653e-05,0.9819416900668181,0.39975784162064065,0.001136357211890537,108.0
2,noise,40,0.5,200,0.9766344600312702,0.9707930750390874,8.480438235541256e-05,0.9819416900668181,0.39975784162064065,0.001136357211890537,108.0
2,noise,40,0.75,200,0.9678177972745738,0.9597722465932174,0.0001895418079608807,0.9819416900668181,0.39975784162064065,0.001136357211890537,108.0
2,noise,40,1.0,200,0.953371337277015,0.9417141715962686,0.00045721890971323656,0.9819416900668181,0.39975784162064065,0.001136357211890537,108.0
2,noise,40,1.25,200,0.9367835432806365,0.9209794291007957,0.0008772587851539132,0.9819416900668181,0.39975784162064065,0.001136357211890537,108.0
2,noise,40,1.5,200,0.9189973769390095,0.8987467211737618,0.0015628795850465055,0.9819416900668181,0.39975784162064065,0.001136357211890537,108.0
2,noise,40,2.0,200,0.8703072293383148,0.8378840366728935,0.0035087417028649014,0.9819416900668181,0.39975784162064065,0.001136357211890537,108.0
2,noise,40,2.5,200,0.8167259771067714,0.7709074713834642,0.005987331073600352,0.9819416900668181,0.39975784162064065,0.001136357211890537,108.0
2,noise,40,3.0,200,0.7498039029926334,0.6872548787407916,0.011740644432628957,0.9819416900668181,0.39975784162064065,0.001136357211890537,108.0
2,noise,40,3.5,200,0.6836535514698374,0.6045669393372967,0.012992174689652533,0.9819416900668181,0.39975784162064065,0.001136357211890537,108.0
2,noise,41,0.1,200,0.9865191469503523,0.9831489336879403,2.7803645730507146e-06,0.983379635704196,0.39647648939275904,0.00118332123241938,108.0
2,noise,41,0.25,200,0.984909951637726,0.9811374395471575,1.836428821958542e-05,0.983379635704196,0.39647648939275904,0.00118332123241938,108.0
2,noise,41,0.5,200,0.9777363283396174,0.9721704104245219,8.330516397104004e-05,0.983379635704196,0.39647648939275904,0.00118332123241938,108.0
2,noise,41,0.75,200,0.9692396092844334,0.9615495116055416,0.00018414735180964626,0.983379635704196,0.39647648939275904,0.00118332123241938,108.0
2,noise,41,1.0,200,0.9543515476874802,0.9429394346093503,0.00042578840445015655,0.983379635704196,0.39647648939275904,0.00118332123241938,108.0
2,noise,41,1.25,200,0.9376790293357455,0.9220987866696819,0.0008658074371199243,0.983379635704196,0.39647648939275904,0.00118332123241938,108.0
2,noise,41,1.5,200,0.9196224752361307,0.8995280940451632,0.0015305317934333623,0.983379635704196,0.39647648939275904,0.00118332123241938,108.0
2,noise,41,2.0,200,0.8721944458788364,0.8402430573485452,0.0034124942248722457,0.983379635704196,0.39647648939275904,0.00118332123241938,108.0
2,noise,41,2.5,200,0.8176022933024015,0.7720028666280018,0.005820409844300315,0.983379635704196,0.39647648939275904,0.00118332123241938,108.0
2,noise,41,3.0,200,0.7501983387315311,0.6877479234144139,0.011489753503401996,0.983379635704196,0.39647648939275904,0.00118332123241938,108.0
2,noise,41,3.5,200,0.6834774013711549,0.6043467517139436,0.012902910293081842,0.983379635704196,0.39647648939275904,0.00118332123241938,108.0
2,noise,42,0.1,200,0.9869204598959034,0.983650574869879,2.699423188942424e-06,0.9839171954760184,0.390846998629533,0.0012083225202824414,106.0
2,noise,42,0.25,200,0.9853975410587932,0.9817469263234915,1.733825650309472e-05,0.9839171954760184,0.390846998629533,0.0012083225202824414,106.0
2,noise,42,0.5,200,0.9782893021210829,0.9728616276513534,8.10810875064227e-05,0.9839171954760184,0.390846998629533,0.0012083225202824414,106.0
2,noise,42,0.75,200,0.9701923277277585,0.9627404096596979,0.00018426585940198783,0.9839171954760184,0.390846998629533,0.0012083225202824414,106.0
2,noise,42,1.0,200,0.9557012390140532,0.9446265487675665,0.00039032977614430754,0.9839171954760184,0.390846998629533,0.0012083225202824414,106.0
2,noise,42,1.25,200,0.9398699955176378,0.9248374943970472,0.0009529302886956197,0.9839171954760184,0.390846998629533,0.0012083225202824414,106.0
2,noise,42,1.5,200,0.9200839323774634,0.9001049154718291,0.0015421114876176848,0.9839171954760184,0.390846998629533,0.0012083225202824414,106.0
2,noise,42,2.0,200,0.8727044735337707,0.8408805919172135,0.0033844152429372315,0.9839171954760184,0.390846998629533,0.0012083225202824414,106.0
2,noise,42,2.5,200,0.8187521873482592,0.773440234185324,0.005608136406813922,0.9839171954760184,0.390846998629533,0.0012083225202824414,106.0
2,noise,42,3.0,200,0.7552344185067663,0.6940430231334578,0.011160701446406527,0.9839171954760184,0.390846998629533,0.0012083225202824414,106.0
2,noise,42,3.5,200,0.6919163830708908,0.6148954788386134,0.012817430617406705,0.9839171954760184,0.390846998629533,0.0012083225202824414,106.0
2,noise,43,0.1,200,0.9861555708224099,0.9826944635280125,2.7090674036431594e-06,0.9829535676629212,0.3982197700610317,0.0011724397691161243,104.0
2,noise,43,0.25,200,0.9846530848641802,0.9808163560802251,1.8340557738771187e-05,0.9829535676629212,0.3982197700610317,0.0011724397691161243,104.0
2,noise,43,0.5,200,0.9778854207144007,0.9723567758930008,6.922588171290806e-05,0.9829535676629212,0.3982197700610317,0.0011724397691161243,104.0
2,noise,43,0.75,200,0.9691650677648241,0.9614563347060303,0.00021064419326839842,0.9829535676629212,0.3982197700610317,0.0011724397691161243,104.0
2,noise,43,1.0,200,0.9548330924742328,0.9435413655927909,0.00044658779218587465,0.9829535676629212,0.3982197700610317,0.0011724397691161243,104.0
2,noise,43,1.25,200,0.9415963285842628,0.9269954107303283,0.0007654477616965059,0.9829535676629212,0.3982197700610317,0.0011724397691161243,104.0
2,noise,43,1.5,200,0.9205085876423145,0.9006357345528931,0.001601811471157799,0.9829535676629212,0.3982197700610317,0.0011724397691161243,104.0
2,noise,43,2.0,200,0.8736465414777564,0.8420581768471953,0.003488174804791667,0.9829535676629212,0.3982197700610317,0.0011724397691161243,104.0
2,noise,43,2.5,200,0.822889335387031,0.7786116692337886,0.0049624457803964656,0.9829535676629212,0.3982197700610317,0.0011724397691161243,104.0
2,noise,43,3.0,200,0.7603459149540891,0.7004323936926113,0.011038453831857958,0.9829535676629212,0.3982197700610317,0.0011724397691161243,104.0
2,noise,43,3.5,200,0.6967636609476844,0.6209545761846053,0.0116740707694471,0.9829535676629212,0.3982197700610317,0.0011724397691161243,104.0
2,noise,44,0.1,200,0.9873904374647445,0.9842380468309306,2.544357986639037e-06,0.9844842226731718,0.3870589009205099,0.001149436069904174,104.0
2,noise,44,0.25,200,0.9858676955990902,0.9823346194988625,1.6106675456484342e-05,0.9844842226731718,0.3870589009205099,0.001149436069904174,104.0
2,noise,44,0.5,200,0.9791161522285288,0.973895190285661,6.150396100524097e-05,0.9844842226731718,0.3870589009205099,0.001149436069904174,104.0
2,noise,44,0.75,200,0.970320655344632,0.96290081918079,0.00019436377566383746,0.9844842226731718,0.3870589009205099,0.001149436069904174,104.0
2,noise,44,1.0,200,0.9560369236080053,0.9450461545100066,0.00042380425344255997,0.9844842226731718,0.3870589009205099,0.001149436069904174,104.0
2,noise,44,1.25,200,0.9425729142378018,0.9282161427972523,0.000742787371798221,0.9844842226731718,0.3870589009205099,0.001149436069904174,104.0
2,noise,44,1.5,200,0.9212988767019589,0.9016235958774484,0.001584821642409389,0.9844842226731718,0.3870589009205099,0.001149436069904174,104.0
2,noise,44,2.0,200,0.8746933434369257,0.8433666792961572,0.0034238320720504922,0.9844842226731718,0.3870589009205099,0.001149436069904174,104.0
2,noise,44,2.5,200,0.823432729063251,0.779290911329064,0.0048985299486755006,0.9844842226731718,0.3870589009205099,0.001149436069904174,104.0
2,noise,44,3.0,200,0.760505425413932,0.700631781767415,0.010920409954070598,0.9844842226731718,0.3870589009205099,0.001149436069904174,104.0
2,noise,44,3.5,200,0.6970219606841578,0.621277450855197,0.011653767011710009,0.9844842226731718,0.3870589009205099,0.001149436069904174,104.0
2,noise,45,0.1,200,0.9893983902104246,0.9867479877630303,1.71323290473545e-06,0.9870330065279456,0.389518214798068,0.0011274057075529027,100.0
2,noise,45,0.25,200,0.9879337954700333,0.9849172443375415,1.2338017465029204e-05,0.9870330065279456,0.389518214798068,0.0011274057075529027,100.0
2,noise,45,0.5,200,0.9814445063934786,0.976805632991848,5.482141623163223e-05,0.9870330065279456,0.389518214798068,0.0011274057075529027,100.0
2,noise,45,0.75,200,0.9736106319544153,0.9670132899430189,0.0001365651540725742,0.9870330065279456,0.389518214798068,0.0011274057075529027,100.0
2,noise,45,1.0,200,0.9594182625670081,0.9492728282087606,0.0003436145354806641,0.9870330065279456,0.389518214798068,0.0011274057075529027,100.0
2,noise,45,1.25,200,0.944386615089981,0.9304832688624763,0.0007642028142186292,0.9870330065279456,0.389518214798068,0.0011274057075529027,100.0
2,noise,45,1.5,200,0.9250498028404535,0.9063122535505667,0.0012851941885362284,0.9870330065279456,0.389518214798068,0.0011274057075529027,100.0
2,noise,45,2.0,200,0.8827540909121044,0.8534426136401305,0.0029585019051542533,0.9870330065279456,0.389518214798068,0.0011274057075529027,100.0
2,noise,45,2.5,200,0.8295987416676329,0.786998427084541,0.00522386999044983,0.9870330065279456,0.389518214798068,0.0011274057075529027,100.0
2,noise,45,3.0,200,0.7704750477697286,0.7130938097121607,0.010514706527039803,0.9870330065279456,0.389518214798068,0.0011274057075529027,100.0
2,noise,45,3.5,200,0.7056632111550285,0.6320790139437856,0.012089802761207944,0.9870330065279456,0.389518214798068,0.0011274057075529027,100.0
2,noise,46,0.1,200,0.9869270201218175,0.9836587751522714,2.5956293213635725e-06,0.983904808507065,0.390747291164127,0.0011610565065436574,104.0
2,noise,46,0.25,200,0.9854664293633895,0.9818330367042365,1.7351377210415552e-05,0.983904808507065,0.390747291164127,0.0011610565065436574,104.0
2,noise,46,0.5,200,0.9787842083303426,0.9734802604129281,6.051722951251259e-05,0.983904808507065,0.390747291164127,0.0011610565065436574,104.0
2,noise,46,0.75,200,0.9698533721347083,0.9623167151683854,0.00017969588056049242,0.983904808507065,0.390747291164127,0.0011610565065436574,104.0
2,noise,46,1.0,200,0.9557066959237304,0.9446333699046627,0.0004442411955923449,0.983904808507065,0.390747291164127,0.0011610565065436574,104.0
2,noise,46,1.25,200,0.9423428705608782,0.9279285882010976,0.0007186472634550866,0.983904808507065,0.390747291164127,0.0011610565065436574,104.0
2,noise,46,1.5,200,0.9211560890560068,0.9014451113200083,0.001617006702116604,0.983904808507065,0.390747291164127,0.0011610565065436574,104.0
2,noise,46,2.0,200,0.874028284121918,0.8425353551523975,0.0034553521469021286,0.983904808507065,0.390747291164127,0.0011610565065436574,104.0
2,noise,46,2.5,200,0.8239313063842121,0.7799141329802651,0.0049004299056261144,0.983904808507065,0.390747291164127,0.0011610565065436574,104.0
2,noise,46,3.0,200,0.7602672319269224,0.7003340399086528,0.01110933024807107,0.983904808507065,0.390747291164127,0.0011610565065436574,104.0
2,noise,46,3.5,200,0.6973974332826355,0.6217467916032943,0.011484166850939474,0.983904808507065,0.390747291164127,0.0011610565065436574,104.0
2,noise,47,0.1,200,0.9886274116476937,0.9857842645596169,1.8213653252677972e-06,0.9860631449871714,0.388773205897088,0.0011563770953224818,100.0
2,noise,47,0.25,200,0.9871316919828115,0.9839146149785141,1.3686851113133617e-05,0.9860631449871714,0.388773205897088,0.0011563770953224818,100.0
2,noise,47,0.5,200,0.9805842493099981,0.9757303116374978,5.773382614252333e-05,0.9860631449871714,0.388773205897088,0.0011563770953224818,100.0
2,noise,47,0.75,200,0.9729115763959018,0.966139470494877,0.00014855070885052006,0.9860631449871714,0.388773205897088,0.0011563770953224818,100.0
2,noise,47,1.0,200,0.9583742077309844,0.9479677596637301,0.0003542263582248395,0.9860631449871714,0.388773205897088,0.0011563770953224818,100.0
2,noise,47,1.25,200,0.9436198296619331,0.9295247870774164,0.0007812719455968282,0.9860631449871714,0.388773205897088,0.0011563770953224818,100.0
2,noise,47,1.5,200,0.9247717217769426,0.905964652221178,0.0012922864154106255,0.9860631449871714,0.388773205897088,0.0011563770953224818,100.0
2,noise,47,2.0,200,0.8817816976632447,0.852227122079056,0.0030098781988903067,0.9860631449871714,0.388773205897088,0.0011563770953224818,100.0
2,noise,47,2.5,200,0.8289557144830504,0.786194643103813,0.005182003368049669,0.9860631449871714,0.388773205897088,0.0011563770953224818,100.0
2,noise,47,3.0,200,0.7701409908183118,0.7126762385228896,0.010624738881111439,0.9860631449871714,0.388773205897088,0.0011563770953224818,100.0
2,noise,47,3.5,200,0.7048126308955541,0.6310157886194429,0.012171120585670846,0.9860631449871714,0.388773205897088,0.0011563770953224818,100.0
2,noise,48,0.1,200,0.9882651198361233,0.9853313997951539,2.151245234695443e-06,0.9856230026269285,0.39694405680280165,0.001210025696712483,102.0
2,noise,48,0.25,200,0.9866734227236071,0.9833417784045091,1.3307839778157649e-05,0.9856230026269285,0.39694405680280165,0.001210025696712483,102.0
2,noise,48,0.5,200,0.9800528420063043,0.9750660525078801,6.968772957978912e-05,0.9856230026269285,0.39694405680280165,0.001210025696712483,102.0
2,noise,48,0.75,200,0.972511038771902,0.9656387984648778,0.00016011567460698796,0.9856230026269285,0.39694405680280165,0.001210025696712483,102.0
2,noise,48,1.0,200,0.9587295252378638,0.94841190654733,0.00036899630011998286,0.9856230026269285,0.39694405680280165,0.001210025696712483,102.0
2,noise,48,1.25,200,0.9437038543225438,0.9296298179031797,0.0007314295761769054,0.9856230026269285,0.39694405680280165,0.001210025696712483,102.0
2,noise,48,1.5,200,0.9243884871393914,0.9054856089242391,0.0016141037162876093,0.9856230026269285,0.39694405680280165,0.001210025696712483,102.0
2,noise,48,2.0,200,0.8789815449161985,0.8487269311452482,0.0029783425728722697,0.9856230026269285,0.39694405680280165,0.001210025696712483,102.0
2,noise,48,2.5,200,0.822402709722638,0.7780033871532973,0.005434830206512857,0.9856230026269285,0.39694405680280165,0.001210025696712483,102.0
2,noise,48,3.0,200,0.7602720548640893,0.7003400685801116,0.009860328276902322,0.9856230026269285,0.39694405680280165,0.001210025696712483,102.0
2,noise,48,3.5,200,0.6951527309847086,0.6189409137308857,0.01211847044727259,0.9856230026269285,0.39694405680280165,0.001210025696712483,102.0
2,noise,49,0.1,200,0.988248285569048,0.9853103569613098,2.1023883726457772e-06,0.9855630574088907,0.3841715581571834,0.0011876431709302337,102.0
2,noise,49,0.25,200,0.98670617243233,0.9833827155404129,1.3082437542358696e-05,0.9855630574088907,0.3841715581571834,0.0011876431709302337,102.0
2,noise,49,0.5,200,0.9800369277312552,0.9750461596640687,6.923305694865573e-05,0.9855630574088907,0.3841715581571834,0.0011876431709302337,102.0
2,noise,49,0.75,200,0.9720752486766596,0.9650940608458244,0.00015473862553107493,0.9855630574088907,0.3841715581571834,0.0011876431709302337,102.0
2,noise,49,1.0,200,0.9590819503753025,0.9488524379691282,0.0003873111369791771,0.9855630574088907,0.3841715581571834,0.0011876431709302337,102.0
2,noise,49,1.25,200,0.943612745152071,0.9295159314400883,0.0007294983033442293,0.9855630574088907,0.3841715581571834,0.0011876431709302337,102.0
2,noise,49,1.5,200,0.9239227429611306,0.9049034287014132,0.0016457324037465657,0.9855630574088907,0.3841715581571834,0.0011876431709302337,102.0
2,noise,49,2.0,200,0.8792513124259801,0.8490641405324749,0.0028888008625121515,0.9855630574088907,0.3841715581571834,0.0011876431709302337,102.0
2,noise,49,2.5,200,0.822061210316565,0.7775765128957063,0.005516629662737844,0.9855630574088907,0.3841715581571834,0.0011876431709302337,102.0
2,noise,49,3.0,200,0.7600288726752314,0.7000360908440393,0.009830509450060853,0.9855630574088907,0.3841715581571834,0.0011876431709302337,102.0
2,noise,49,3.5,200,0.6956615511173451,0.6195769388966813,0.011962148958369254,0.9855630574088907,0.3841715581571834,0.0011876431709302337,102.0
2,noise,50,0.1,200,0.9870250620966916,0.9837813276208647,2.194943527757798e-06,0.9840153639131307,0.3945078199071923,0.0011540656544685543,100.0
2,noise,50,0.25,200,0.9855426019161113,0.9819282523951389,1.5723324715329513e-05,0.9840153639131307,0.3945078199071923,0.0011540656544685543,100.0
2,noise,50,0.5,200,0.9788737920383461,0.9735922400479324,6.398438221990681e-05,0.9840153639131307,0.3945078199071923,0.0011540656544685543,100.0
2,noise,50,0.75,200,0.9714999152078478,0.96437489400981,0.00015777269725545995,0.9840153639131307,0.3945078199071923,0.0011540656544685543,100.0
2,noise,50,1.0,200,0.9571870113024592,0.9464837641280739,0.00037537232834137705,0.9840153639131307,0.3945078199071923,0.0011540656544685543,100.0
2,noise,50,1.25,200,0.9420014734386435,0.9275018417983043,0.0008676545779850067,0.9840153639131307,0.3945078199071923,0.0011540656544685543,100.0
2,noise,50,1.5,200,0.9228154925044406,0.9035193656305506,0.001351610181855476,0.9840153639131307,0.3945078199071923,0.0011540656544685543,100.0
2,noise,50,2.0,200,0.8815217957626097,0.8519022447032618,0.0030654331973819604,0.9840153639131307,0.3945078199071923,0.0011540656544685543,100.0
2,noise,50,2.5,200,0.8277168054975498,0.7846460068719371,0.005133514535045645,0.9840153639131307,0.3945078199071923,0.0011540656544685543,100.0
2,noise,50,3.0,200,0.7694949118858829,0.7118686398573538,0.010437796551621468,0.9840153639131307,0.3945078199071923,0.0011540656544685543,100.0
2,noise,50,3.5,200,0.703477655250877,0.629347069063596,0.012098763029641182,0.9840153639131307,0.3945078199071923,0.0011540656544685543,100.0
2,noise,51,0.1,200,0.9869415422396828,0.9836769277996033,2.488775574102016e-06,0.9839292242617814,0.3940931422686543,0.0012213457951111629,104.0
2,noise,51,0.25,200,0.9853733528359039,0.9817166910448798,1.4598088944791404e-05,0.9839292242617814,0.3940931422686543,0.0012213457951111629,104.0
2,noise,51,0.5,200,0.9786405389529028,0.9733006736911287,6.187884482420826e-05,0.9839292242617814,0.3940931422686543,0.0012213457951111629,104.0
2,noise,51,0.75,200,0.9697721537537213,0.9622151921921517,0.00020570437477640676,0.9839292242617814,0.3940931422686543,0.0012213457951111629,104.0
2,noise,51,1.0,200,0.95552854285889,0.9444106785736122,0.0004062215307213888,0.9839292242617814,0.3940931422686543,0.0012213457951111629,104.0
2,noise,51,1.25,200,0.9417785352565926,0.9272231690707409,0.0007790894004184046,0.9839292242617814,0.3940931422686543,0.0012213457951111629,104.0
2,noise,51,1.5,200,0.9205275844676702,0.9006594805845879,0.0015402918626439216,0.9839292242617814,0.3940931422686543,0.0012213457951111629,104.0
2,noise,51,2.0,200,0.8741206796904812,0.8426508496131015,0.003515642961959737,0.9839292242617814,0.3940931422686543,0.0012213457951111629,104.0
2,noise,51,2.5,200,0.8219766994732276,0.7774708743415344,0.004924235071838855,0.9839292242617814,0.3940931422686543,0.0012213457951111629,104.0
2,noise,51,3.0,200,0.7597462295625881,0.699682786953235,0.010702862789339256,0.9839292242617814,0.3940931422686543,0.0012213457951111629,104.0
2,noise,51,3.5,200,0.6954056460604653,0.6192570575755815,0.011640500636566426,0.9839292242617814,0.3940931422686543,0.0012213457951111629,104.0
2,noise,52,0.1,200,0.9866396838239055,0.9832996047798817,2.858412203385769e-06,0.9835561476856092,0.3986030187559363,0.0013053249025298803,114.0
2,noise,52,0.25,200,0.9848796235024615,0.9810995293780768,1.7395750811524652e-05,0.9835561476856092,0.3986030187559363,0.0013053249025298803,114.0
2,noise,52,0.5,200,0.977323925298224,0.9716549066227802,7.995802326173012e-05,0.9835561476856092,0.3986030187559363,0.0013053249025298803,114.0
2,noise,52,0.75,200,0.967938462625845,0.9599230782823064,0.0002183000080948052,0.9835561476856092,0.3986030187559363,0.0013053249025298803,114.0
2,noise,52,1.0,200,0.9529143263239045,0.9411429079048808,0.0004957410364895295,0.9835561476856092,0.3986030187559363,0.0013053249025298803,114.0
2,noise,52,1.25,200,0.9352855834867697,0.9191069793584622,0.0009993660855553462,0.9835561476856092,0.3986030187559363,0.0013053249025298803,114.0
2,noise,52,1.5,200,0.9138074936790805,0.8922593670988505,0.00168446249041308,0.9835561476856092,0.3986030187559363,0.0013053249025298803,114.0
2,noise,52,2.0,200,0.8657071797583431,0.8321339746979285,0.004212840993325731,0.9835561476856092,0.3986030187559363,0.0013053249025298803,114.0
2,noise,52,2.5,200,0.8022237991482695,0.7527797489353367,0.005814760854599743,0.9835561476856092,0.3986030187559363,0.0013053249025298803,114.0
2,noise,52,3.0,200,0.7434971183865621,0.6793713979832025,0.010489947807904883,0.9835561476856092,0.3986030187559363,0.0013053249025298803,114.0
2,noise,52,3.5,200,0.6740011353887922,0.5925014192359902,0.01523704176206863,0.9835561476856092,0.3986030187559363,0.0013053249025298803,114.0
2,noise,53,0.1,200,0.9886149083436419,0.9857686354295521,1.849051990554753e-06,0.986025050644452,0.3930809139460882,0.001187909087774062,100.0
2,noise,53,0.25,200,0.9871003153710074,0.9838753942137595,1.3131797010724525e-05,0.986025050644452,0.3930809139460882,0.001187909087774062,100.0
2,noise,53,0.5,200,0.9805076506989933,0.9756345633737413,5.804613289566967e-05,0.986025050644452,0.3930809139460882,0.001187909087774062,100.0
2,noise,53,0.75,200,0.9731046139152902,0.9663807673941125,0.0001461621291585891,0.986025050644452,0.3930809139460882,0.001187909087774062,100.0
2,noise,53,1.0,200,0.9584931897387226,0.9481164871734034,0.00035192221145283057,0.986025050644452,0.3930809139460882,0.001187909087774062,100.0
2,noise,53,1.25,200,0.9434467576131219,0.9293084470164024,0.0008018357089736092,0.986025050644452,0.3930809139460882,0.001187909087774062,100.0
2,noise,53,1.5,200,0.9244418658660702,0.905552332332588,0.001275410009383824,0.986025050644452,0.3930809139460882,0.001187909087774062,100.0
2,noise,53,2.0,200,0.8824933466639211,0.8531166833299014,0.0030059429629664975,0.986025050644452,0.3930809139460882,0.001187909087774062,100.0
2,noise,53,2.5,200,0.8287050914119946,0.7858813642649932,0.005099434386408775,0.986025050644452,0.3930809139460882,0.001187909087774062,100.0
2,noise,53,3.0,200,0.7700852415851968,0.7126065519814958,0.01053295770102417,0.986025050644452,0.3930809139460882,0.001187909087774062,100.0
2,noise,53,3.5,200,0.7042778828120366,0.6303473535150457,0.012241014131940627,0.986025050644452,0.3930809139460882,0.001187909087774062,100.0
2,noise,54,0.1,200,0.9866337518580445,0.9832921898225555,2.588467082562567e-06,0.983606330545763,0.3954997520513025,0.0013209162635324356,108.0
2,noise,54,0.25,200,0.9851995092113347,0.9814993865141681,1.8307250090617546e-05,0.983606330545763,0.3954997520513025,0.0013209162635324356,108.0
2,noise,54,0.5,200,0.9781982596313409,0.9727478245391762,8.119418153915224e-05,0.983606330545763,0.3954997520513025,0.0013209162635324356,108.0
2,noise,54,0.75,200,0.9695012759578315,0.961876594947289,0.0001684337930859007,0.983606330545763,0.3954997520513025,0.0013209162635324356,108.0
2,noise,54,1.0,200,0.9551314157422972,0.9439142696778714,0.00044533384505659356,0.983606330545763,0.3954997520513025,0.0013209162635324356,108.0
2,noise,54,1.25,200,0.9389844783420938,0.9237305979276171,0.0008540125993570965,0.983606330545763,0.3954997520513025,0.0013209162635324356,108.0
2,noise,54,1.5,200,0.9203366157530752,0.900420769691344,0.0015192808481271107,0.983606330545763,0.3954997520513025,0.0013209162635324356,108.0
2,noise,54,2.0,200,0.8738875559162141,0.8423594448952675,0.003199678351283169,0.983606330545763,0.3954997520513025,0.0013209162635324356,108.0
2,noise,54,2.5,200,0.8198149054119585,0.774768631764948,0.005895666582768088,0.983606330545763,0.3954997520513025,0.0013209162635324356,108.0
2,noise,54,3.0,200,0.7532389799579651,0.6915487249474563,0.01161593255585915,0.983606330545763,0.3954997520513025,0.0013209162635324356,108.0
2,noise,54,3.5,200,0.6874735612996518,0.6093419516245644,0.012891293372240513,0.983606330545763,0.3954997520513025,0.0013209162635324356,108.0
2,noise,55,0.1,200,0.9867984880932312,0.9834981101165386,2.7826499826809066e-06,0.9837707155096472,0.39499407403259024,0.0012731251477706412,106.0
2,noise,55,0.25,200,0.9853517992752203,0.9816897490940252,1.7777333098594286e-05,0.9837707155096472,0.39499407403259024,0.0012731251477706412,106.0
2,noise,55,0.5,200,0.9782798145992502,0.9728497682490627,7.981779809680187e-05,0.9837707155096472,0.39499407403259024,0.0012731251477706412,106.0
2,noise,55,0.75,200,0.9697226931628061,0.9621533664535075,0.00018366697918917736,0.9837707155096472,0.39499407403259024,0.0012731251477706412,106.0
2,noise,55,1.0,200,0.9562527763675684,0.9453159704594606,0.00043469518633445435,0.9837707155096472,0.39499407403259024,0.0012731251477706412,106.0
2,noise,55,1.25,200,0.9403747850948717,0.9254684813685895,0.0008873760204896989,0.9837707155096472,0.39499407403259024,0.0012731251477706412,106.0
2,noise,55,1.5,200,0.9206708752770087,0.9008385940962609,0.0014919788230146908,0.9837707155096472,0.39499407403259024,0.0012731251477706412,106.0
2,noise,55,2.0,200,0.8729202234928558,0.8411502793660697,0.003292571049719027,0.9837707155096472,0.39499407403259024,0.0012731251477706412,106.0
2,noise,55,2.5,200,0.8195777389442457,0.774472173680307,0.005786057299000169,0.9837707155096472,0.39499407403259024,0.0012731251477706412,106.0
2,noise,55,3.0,200,0.7564842129451187,0.6956052661813982,0.01149893453573561,0.9837707155096472,0.39499407403259024,0.0012731251477706412,106.0
2,noise,55,3.5,200,0.6949106707912597,0.6186383384890746,0.012533992397982408,0.9837707155096472,0.39499407403259024,0.0012731251477706412,106.0
2,noise,56,0.1,200,0.9875952094585316,0.9844940118231646,2.5394106160426373e-06,0.9847596246648982,0.3981423126046659,0.0012741565616680884,104.0
2,noise,56,0.25,200,0.9861580086738265,0.9826975108422827,1.5726872069974303e-05,0.9847596246648982,0.3981423126046659,0.0012741565616680884,104.0
2,noise,56,0.5,200,0.9794994052791071,0.9743742565988834,5.845271377957783e-05,0.9847596246648982,0.3981423126046659,0.0012741565616680884,104.0
2,noise,56,0.75,200,0.9705701997683127,0.9632127497103908,0.00018247853218817563,0.9847596246648982,0.3981423126046659,0.0012741565616680884,104.0
2,noise,56,1.0,200,0.9566864204155241,0.9458580255194053,0.000443222708457921,0.9847596246648982,0.3981423126046659,0.0012741565616680884,104.0
2,noise,56,1.25,200,0.9428463131135502,0.9285578913919378,0.0007306980261686528,0.9847596246648982,0.3981423126046659,0.0012741565616680884,104.0
2,noise,56,1.5,200,0.9214128244959929,0.9017660306199908,0.0016457991438923252,0.9847596246648982,0.3981423126046659,0.0012741565616680884,104.0
2,noise,56,2.0,200,0.8762253799353868,0.8452817249192336,0.0033081185256585567,0.9847596246648982,0.3981423126046659,0.0012741565616680884,104.0
2,noise,56,2.5,200,0.8247810013519961,0.780976251689995,0.004919592160876623,0.9847596246648982,0.3981423126046659,0.0012741565616680884,104.0
2,noise,56,3.0,200,0.7611603079022368,0.7014503848777958,0.010850838549537643,0.9847596246648982,0.3981423126046659,0.0012741565616680884,104.0
2,noise,56,3.5,200,0.6983090580204754,0.6228863225255942,0.011506433410981818,0.9847596246648982,0.3981423126046659,0.0012741565616680884,104.0
2,noise,57,0.1,200,0.987252897401826,0.9840661217522824,2.5772098188176645e-06,0.9843277051150199,0.3943048297243187,0.001292208842995,110.0
2,noise,57,0.25,200,0.98576438215635,0.9822054776954374,1.5151685730845428e-05,0.9843277051150199,0.3943048297243187,0.001292208842995,110.0
2,noise,57,0.5,200,0.9782959051539323,0.9728698814424152,6.957903850422687e-05,0.9843277051150199,0.3943048297243187,0.001292208842995,110.0
2,noise,57,0.75,200,0.9698108947800844,0.9622636184751053,0.0001649231522309453,0.9843277051150199,0.3943048297243187,0.001292208842995,110.0
2,noise,57,1.0,200,0.95418082433592,0.9427260304198997,0.000501522661839416,0.9843277051150199,0.3943048297243187,0.001292208842995,110.0
2,noise,57,1.25,200,0.9390051058482097,0.9237563823102621,0.0007432873410969144,0.9843277051150199,0.3943048297243187,0.001292208842995,110.0
2,noise,57,1.5,200,0.9164668814880635,0.8955836018600791,0.0014989495196179798,0.9843277051150199,0.3943048297243187,0.001292208842995,110.0
2,noise,57,2.0,200,0.8686706350489936,0.8358382938112422,0.003901854932649381,0.9843277051150199,0.3943048297243187,0.001292208842995,110.0
2,noise,57,2.5,200,0.8127967337626706,0.7659959172033382,0.005337144051996327,0.9843277051150199,0.3943048297243187,0.001292208842995,110.0
2,noise,57,3.0,200,0.7502058999208054,0.6877573749010069,0.010279772373332774,0.9843277051150199,0.3943048297243187,0.001292208842995,110.0
2,noise,57,3.5,200,0.6815499564461786,0.6019374455577231,0.013665498375268155,0.9843277051150199,0.3943048297243187,0.001292208842995,110.0
2,noise,58,0.1,200,0.9875795764592321,0.9844744705740398,2.5809158163100318e-06,0.9847208981619352,0.3999054100870251,0.0013150764305533877,108.0
2,noise,58,0.25,200,0.9859952187226848,0.9824940234033558,1.6350567804314394e-05,0.9847208981619352,0.3999054100870251,0.0013150764305533877,108.0
2,noise,58,0.5,200,0.978985961853946,0.9737324523174326,7.69696481495928e-05,0.9847208981619352,0.3999054100870251,0.0013150764305533877,108.0
2,noise,58,0.75,200,0.9701571788827948,0.9626964736034936,0.0001656460763965909,0.9847208981619352,0.3999054100870251,0.0013150764305533877,108.0
2,noise,58,1.0,200,0.9556590694074562,0.9445738367593202,0.0004252515792344841,0.9847208981619352,0.3999054100870251,0.0013150764305533877,108.0
2,noise,58,1.25,200,0.9389713545353722,0.923714193169215,0.0008682237060557587,0.9847208981619352,0.3999054100870251,0.0013150764305533877,108.0
2,noise,58,1.5,200,0.9206127286200303,0.9007659107750375,0.00151152208784892,0.9847208981619352,0.3999054100870251,0.0013150764305533877,108.0
2,noise,58,2.0,200,0.8730819522471605,0.8413524403089505,0.0033483892292383148,0.9847208981619352,0.3999054100870251,0.0013150764305533877,108.0
2,noise,58,2.5,200,0.8185188673192642,0.77314858414908,0.0059234695922518845,0.9847208981619352,0.3999054100870251,0.0013150764305533877,108.0
2,noise,58,3.0,200,0.7511478821650194,0.6889348527062742,0.011496610722302028,0.9847208981619352,0.3999054100870251,0.0013150764305533877,108.0
2,noise,58,3.5,200,0.6851162512831457,0.606395314103932,0.012894481117763368,0.9847208981619352,0.3999054100870251,0.0013150764305533877,108.0
2,noise,59,0.1,200,0.988445893172451,0.9855573664655637,2.5000662446568444e-06,0.9858716136400207,0.3947459094596376,0.001401220681655287,118.0
2,noise,59,0.25,200,0.9867107035641102,0.9833883794551377,1.7019532869211878e-05,0.9858716136400207,0.3947459094596376,0.001401220681655287,118.0
2,noise,59,0.5,200,0.9788725788785948,0.9735907235982434,8.32991538296121e-05,0.9858716136400207,0.3947459094596376,0.001401220681655287,118.0
2,noise,59,0.75,200,0.9689116759944583,0.9611395949930727,0.000179756359955298,0.9858716136400207,0.3947459094596376,0.001401220681655287,118.0
2,noise,59,1.0,200,0.9545642045569906,0.9432052556962381,0.0005335371214584145,0.9858716136400207,0.3947459094596376,0.001401220681655287,118.0
2,noise,59,1.25,200,0.9370839731039493,0.9213549663799365,0.0009186190905422498,0.9858716136400207,0.3947459094596376,0.001401220681655287,118.0
2,noise,59,1.5,200,0.9140206712945546,0.8925258391181933,0.0017599732063387297,0.9858716136400207,0.3947459094596376,0.001401220681655287,118.0
2,noise,59,2.0,200,0.8621565752905163,0.8276957191131453,0.00395807376602205,0.9858716136400207,0.3947459094596376,0.001401220681655287,118.0
2,noise,59,2.5,200,0.8035091108307729,0.7543863885384661,0.00596660487598065,0.9858716136400207,0.3947459094596376,0.001401220681655287,118.0
2,noise,59,3.0,200,0.739714951551818,0.674643689439772,0.010037854083493367,0.9858716136400207,0.3947459094596376,0.001401220681655287,118.0
2,noise,59,3.5,200,0.6677466153508452,0.5846832691885566,0.012255326535277122,0.9858716136400207,0.3947459094596376,0.001401220681655287,118.0
2,noise,60,0.1,200,0.9880323642512536,0.9850404553140669,2.5500828558862376e-06,0.9853044957840467,0.39794962166137854,0.0013421407714091802,108.0
2,noise,60,0.25,200,0.9864880231003513,0.9831100288754391,1.71244884804049e-05,0.9853044957840467,0.39794962166137854,0.0013421407714091802,108.0
2,noise,60,0.5,200,0.9794508373159939,0.9743135466449923,7.46023668944195e-05,0.9853044957840467,0.39794962166137854,0.0013421407714091802,108.0
2,noise,60,0.75,200,0.9704413561481613,0.9630516951852016,0.00016547605950484865,0.9853044957840467,0.39794962166137854,0.0013421407714091802,108.0
2,noise,60,1.0,200,0.956090874457026,0.9451135930712827,0.0004268682988066234,0.9853044957840467,0.39794962166137854,0.0013421407714091802,108.0
2,noise,60,1.25,200,0.9397959601492772,0.9247449501865966,0.000822564307859915,0.9853044957840467,0.39794962166137854,0.0013421407714091802,108.0
2,noise,60,1.5,200,0.9214975904040803,0.9018719880051005,0.0014712799128281783,0.9853044957840467,0.39794962166137854,0.0013421407714091802,108.0
2,noise,60,2.0,200,0.8729406362029324,0.8411757952536653,0.003362423261312471,0.9853044957840467,0.39794962166137854,0.0013421407714091802,108.0
2,noise,60,2.5,200,0.8193730933894546,0.774216366736818,0.006013086368700724,0.9853044957840467,0.39794962166137854,0.0013421407714091802,108.0
2,noise,60,3.0,200,0.7520606231254701,0.6900757789068378,0.011676595807498353,0.9853044957840467,0.39794962166137854,0.0013421407714091802,108.0
2,noise,60,3.5,200,0.6864533600981784,0.6080667001227228,0.012920494614313972,0.9853044957840467,0.39794962166137854,0.0013421407714091802,108.0
2,noise,61,0.1,200,0.9882015401902695,0.9852519252378369,2.381925527702183e-06,0.9855408997090993,0.3901500742356375,0.0013272078560350269,104.0
2,noise,61,0.25,200,0.9867864644762971,0.9834830805953712,1.5193146428884184e-05,0.9855408997090993,0.3901500742356375,0.0013272078560350269,104.0
2,noise,61,0.5,200,0.9802439638144116,0.9753049547680144,5.759717714623601e-05,0.9855408997090993,0.3901500742356375,0.0013272078560350269,104.0
2,noise,61,0.75,200,0.9708733377337272,0.9635916721671589,0.0001804403881655484,0.9855408997090993,0.3901500742356375,0.0013272078560350269,104.0
2,noise,61,1.0,200,0.9572984854996941,0.9466231068746177,0.0004398749279064166,0.9855408997090993,0.3901500742356375,0.0013272078560350269,104.0
2,noise,61,1.25,200,0.9435072079144162,0.9293840098930201,0.0007362551175707782,0.9855408997090993,0.3901500742356375,0.0013272078560350269,104.0
2,noise,61,1.5,200,0.9222792856954298,0.9028491071192871,0.0015685338537646946,0.9855408997090993,0.3901500742356375,0.0013272078560350269,104.0
2,noise,61,2.0,200,0.8762466947628766,0.845308368453596,0.0033930003850414997,0.9855408997090993,0.3901500742356375,0.0013272078560350269,104.0
2,noise,61,2.5,200,0.8252884110906852,0.7816105138633563,0.0049195925662386675,0.9855408997090993,0.3901500742356375,0.0013272078560350269,104.0
2,noise,61,3.0,200,0.7619156878786097,0.702394609848262,0.010906926063075712,0.9855408997090993,0.3901500742356375,0.0013272078560350269,104.0
2,noise,61,3.5,200,0.6986822628583086,0.6233528285728855,0.01138412692972166,0.9855408997090993,0.3901500742356375,0.0013272078560350269,104.0
2,noise,62,0.1,200,0.9870093532659227,0.983761691582403,2.5590012437317818e-06,0.9840355317284178,0.3942964968735466,0.0013201344499986776,104.0
2,noise,62,0.25,200,0.9855599907260896,0.981949988407612,1.5028855141748244e-05,0.9840355317284178,0.3942964968735466,0.0013201344499986776,104.0
2,noise,62,0.5,200,0.9789521825072356,0.9736902281340448,5.999371334230539e-05,0.9840355317284178,0.3942964968735466,0.0013201344499986776,104.0
2,noise,62,0.75,200,0.9697927941152202,0.962240992644025,0.00019204701843410297,0.9840355317284178,0.3942964968735466,0.0013201344499986776,104.0
2,noise,62,1.0,200,0.9561033406332785,0.9451291757915979,0.0004458890933638912,0.9840355317284178,0.3942964968735466,0.0013201344499986776,104.0
2,noise,62,1.25,200,0.9420622866865136,0.9275778583581419,0.0007742154683216762,0.9840355317284178,0.3942964968735466,0.0013201344499986776,104.0
2,noise,62,1.5,200,0.920698603808102,0.9008732547601275,0.0016119263246605082,0.9840355317284178,0.3942964968735466,0.0013201344499986776,104.0
2,noise,62,2.0,200,0.8755929142786958,0.8444911428483698,0.003433340633452328,0.9840355317284178,0.3942964968735466,0.0013201344499986776,104.0
2,noise,62,2.5,200,0.823497300539393,0.7793716256742411,0.004976254922087357,0.9840355317284178,0.3942964968735466,0.0013201344499986776,104.0
2,noise,62,3.0,200,0.7605319505596644,0.7006649381995804,0.010770348301727118,0.9840355317284178,0.3942964968735466,0.0013201344499986776,104.0
2,noise,62,3.5,200,0.6971842475006577,0.621480309375822,0.011483953678892135,0.9840355317284178,0.3942964968735466,0.0013201344499986776,104.0
2,noise,63,0.1,200,0.988568813836062,0.9857110172950773,1.902435981773661e-06,0.9859990977753201,0.38914894677395206,0.0013035230530365257,100.0
2,noise,63,0.25,200,0.9870712679347149,0.9838390849183934,1.3799686631330786e-05,0.9859990977753201,0.38914894677395206,0.0013035230530365257,100.0
2,noise,63,0.5,200,0.9805511497902775,0.9756889372378467,5.896111039562644e-05,0.9859990977753201,0.38914894677395206,0.0013035230530365257,100.0
2,noise,63,0.75,200,0.9733304389146913,0.9666630486433638,0.00014741920690839475,0.9859990977753201,0.38914894677395206,0.0013035230530365257,100.0
2,noise,63,1.0,200,0.9586197918029044,0.9482747397536307,0.0003481311517649823,0.9859990977753201,0.38914894677395206,0.0013035230530365257,100.0
2,noise,63,1.25,200,0.9437068736222444,0.9296335920278054,0.000789191535426133,0.9859990977753201,0.38914894677395206,0.0013035230530365257,100.0
2,noise,63,1.5,200,0.9247644970175831,0.9059556212719788,0.001272856971403279,0.9859990977753201,0.38914894677395206,0.0013035230530365257,100.0
2,noise,63,2.0,200,0.8835373427390352,0.854421678423794,0.002987388402899548,0.9859990977753201,0.38914894677395206,0.0013035230530365257,100.0
2,noise,63,2.5,200,0.8297080684863536,0.7871350856079421,0.005043484103967213,0.9859990977753201,0.38914894677395206,0.0013035230530365257,100.0
2,noise,63,3.0,200,0.7709657466682766,0.7137071833353457,0.010472484124050205,0.9859990977753201,0.38914894677395206,0.0013035230530365257,100.0
2,noise,63,3.5,200,0.7047925966328897,0.6309907457911121,0.012085192682999998,0.9859990977753201,0.38914894677395206,0.0013035230530365257,100.0
2,noise,64,0.1,200,0.9869150666619003,0.9836438333273754,2.5345318069651606e-06,0.9839101414479957,0.39662435900887494,0.0013659722746988063,104.0
2,noise,64,0.25,200,0.9854356005436377,0.9817945006795469,1.636662458016151e-05,0.9839101414479957,0.39662435900887494,0.0013659722746988063,104.0
2,noise,64,0.5,200,0.9787595328106318,0.9734494160132894,6.254616153455321e-05,0.9839101414479957,0.39662435900887494,0.0013659722746988063,104.0
2,noise,64,0.75,200,0.9697860050815328,0.962232506351916,0.00020061588105256753,0.9839101414479957,0.39662435900887494,0.0013659722746988063,104.0
2,noise,64,1.0,200,0.9558851851210964,0.9448564814013705,0.0004491642041586219,0.9839101414479957,0.39662435900887494,0.0013659722746988063,104.0
2,noise,64,1.25,200,0.9423910370244792,0.9279887962805993,0.0007568090304188493,0.9839101414479957,0.39662435900887494,0.0013659722746988063,104.0
2,noise,64,1.5,200,0.9209886080387396,0.9012357600484244,0.0015966054506049855,0.9839101414479957,0.39662435900887494,0.0013659722746988063,104.0
2,noise,64,2.0,200,0.8748804898164448,0.8436006122705559,0.0034031738426335135,0.9839101414479957,0.39662435900887494,0.0013659722746988063,104.0
2,noise,64,2.5,200,0.8237940161156306,0.7797425201445384,0.004989812602546095,0.9839101414479957,0.39662435900887494,0.0013659722746988063,104.0
2,noise,64,3.0,200,0.7609756901769521,0.7012196127211899,0.010983730771579018,0.9839101414479957,0.39662435900887494,0.0013659722746988063,104.0
2,noise,64,3.5,200,0.6978493371292462,0.6223116714115577,0.011499332454272149,0.9839101414479957,0.39662435900887494,0.0013659722746988063,104.0
2,noise,65,0.1,200,0.9879356455085994,0.9849195568857492,2.4270375505470366e-06,0.985182992659182,0.394746384155637,0.0013709274540469971,104.0
2,noise,65,0.25,200,0.986463751469274,0.9830796893365924,1.5380390353051473e-05,0.985182992659182,0.394746384155637,0.0013709274540469971,104.0
2,noise,65,0.5,200,0.9797977963667531,0.9747472454584412,5.840694301710844e-05,0.985182992659182,0.394746384155637,0.0013709274540469971,104.0
2,noise,65,0.75,200,0.9708119285630197,0.9635149107037746,0.0001860068768122952,0.985182992659182,0.394746384155637,0.0013709274540469971,104.0
2,noise,65,1.0,200,0.9568741647796162,0.9460927059745202,0.0004325312184354087,0.985182992659182,0.394746384155637,0.0013709274540469971,104.0
2,noise,65,1.25,200,0.9432463723091333,0.9290579653864167,0.0007335907160051152,0.985182992659182,0.394746384155637,0.0013709274540469971,104.0
2,noise,65,1.5,200,0.9218322345923142,0.9022902932403928,0.001587534078069382,0.985182992659182,0.394746384155637,0.0013709274540469971,104.0
2,noise,65,2.0,200,0.8757796035829686,0.8447245044787104,0.0033777340222462004,0.985182992659182,0.394746384155637,0.0013709274540469971,104.0
2,noise,65,2.5,200,0.8245735101285239,0.7807168876606547,0.004932651772753057,0.985182992659182,0.394746384155637,0.0013709274540469971,104.0
2,noise,65,3.0,200,0.7613489547047392,0.7016861933809238,0.010952143036333652,0.985182992659182,0.394746384155637,0.0013709274540469971,104.0
2,noise,65,3.5,200,0.6982547529208731,0.6228184411510914,0.011462923948830075,0.985182992659182,0.394746384155637,0.0013709274540469971,104.0
2,noise,66,0.1,200,0.9867223450713054,0.9834029313391318,2.5541849413302767e-06,0.9837011781790996,0.3999591907757959,0.0013671777919464778,104.0
2,noise,66,0.25,200,0.9853105378494935,0.9816381723118667,1.7377902535839338e-05,0.9837011781790996,0.3999591907757959,0.0013671777919464778,104.0
2,noise,66,0.5,200,0.9786611137378465,0.9733263921723082,6.481734618287361e-05,0.9837011781790996,0.3999591907757959,0.0013671777919464778,104.0
2,noise,66,0.75,200,0.9699974785368334,0.9624968481710416,0.00019502598471459075,0.9837011781790996,0.3999591907757959,0.0013671777919464778,104.0
2,noise,66,1.0,200,0.9558690103521542,0.9448362629401927,0.00044966970872552833,0.9837011781790996,0.3999591907757959,0.0013671777919464778,104.0
2,noise,66,1.25,200,0.942415068107298,0.9280188351341226,0.0007274939573865775,0.9837011781790996,0.3999591907757959,0.0013671777919464778,104.0
2,noise,66,1.5,200,0.9211896821936083,0.9014871027420105,0.0016403634048717758,0.9837011781790996,0.3999591907757959,0.0013671777919464778,104.0
2,noise,66,2.0,200,0.8760226146107795,0.8450282682634743,0.0033009631412697004,0.9837011781790996,0.3999591907757959,0.0013671777919464778,104.0
2,noise,66,2.5,200,0.825151128689511,0.7814389108618888,0.004947047229671054,0.9837011781790996,0.3999591907757959,0.0013671777919464778,104.0
2,noise,66,3.0,200,0.7617661201942534,0.7022076502428166,0.010890305903353563,0.9837011781790996,0.3999591907757959,0.0013671777919464778,104.0
2,noise,66,3.5,200,0.698691604208952,0.6233645052611901,0.011460665318401796,0.9837011781790996,0.3999591907757959,0.0013671777919464778,104.0
2,noise,67,0.1,200,0.9877018756117505,0.984627344514688,2.160504100423224e-06,0.9849580711409809,0.39380813161209793,0.0013424209493490629,102.0
2,noise,67,0.25,200,0.9863021159029941,0.9828776448787427,1.4532495941046615e-05,0.9849580711409809,0.39380813161209793,0.0013424209493490629,102.0
2,noise,67,0.5,200,0.9796903936780084,0.9746129920975101,7.459666285178643e-05,0.9849580711409809,0.39380813161209793,0.0013424209493490629,102.0
2,noise,67,0.75,200,0.9719955325613955,0.9649944157017443,0.0001577257371692329,0.9849580711409809,0.39380813161209793,0.0013424209493490629,102.0
2,noise,67,1.0,200,0.9590582200284153,0.948822775035519,0.0003972458556984723,0.9849580711409809,0.39380813161209793,0.0013424209493490629,102.0
2,noise,67,1.25,200,0.9439127130658534,0.9298908913323171,0.0007271896279214304,0.9849580711409809,0.39380813161209793,0.0013424209493490629,102.0
2,noise,67,1.5,200,0.9243259911036987,0.9054074888796234,0.0016810171886059118,0.9849580711409809,0.39380813161209793,0.0013424209493490629,102.0
2,noise,67,2.0,200,0.8809861960236852,0.8512327450296066,0.0028719601053681797,0.9849580711409809,0.39380813161209793,0.0013424209493490629,102.0
2,noise,67,2.5,200,0.8247044936658778,0.7808806170823472,0.005473607816090964,0.9849580711409809,0.39380813161209793,0.0013424209493490629,102.0
2,noise,67,3.0,200,0.761625538258339,0.7020319228229236,0.009937303649030574,0.9849580711409809,0.39380813161209793,0.0013424209493490629,102.0
2,noise,67,3.5,200,0.698050739114183,0.6225634238927288,0.011950061687533861,0.9849580711409809,0.39380813161209793,0.0013424209493490629,102.0
2,noise,68,0.1,200,0.9872117424903166,0.9840146781128959,2.2792431109153995e-06,0.9843280542166143,0.3991042668597733,0.0013541310179379974,102.0
2,noise,68,0.25,200,0.985778003615441,0.982222504519301,1.5574628324322835e-05,0.9843280542166143,0.3991042668597733,0.0013541310179379974,102.0
2,noise,68,0.5,200,0.9791401859757998,0.9739252324697493,7.789924944017656e-05,0.9843280542166143,0.3991042668597733,0.0013541310179379974,102.0
2,noise,68,0.75,200,0.9714608833241712,0.9643261041552138,0.00016520149308735704,0.9843280542166143,0.3991042668597733,0.0013541310179379974,102.0
2,noise,68,1.0,200,0.9585224685065893,0.9481530856332364,0.0004085228073033493,0.9843280542166143,0.3991042668597733,0.0013541310179379974,102.0
2,noise,68,1.25,200,0.943359418292282,0.9291992728653523,0.000748187031714371,0.9843280542166143,0.3991042668597733,0.0013541310179379974,102.0
2,noise,68,1.5,200,0.9237995367470667,0.9047494209338335,0.0017093864156031303,0.9843280542166143,0.3991042668597733,0.0013541310179379974,102.0
2,noise,68,2.0,200,0.8803189231107944,0.8503986538884928,0.0029224330620176175,0.9843280542166143,0.3991042668597733,0.0013541310179379974,102.0
2,noise,68,2.5,200,0.8239611289121949,0.7799514111402437,0.0054828600128253345,0.9843280542166143,0.3991042668597733,0.0013541310179379974,102.0
2,noise,68,3.0,200,0.7614259528846831,0.7017824411058535,0.00990400456243111,0.9843280542166143,0.3991042668597733,0.0013541310179379974,102.0
2,noise,68,3.5,200,0.697704491734304,0.6221306146678799,0.011974193440154397,0.9843280542166143,0.3991042668597733,0.0013541310179379974,102.0
2,noise,69,0.1,200,0.9881168558242415,0.9851460697803018,2.165627755266066e-06,0.9854463613960044,0.3944955587981242,0.0013589887132721534,102.0
2,noise,69,0.25,200,0.9866478824573224,0.983309853071653,1.436991868387927e-05,0.9854463613960044,0.3944955587981242,0.0013589887132721534,102.0
2,noise,69,0.5,200,0.9799767527158848,0.974970940894856,7.251287507022151e-05,0.9854463613960044,0.3944955587981242,0.0013589887132721534,102.0
2,noise,69,0.75,200,0.9722902740452558,0.9653628425565693,0.0001600469819600397,0.9854463613960044,0.3944955587981242,0.0013589887132721534,102.0
2,noise,69,1.0,200,0.95913190452982,0.9489148806622749,0.00039313333507855664,0.9854463613960044,0.3944955587981242,0.0013589887132721534,102.0
2,noise,69,1.25,200,0.9439721271102219,0.9299651588877771,0.0007304114504248949,0.9854463613960044,0.3944955587981242,0.0013589887132721534,102.0
2,noise,69,1.5,200,0.9244818096293663,0.9056022620367077,0.0016650973078668927,0.9854463613960044,0.3944955587981242,0.0013589887132721534,102.0
2,noise,69,2.0,200,0.8800697082628842,0.8500871353286052,0.0029308667297600634,0.9854463613960044,0.3944955587981242,0.0013589887132721534,102.0
2,noise,69,2.5,200,0.8235620113295085,0.7794525141618854,0.005482166053584577,0.9854463613960044,0.3944955587981242,0.0013589887132721534,102.0
2,noise,69,3.0,200,0.7612925321781934,0.7016156652227417,0.00991937171231286,0.9854463613960044,0.3944955587981242,0.0013589887132721534,102.0
2,noise,69,3.5,200,0.6970886687946932,0.6213608359933661,0.012042506592034787,0.9854463613960044,0.3944955587981242,0.0013589887132721534,102.0
2,noise,70,0.1,200,0.9886831569964631,0.9858539462455788,1.8498775654409155e-06,0.9861216891104005,0.39207705588820635,0.0013706061130895546,100.0
2,noise,70,0.25,200,0.98721034440849,0.9840129305106124,1.4136752947227343e-05,0.9861216891104005,0.39207705588820635,0.0013706061130895546,100.0
2,noise,70,0.5,200,0.9806518390194228,0.9758147987742787,5.827120239208178e-05,0.9861216891104005,0.39207705588820635,0.0013706061130895546,100.0
2,noise,70,0.75,200,0.9730321669209833,0.9662902086512288,0.00014454418803305357,0.9861216891104005,0.39207705588820635,0.0013706061130895546,100.0
2,noise,70,1.0,200,0.9587982012961824,0.9484977516202278,0.00034928117866906317,0.9861216891104005,0.39207705588820635,0.0013706061130895546,100.0
2,noise,70,1.25,200,0.9436625453592002,0.9295781816990004,0.000797181172524074,0.9861216891104005,0.39207705588820635,0.0013706061130895546,100.0
2,noise,70,1.5,200,0.92477782178998,0.9059722772374751,0.0013073147473376021,0.9861216891104005,0.39207705588820635,0.0013706061130895546,100.0
2,noise,70,2.0,200,0.8826684355065106,0.8533355443831383,0.0030281491386241442,0.9861216891104005,0.39207705588820635,0.0013706061130895546,100.0
2,noise,70,2.5,200,0.8292985411409646,0.7866231764262058,0.005170094234328173,0.9861216891104005,0.39207705588820635,0.0013706061130895546,100.0
2,noise,70,3.0,200,0.7705737082948443,0.7132171353685556,0.010513895656416588,0.9861216891104005,0.39207705588820635,0.0013706061130895546,100.0
2,noise,70,3.5,200,0.7052049763420098,0.6315062204275124,0.012089194636659832,0.9861216891104005,0.39207705588820635,0.0013706061130895546,100.0
2,noise,71,0.1,200,0.9873089994586455,0.9841362493233067,2.696668697255247e-06,0.9843794656129371,0.39895586145138706,0.0014592128123049246,106.0
2,noise,71,0.25,200,0.9858202825599829,0.9822753531999787,1.6494236551047815e-05,0.9843794656129371,0.39895586145138706,0.0014592128123049246,106.0
2,noise,71,0.5,200,0.9787061986889438,0.9733827483611797,7.917627883032081e-05,0.9843794656129371,0.39895586145138706,0.0014592128123049246,106.0
2,noise,71,0.75,200,0.9703889702378933,0.9629862127973665,0.00018232950102092213,0.9843794656129371,0.39895586145138706,0.0014592128123049246,106.0
2,noise,71,1.0,200,0.9562705430537305,0.9453381788171632,0.00042727021208025044,0.9843794656129371,0.39895586145138706,0.0014592128123049246,106.0
2,noise,71,1.25,200,0.940494632736824,0.92561829092103,0.000909575605446884,0.9843794656129371,0.39895586145138706,0.0014592128123049246,106.0
2,noise,71,1.5,200,0.9199496740646286,0.8999370925807856,0.0015469669915862299,0.9843794656129371,0.39895586145138706,0.0014592128123049246,106.0
2,noise,71,2.0,200,0.8729947930417122,0.8412434913021406,0.0033062579668814494,0.9843794656129371,0.39895586145138706,0.0014592128123049246,106.0
2,noise,71,2.5,200,0.8183170911047482,0.7728963638809351,0.005865804059498025,0.9843794656129371,0.39895586145138706,0.0014592128123049246,106.0
2,noise,71,3.0,200,0.7551427199192222,0.693928399899028,0.011529770549525233,0.9843794656129371,0.39895586145138706,0.0014592128123049246,106.0
2,noise,71,3.5,200,0.6927704116897906,0.6159630146122381,0.012611444053340115,0.9843794656129371,0.39895586145138706,0.0014592128123049246,106.0
2,noise,72,0.1,200,0.9879027384860048,0.9848784231075061,2.3950246903741344e-06,0.9851268170988875,0.3954462724833824,0.0014856197101402939,108.0
2,noise,72,0.25,200,0.9863155395293985,0.982894424411748,1.4653607847216917e-05,0.9851268170988875,0.3954462724833824,0.0014856197101402939,108.0
2,noise,72,0.5,200,0.9792107223506588,0.9740134029383235,7.350871992104112e-05,0.9851268170988875,0.3954462724833824,0.0014856197101402939,108.0
2,noise,72,0.75,200,0.9704717961705523,0.9630897452131905,0.00016064400819946342,0.9851268170988875,0.3954462724833824,0.0014856197101402939,108.0
2,noise,72,1.0,200,0.9556540238853334,0.9445675298566667,0.00040727183903474534,0.9851268170988875,0.3954462724833824,0.0014856197101402939,108.0
2,noise,72,1.25,200,0.9390599073050752,0.9238248841313437,0.0008466075506215377,0.9851268170988875,0.3954462724833824,0.0014856197101402939,108.0
2,noise,72,1.5,200,0.9201480829565747,0.9001851036957185,0.0014602774968979237,0.9851268170988875,0.3954462724833824,0.0014856197101402939,108.0
2,noise,72,2.0,200,0.8730635948634564,0.841329493579321,0.00339173248983123,0.9851268170988875,0.3954462724833824,0.0014856197101402939,108.0
2,noise,72,2.5,200,0.8177827832272739,0.7722284790340922,0.005879166304230283,0.9851268170988875,0.3954462724833824,0.0014856197101402939,108.0
2,noise,72,3.0,200,0.7499126364175098,0.6873907955218874,0.011449237842610456,0.9851268170988875,0.3954462724833824,0.0014856197101402939,108.0
2,noise,72,3.5,200,0.6840390750644733,0.6050488438305913,0.013028250831857014,0.9851268170988875,0.3954462724833824,0.0014856197101402939,108.0
2,noise,73,0.1,200,0.9884524116753983,0.9855655145942481,2.2781721304041588e-06,0.9858635917994766,0.3933507422543879,0.0014950784578722789,104.0
2,noise,73,0.25,200,0.9869564420903898,0.9836955526129872,1.5013359932750176e-05,0.9858635917994766,0.3933507422543879,0.0014950784578722789,104.0
2,noise,73,0.5,200,0.9803139881735478,0.9753924852169348,6.052721640286314e-05,0.9858635917994766,0.3933507422543879,0.0014950784578722789,104.0
2,noise,73,0.75,200,0.9715502941254508,0.9644378676568135,0.0001885466659329911,0.9858635917994766,0.3933507422543879,0.0014950784578722789,104.0
2,noise,73,1.0,200,0.9572034773249598,0.9465043466561999,0.000394797003522078,0.9858635917994766,0.3933507422543879,0.0014950784578722789,104.0
2,noise,73,1.25,200,0.943673498300332,0.929591872875415,0.0007232644943708971,0.9858635917994766,0.3933507422543879,0.0014950784578722789,104.0
2,noise,73,1.5,200,0.9225939393881757,0.903242424235219,0.001527245214705406,0.9858635917994766,0.3933507422543879,0.0014950784578722789,104.0
2,noise,73,2.0,200,0.8764667035872495,0.845583379484062,0.003389158638297029,0.9858635917994766,0.3933507422543879,0.0014950784578722789,104.0
2,noise,73,2.5,200,0.8250818964128211,0.7813523705160264,0.004864449822839895,0.9858635917994766,0.3933507422543879,0.0014950784578722789,104.0
2,noise,73,3.0,200,0.7620558071798325,0.7025697589747903,0.010742290171547566,0.9858635917994766,0.3933507422543879,0.0014950784578722789,104.0
2,noise,73,3.5,200,0.6977514349995707,0.6221892937494634,0.011554668189621295,0.9858635917994766,0.3933507422543879,0.0014950784578722789,104.0
2,noise,74,0.1,200,0.9868714962207354,0.9835893702759193,2.477419610512838e-06,0.9838832634652115,0.3963279989632229,0.0014885959449828829,104.0
2,noise,74,0.25,200,0.9854281058373454,0.9817851322966815,1.7545669986037565e-05,0.9838832634652115,0.3963279989632229,0.0014885959449828829,104.0
2,noise,74,0.5,200,0.9788036578614516,0.9735045723268146,6.553339900714346e-05,0.9838832634652115,0.3963279989632229,0.0014885959449828829,104.0
2,noise,74,0.75,200,0.9698882927838745,0.962360365979843,0.00020165513586472598,0.9838832634652115,0.3963279989632229,0.0014885959449828829,104.0
2,noise,74,1.0,200,0.955882803834184,0.9448535047927303,0.00044841106011887506,0.9838832634652115,0.3963279989632229,0.0014885959449828829,104.0
2,noise,74,1.25,200,0.9426656609056391,0.9283320761320489,0.0007419827446059981,0.9838832634652115,0.3963279989632229,0.0014885959449828829,104.0
2,noise,74,1.5,200,0.9214629250237039,0.9018286562796298,0.0015814227600134433,0.9838832634652115,0.3963279989632229,0.0014885959449828829,104.0
2,noise,74,2.0,200,0.8752593585124796,0.8440741981405994,0.0033900518306750425,0.9838832634652115,0.3963279989632229,0.0014885959449828829,104.0
2,noise,74,2.5,200,0.824728684405716,0.780910855507145,0.004990470827024826,0.9838832634652115,0.3963279989632229,0.0014885959449828829,104.0
2,noise,74,3.0,200,0.7617696952720059,0.7022121190900075,0.010984283552357331,0.9838832634652115,0.3963279989632229,0.0014885959449828829,104.0
2,noise,74,3.5,200,0.6987030089087392,0.623378761135924,0.011466786275498062,0.9838832634652115,0.3963279989632229,0.0014885959449828829,104.0
2,noise,75,0.1,200,0.9872111283770839,0.9840139104713544,2.4172122089868363e-06,0.984303753423712,0.39821778071862823,0.0015834039309698975,114.0
2,noise,75,0.25,200,0.9855240356029938,0.981905044503742,1.6197202696095332e-05,0.984303753423712,0.39821778071862823,0.0015834039309698975,114.0
2,noise,75,0.5,200,0.9780572046463288,0.972571505807911,7.40709205308639e-05,0.984303753423712,0.39821778071862823,0.0015834039309698975,114.0
2,noise,75,0.75,200,0.9685366189257242,0.9606707736571554,0.00019566626398729987,0.984303753423712,0.39821778071862823,0.0015834039309698975,114.0
2,noise,75,1.0,200,0.9538605583819972,0.9423256979774963,0.00047311983623511564,0.984303753423712,0.39821778071862823,0.0015834039309698975,114.0
2,noise,75,1.25,200,0.936265722463288,0.9203321530791101,0.0009666233038856813,0.984303753423712,0.39821778071862823,0.0015834039309698975,114.0
2,noise,75,1.5,200,0.9147213983054974,0.8934017478818717,0.0016340804343356896,0.984303753423712,0.39821778071862823,0.0015834039309698975,114.0
2,noise,75,2.0,200,0.8674833827707445,0.8343542284634308,0.0038939146988569272,0.984303753423712,0.39821778071862823,0.0015834039309698975,114.0
2,noise,75,2.5,200,0.8045975608053525,0.7557469510066904,0.005745518801382628,0.984303753423712,0.39821778071862823,0.0015834039309698975,114.0
2,noise,75,3.0,200,0.7455186561772051,0.6818983202215064,0.010241887261708445,0.984303753423712,0.39821778071862823,0.0015834039309698975,114.0
2,noise,75,3.5,200,0.6761743568942664,0.5952179461178329,0.015055470566865417,0.984303753423712,0.39821778071862823,0.0015834039309698975,114.0
2,noise,76,0.1,200,0.987644211710917,0.9845552646386462,2.1290302412399367e-06,0.9848580810613916,0.39533579106849764,0.001547685201101919,110.0
2,noise,76,0.25,200,0.986253632855513,0.9828170410693913,1.4274064533721746e-05,0.9848580810613916,0.39533579106849764,0.001547685201101919,110.0
2,noise,76,0.5,200,0.9788802673694644,0.9736003342118303,6.27130086544455e-05,0.9848580810613916,0.39533579106849764,0.001547685201101919,110.0
2,noise,76,0.75,200,0.9702904382879727,0.9628630478599658,0.00015556106421877155,0.9848580810613916,0.39533579106849764,0.001547685201101919,110.0
2,noise,76,1.0,200,0.9549524537184141,0.9436905671480175,0.00048171267089240085,0.9848580810613916,0.39533579106849764,0.001547685201101919,110.0
2,noise,76,1.25,200,0.9402524482968313,0.9253155603710391,0.0007059399297688792,0.9848580810613916,0.39533579106849764,0.001547685201101919,110.0
2,noise,76,1.5,200,0.9173882660165109,0.8967353325206385,0.0014566052106845739,0.9848580810613916,0.39533579106849764,0.001547685201101919,110.0
2,noise,76,2.0,200,0.8695268688686849,0.8369085860858558,0.0035775234645054675,0.9848580810613916,0.39533579106849764,0.001547685201101919,110.0
2,noise,76,2.5,200,0.8149863520159539,0.7687329400199423,0.005210949727419565,0.9848580810613916,0.39533579106849764,0.001547685201101919,110.0
2,noise,76,3.0,200,0.751724205852744,0.6896552573159299,0.009920677968607385,0.9848580810613916,0.39533579106849764,0.001547685201101919,110.0
2,noise,76,3.5,200,0.6838884144526454,0.6048605180658067,0.013643296357200121,0.9848580810613916,0.39533579106849764,0.001547685201101919,110.0
2,noise,77,0.1,200,0.9885070057038825,0.9856337571298529,2.0075147646563968e-06,0.9859038260461126,0.39348884387747585,0.0015101243859698024,104.0
2,noise,77,0.25,200,0.9869496563703418,0.9836870704629272,1.306179248289291e-05,0.9859038260461126,0.39348884387747585,0.0015101243859698024,104.0
2,noise,77,0.5,200,0.9803973490783359,0.9754966863479199,5.417205236068892e-05,0.9859038260461126,0.39348884387747585,0.0015101243859698024,104.0
2,noise,77,0.75,200,0.9715418235342672,0.9644272794178339,0.00017534977621702774,0.9859038260461126,0.39348884387747585,0.0015101243859698024,104.0
2,noise,77,1.0,200,0.9572406687694882,0.9465508359618603,0.0003803291366226022,0.9859038260461126,0.39348884387747585,0.0015101243859698024,104.0
2,noise,77,1.25,200,0.9439759104317411,0.9299698880396761,0.0007012417047558505,0.9859038260461126,0.39348884387747585,0.0015101243859698024,104.0
2,noise,77,1.5,200,0.9224229984056493,0.9030287480070615,0.0014757461719479403,0.9859038260461126,0.39348884387747585,0.0015101243859698024,104.0
2,noise,77,2.0,200,0.87604940451358,0.8450617556419749,0.003369798314572432,0.9859038260461126,0.39348884387747585,0.0015101243859698024,104.0
2,noise,77,2.5,200,0.8245291764860021,0.7806614706075024,0.004886960857855554,0.9859038260461126,0.39348884387747585,0.0015101243859698024,104.0
2,noise,77,3.0,200,0.7611948740032597,0.7014935925040746,0.010902869037575782,0.9859038260461126,0.39348884387747585,0.0015101243859698024,104.0
2,noise,77,3.5,200,0.6980140595656072,0.6225175744570091,0.011410315818362427,0.9859038260461126,0.39348884387747585,0.0015101243859698024,104.0
2,noise,78,0.1,200,0.989593908134091,0.986992385167614,1.944781480849796e-06,0.9872466605839841,0.38370972500085504,0.0015275892616633503,104.0
2,noise,78,0.25,200,0.9880243306989138,0.9850304133736424,1.2517127837551345e-05,0.9872466605839841,0.38370972500085504,0.0015275892616633503,104.0
2,noise,78,0.5,200,0.9815115018935594,0.9768893773669493,5.116929162162932e-05,0.9872466605839841,0.38370972500085504,0.0015275892616633503,104.0
2,noise,78,0.75,200,0.9723385376250111,0.965423172031264,0.00016473877066587594,0.9872466605839841,0.38370972500085504,0.0015275892616633503,104.0
2,noise,78,1.0,200,0.9581589359553746,0.9476986699442181,0.0003789508491873379,0.9872466605839841,0.38370972500085504,0.0015275892616633503,104.0
2,noise,78,1.25,200,0.9448650720328878,0.9310813400411098,0.0007031763095916795,0.9872466605839841,0.38370972500085504,0.0015275892616633503,104.0
2,noise,78,1.5,200,0.9233700192811354,0.9042125241014193,0.0014504677250496718,0.9872466605839841,0.38370972500085504,0.0015275892616633503,104.0
2,noise,78,2.0,200,0.8759014886299378,0.8448768607874223,0.0034820316831345303,0.9872466605839841,0.38370972500085504,0.0015275892616633503,104.0
2,noise,78,2.5,200,0.824745247548563,0.7809315594357039,0.004881231591745774,0.9872466605839841,0.38370972500085504,0.0015275892616633503,104.0
2,noise,78,3.0,200,0.7612139281166728,0.7015174101458408,0.011031060993040858,0.9872466605839841,0.38370972500085504,0.0015275892616633503,104.0
2,noise,78,3.5,200,0.6980140465978045,0.6225175582472554,0.01136873632944693,0.9872466605839841,0.38370972500085504,0.0015275892616633503,104.0
2,noise,79,0.1,200,0.9878341057990604,0.9847926322488253,2.353001108944772e-06,0.9850184883720845,0.3982751800456704,0.0014986478242711026,104.0
2,noise,79,0.25,200,0.9862727723975075,0.9828409654968842,1.4108082994304098e-05,0.9850184883720845,0.3982751800456704,0.0014986478242711026,104.0
2,noise,79,0.5,200,0.9796728341712087,0.9745910427140106,5.542175806265199e-05,0.9850184883720845,0.3982751800456704,0.0014986478242711026,104.0
2,noise,79,0.75,200,0.9704809742361088,0.9631012177951359,0.0001781193393872024,0.9850184883720845,0.3982751800456704,0.0014986478242711026,104.0
2,noise,79,1.0,200,0.956418248443306,0.9455228105541323,0.0004183522071903768,0.9850184883720845,0.3982751800456704,0.0014986478242711026,104.0
2,noise,79,1.25,200,0.9429914417534514,0.9287393021918142,0.0007477153970206277,0.9850184883720845,0.3982751800456704,0.0014986478242711026,104.0
2,noise,79,1.5,200,0.9214843437405481,0.9018554296756848,0.0015367218648195925,0.9850184883720845,0.3982751800456704,0.0014986478242711026,104.0
2,noise,79,2.0,200,0.8741208465105246,0.8426510581381556,0.0035660810648986845,0.9850184883720845,0.3982751800456704,0.0014986478242711026,104.0
2,noise,79,2.5,200,0.8228835285424737,0.778604410678092,0.004986325095620103,0.9850184883720845,0.3982751800456704,0.0014986478242711026,104.0
2,noise,79,3.0,200,0.7596458034997253,0.6995572543746565,0.011081666662622457,0.9850184883720845,0.3982751800456704,0.0014986478242711026,104.0
2,noise,79,3.5,200,0.6967594792114817,0.6209493490143521,0.01146183926852178,0.9850184883720845,0.3982751800456704,0.0014986478242711026,104.0
2,noise,80,0.1,200,0.9873362191927364,0.9841702739909204,2.5049613424792414e-06,0.984394062968087,0.39776459226299576,0.001627987755637082,110.0
2,noise,80,0.25,200,0.9857941467902958,0.9822426834878699,1.3284896106152684e-05,0.984394062968087,0.39776459226299576,0.001627987755637082,110.0
2,noise,80,0.5,200,0.9784911503184737,0.973113937898092,6.396200527147548e-05,0.984394062968087,0.39776459226299576,0.001627987755637082,110.0
2,noise,80,0.75,200,0.9693737098650441,0.9617171373313051,0.00015466298211046838,0.984394062968087,0.39776459226299576,0.001627987755637082,110.0
2,noise,80,1.0,200,0.9540826309487347,0.9426032886859183,0.0004943155036578478,0.984394062968087,0.39776459226299576,0.001627987755637082,110.0
2,noise,80,1.25,200,0.9390186253385275,0.9237732816731594,0.0007365221704449491,0.984394062968087,0.39776459226299576,0.001627987755637082,110.0
2,noise,80,1.5,200,0.9161256555408521,0.8951570694260653,0.0015082262240487183,0.984394062968087,0.39776459226299576,0.001627987755637082,110.0
2,noise,80,2.0,200,0.86689309493293,0.8336163686661625,0.003959590952837625,0.984394062968087,0.39776459226299576,0.001627987755637082,110.0
2,noise,80,2.5,200,0.8113072208259262,0.7641340260324077,0.005362606020157514,0.984394062968087,0.39776459226299576,0.001627987755637082,110.0
2,noise,80,3.0,200,0.7488762288156701,0.6860952860195876,0.010236566086932037,0.984394062968087,0.39776459226299576,0.001627987755637082,110.0
2,noise,80,3.5,200,0.6809174580814641,0.60114682260183,0.013922714220465164,0.984394062968087,0.39776459226299576,0.001627987755637082,110.0
2,noise,81,0.1,200,0.9883844881488703,0.9854806101860875,2.418162229433577e-06,0.9857196894778792,0.3902225222334571,0.0015901307373122854,106.0
2,noise,81,0.25,200,0.9868697855229311,0.9835872319036638,1.3936568426249318e-05,0.9857196894778792,0.3902225222334571,0.0015901307373122854,106.0
2,noise,81,0.5,200,0.9798021324772144,0.974752665596518,6.605609499685246e-05,0.9857196894778792,0.3902225222334571,0.0015901307373122854,106.0
2,noise,81,0.75,200,0.9711223779294086,0.9639029724117606,0.000168927809649155,0.9857196894778792,0.3902225222334571,0.0015901307373122854,106.0
2,noise,81,1.0,200,0.9572602736880609,0.946575342110076,0.00040178214810436487,0.9857196894778792,0.3902225222334571,0.0015901307373122854,106.0
2,noise,81,1.25,200,0.941258922877665,0.9265736535970812,0.000854279192370961,0.9857196894778792,0.3902225222334571,0.0015901307373122854,106.0
2,noise,81,1.5,200,0.9209226637279198,0.9011533296598998,0.0014424347109023316,0.9857196894778792,0.3902225222334571,0.0015901307373122854,106.0
2,noise,81,2.0,200,0.8722462393675183,0.840307799209398,0.0032899543950668324,0.9857196894778792,0.3902225222334571,0.0015901307373122854,106.0
2,noise,81,2.5,200,0.8179262804764615,0.7724078505955769,0.005744969120395857,0.9857196894778792,0.3902225222334571,0.0015901307373122854,106.0
2,noise,81,3.0,200,0.7546878030121777,0.6933597537652224,0.0114849428021596,0.9857196894778792,0.3902225222334571,0.0015901307373122854,106.0
2,noise,81,3.5,200,0.6925859719907362,0.6157324649884203,0.012601752888839766,0.9857196894778792,0.3902225222334571,0.0015901307373122854,106.0
2,noise,82,0.1,200,0.9891356439756671,0.9864195549695839,2.1847687449817577e-06,0.9866732208695033,0.3868674565510054,0.0015550630755947186,104.0
2,noise,82,0.25,200,0.9876125343351225,0.9845156679189031,1.4222980258225307e-05,0.9866732208695033,0.3868674565510054,0.0015550630755947186,104.0
2,noise,82,0.5,200,0.9810005919208926,0.9762507399011159,5.465653718153106e-05,0.9866732208695033,0.3868674565510054,0.0015550630755947186,104.0
2,noise,82,0.75,200,0.971828165731941,0.9647852071649264,0.00017428259027317018,0.9866732208695033,0.3868674565510054,0.0015550630755947186,104.0
2,noise,82,1.0,200,0.957750330292058,0.9471879128650724,0.00039834140682899185,0.9866732208695033,0.3868674565510054,0.0015550630755947186,104.0
2,noise,82,1.25,200,0.9443116797451516,0.9303895996814393,0.0007171141315689441,0.9866732208695033,0.3868674565510054,0.0015550630755947186,104.0
2,noise,82,1.5,200,0.9230128362712865,0.9037660453391083,0.0015072058393533828,0.9866732208695033,0.3868674565510054,0.0015550630755947186,104.0
2,noise,82,2.0,200,0.8756715308573266,0.8445894135716583,0.0034737939649877214,0.9866732208695033,0.3868674565510054,0.0015550630755947186,104.0
2,noise,82,2.5,200,0.8247576776428263,0.7809470970535329,0.004900413726302342,0.9866732208695033,0.3868674565510054,0.0015550630755947186,104.0
2,noise,82,3.0,200,0.7614686858668734,0.7018358573335917,0.010942273741609969,0.9866732208695033,0.3868674565510054,0.0015550630755947186,104.0
2,noise,82,3.5,200,0.6982124082916922,0.6227655103646152,0.011435956076680758,0.9866732208695033,0.3868674565510054,0.0015550630755947186,104.0
2,noise,83,0.1,200,0.9897425762738209,0.9871782203422762,2.0261358122454713e-06,0.9874686661219149,0.3825729052454301,0.0015535766916075584,104.0
2,noise,83,0.25,200,0.9882448036003382,0.9853060045004227,1.4436142154365407e-05,0.9874686661219149,0.3825729052454301,0.0015535766916075584,104.0
2,noise,83,0.5,200,0.9816737923370051,0.9770922404212564,5.4629435913427975e-05,0.9874686661219149,0.3825729052454301,0.0015535766916075584,104.0
2,noise,83,0.75,200,0.9728550253630343,0.9660687817037926,0.0001675735051818363,0.9874686661219149,0.3825729052454301,0.0015535766916075584,104.0
2,noise,83,1.0,200,0.9584584335112152,0.9480730418890189,0.0003783799278389689,0.9874686661219149,0.3825729052454301,0.0015535766916075584,104.0
2,noise,83,1.25,200,0.9452967279554119,0.9316209099442648,0.0006733038185435698,0.9874686661219149,0.3825729052454301,0.0015535766916075584,104.0
2,noise,83,1.5,200,0.9240641782894112,0.905080222861764,0.0014897244192947651,0.9874686661219149,0.3825729052454301,0.0015535766916075584,104.0
2,noise,83,2.0,200,0.8771699229001959,0.8464624036252448,0.0033316911401798334,0.9874686661219149,0.3825729052454301,0.0015535766916075584,104.0
2,noise,83,2.5,200,0.8266941559991215,0.7833676949989019,0.004821035544837381,0.9874686661219149,0.3825729052454301,0.0015535766916075584,104.0
2,noise,83,3.0,200,0.7629031979763163,0.7036289974703953,0.010878694317579206,0.9874686661219149,0.3825729052454301,0.0015535766916075584,104.0
2,noise,83,3.5,200,0.6995000420525409,0.6243750525656762,0.011394386605452188,0.9874686661219149,0.3825729052454301,0.0015535766916075584,104.0
2,noise,84,0.1,200,0.9883329212667772,0.9854161515834713,2.3801016505018985e-06,0.9857195939317082,0.399919602387799,0.0016227183828428364,110.0
2,noise,84,0.25,200,0.9868776589334136,0.983597073666767,1.5638854370028824e-05,0.9857195939317082,0.399919602387799,0.0016227183828428364,110.0
2,noise,84,0.5,200,0.9794710310880277,0.9743387888600346,6.653797844994343e-05,0.9857195939317082,0.399919602387799,0.0016227183828428364,110.0
2,noise,84,0.75,200,0.97088696963568,0.9636087120445999,0.00016142548995008935,0.9857195939317082,0.399919602387799,0.0016227183828428364,110.0
2,noise,84,1.0,200,0.9552704963325411,0.9440881204156765,0.0004902299109598355,0.9857195939317082,0.399919602387799,0.0016227183828428364,110.0
2,noise,84,1.25,200,0.9404851804800196,0.9256064756000242,0.0007071272792654634,0.9857195939317082,0.399919602387799,0.0016227183828428364,110.0
2,noise,84,1.5,200,0.9183220740289099,0.8979025925361372,0.0014888086400201771,0.9857195939317082,0.399919602387799,0.0016227183828428364,110.0
2,noise,84,2.0,200,0.8698125055167619,0.8372656318959525,0.0038310466641169705,0.9857195939317082,0.399919602387799,0.0016227183828428364,110.0
2,noise,84,2.5,200,0.8151736342333159,0.7689670427916449,0.005272374967376088,0.9857195939317082,0.399919602387799,0.0016227183828428364,110.0
2,noise,84,3.0,200,0.7523152297990595,0.6903940372488242,0.010242539966238246,0.9857195939317082,0.399919602387799,0.0016227183828428364,110.0
2,noise,84,3.5,200,0.684197404940222,0.6052467561752773,0.013654255990158383,0.9857195939317082,0.399919602387799,0.0016227183828428364,110.0
2,noise,85,0.1,200,0.9891953029596824,0.9864941286996027,2.218526067026809e-06,0.9867719128849952,0.3886775554845367,0.0015538454229852342,106.0
2,noise,85,0.25,200,0.987703362278325,0.9846292028479061,1.3822897441597554e-05,0.9867719128849952,0.3886775554845367,0.0015538454229852342,106.0
2,noise,85,0.5,200,0.9807504433483365,0.9759380541854205,6.58301194092863e-05,0.9867719128849952,0.3886775554845367,0.0015538454229852342,106.0
2,noise,85,0.75,200,0.9720967222424431,0.965120902803054,0.00015863294831111165,0.9867719128849952,0.3886775554845367,0.0015538454229852342,106.0
2,noise,85,1.0,200,0.9587498028682522,0.948437253585315,0.0003929418199955442,0.9867719128849952,0.3886775554845367,0.0015538454229852342,106.0
2,noise,85,1.25,200,0.9427285676903718,0.9284107096129648,0.0008152614253480173,0.9867719128849952,0.3886775554845367,0.0015538454229852342,106.0
2,noise,85,1.5,200,0.9224197853427842,0.9030247316784802,0.0014072363906015295,0.9867719128849952,0.3886775554845367,0.0015538454229852342,106.0
2,noise,85,2.0,200,0.8750709845158484,0.8438387306448106,0.0031078069138938368,0.9867719128849952,0.3886775554845367,0.0015538454229852342,106.0
2,noise,85,2.5,200,0.8209838747508856,0.7762298434386068,0.005798601423227947,0.9867719128849952,0.3886775554845367,0.0015538454229852342,106.0
2,noise,85,3.0,200,0.7576117764139481,0.697014720517435,0.011459579017872671,0.9867719128849952,0.3886775554845367,0.0015538454229852342,106.0
2,noise,85,3.5,200,0.6956095692104616,0.6195119615130767,0.01250401080130207,0.9867719128849952,0.3886775554845367,0.0015538454229852342,106.0
2,noise,86,0.1,200,0.9886710232943609,0.985838779117951,2.0194398066324396e-06,0.986185713927991,0.3983484194430774,0.0016247978914399079,116.0
2,noise,86,0.25,200,0.9870079810582237,0.9837599763227793,1.2957772560536884e-05,0.986185713927991,0.3983484194430774,0.0016247978914399079,116.0
2,noise,86,0.5,200,0.9794323342409857,0.9742904178012324,6.524135825984622e-05,0.986185713927991,0.3983484194430774,0.0016247978914399079,116.0
2,noise,86,0.75,200,0.9704124969503733,0.9630156211879666,0.00013746009133355536,0.986185713927991,0.3983484194430774,0.0016247978914399079,116.0
2,noise,86,1.0,200,0.9557274776492332,0.9446593470615413,0.0004688484613150891,0.986185713927991,0.3983484194430774,0.0016247978914399079,116.0
2,noise,86,1.25,200,0.9383115788243193,0.922889473530399,0.0009185143470314173,0.986185713927991,0.3983484194430774,0.0016247978914399079,116.0
2,noise,86,1.5,200,0.9130017617679871,0.8912522022099839,0.001706966530358062,0.986185713927991,0.3983484194430774,0.0016247978914399079,116.0
2,noise,86,2.0,200,0.8668863428171572,0.8336079285214462,0.003700734568546543,0.986185713927991,0.3983484194430774,0.0016247978914399079,116.0
2,noise,86,2.5,200,0.805889597564196,0.7573619969552448,0.007151877812590304,0.986185713927991,0.3983484194430774,0.0016247978914399079,116.0
2,noise,86,3.0,200,0.7374241304280734,0.6717801630350919,0.011380372330688645,0.986185713927991,0.3983484194430774,0.0016247978914399079,116.0
2,noise,86,3.5,200,0.665834885900298,0.5822936073753725,0.013687265800511177,0.986185713927991,0.3983484194430774,0.0016247978914399079,116.0
2,noise,87,0.1,200,0.9911050380619497,0.9888812975774368,1.6121747217503178e-06,0.9892429016437109,0.3951291609889207,0.0017123049459300118,124.0
2,noise,87,0.25,200,0.9891562182530148,0.9864452728162686,1.0391245566223317e-05,0.9892429016437109,0.3951291609889207,0.0017123049459300118,124.0
2,noise,87,0.5,200,0.9814722619072724,0.9768403273840903,6.077650167942285e-05,0.9892429016437109,0.3951291609889207,0.0017123049459300118,124.0
2,noise,87,0.75,200,0.9712425993801559,0.9640532492251949,0.00011980833396897227,0.9892429016437109,0.3951291609889207,0.0017123049459300118,124.0
2,noise,87,1.0,200,0.955218609785728,0.9440232622321603,0.00042384844058395945,0.9892429016437109,0.3951291609889207,0.0017123049459300118,124.0
2,noise,87,1.25,200,0.9361968628057927,0.9202460785072408,0.001063298622860916,0.9892429016437109,0.3951291609889207,0.0017123049459300118,124.0
2,noise,87,1.5,200,0.9109089982322811,0.8886362477903513,0.0017113367130072988,0.9892429016437109,0.3951291609889207,0.0017123049459300118,124.0
2,noise,87,2.0,200,0.8593913697415261,0.8242392121769072,0.004575403439400152,0.9892429016437109,0.3951291609889207,0.0017123049459300118,124.0
2,noise,87,2.5,200,0.7965914787164965,0.7457393483956204,0.006692166277376058,0.9892429016437109,0.3951291609889207,0.0017123049459300118,124.0
2,noise,87,3.0,200,0.7260854782082338,0.6576068477602921,0.011928717516312677,0.9892429016437109,0.3951291609889207,0.0017123049459300118,124.0
2,noise,87,3.5,200,0.6545754140927548,0.5682192676159434,0.014445384760429177,0.9892429016437109,0.3951291609889207,0.0017123049459300118,124.0
2,noise,88,0.1,200,0.9906387139623174,0.9882983924528969,1.8669039068906272e-06,0.9885990728465958,0.3968572816218881,0.0017207086625762955,120.0
2,noise,88,0.25,200,0.988716571492621,0.9858957143657762,1.0212646095167928e-05,0.9885990728465958,0.3968572816218881,0.0017207086625762955,120.0
2,noise,88,0.5,200,0.9808532913477731,0.9760666141847162,6.267399595396496e-05,0.9885990728465958,0.3968572816218881,0.0017207086625762955,120.0
2,noise,88,0.75,200,0.9708072692208969,0.9635090865261211,0.00014454018656899167,0.9885990728465958,0.3968572816218881,0.0017207086625762955,120.0
2,noise,88,1.0,200,0.9559951072323621,0.9449938840404525,0.00038163655773009353,0.9885990728465958,0.3968572816218881,0.0017207086625762955,120.0
2,noise,88,1.25,200,0.9352160903196858,0.9190201128996068,0.0008902186332669707,0.9885990728465958,0.3968572816218881,0.0017207086625762955,120.0
2,noise,88,1.5,200,0.9138482247232667,0.8923102809040833,0.0014368861644041282,0.9885990728465958,0.3968572816218881,0.0017207086625762955,120.0
2,noise,88,2.0,200,0.861242190280521,0.8265527378506513,0.004250219610346393,0.9885990728465958,0.3968572816218881,0.0017207086625762955,120.0
2,noise,88,2.5,200,0.8005804420674218,0.7507255525842771,0.0067479043335401424,0.9885990728465958,0.3968572816218881,0.0017207086625762955,120.0
2,noise,88,3.0,200,0.7329716592701723,0.6662145740877152,0.0106346541122112,0.9885990728465958,0.3968572816218881,0.0017207086625762955,120.0
2,noise,88,3.5,200,0.6565371086241081,0.570671385780135,0.016023568710878913,0.9885990728465958,0.3968572816218881,0.0017207086625762955,120.0
2,noise,89,0.1,200,0.9929601414972077,0.9912001768715097,1.2245678919600132e-06,0.9915816821061257,0.3918354367709881,0.0018945112947816162,130.0
2,noise,89,0.25,200,0.9908097176222687,0.9885121470278356,7.459951407787636e-06,0.9915816821061257,0.3918354367709881,0.0018945112947816162,130.0
2,noise,89,0.5,200,0.9832735189591824,0.9790918986989781,5.507968320058905e-05,0.9915816821061257,0.3918354367709881,0.0018945112947816162,130.0
2,noise,89,0.75,200,0.9715526420514016,0.9644408025642521,0.0001478535509090694,0.9915816821061257,0.3918354367709881,0.0018945112947816162,130.0
2,noise,89,1.0,200,0.9562046983904342,0.9452558729880428,0.00036439747835427457,0.9915816821061257,0.3918354367709881,0.0018945112947816162,130.0
2,noise,89,1.25,200,0.9351145113084336,0.9188931391355419,0.0009790137602252228,0.9915816821061257,0.3918354367709881,0.0018945112947816162,130.0
2,noise,89,1.5,200,0.9092111080281688,0.8865138850352109,0.0015421326365978266,0.9915816821061257,0.3918354367709881,0.0018945112947816162,130.0
2,noise,89,2.0,200,0.8575959682436096,0.821994960304512,0.004900850972977226,0.9915816821061257,0.3918354367709881,0.0018945112947816162,130.0
2,noise,89,2.5,200,0.7855034975287162,0.7318793719108954,0.007185901673923662,0.9915816821061257,0.3918354367709881,0.0018945112947816162,130.0
2,noise,89,3.0,200,0.7140589463362428,0.6425736829203035,0.012089163451941633,0.9915816821061257,0.3918354367709881,0.0018945112947816162,130.0
2,noise,89,3.5,200,0.6396909491962117,0.5496136864952645,0.01471326389095439,0.9915816821061257,0.3918354367709881,0.0018945112947816162,130.0
2,noise,90,0.1,200,0.991953100609327,0.9899413757616585,1.3535489135972284e-06,0.9903001215696866,0.3898489092132905,0.0018255908946694336,126.0
2,noise,90,0.25,200,0.9898060450426066,0.9872575563032581,9.585150351477327e-06,0.9903001215696866,0.3898489092132905,0.0018255908946694336,126.0
2,noise,90,0.5,200,0.9823405086843003,0.9779256358553751,4.776738216178255e-05,0.9903001215696866,0.3898489092132905,0.0018255908946694336,126.0
2,noise,90,0.75,200,0.9712546865698576,0.964068358212322,0.00014839248390810978,0.9903001215696866,0.3898489092132905,0.0018255908946694336,126.0
2,noise,90,1.0,200,0.9547290954605603,0.9434113693257004,0.00040578714985656337,0.9903001215696866,0.3898489092132905,0.0018255908946694336,126.0
2,noise,90,1.25,200,0.9359908088401259,0.9199885110501574,0.0009562020838585068,0.9903001215696866,0.3898489092132905,0.0018255908946694336,126.0
2,noise,90,1.5,200,0.9090799355583997,0.8863499194479993,0.0015953744262574721,0.9903001215696866,0.3898489092132905,0.0018255908946694336,126.0
2,noise,90,2.0,200,0.8526424512100608,0.8158030640125759,0.005367396619446658,0.9903001215696866,0.3898489092132905,0.0018255908946694336,126.0
2,noise,90,2.5,200,0.7929779799705552,0.7412224749631937,0.007085129376910561,0.9903001215696866,0.3898489092132905,0.0018255908946694336,126.0
2,noise,90,3.0,200,0.71687166390551,0.6460895798818876,0.011085994178863533,0.9903001215696866,0.3898489092132905,0.0018255908946694336,126.0
2,noise,90,3.5,200,0.6477508741182825,0.559688592647853,0.014742270989265229,0.9903001215696866,0.3898489092132905,0.0018255908946694336,126.0
2,noise,91,0.1,200,0.9905844520330951,0.9882305650413687,1.7423361506289572e-06,0.9885012431837287,0.3994335222965152,0.001711759872939858,118.0
2,noise,91,0.25,200,0.9887107644196022,0.9858884555245025,1.0193802335160059e-05,0.9885012431837287,0.3994335222965152,0.001711759872939858,118.0
2,noise,91,0.5,200,0.9810203341944039,0.9762754177430046,5.761834118518025e-05,0.9885012431837287,0.3994335222965152,0.001711759872939858,118.0
2,noise,91,0.75,200,0.9705881030180298,0.963235128772537,0.00015009078255596802,0.9885012431837287,0.3994335222965152,0.001711759872939858,118.0
2,noise,91,1.0,200,0.9563194725378081,0.94539934067226,0.0004388654329404716,0.9885012431837287,0.3994335222965152,0.001711759872939858,118.0
2,noise,91,1.25,200,0.9381639783264195,0.9227049729080242,0.0007972439052411253,0.9885012431837287,0.3994335222965152,0.001711759872939858,118.0
2,noise,91,1.5,200,0.9147215024968184,0.8934018781210227,0.0016093550443623652,0.9885012431837287,0.3994335222965152,0.001711759872939858,118.0
2,noise,91,2.0,200,0.8614832436374805,0.8268540545468506,0.004148392295295613,0.9885012431837287,0.3994335222965152,0.001711759872939858,118.0
2,noise,91,2.5,200,0.7999083290076521,0.749885411259565,0.005973751639356802,0.9885012431837287,0.3994335222965152,0.001711759872939858,118.0
2,noise,91,3.0,200,0.7369637317726561,0.6712046647158202,0.010011077296948011,0.9885012431837287,0.3994335222965152,0.001711759872939858,118.0
2,noise,91,3.5,200,0.6650322631596898,0.5812903289496123,0.012338477673465853,0.9885012431837287,0.3994335222965152,0.001711759872939858,118.0
2,noise,92,0.1,200,0.9914785781216375,0.989348222652047,1.8198207923408462e-06,0.9896754320973896,0.39971090606282544,0.001721106646446922,120.0
2,noise,92,0.25,200,0.9894912097457422,0.9868640121821776,1.0017870334363917e-05,0.9896754320973896,0.39971090606282544,0.001721106646446922,120.0
2,noise,92,0.5,200,0.9816552286642541,0.9770690358303176,6.173100657836822e-05,0.9896754320973896,0.39971090606282544,0.001721106646446922,120.0
2,noise,92,0.75,200,0.9717971141081405,0.9647463926351756,0.00014945013666362573,0.9896754320973896,0.39971090606282544,0.001721106646446922,120.0
2,noise,92,1.0,200,0.9566278217362616,0.9457847771703272,0.0003888817951333359,0.9896754320973896,0.39971090606282544,0.001721106646446922,120.0
2,noise,92,1.25,200,0.9357411629634129,0.9196764537042662,0.0008869149845416264,0.9896754320973896,0.39971090606282544,0.001721106646446922,120.0
2,noise,92,1.5,200,0.9143763179439253,0.8929703974299068,0.0014268859267050705,0.9896754320973896,0.39971090606282544,0.001721106646446922,120.0
2,noise,92,2.0,200,0.8622764910298376,0.8278456137872968,0.004282396545436895,0.9896754320973896,0.39971090606282544,0.001721106646446922,120.0
2,noise,92,2.5,200,0.8012823969678206,0.7516029962097754,0.0066477931424263545,0.9896754320973896,0.39971090606282544,0.001721106646446922,120.0
2,noise,92,3.0,200,0.734249426120809,0.6678117826510112,0.010557969370480645,0.9896754320973896,0.39971090606282544,0.001721106646446922,120.0
2,noise,92,3.5,200,0.6564427494826992,0.5705534368533741,0.016037449019872113,0.9896754320973896,0.39971090606282544,0.001721106646446922,120.0
2,noise,93,0.1,200,0.9915589600682218,0.9894487000852772,1.7074925487616629e-06,0.9897057895030004,0.39274864932790843,0.0016510027190257135,112.0
2,noise,93,0.25,200,0.989786841715906,0.9872335521448824,1.026083136926183e-05,0.9897057895030004,0.39274864932790843,0.0016510027190257135,112.0
2,noise,93,0.5,200,0.9827493524613664,0.9784366905767081,5.157794844103191e-05,0.9897057895030004,0.39274864932790843,0.0016510027190257135,112.0
2,noise,93,0.75,200,0.9729981218938684,0.9662476523673353,0.00014189365467755818,0.9897057895030004,0.39274864932790843,0.0016510027190257135,112.0
2,noise,93,1.0,200,0.9586204416097335,0.9482755520121668,0.00035246896964603506,0.9897057895030004,0.39274864932790843,0.0016510027190257135,112.0
2,noise,93,1.25,200,0.9413607014301747,0.9267008767877184,0.0007996012338521568,0.9897057895030004,0.39274864932790843,0.0016510027190257135,112.0
2,noise,93,1.5,200,0.9205394549761335,0.900674318720167,0.0014908718800718684,0.9897057895030004,0.39274864932790843,0.0016510027190257135,112.0
2,noise,93,2.0,200,0.8714333915783019,0.8392917394728773,0.0037730921518797523,0.9897057895030004,0.39274864932790843,0.0016510027190257135,112.0
2,noise,93,2.5,200,0.8122888057422565,0.7653610071778202,0.006297308319693627,0.9897057895030004,0.39274864932790843,0.0016510027190257135,112.0
2,noise,93,3.0,200,0.7430699499651706,0.6788374374564632,0.012637594548577347,0.9897057895030004,0.39274864932790843,0.0016510027190257135,112.0
2,noise,93,3.5,200,0.6830226873970334,0.6037783592462918,0.013090322834375992,0.9897057895030004,0.39274864932790843,0.0016510027190257135,112.0
2,noise,94,0.1,200,0.9910501515399774,0.9888126894249717,1.7918038400148081e-06,0.9890858904130247,0.39823150215749364,0.0017146473976453662,118.0
2,noise,94,0.25,200,0.9891985052048267,0.9864981315060334,1.0417527765283182e-05,0.9890858904130247,0.39823150215749364,0.0017146473976453662,118.0
2,noise,94,0.5,200,0.9815358694088343,0.9769198367610429,5.6686198087232244e-05,0.9890858904130247,0.39823150215749364,0.0017146473976453662,118.0
2,noise,94,0.75,200,0.9711137535059035,0.9638921918823793,0.0001487809756866006,0.9890858904130247,0.39823150215749364,0.0017146473976453662,118.0
2,noise,94,1.0,200,0.9572086000375576,0.9465107500469468,0.00043450539840051263,0.9890858904130247,0.39823150215749364,0.0017146473976453662,118.0
2,noise,94,1.25,200,0.9390208595512498,0.9237760744390618,0.0007943490243562476,0.9890858904130247,0.39823150215749364,0.0017146473976453662,118.0
2,noise,94,1.5,200,0.91534862181661,0.8941857772707625,0.0016670994866593313,0.9890858904130247,0.39823150215749364,0.0017146473976453662,118.0
2,noise,94,2.0,200,0.862973562527008,0.8287169531587597,0.004030319792866486,0.9890858904130247,0.39823150215749364,0.0017146473976453662,118.0
2,noise,94,2.5,200,0.8013821622938239,0.7517277028672796,0.006074546816284674,0.9890858904130247,0.39823150215749364,0.0017146473976453662,118.0
2,noise,94,3.0,200,0.7386725907136125,0.6733407383920155,0.009926392616235355,0.9890858904130247,0.39823150215749364,0.0017146473976453662,118.0
2,noise,94,3.5,200,0.6658449906420524,0.5823062383025653,0.012248148368404795,0.9890858904130247,0.39823150215749364,0.0017146473976453662,118.0
2,noise,95,0.1,200,0.9912880562566344,0.9891100703207931,1.6541758273296545e-06,0.9893554313221827,0.3993649186249978,0.0016345700138848576,112.0
2,noise,95,0.25,200,0.9895020790244756,0.9868775987805943,1.041317293791522e-05,0.9893554313221827,0.3993649186249978,0.0016345700138848576,112.0
2,noise,95,0.5,200,0.9824555108722088,0.9780693885902609,5.062392208625503e-05,0.9893554313221827,0.3993649186249978,0.0016345700138848576,112.0
2,noise,95,0.75,200,0.9728475932156706,0.9660594915195878,0.0001427000575576488,0.9893554313221827,0.3993649186249978,0.0016345700138848576,112.0
2,noise,95,1.0,200,0.9585043256776067,0.9481304070970082,0.00035025973304010356,0.9893554313221827,0.3993649186249978,0.0016345700138848576,112.0
2,noise,95,1.25,200,0.9407803009933137,0.9259753762416421,0.0008067142392202578,0.9893554313221827,0.3993649186249978,0.0016345700138848576,112.0
2,noise,95,1.5,200,0.9205055569395699,0.9006319461744623,0.0015018438748283318,0.9893554313221827,0.3993649186249978,0.0016345700138848576,112.0
2,noise,95,2.0,200,0.8715203294937152,0.8394004118671439,0.0037038658090139107,0.9893554313221827,0.3993649186249978,0.0016345700138848576,112.0
2,noise,95,2.5,200,0.8121999831466827,0.7652499789333531,0.006247875709553191,0.9893554313221827,0.3993649186249978,0.0016345700138848576,112.0
2,noise,95,3.0,200,0.7434018893416184,0.679252361677023,0.01260164064642431,0.9893554313221827,0.3993649186249978,0.0016345700138848576,112.0
2,noise,95,3.5,200,0.682717236986783,0.6033965462334789,0.01309893753503213,0.9893554313221827,0.3993649186249978,0.0016345700138848576,112.0
2,noise,96,0.1,200,0.9912838738041692,0.9891048422552111,1.7581048249279164e-06,0.9894037068925516,0.3962061930573676,0.0016983029355181092,116.0
2,noise,96,0.25,200,0.9894873526673621,0.9868591908342026,9.270400075557411e-06,0.9894037068925516,0.3962061930573676,0.0016983029355181092,116.0
2,noise,96,0.5,200,0.9819765824902792,0.9774707281128485,5.481870848332143e-05,0.9894037068925516,0.3962061930573676,0.0016983029355181092,116.0
2,noise,96,0.75,200,0.972437300512898,0.9655466256411224,0.00013619526548687313,0.9894037068925516,0.3962061930573676,0.0016983029355181092,116.0
2,noise,96,1.0,200,0.958027732453461,0.9475346655668261,0.0004267215133637493,0.9894037068925516,0.3962061930573676,0.0016983029355181092,116.0
2,noise,96,1.25,200,0.9399912435631834,0.9249890544539789,0.000874187145374973,0.9894037068925516,0.3962061930573676,0.0016983029355181092,116.0
2,noise,96,1.5,200,0.914387432791235,0.892984290989044,0.0016266712390654236,0.9894037068925516,0.3962061930573676,0.0016983029355181092,116.0
2,noise,96,2.0,200,0.8670723127380655,0.8338403909225817,0.003705613965691198,0.9894037068925516,0.3962061930573676,0.0016983029355181092,116.0
2,noise,96,2.5,200,0.8046387497959352,0.7557984372449188,0.0069669677981535364,0.9894037068925516,0.3962061930573676,0.0016983029355181092,116.0
2,noise,96,3.0,200,0.7361808582124771,0.670226072765596,0.01150020151826392,0.9894037068925516,0.3962061930573676,0.0016983029355181092,116.0
2,noise,96,3.5,200,0.6644278237724881,0.5805347797156102,0.013559863340582106,0.9894037068925516,0.3962061930573676,0.0016983029355181092,116.0
2,noise,97,0.1,200,0.9909611638441131,0.9887014548051414,1.7302807532492663e-06,0.9889770423912244,0.3980382201408871,0.0015465993580928003,104.0
2,noise,97,0.25,200,0.9894201807981627,0.9867752259977037,1.1165576930208436e-05,0.9889770423912244,0.3980382201408871,0.0015465993580928003,104.0
2,noise,97,0.5,200,0.9829924928876059,0.9787406161095075,4.4522070204021516e-05,0.9889770423912244,0.3980382201408871,0.0015465993580928003,104.0
2,noise,97,0.75,200,0.9737855545596752,0.9672319431995939,0.00014922978947925472,0.9889770423912244,0.3980382201408871,0.0015465993580928003,104.0
2,noise,97,1.0,200,0.9598722496142262,0.9498403120177825,0.0003627211650769525,0.9889770423912244,0.3980382201408871,0.0015465993580928003,104.0
2,noise,97,1.25,200,0.9464690375707054,0.9330862969633819,0.0006532133601069415,0.9889770423912244,0.3980382201408871,0.0015465993580928003,104.0
2,noise,97,1.5,200,0.9246225554797353,0.9057781943496691,0.0014403216909415534,0.9889770423912244,0.3980382201408871,0.0015465993580928003,104.0
2,noise,97,2.0,200,0.8783834187048107,0.8479792733810132,0.0031976866512239592,0.9889770423912244,0.3980382201408871,0.0015465993580928003,104.0
2,noise,97,2.5,200,0.8269126904177746,0.7836408630222184,0.004847184089612006,0.9889770423912244,0.3980382201408871,0.0015465993580928003,104.0
2,noise,97,3.0,200,0.7627494140233158,0.7034367675291446,0.010999320566129813,0.9889770423912244,0.3980382201408871,0.0015465993580928003,104.0
2,noise,97,3.5,200,0.7004715846635103,0.6255894808293876,0.011406706761524494,0.9889770423912244,0.3980382201408871,0.0015465993580928003,104.0
2,noise,98,0.1,200,0.9901058092208356,0.9876322615260443,1.9352666720374907e-06,0.9878845206737227,0.3981281709013572,0.0015428939660034051,104.0
2,noise,98,0.25,200,0.9885554650772715,0.9856943313465892,1.140712313360377e-05,0.9878845206737227,0.3981281709013572,0.0015428939660034051,104.0
2,noise,98,0.5,200,0.9821612553348068,0.9777015691685084,4.4452541274656085e-05,0.9878845206737227,0.3981281709013572,0.0015428939660034051,104.0
2,noise,98,0.75,200,0.9727672664187855,0.9659590830234819,0.00015052185192596522,0.9878845206737227,0.3981281709013572,0.0015428939660034051,104.0
2,noise,98,1.0,200,0.9591056151231037,0.9488820189038795,0.00038502262480308606,0.9878845206737227,0.3981281709013572,0.0015428939660034051,104.0
2,noise,98,1.25,200,0.9455592078099362,0.9319490097624198,0.0006763922516817949,0.9878845206737227,0.3981281709013572,0.0015428939660034051,104.0
2,noise,98,1.5,200,0.9234897400442224,0.904362175055278,0.0014813008326455379,0.9878845206737227,0.3981281709013572,0.0015428939660034051,104.0
2,noise,98,2.0,200,0.8774242548027203,0.8467803185034003,0.00324916538702833,0.9878845206737227,0.3981281709013572,0.0015428939660034051,104.0
2,noise,98,2.5,200,0.8256490962263346,0.7820613702829181,0.004937823567504808,0.9878845206737227,0.3981281709013572,0.0015428939660034051,104.0
2,noise,98,3.0,200,0.7614106883350846,0.7017633604188557,0.011103737813788839,0.9878845206737227,0.3981281709013572,0.0015428939660034051,104.0
2,noise,98,3.5,200,0.6998347222899532,0.6247934028624416,0.011438374315429054,0.9878845206737227,0.3981281709013572,0.0015428939660034051,104.0
2,noise,99,0.1,200,0.9897581622095253,0.9871977027619064,2.186276748341124e-06,0.9874617974167187,0.39304261203562046,0.0015787440787834585,108.0
2,noise,99,0.25,200,0.9881862234769964,0.9852327793462453,1.3627732994142962e-05,0.9874617974167187,0.39304261203562046,0.0015787440787834585,108.0
2,noise,99,0.5,200,0.9813737318075018,0.9767171647593773,6.285288710542642e-05,0.9874617974167187,0.39304261203562046,0.0015787440787834585,108.0
2,noise,99,0.75,200,0.9719518789820587,0.9649398487275732,0.0001408369590089464,0.9874617974167187,0.39304261203562046,0.0015787440787834585,108.0
2,noise,99,1.0,200,0.9581653169190926,0.9477066461488656,0.0003792611942964054,0.9874617974167187,0.39304261203562046,0.0015787440787834585,108.0
2,noise,99,1.25,200,0.941410128899317,0.9267626611241462,0.0007948366966857177,0.9874617974167187,0.39304261203562046,0.0015787440787834585,108.0
2,noise,99,1.5,200,0.922389402664948,0.9029867533311847,0.0013746532037705226,0.9874617974167187,0.39304261203562046,0.0015787440787834585,108.0
2,noise,99,2.0,200,0.8745856347847657,0.843232043480957,0.0032360435932339646,0.9874617974167187,0.39304261203562046,0.0015787440787834585,108.0
2,noise,99,2.5,200,0.8192280673475656,0.7740350841844568,0.005968795915083718,0.9874617974167187,0.39304261203562046,0.0015787440787834585,108.0
2,noise,99,3.0,200,0.7526867991133159,0.6908584988916447,0.01160756639545595,0.9874617974167187,0.39304261203562046,0.0015787440787834585,108.0
2,noise,99,3.5,200,0.6865287849072051,0.6081609811340064,0.012785899245627216,0.9874617974167187,0.39304261203562046,0.0015787440787834585,108.0
2,noise,100,0.1,200,0.9901686991964518,0.9877108739955648,2.083518397778718e-06,0.9879609508448602,0.39260435678817884,0.0015830933668250617,106.0
2,noise,100,0.25,200,0.9885965765722574,0.9857457207153216,1.1628644848003272e-05,0.9879609508448602,0.39260435678817884,0.0015830933668250617,106.0
2,noise,100,0.5,200,0.981790873642529,0.9772385920531613,5.827959336177609e-05,0.9879609508448602,0.39260435678817884,0.0015830933668250617,106.0
2,noise,100,0.75,200,0.9728350355634684,0.9660437944543355,0.00014920870672743757,0.9879609508448602,0.39260435678817884,0.0015830933668250617,106.0
2,noise,100,1.0,200,0.9594756265338014,0.9493445331672515,0.00035064820297557505,0.9879609508448602,0.39260435678817884,0.0015830933668250617,106.0
2,noise,100,1.25,200,0.9428933527860739,0.928616690982592,0.0008134253745828549,0.9879609508448602,0.39260435678817884,0.0015830933668250617,106.0
2,noise,100,1.5,200,0.9226296916806312,0.9032871146007889,0.0013588509851828248,0.9879609508448602,0.39260435678817884,0.0015830933668250617,106.0
2,noise,100,2.0,200,0.874615192795309,0.8432689909941361,0.003032039101191901,0.9879609508448602,0.39260435678817884,0.0015830933668250617,106.0
2,noise,100,2.5,200,0.8198758592806658,0.7748448241008322,0.00584923179781069,0.9879609508448602,0.39260435678817884,0.0015830933668250617,106.0
2,noise,100,3.0,200,0.7565392375736044,0.6956740469670056,0.01139243904195204,0.9879609508448602,0.39260435678817884,0.0015830933668250617,106.0
2,noise,100,3.5,200,0.6937031675875265,0.6171289594844079,0.012633517987557394,0.9879609508448602,0.39260435678817884,0.0015830933668250617,106.0
2,nominal,1,0.1,200,0.9792002964833518,0.9740003706041898,8.002319759788093e-06,0.9745888318557624,0.6524346171931693,0.0001966034835264185,180.0
2,nominal,1,0.25,200,0.9761479354777617,0.9701849193472021,4.931005329916678e-05,0.9745888318557624,0.6524346171931693,0.0001966034835264185,180.0
2,nominal,1,0.5,200,0.9655070294102949,0.9568837867628684,0.00021755546962267208,0.9745888318557624,0.6524346171931693,0.0001966034835264185,180.0
2,nominal,1,0.75,200,0.9520394095733664,0.9400492619667079,0.0004869887648586536,0.9745888318557624,0.6524346171931693,0.0001966034835264185,180.0
2,nominal,1,1.0,200,0.9296704179751553,0.9120880224689439,0.001104928785972639,0.9745888318557624,0.6524346171931693,0.0001966034835264185,180.0
2,nominal,1,1.25,200,0.8974669208372629,0.8718336510465785,0.00275087692857188,0.9745888318557624,0.6524346171931693,0.0001966034835264185,180.0
2,nominal,1,1.5,200,0.8663739003738264,0.832967375467283,0.003385797149559736,0.9745888318557624,0.6524346171931693,0.0001966034835264185,180.0
2,nominal,1,2.0,200,0.8016188740882809,0.752023592610351,0.007452006974982372,0.9745888318557624,0.6524346171931693,0.0001966034835264185,180.0
2,nominal,1,2.5,200,0.7269548640597114,0.6586935800746392,0.009089480558990021,0.9745888318557624,0.6524346171931693,0.0001966034835264185,180.0
2,nominal,1,3.0,200,0.6384302888108049,0.5480378610135059,0.017141700857973573,0.9745888318557624,0.6524346171931693,0.0001966034835264185,180.0
2,nominal,1,3.5,200,0.5608278662280574,0.4510348327850717,0.019641938853396466,0.9745888318557624,0.6524346171931693,0.0001966034835264185,180.0
2,nominal,2,0.1,200,0.9823932790188086,0.9779915987735106,6.541446749591805e-06,0.9787268322615121,0.6080244495198696,0.00030770829408976086,180.0
2,nominal,2,0.25,200,0.9790762110463249,0.9738452638079059,4.539501325569911e-05,0.9787268322615121,0.6080244495198696,0.00030770829408976086,180.0
2,nominal,2,0.5,200,0.969948815938847,0.9624360199235585,0.00018684041778507964,0.9787268322615121,0.6080244495198696,0.00030770829408976086,180.0
2,nominal,2,0.75,200,0.9545608508633866,0.9432010635792332,0.0004181300369210196,0.9787268322615121,0.6080244495198696,0.00030770829408976086,180.0
2,nominal,2,1.0,200,0.9325729265132449,0.9157161581415559,0.0009782051668821847,0.9787268322615121,0.6080244495198696,0.00030770829408976086,180.0
2,nominal,2,1.25,200,0.9025319041293202,0.8781648801616503,0.002304902505557105,0.9787268322615121,0.6080244495198696,0.00030770829408976086,180.0
2,nominal,2,1.5,200,0.8668517285142223,0.8335646606427778,0.0030376158630618655,0.9787268322615121,0.6080244495198696,0.00030770829408976086,180.0
2,nominal,2,2.0,200,0.8010690320276801,0.7513362900346003,0.007702150359460083,0.9787268322615121,0.6080244495198696,0.00030770829408976086,180.0
2,nominal,2,2.5,200,0.7263903101448583,0.6579878876810727,0.008840478729646987,0.9787268322615121,0.6080244495198696,0.00030770829408976086,180.0
2,nominal,2,3.0,200,0.6325502182278449,0.5406877727848058,0.017063006534455968,0.9787268322615121,0.6080244495198696,0.00030770829408976086,180.0
2,nominal,2,3.5,200,0.5572919827598877,0.4466149784498594,0.018014344444909843,0.9787268322615121,0.6080244495198696,0.00030770829408976086,180.0
2,nominal,3,0.1,200,0.9973744975866077,0.9967181219832594,2.4415210498448266e-07,0.9970996609220586,0.39560542747502386,0.0002522336024581982,118.0
2,nominal,3,0.25,200,0.9954144495212444,0.9942680619015555,2.628904864098728e-06,0.9970996609220586,0.39560542747502386,0.0002522336024581982,118.0
2,nominal,3,0.5,200,0.9886521886618234,0.9858152358272789,2.2689155682507453e-05,0.9970996609220586,0.39560542747502386,0.0002522336024581982,118.0
2,nominal,3,0.75,200,0.9776927486293747,0.9721159357867184,8.207838018821297e-05,0.9970996609220586,0.39560542747502386,0.0002522336024581982,118.0
2,nominal,3,1.0,200,0.9627740434423541,0.9534675543029425,0.000296252272492637,0.9970996609220586,0.39560542747502386,0.0002522336024581982,118.0
2,nominal,3,1.25,200,0.9458864267454274,0.9323580334317841,0.0005891528239283847,0.9970996609220586,0.39560542747502386,0.0002522336024581982,118.0
2,nominal,3,1.5,200,0.92244262153955,0.9030532769244373,0.001160347394241674,0.9970996609220586,0.39560542747502386,0.0002522336024581982,118.0
2,nominal,3,2.0,200,0.8684587866495136,0.8355734833118917,0.0034080711612669624,0.9970996609220586,0.39560542747502386,0.0002522336024581982,118.0
2,nominal,3,2.5,200,0.8071924400885937,0.7589905501107421,0.005180367260762542,0.9970996609220586,0.39560542747502386,0.0002522336024581982,118.0
2,nominal,3,3.0,200,0.7392358706965249,0.6740448383706561,0.009450559281167796,0.9970996609220586,0.39560542747502386,0.0002522336024581982,118.0
2,nominal,3,3.5,200,0.6686606143266705,0.5858257679083381,0.011740365331402835,0.9970996609220586,0.39560542747502386,0.0002522336024581982,118.0
2,nominal,4,0.1,200,0.9975555446374829,0.9969444307968536,2.6658844469684387e-07,0.9972742460387082,0.3939224480251585,0.00029611317757607237,108.0
2,nominal,4,0.25,200,0.9957239275250788,0.9946549094063483,2.7100466020365695e-06,0.9972742460387082,0.3939224480251585,0.00029611317757607237,108.0
2,nominal,4,0.5,200,0.9895218908433624,0.9869023635542029,2.3476826471634928e-05,0.9972742460387082,0.3939224480251585,0.00029611317757607237,108.0
2,nominal,4,0.75,200,0.9800701506801964,0.9750876883502454,6.963710582844618e-05,0.9972742460387082,0.3939224480251585,0.00029611317757607237,108.0
2,nominal,4,1.0,200,0.965530595147968,0.9569132439349598,0.00021304322096210243,0.9972742460387082,0.3939224480251585,0.00029611317757607237,108.0
2,nominal,4,1.25,200,0.9485774766578878,0.93572184582236,0.0005193996520139779,0.9972742460387082,0.3939224480251585,0.00029611317757607237,108.0
2,nominal,4,1.5,200,0.9300379154893449,0.9125473943616811,0.0010005136037213283,0.9972742460387082,0.3939224480251585,0.00029611317757607237,108.0
2,nominal,4,2.0,200,0.8799220556858419,0.8499025696073026,0.0028226162770751306,0.9972742460387082,0.3939224480251585,0.00029611317757607237,108.0
2,nominal,4,2.5,200,0.8257890592898435,0.7822363241123043,0.005060424449872805,0.9972742460387082,0.3939224480251585,0.00029611317757607237,108.0
2,nominal,4,3.0,200,0.7551001942681503,0.6938752428351879,0.010276405704750373,0.9972742460387082,0.3939224480251585,0.00029611317757607237,108.0
2,nominal,4,3.5,200,0.6870706262381588,0.6088382827976984,0.01281076345401701,0.9972742460387082,0.3939224480251585,0.00029611317757607237,108.0
2,nominal,5,0.1,200,0.9957934261401888,0.9947417826752363,7.002713898317199e-07,0.9951232704598258,0.39971818763090966,0.0003483896002480409,104.0
2,nominal,5,0.25,200,0.9942451052440433,0.9928063815550539,5.206832559485054e-06,0.9951232704598258,0.39971818763090966,0.0003483896002480409,104.0
2,nominal,5,0.5,200,0.9884422249213873,0.985552781151734,2.6725918336139584e-05,0.9951232704598258,0.39971818763090966,0.0003483896002480409,104.0
2,nominal,5,0.75,200,0.9789237615182751,0.9736547018978436,8.424327495137815e-05,0.9951232704598258,0.39971818763090966,0.0003483896002480409,104.0
2,nominal,5,1.0,200,0.9654733161604899,0.9568416452006123,0.00021957847356672555,0.9951232704598258,0.39971818763090966,0.0003483896002480409,104.0
2,nominal,5,1.25,200,0.9507117212891087,0.9383896516113859,0.0005074399190355132,0.9951232704598258,0.39971818763090966,0.0003483896002480409,104.0
2,nominal,5,1.5,200,0.9285187029630319,0.9106483787037899,0.0012011116965215056,0.9951232704598258,0.39971818763090966,0.0003483896002480409,104.0
2,nominal,5,2.0,200,0.8857256052723642,0.8571570065904552,0.0026254590395039736,0.9951232704598258,0.39971818763090966,0.0003483896002480409,104.0
2,nominal,5,2.5,200,0.831281628205314,0.7891020352566426,0.004413246624830047,0.9951232704598258,0.39971818763090966,0.0003483896002480409,104.0
2,nominal,5,3.0,200,0.7644038299826268,0.7055047874782834,0.010304032277642318,0.9951232704598258,0.39971818763090966,0.0003483896002480409,104.0
2,nominal,5,3.5,200,0.700784403382736,0.6259805042284198,0.011429122851993991,0.9951232704598258,0.39971818763090966,0.0003483896002480409,104.0
2,nominal,6,0.1,200,0.9952103944082853,0.9940129930103565,8.152245501229518e-07,0.9942986271860499,0.3661633301470366,0.0004564531278060001,104.0
2,nominal,6,0.25,200,0.993573644633774,0.9919670557922174,7.822650338874482e-06,0.9942986271860499,0.3661633301470366,0.0004564531278060001,104.0
2,nominal,6,0.5,200,0.9875594389080234,0.984449298635029,3.4041335735377096e-05,0.9942986271860499,0.3661633301470366,0.0004564531278060001,104.0
2,nominal,6,0.75,200,0.9775573139141103,0.9719466423926374,9.821514557200307e-05,0.9942986271860499,0.3661633301470366,0.0004564531278060001,104.0
2,nominal,6,1.0,200,0.9640547184700413,0.9550683980875515,0.0002785535958169393,0.9942986271860499,0.3661633301470366,0.0004564531278060001,104.0
2,nominal,6,1.25,200,0.9508400510050091,0.9385500637562614,0.0005398763192903839,0.9942986271860499,0.3661633301470366,0.0004564531278060001,104.0
2,nominal,6,1.5,200,0.9290210910022623,0.9112763637528277,0.0011192944706478723,0.9942986271860499,0.3661633301470366,0.0004564531278060001,104.0
2,nominal,6,2.0,200,0.8801459024604275,0.8501823780755339,0.002966588843467682,0.9942986271860499,0.3661633301470366,0.0004564531278060001,104.0
2,nominal,6,2.5,200,0.8296847370583009,0.7871059213228762,0.0045121603097002215,0.9942986271860499,0.3661633301470366,0.0004564531278060001,104.0
2,nominal,6,3.0,200,0.7638471720418292,0.7048089650522862,0.011111212825955775,0.9942986271860499,0.3661633301470366,0.0004564531278060001,104.0
2,nominal,6,3.5,200,0.7005067649316108,0.6256334561645134,0.011153059101320296,0.9942986271860499,0.3661633301470366,0.0004564531278060001,104.0
2,nominal,7,0.1,200,0.9928099918305948,0.9910124897882434,1.1269301259180874e-06,0.9913614977610142,0.39735276310897283,0.0004804923012522302,102.0
2,nominal,7,0.25,200,0.9911009069245907,0.9888761336557386,7.83201009179509e-06,0.9913614977610142,0.39735276310897283,0.0004804923012522302,102.0
2,nominal,7,0.5,200,0.9852482018603234,0.981560252325404,5.404240006672695e-05,0.9913614977610142,0.39735276310897283,0.0004804923012522302,102.0
2,nominal,7,0.75,200,0.976917788406992,0.9711472355087399,0.00010650772023545725,0.9913614977610142,0.39735276310897283,0.0004804923012522302,102.0
2,nominal,7,1.0,200,0.9638929087224106,0.9548661359030135,0.0002577754691019291,0.9913614977610142,0.39735276310897283,0.0004804923012522302,102.0
2,nominal,7,1.25,200,0.948566588097124,0.9357082351214049,0.0006312304484791145,0.9913614977610142,0.39735276310897283,0.0004804923012522302,102.0
2,nominal,7,1.5,200,0.9273432631823753,0.9091790789779692,0.0014232526719853303,0.9913614977610142,0.39735276310897283,0.0004804923012522302,102.0
2,nominal,7,2.0,200,0.8868387838526804,0.8585484798158505,0.002476173161122254,0.9913614977610142,0.39735276310897283,0.0004804923012522302,102.0
2,nominal,7,2.5,200,0.8285626973345068,0.7857033716681334,0.005122268582910561,0.9913614977610142,0.39735276310897283,0.0004804923012522302,102.0
2,nominal,7,3.0,200,0.7620638653956191,0.7025798317445239,0.009603923968391602,0.9913614977610142,0.39735276310897283,0.0004804923012522302,102.0
2,nominal,7,3.5,200,0.6984972578535967,0.6231215723169958,0.01179118529337425,0.9913614977610142,0.39735276310897283,0.0004804923012522302,102.0
2,nominal,8,0.1,200,0.9939288353665152,0.9924110442081441,9.94247042783331e-07,0.992717467408881,0.3599736935997891,0.0005781618180344915,102.0
2,nominal,8,0.25,200,0.9923703128217934,0.9904628910272418,7.884099382061665e-06,0.992717467408881,0.3599736935997891,0.0005781618180344915,102.0
2,nominal,8,0.5,200,0.9863461454443201,0.9829326818053999,3.6250912823080585e-05,0.992717467408881,0.3599736935997891,0.0005781618180344915,102.0
2,nominal,8,0.75,200,0.9776170772704372,0.9720213465880465,0.00011091121860604496,0.992717467408881,0.3599736935997891,0.0005781618180344915,102.0
2,nominal,8,1.0,200,0.964922917940175,0.9561536474252189,0.00026030555491789615,0.992717467408881,0.3599736935997891,0.0005781618180344915,102.0
2,nominal,8,1.25,200,0.9503371145966679,0.9379213932458345,0.000509779939570583,0.992717467408881,0.3599736935997891,0.0005781618180344915,102.0
2,nominal,8,1.5,200,0.9299464727487952,0.9124330909359938,0.0012480900003515225,0.992717467408881,0.3599736935997891,0.0005781618180344915,102.0
2,nominal,8,2.0,200,0.8818731940116982,0.8523414925146227,0.002590784215366648,0.992717467408881,0.3599736935997891,0.0005781618180344915,102.0
2,nominal,8,2.5,200,0.8273834301320169,0.7842292876650211,0.0053431545799372425,0.992717467408881,0.3599736935997891,0.0005781618180344915,102.0
2,nominal,8,3.0,200,0.7628811105210229,0.7036013881512786,0.010609075594971356,0.992717467408881,0.3599736935997891,0.0005781618180344915,102.0
2,nominal,8,3.5,200,0.7008266753174324,0.6260333441467903,0.011666178621367186,0.992717467408881,0.3599736935997891,0.0005781618180344915,102.0
2,nominal,9,0.1,200,0.9916381901734752,0.9895477377168441,1.4877799641259785e-06,0.9898634195255126,0.3685202867423935,0.0005630929261354293,100.0
2,nominal,9,0.25,200,0.9901029863970889,0.9876287329963611,9.21767060322062e-06,0.9898634195255126,0.3685202867423935,0.0005630929261354293,100.0
2,nominal,9,0.5,200,0.9839623138960185,0.9799528923700233,4.311839118535674e-05,0.9898634195255126,0.3685202867423935,0.0005630929261354293,100.0
2,nominal,9,0.75,200,0.9760201344786215,0.9700251680982768,0.0001150105437130939,0.9898634195255126,0.3685202867423935,0.0005630929261354293,100.0
2,nominal,9,1.0,200,0.961990926933013,0.9524886586662663,0.00028116506461934015,0.9898634195255126,0.3685202867423935,0.0005630929261354293,100.0
2,nominal,9,1.25,200,0.946483864392522,0.9331048304906523,0.000668805844391438,0.9898634195255126,0.3685202867423935,0.0005630929261354293,100.0
2,nominal,9,1.5,200,0.9264112378362008,0.9080140472952507,0.0012053584379926687,0.9898634195255126,0.3685202867423935,0.0005630929261354293,100.0
2,nominal,9,2.0,200,0.8876836807020262,0.8596046008775327,0.002713705875379425,0.9898634195255126,0.3685202867423935,0.0005630929261354293,100.0
2,nominal,9,2.5,200,0.8310054630932875,0.7887568288666091,0.004747202987006628,0.9898634195255126,0.3685202867423935,0.0005630929261354293,100.0
2,nominal,9,3.0,200,0.7713231870820327,0.7141539838525409,0.00990207064877854,0.9898634195255126,0.3685202867423935,0.0005630929261354293,100.0
2,nominal,9,3.5,200,0.7040458445094232,0.630057305636779,0.011405812412584085,0.9898634195255126,0.3685202867423935,0.0005630929261354293,100.0
2,nominal,10,0.1,200,0.9955585761729095,0.9944482202161368,7.4074512590712e-07,0.9947730583183484,0.367181224184828,0.0006018334428499948,98.0
2,nominal,10,0.25,200,0.9940576356851925,0.9925720446064906,5.542075500833127e-06,0.9947730583183484,0.367181224184828,0.0006018334428499948,98.0
2,nominal,10,0.5,200,0.9881371465360463,0.9851714331700577,3.050423719047102e-05,0.9947730583183484,0.367181224184828,0.0006018334428499948,98.0
2,nominal,10,0.75,200,0.9797963622929995,0.9747454528662494,7.994809971591084e-05,0.9947730583183484,0.367181224184828,0.0006018334428499948,98.0
2,nominal,10,1.0,200,0.967277892374085,0.9590973654676064,0.00023165443045805104,0.9947730583183484,0.367181224184828,0.0006018334428499948,98.0
2,nominal,10,1.25,200,0.952084087345612,0.9401051091820147,0.000471961464268072,0.9947730583183484,0.367181224184828,0.0006018334428499948,98.0
2,nominal,10,1.5,200,0.9340737512426792,0.9175921890533487,0.0009568441599854732,0.9947730583183484,0.367181224184828,0.0006018334428499948,98.0
2,nominal,10,2.0,200,0.89014463420732,0.86268079275915,0.002600310458714438,0.9947730583183484,0.367181224184828,0.0006018334428499948,98.0
2,nominal,10,2.5,200,0.8395442686235546,0.7994303357794434,0.0040888193914012105,0.9947730583183484,0.367181224184828,0.0006018334428499948,98.0
2,nominal,10,3.0,200,0.7733892183333945,0.7167365229167431,0.009465078450814578,0.9947730583183484,0.367181224184828,0.0006018334428499948,98.0
2,nominal,10,3.5,200,0.7115930909514349,0.6394913636892935,0.012224879058196976,0.9947730583183484,0.367181224184828,0.0006018334428499948,98.0
2,nominal,11,0.1,200,0.9887540792105762,0.9859425990132202,2.105531030397846e-06,0.9861609101220362,0.3998880492016409,0.0006365106241274284,98.0
2,nominal,11,0.25,200,0.9871616852010355,0.9839521065012946,1.1293952329796978e-05,0.9861609101220362,0.3998880492016409,0.0006365106241274284,98.0
2,nominal,11,0.5,200,0.9807672209300119,0.975959026162515,7.272122106275696e-05,0.9861609101220362,0.3998880492016409,0.0006365106241274284,98.0
2,nominal,11,0.75,200,0.9732179984607932,0.9665224980759917,0.0001362422395393682,0.9861609101220362,0.3998880492016409,0.0006365106241274284,98.0
2,nominal,11,1.0,200,0.9604140246348692,0.9505175307935868,0.0002990177172184435,0.9861609101220362,0.3998880492016409,0.0006365106241274284,98.0
2,nominal,11,1.25,200,0.9442114380844884,0.9302642976056102,0.0006659872860645341,0.9861609101220362,0.3998880492016409,0.0006365106241274284,98.0
2,nominal,11,1.5,200,0.9262331654964385,0.907791456870548,0.0012932090114708555,0.9861609101220362,0.3998880492016409,0.0006365106241274284,98.0
2,nominal,11,2.0,200,0.8879533895295864,0.8599417369119828,0.0027751392140897735,0.9861609101220362,0.3998880492016409,0.0006365106241274284,98.0
2,nominal,11,2.5,200,0.8335968376830082,0.79199604710376,0.004633236311975975,0.9861609101220362,0.3998880492016409,0.0006365106241274284,98.0
2,nominal,11,3.0,200,0.7703921122962741,0.7129901403703426,0.00912509304589361,0.9861609101220362,0.3998880492016409,0.0006365106241274284,98.0
2,nominal,11,3.5,200,0.7043277619218925,0.6304097024023657,0.012963968971639117,0.9861609101220362,0.3998880492016409,0.0006365106241274284,98.0
2,nominal,12,0.1,200,0.9924541083065073,0.9905676353831342,1.3481274971180473e-06,0.9908145821912132,0.39853193034988477,0.0006692916348859613,96.0
2,nominal,12,0.25,200,0.9908972167575265,0.9886215209469081,9.11429910425977e-06,0.9908145821912132,0.39853193034988477,0.0006692916348859613,96.0
2,nominal,12,0.5,200,0.984955723177103,0.9811946539713786,4.617212892304332e-05,0.9908145821912132,0.39853193034988477,0.0006692916348859613,96.0
2,nominal,12,0.75,200,0.9769359081047286,0.9711698851309108,0.00011749324039870758,0.9908145821912132,0.39853193034988477,0.0006692916348859613,96.0
2,nominal,12,1.0,200,0.963860883535514,0.9548261044193924,0.0003044721845391075,0.9908145821912132,0.39853193034988477,0.0006692916348859613,96.0
2,nominal,12,1.25,200,0.9501410980976126,0.9376763726220159,0.000498006338008848,0.9908145821912132,0.39853193034988477,0.0006692916348859613,96.0
2,nominal,12,1.5,200,0.9308159152922283,0.9135198941152854,0.0011253720723328972,0.9908145821912132,0.39853193034988477,0.0006692916348859613,96.0
2,nominal,12,2.0,200,0.8873546074818336,0.8591932593522921,0.002532559808266519,0.9908145821912132,0.39853193034988477,0.0006692916348859613,96.0
2,nominal,12,2.5,200,0.8351413595997565,0.7939266994996953,0.004981156206241962,0.9908145821912132,0.39853193034988477,0.0006692916348859613,96.0
2,nominal,12,3.0,200,0.7782842433791869,0.7228553042239835,0.009225558871289074,0.9908145821912132,0.39853193034988477,0.0006692916348859613,96.0
2,nominal,12,3.5,200,0.7187078188236107,0.6483847735295132,0.010633264084633475,0.9908145821912132,0.39853193034988477,0.0006692916348859613,96.0
2,nominal,13,0.1,200,0.9875295626256353,0.9844119532820439,2.2409906174758377e-06,0.9846687858617035,0.3780003014548877,0.0006736808569946558,96.0
2,nominal,13,0.25,200,0.9860290887979265,0.9825363609974079,1.155126246637922e-05,0.9846687858617035,0.3780003014548877,0.0006736808569946558,96.0
2,nominal,13,0.5,200,0.979769897576062,0.9747123719700774,6.577994695178583e-05,0.9846687858617035,0.3780003014548877,0.0006736808569946558,96.0
2,nominal,13,0.75,200,0.9723457724472905,0.9654322155591131,0.0001543979342634889,0.9846687858617035,0.3780003014548877,0.0006736808569946558,96.0
2,nominal,13,1.0,200,0.9592081042397345,0.9490101302996681,0.0003222786449601124,0.9846687858617035,0.3780003014548877,0.0006736808569946558,96.0
2,nominal,13,1.25,200,0.9446284889372972,0.9307856111716214,0.0006566185082843934,0.9846687858617035,0.3780003014548877,0.0006736808569946558,96.0
2,nominal,13,1.5,200,0.9250186005979902,0.906273250747488,0.0013574993267677729,0.9846687858617035,0.3780003014548877,0.0006736808569946558,96.0
2,nominal,13,2.0,200,0.8861522549376224,0.8576903186720279,0.0023990633720723854,0.9846687858617035,0.3780003014548877,0.0006736808569946558,96.0
2,nominal,13,2.5,200,0.8310041048428304,0.7887551310535376,0.00510242484133026,0.9846687858617035,0.3780003014548877,0.0006736808569946558,96.0
2,nominal,13,3.0,200,0.7761746145895199,0.7202182682368999,0.00903057927236345,0.9846687858617035,0.3780003014548877,0.0006736808569946558,96.0
2,nominal,13,3.5,200,0.7156415596009031,0.6445519495011289,0.010457945765809076,0.9846687858617035,0.3780003014548877,0.0006736808569946558,96.0
2,nominal,14,0.1,200,0.98955923967847,0.9869490495980869,1.8760878962365183e-06,0.9872010691486441,0.367489865382753,0.0007440744060255253,96.0
2,nominal,14,0.25,200,0.9880577345228571,0.9850721681535712,1.0375482542557056e-05,0.9872010691486441,0.367489865382753,0.0007440744060255253,96.0
2,nominal,14,0.5,200,0.9819119981748874,0.977389997718609,5.8028471176924985e-05,0.9872010691486441,0.367489865382753,0.0007440744060255253,96.0
2,nominal,14,0.75,200,0.9743836409001185,0.9679795511251483,0.0001402096569735428,0.9872010691486441,0.367489865382753,0.0007440744060255253,96.0
2,nominal,14,1.0,200,0.9611378420470246,0.9514223025587805,0.0003204389170495,0.9872010691486441,0.367489865382753,0.0007440744060255253,96.0
2,nominal,14,1.25,200,0.946922959055156,0.9336536988189451,0.0005929984159758519,0.9872010691486441,0.367489865382753,0.0007440744060255253,96.0
2,nominal,14,1.5,200,0.9276194754345641,0.909524344293205,0.0012617051842759258,0.9872010691486441,0.367489865382753,0.0007440744060255253,96.0
2,nominal,14,2.0,200,0.8871654184234586,0.8589567730293234,0.0024325984710425034,0.9872010691486441,0.367489865382753,0.0007440744060255253,96.0
2,nominal,14,2.5,200,0.8333000811904953,0.7916251014881189,0.0050462342510233646,0.9872010691486441,0.367489865382753,0.0007440744060255253,96.0
2,nominal,14,3.0,200,0.777598866860982,0.7219985835762275,0.009044078769821336,0.9872010691486441,0.367489865382753,0.0007440744060255253,96.0
2,nominal,14,3.5,200,0.7174462982157483,0.6468078727696853,0.010473379901321678,0.9872010691486441,0.367489865382753,0.0007440744060255253,96.0
2,nominal,15,0.1,200,0.9846677666041872,0.9808347082552338,2.82865365559777e-06,0.9810776733784999,0.3842792738857685,0.0008053940265474711,98.0
2,nominal,15,0.25,200,0.983273872730809,0.9790923409135113,1.8111481373791295e-05,0.9810776733784999,0.3842792738857685,0.0008053940265474711,98.0
2,nominal,15,0.5,200,0.9767013626388714,0.9708767032985892,8.157341992552202e-05,0.9810776733784999,0.3842792738857685,0.0008053940265474711,98.0
2,nominal,15,0.75,200,0.9690302545288312,0.9612878181610389,0.00017943474316552542,0.9810776733784999,0.3842792738857685,0.0008053940265474711,98.0
2,nominal,15,1.0,200,0.9568067621307282,0.9460084526634105,0.00041693296227187857,0.9810776733784999,0.3842792738857685,0.0008053940265474711,98.0
2,nominal,15,1.25,200,0.9411594089823181,0.9264492612278977,0.0007389605859124676,0.9810776733784999,0.3842792738857685,0.0008053940265474711,98.0
2,nominal,15,1.5,200,0.9236434428010057,0.9045543035012571,0.001359760708528284,0.9810776733784999,0.3842792738857685,0.0008053940265474711,98.0
2,nominal,15,2.0,200,0.8813720380648157,0.8517150475810193,0.0029613696130171775,0.9810776733784999,0.3842792738857685,0.0008053940265474711,98.0
2,nominal,15,2.5,200,0.8312529995364977,0.7890662494206222,0.004793400601823979,0.9810776733784999,0.3842792738857685,0.0008053940265474711,98.0
2,nominal,15,3.0,200,0.7680151686019958,0.7100189607524947,0.010041347594920383,0.9810776733784999,0.3842792738857685,0.0008053940265474711,98.0
2,nominal,15,3.5,200,0.7066056568823869,0.6332570711029836,0.012979023841965889,0.9810776733784999,0.3842792738857685,0.0008053940265474711,98.0
2,nominal,16,0.1,200,0.9881750929330178,0.9852188661662722,2.2632134850895435e-06,0.9854598128929886,0.38118412106269633,0.000841681280774968,94.0
2,nominal,16,0.25,200,0.9867578884543345,0.9834473605679179,1.3455196033281275e-05,0.9854598128929886,0.38118412106269633,0.000841681280774968,94.0
2,nominal,16,0.5,200,0.9808847298126996,0.9761059122658742,5.768233813192885e-05,0.9854598128929886,0.38118412106269633,0.000841681280774968,94.0
2,nominal,16,0.75,200,0.9739306605680513,0.967413325710064,0.00014093105660429147,0.9854598128929886,0.38118412106269633,0.000841681280774968,94.0
2,nominal,16,1.0,200,0.96094871099553,0.9511858887444125,0.00029073894601082287,0.9854598128929886,0.38118412106269633,0.000841681280774968,94.0
2,nominal,16,1.25,200,0.9460156576921911,0.9325195721152388,0.0006455065000236604,0.9854598128929886,0.38118412106269633,0.000841681280774968,94.0
2,nominal,16,1.5,200,0.9287940636977794,0.9109925796222242,0.0012332001506261828,0.9854598128929886,0.38118412106269633,0.000841681280774968,94.0
2,nominal,16,2.0,200,0.8888843143191528,0.861105392898941,0.0029910060543462693,0.9854598128929886,0.38118412106269633,0.000841681280774968,94.0
2,nominal,16,2.5,200,0.8369671526492877,0.7962089408116094,0.004664020335493913,0.9854598128929886,0.38118412106269633,0.000841681280774968,94.0
2,nominal,16,3.0,200,0.781406709464729,0.7267583868309109,0.00818007005515679,0.9854598128929886,0.38118412106269633,0.000841681280774968,94.0
2,nominal,16,3.5,200,0.7191220551903675,0.6489025689879594,0.010523300318256004,0.9854598128929886,0.38118412106269633,0.000841681280774968,94.0
2,nominal,17,0.1,200,0.9865604467955923,0.9832005584944902,2.4571230779445136e-06,0.9834522421693883,0.3840953216603996,0.0008972057950233195,94.0
2,nominal,17,0.25,200,0.9851437111057021,0.9814296388821276,1.6477912301462515e-05,0.9834522421693883,0.3840953216603996,0.0008972057950233195,94.0
2,nominal,17,0.5,200,0.9788774894340077,0.9735968617925096,6.740988580090606e-05,0.9834522421693883,0.3840953216603996,0.0008972057950233195,94.0
2,nominal,17,0.75,200,0.9721125655773024,0.9651407069716281,0.0001524298562362963,0.9834522421693883,0.3840953216603996,0.0008972057950233195,94.0
2,nominal,17,1.0,200,0.959365344604138,0.9492066807551726,0.00033580080150315077,0.9834522421693883,0.3840953216603996,0.0008972057950233195,94.0
2,nominal,17,1.25,200,0.945969746669665,0.9324621833370812,0.0006445929537149488,0.9834522421693883,0.3840953216603996,0.0008972057950233195,94.0
2,nominal,17,1.5,200,0.9278910070190911,0.9098637587738639,0.0012629039741774962,0.9834522421693883,0.3840953216603996,0.0008972057950233195,94.0
2,nominal,17,2.0,200,0.8843630139176485,0.8554537673970608,0.0033318205023565683,0.9834522421693883,0.3840953216603996,0.0008972057950233195,94.0
2,nominal,17,2.5,200,0.835145386387405,0.7939317329842559,0.005036130820695136,0.9834522421693883,0.3840953216603996,0.0008972057950233195,94.0
2,nominal,17,3.0,200,0.778255788748592,0.7228197359357401,0.008670249213298222,0.9834522421693883,0.3840953216603996,0.0008972057950233195,94.0
2,nominal,17,3.5,200,0.7200219285840492,0.6500274107300615,0.01027083903742557,0.9834522421693883,0.3840953216603996,0.0008972057950233195,94.0
2,nominal,18,0.1,200,0.9860197107636429,0.9825246384545534,2.6151026378660695e-06,0.9827733520648937,0.38767494839702765,0.0008654673329157623,94.0
2,nominal,18,0.25,200,0.984612981504835,0.9807662268810435,1.5880258553379373e-05,0.9827733520648937,0.38767494839702765,0.0008654673329157623,94.0
2,nominal,18,0.5,200,0.9788902877170282,0.9736128596462851,6.645270771226685e-05,0.9827733520648937,0.38767494839702765,0.0008654673329157623,94.0
2,nominal,18,0.75,200,0.9718678601237866,0.9648348251547334,0.000159562717731968,0.9827733520648937,0.38767494839702765,0.0008654673329157623,94.0
2,nominal,18,1.0,200,0.9589761730243475,0.9487202162804341,0.00031416821386075726,0.9827733520648937,0.38767494839702765,0.0008654673329157623,94.0
2,nominal,18,1.25,200,0.9437262726387768,0.9296578407984711,0.0006967244688427755,0.9827733520648937,0.38767494839702765,0.0008654673329157623,94.0
2,nominal,18,1.5,200,0.9267332157617485,0.9084165197021854,0.0013231376372063153,0.9827733520648937,0.38767494839702765,0.0008654673329157623,94.0
2,nominal,18,2.0,200,0.8878882439145551,0.8598603048931939,0.0030175851916687925,0.9827733520648937,0.38767494839702765,0.0008654673329157623,94.0
2,nominal,18,2.5,200,0.8356537254258986,0.7945671567823731,0.004742988739418245,0.9827733520648937,0.38767494839702765,0.0008654673329157623,94.0
2,nominal,18,3.0,200,0.7803267235087591,0.725408404385949,0.008267925886275751,0.9827733520648937,0.38767494839702765,0.0008654673329157623,94.0
2,nominal,18,3.5,200,0.7177060884634883,0.6471326105793606,0.010745999945049555,0.9827733520648937,0.38767494839702765,0.0008654673329157623,94.0
2,nominal,19,0.1,200,0.9860500732085647,0.9825625915107059,2.762499950618359e-06,0.9828030796246672,0.3742416180738517,0.0008852558826002132,94.0
2,nominal,19,0.25,200,0.98467145194765,0.9808393149345622,1.696562088597861e-05,0.9828030796246672,0.3742416180738517,0.0008852558826002132,94.0
2,nominal,19,0.5,200,0.978414926520329,0.9730186581504111,6.651515429057104e-05,0.9828030796246672,0.3742416180738517,0.0008852558826002132,94.0
2,nominal,19,0.75,200,0.971664865978092,0.9645810824726146,0.00015899132680996048,0.9828030796246672,0.3742416180738517,0.0008852558826002132,94.0
2,nominal,19,1.0,200,0.9591918434633622,0.9489898043292027,0.0003406923925091475,0.9828030796246672,0.3742416180738517,0.0008852558826002132,94.0
2,nominal,19,1.25,200,0.9451072920977549,0.9313841151221937,0.0006953142815926252,0.9828030796246672,0.3742416180738517,0.0008852558826002132,94.0
2,nominal,19,1.5,200,0.9270797346909778,0.9088496683637223,0.0012874228426388082,0.9828030796246672,0.3742416180738517,0.0008852558826002132,94.0
2,nominal,19,2.0,200,0.8851999675957665,0.8564999594947083,0.0032817496801693267,0.9828030796246672,0.3742416180738517,0.0008852558826002132,94.0
2,nominal,19,2.5,200,0.8352651774928795,0.7940814718660992,0.005134036231001666,0.9828030796246672,0.3742416180738517,0.0008852558826002132,94.0
2,nominal,19,3.0,200,0.7788257437105959,0.7235321796382447,0.008692480478489875,0.9828030796246672,0.3742416180738517,0.0008852558826002132,94.0
2,nominal,19,3.5,200,0.7199892291542721,0.6499865364428399,0.010370401146176744,0.9828030796246672,0.3742416180738517,0.0008852558826002132,94.0
2,nominal,20,0.1,200,0.9870661712082662,0.9838327140103327,2.284526639870034e-06,0.9841007621393734,0.37908775600631683,0.0008532018643566789,92.0
2,nominal,20,0.25,200,0.9856909683880191,0.9821137104850237,1.3505320574074224e-05,0.9841007621393734,0.37908775600631683,0.0008532018643566789,92.0
2,nominal,20,0.5,200,0.979640840131232,0.9745510501640396,6.459451054416283e-05,0.9841007621393734,0.37908775600631683,0.0008532018643566789,92.0
2,nominal,20,0.75,200,0.9734105817580776,0.9667632271975967,0.0001479002443208011,0.9841007621393734,0.37908775600631683,0.0008532018643566789,92.0
2,nominal,20,1.0,200,0.9600772067429187,0.9500965084286481,0.00034624915580730176,0.9841007621393734,0.37908775600631683,0.0008532018643566789,92.0
2,nominal,20,1.25,200,0.9458277199046304,0.932284649880788,0.0005749231610459978,0.9841007621393734,0.37908775600631683,0.0008532018643566789,92.0
2,nominal,20,1.5,200,0.928389094517185,0.9104863681464812,0.00114647867167807,0.9841007621393734,0.37908775600631683,0.0008532018643566789,92.0
2,nominal,20,2.0,200,0.8890823314284984,0.8613529142856227,0.002498776699617451,0.9841007621393734,0.37908775600631683,0.0008532018643566789,92.0
2,nominal,20,2.5,200,0.8400960771484809,0.8001200964356008,0.005172281114587439,0.9841007621393734,0.37908775600631683,0.0008532018643566789,92.0
2,nominal,20,3.0,200,0.7796463455780698,0.7245579319725871,0.00808590972079417,0.9841007621393734,0.37908775600631683,0.0008532018643566789,92.0
2,nominal,20,3.5,200,0.7215140581514347,0.6518925726892931,0.01039348432914971,0.9841007621393734,0.37908775600631683,0.0008532018643566789,92.0
2,nominal,21,0.1,200,0.9895679097689346,0.986959887211168,2.766746397854091e-06,0.9874439386430486,0.9010967663597742,0.001702748144275183,180.0
2,nominal,21,0.25,200,0.986361048205918,0.9829513102573972,2.29567670428446e-05,0.9874439386430486,0.9010967663597742,0.001702748144275183,180.0
2,nominal,21,0.5,200,0.9759033157492198,0.9698791446865245,0.00011086258613382626,0.9874439386430486,0.9010967663597742,0.001702748144275183,180.0
2,nominal,21,0.75,200,0.9614613851786609,0.9518267314733256,0.000318385795064076,0.9874439386430486,0.9010967663597742,0.001702748144275183,180.0
2,nominal,21,1.0,200,0.9392414122771537,0.924051765346442,0.0007973619702254648,0.9874439386430486,0.9010967663597742,0.001702748144275183,180.0
2,nominal,21,1.25,200,0.9063734964144801,0.8829668705181001,0.0022502945346248478,0.9874439386430486,0.9010967663597742,0.001702748144275183,180.0
2,nominal,21,1.5,200,0.8739956875514903,0.8424946094393628,0.003140458618530856,0.9874439386430486,0.9010967663597742,0.001702748144275183,180.0
2,nominal,21,2.0,200,0.807609866206676,0.7595123327583447,0.007604482803941337,0.9874439386430486,0.9010967663597742,0.001702748144275183,180.0
2,nominal,21,2.5,200,0.7306533655911336,0.6633167069889169,0.0086428891870036,0.9874439386430486,0.9010967663597742,0.001702748144275183,180.0
2,nominal,21,3.0,200,0.6391252004526397,0.5489065005657996,0.018213311378576357,0.9874439386430486,0.9010967663597742,0.001702748144275183,180.0
2,nominal,21,3.5,200,0.5637367778131769,0.45467097226647113,0.019591169340091034,0.9874439386430486,0.9010967663597742,0.001702748144275183,180.0
2,nominal,22,0.1,200,0.9897033742114467,0.9871292177643082,1.878702106005672e-06,0.9874176886633355,0.3783046197137499,0.000915663140764203,92.0
2,nominal,22,0.25,200,0.9883236256349122,0.9854045320436401,1.1520146055814581e-05,0.9874176886633355,0.3783046197137499,0.000915663140764203,92.0
2,nominal,22,0.5,200,0.9823019939902086,0.9778774924877606,5.467812110039932e-05,0.9874176886633355,0.3783046197137499,0.000915663140764203,92.0
2,nominal,22,0.75,200,0.9758767544099247,0.9698459430124058,0.00012399686067224766,0.9874176886633355,0.3783046197137499,0.000915663140764203,92.0
2,nominal,22,1.0,200,0.9624612804843349,0.9530766006054185,0.0003276632205009358,0.9874176886633355,0.3783046197137499,0.000915663140764203,92.0
2,nominal,22,1.25,200,0.9487846668579014,0.9359808335723769,0.0005173257869314017,0.9874176886633355,0.3783046197137499,0.000915663140764203,92.0
2,nominal,22,1.5,200,0.9312646305726319,0.9140807882157899,0.0010641762976665208,0.9874176886633355,0.3783046197137499,0.000915663140764203,92.0
2,nominal,22,2.0,200,0.8902433055575895,0.8628041319469869,0.0024328685563311304,0.9874176886633355,0.3783046197137499,0.000915663140764203,92.0
2,nominal,22,2.5,200,0.8423847315164157,0.8029809143955197,0.005139256526486609,0.9874176886633355,0.3783046197137499,0.000915663140764203,92.0
2,nominal,22,3.0,200,0.781186970694913,0.7264837133686413,0.0082046566135663,0.9874176886633355,0.3783046197137499,0.000915663140764203,92.0
2,nominal,22,3.5,200,0.7234111484036698,0.6542639355045873,0.010265970977381555,0.9874176886633355,0.3783046197137499,0.000915663140764203,92.0
2,nominal,23,0.1,200,0.9937580323711566,0.9921975404639457,1.5565296505170071e-06,0.9928027702105515,0.97109702555439,0.00195327318374771,180.0
2,nominal,23,0.25,200,0.9907886632661935,0.9884858290827415,1.2143586410698206e-05,0.9928027702105515,0.97109702555439,0.00195327318374771,180.0
2,nominal,23,0.5,200,0.9803631653557127,0.9754539566946409,8.12845676254491e-05,0.9928027702105515,0.97109702555439,0.00195327318374771,180.0
2,nominal,23,0.75,200,0.9650459168086614,0.9563073960108267,0.00024898994401203133,0.9928027702105515,0.97109702555439,0.00195327318374771,180.0
2,nominal,23,1.0,200,0.9437836946534713,0.9297296183168392,0.000680527521466299,0.9928027702105515,0.97109702555439,0.00195327318374771,180.0
2,nominal,23,1.25,200,0.9115742239652991,0.8894677799566238,0.0019428520887748823,0.9928027702105515,0.97109702555439,0.00195327318374771,180.0
2,nominal,23,1.5,200,0.878892520401084,0.848615650501355,0.002954636308610526,0.9928027702105515,0.97109702555439,0.00195327318374771,180.0
2,nominal,23,2.0,200,0.8094978089693987,0.7618722612117483,0.007432831221588515,0.9928027702105515,0.97109702555439,0.00195327318374771,180.0
2,nominal,23,2.5,200,0.7326233726402132,0.6657792158002664,0.008643648179423664,0.9928027702105515,0.97109702555439,0.00195327318374771,180.0
2,nominal,23,3.0,200,0.6408965838174434,0.5511207297718042,0.01876489227273289,0.9928027702105515,0.97109702555439,0.00195327318374771,180.0
2,nominal,23,3.5,200,0.5646340181841396,0.45579252273017445,0.01993961918918719,0.9928027702105515,0.97109702555439,0.00195327318374771,180.0
2,nominal,24,0.1,200,0.9856074313757927,0.9820092892197408,2.650554831943108e-06,0.982269975647649,0.39528466994824074,0.0009845675628652162,92.0
2,nominal,24,0.25,200,0.9842557639690164,0.9803197049612706,1.5642729084933594e-05,0.982269975647649,0.39528466994824074,0.0009845675628652162,92.0
2,nominal,24,0.5,200,0.9781139576245814,0.9726424470307268,7.351191495663176e-05,0.982269975647649,0.39528466994824074,0.0009845675628652162,92.0
2,nominal,24,0.75,200,0.9719603188979108,0.9649503986223885,0.00016040849801026002,0.982269975647649,0.39528466994824074,0.0009845675628652162,92.0
2,nominal,24,1.0,200,0.9585948776449069,0.948243597056134,0.0003944414097076215,0.982269975647649,0.39528466994824074,0.0009845675628652162,92.0
2,nominal,24,1.25,200,0.9444251377683426,0.9305314222104282,0.000611539306743375,0.982269975647649,0.39528466994824074,0.0009845675628652162,92.0
2,nominal,24,1.5,200,0.9272409925102334,0.909051240637792,0.0012084348113035645,0.982269975647649,0.39528466994824074,0.0009845675628652162,92.0
2,nominal,24,2.0,200,0.8873237904929696,0.8591547381162121,0.0026130545893062428,0.982269975647649,0.39528466994824074,0.0009845675628652162,92.0
2,nominal,24,2.5,200,0.83892817151851,0.7986602143981374,0.005390092283090334,0.982269975647649,0.39528466994824074,0.0009845675628652162,92.0
2,nominal,24,3.0,200,0.7788232426799713,0.723529053349964,0.008321891517253537,0.982269975647649,0.39528466994824074,0.0009845675628652162,92.0
2,nominal,24,3.5,200,0.7207631678832764,0.6509539598540954,0.010450843667474502,0.982269975647649,0.39528466994824074,0.0009845675628652162,92.0
2,nominal,25,0.1,200,0.9835387638179164,0.9794234547723956,3.289601569180804e-06,0.9796522381209372,0.3986962303288537,0.0010088640547655015,94.0
2,nominal,25,0.25,200,0.9821270948541813,0.9776588685677262,1.9596573143333663e-05,0.9796522381209372,0.3986962303288537,0.0010088640547655015,94.0
2,nominal,25,0.5,200,0.975809324363448,0.96976165545431,7.676461564994267e-05,0.9796522381209372,0.3986962303288537,0.0010088640547655015,94.0
2,nominal,25,0.75,200,0.9692870172208155,0.9616087715260193,0.000183068085656648,0.9796522381209372,0.3986962303288537,0.0010088640547655015,94.0
2,nominal,25,1.0,200,0.9564091863626644,0.9455114829533303,0.00037546125986016437,0.9796522381209372,0.3986962303288537,0.0010088640547655015,94.0
2,nominal,25,1.25,200,0.9421553362526089,0.9276941703157607,0.0007614989175545986,0.9796522381209372,0.3986962303288537,0.0010088640547655015,94.0
2,nominal,25,1.5,200,0.9247240876358753,0.9059051095448442,0.0013940703429264107,0.9796522381209372,0.3986962303288537,0.0010088640547655015,94.0
2,nominal,25,2.0,200,0.8832178569697465,0.854022321212183,0.003419355395002927,0.9796522381209372,0.3986962303288537,0.0010088640547655015,94.0
2,nominal,25,2.5,200,0.8332188838176582,0.7915236047720725,0.005186750697274744,0.9796522381209372,0.3986962303288537,0.0010088640547655015,94.0
2,nominal,25,3.0,200,0.7777416028801757,0.7221770036002195,0.008809174596623934,0.9796522381209372,0.3986962303288537,0.0010088640547655015,94.0
2,nominal,25,3.5,200,0.7182388353209002,0.6477985441511251,0.010603354738937636,0.9796522381209372,0.3986962303288537,0.0010088640547655015,94.0
2,nominal,26,0.1,200,0.9869944330731864,0.9837430413414827,2.3794032195815876e-06,0.9840072328373083,0.39451841899509393,0.0010158398404886216,94.0
2,nominal,26,0.25,200,0.9855478733184715,0.9819348416480892,1.5762706054098433e-05,0.9840072328373083,0.39451841899509393,0.0010158398404886216,94.0
2,nominal,26,0.5,200,0.9794234145859577,0.9742792682324471,6.446814159146097e-05,0.9840072328373083,0.39451841899509393,0.0010158398404886216,94.0
2,nominal,26,0.75,200,0.9729095976499775,0.9661369970624716,0.00014818516520610022,0.9840072328373083,0.39451841899509393,0.0010158398404886216,94.0
2,nominal,26,1.0,200,0.9592914961019254,0.9491143701274063,0.00032469319106854177,0.9840072328373083,0.39451841899509393,0.0010158398404886216,94.0
2,nominal,26,1.25,200,0.9456403469031835,0.9320504336289794,0.0006179935240334431,0.9840072328373083,0.39451841899509393,0.0010158398404886216,94.0
2,nominal,26,1.5,200,0.9286076659752642,0.9107595824690801,0.0012611562600934102,0.9840072328373083,0.39451841899509393,0.0010158398404886216,94.0
2,nominal,26,2.0,200,0.8858900152607827,0.8573625190759785,0.0032558621010940697,0.9840072328373083,0.39451841899509393,0.0010158398404886216,94.0
2,nominal,26,2.5,200,0.8363351340841269,0.7954189176051583,0.004682372505033481,0.9840072328373083,0.39451841899509393,0.0010158398404886216,94.0
2,nominal,26,3.0,200,0.7805032390973774,0.7256290488717219,0.008388896552121973,0.9840072328373083,0.39451841899509393,0.0010158398404886216,94.0
2,nominal,26,3.5,200,0.7199065266410491,0.6498831583013114,0.01041839057685861,0.9840072328373083,0.39451841899509393,0.0010158398404886216,94.0
2,nominal,27,0.1,200,0.9842853574946698,0.9803566968683372,2.8438496865481123e-06,0.980614699459944,0.3882208217661017,0.001124820157108739,96.0
2,nominal,27,0.25,200,0.982843387017363,0.9785542337717036,1.5592282362738597e-05,0.980614699459944,0.3882208217661017,0.001124820157108739,96.0
2,nominal,27,0.5,200,0.9765334372812622,0.9706667966015775,8.025090911911719e-05,0.980614699459944,0.3882208217661017,0.001124820157108739,96.0
2,nominal,27,0.75,200,0.9693138716246221,0.9616423395307777,0.0001791242509986219,0.980614699459944,0.3882208217661017,0.001124820157108739,96.0
2,nominal,27,1.0,200,0.9563484722349923,0.9454355902937405,0.0003934512711179208,0.980614699459944,0.3882208217661017,0.001124820157108739,96.0
2,nominal,27,1.25,200,0.9419527668128556,0.9274409585160694,0.0007414222141623198,0.980614699459944,0.3882208217661017,0.001124820157108739,96.0
2,nominal,27,1.5,200,0.9225362172515112,0.9031702715643888,0.0014854939816081414,0.980614699459944,0.3882208217661017,0.001124820157108739,96.0
2,nominal,27,2.0,200,0.883580227560957,0.8544752844511961,0.0026514380123528873,0.980614699459944,0.3882208217661017,0.001124820157108739,96.0
2,nominal,27,2.5,200,0.8295528951147795,0.786941118893474,0.0055120221791326056,0.980614699459944,0.3882208217661017,0.001124820157108739,96.0
2,nominal,27,3.0,200,0.7751251692122525,0.7189064615153156,0.009345690076249975,0.980614699459944,0.3882208217661017,0.001124820157108739,96.0
2,nominal,27,3.5,200,0.7156437772103241,0.644554721512905,0.010899670306277785,0.980614699459944,0.3882208217661017,0.001124820157108739,96.0
2,nominal,28,0.1,200,0.9860073513217892,0.9825091891522365,2.631318724578487e-06,0.9827534225498975,0.3778760188580814,0.0010553350559170424,94.0
2,nominal,28,0.25,200,0.9845269368064896,0.980658671008112,1.5420886328323657e-05,0.9827534225498975,0.3778760188580814,0.0010553350559170424,94.0
2,nominal,28,0.5,200,0.9784648567046127,0.973081070880766,6.724056918060067e-05,0.9827534225498975,0.3778760188580814,0.0010553350559170424,94.0
2,nominal,28,0.75,200,0.9719363233617582,0.9649204042021975,0.00015855339141643428,0.9827534225498975,0.3778760188580814,0.0010553350559170424,94.0
2,nominal,28,1.0,200,0.9582377424530995,0.9477971780663743,0.00032683356643468356,0.9827534225498975,0.3778760188580814,0.0010553350559170424,94.0
2,nominal,28,1.25,200,0.9439500304729249,0.929937538091156,0.000668887033073996,0.9827534225498975,0.3778760188580814,0.0010553350559170424,94.0
2,nominal,28,1.5,200,0.9272015908360285,0.9090019885450354,0.001296492497250244,0.9827534225498975,0.3778760188580814,0.0010553350559170424,94.0
2,nominal,28,2.0,200,0.8856597596756552,0.8570746995945692,0.0032252143669889368,0.9827534225498975,0.3778760188580814,0.0010553350559170424,94.0
2,nominal,28,2.5,200,0.834674668811709,0.7933433360146362,0.0047043555038584735,0.9827534225498975,0.3778760188580814,0.0010553350559170424,94.0
2,nominal,28,3.0,200,0.7795973337112453,0.7244966671390565,0.008387743683171231,0.9827534225498975,0.3778760188580814,0.0010553350559170424,94.0
2,nominal,28,3.5,200,0.7179722777404816,0.6474653471756018,0.01061403096902826,0.9827534225498975,0.3778760188580814,0.0010553350559170424,94.0
2,nominal,29,0.1,200,0.9841870781860197,0.9802338477325244,3.1474743686969634e-06,0.9804482472014316,0.39729701262732126,0.001171981350701981,94.0
2,nominal,29,0.25,200,0.9827446249702462,0.9784307812128077,1.7710437874754157e-05,0.9804482472014316,0.39729701262732126,0.001171981350701981,94.0
2,nominal,29,0.5,200,0.9764308601342888,0.9705385751678608,7.248793818915314e-05,0.9804482472014316,0.39729701262732126,0.001171981350701981,94.0
2,nominal,29,0.75,200,0.9698705886328487,0.9623382357910605,0.00017664219670961788,0.9804482472014316,0.39729701262732126,0.001171981350701981,94.0
2,nominal,29,1.0,200,0.9570549263649272,0.9463186579561588,0.000356251786626028,0.9804482472014316,0.39729701262732126,0.001171981350701981,94.0
2,nominal,29,1.25,200,0.9425015168763761,0.9281268960954699,0.0007580191026267569,0.9804482472014316,0.39729701262732126,0.001171981350701981,94.0
2,nominal,29,1.5,200,0.9249891699756614,0.9062364624695765,0.0013568429000537204,0.9804482472014316,0.39729701262732126,0.001171981350701981,94.0
2,nominal,29,2.0,200,0.8835803953411916,0.8544754941764893,0.0033599358193055085,0.9804482472014316,0.39729701262732126,0.001171981350701981,94.0
2,nominal,29,2.5,200,0.8326057551449861,0.7907571939312326,0.0051592621456867495,0.9804482472014316,0.39729701262732126,0.001171981350701981,94.0
2,nominal,29,3.0,200,0.777260048440179,0.7215750605502237,0.008754952123889515,0.9804482472014316,0.39729701262732126,0.001171981350701981,94.0
2,nominal,29,3.5,200,0.7176014373472664,0.6470017966840831,0.010599378257325199,0.9804482472014316,0.39729701262732126,0.001171981350701981,94.0
2,nominal,30,0.1,200,0.9858731747046502,0.9823414683808126,2.623471142886177e-06,0.9826237397085857,0.3831757301964721,0.0011464171721394707,96.0
2,nominal,30,0.25,200,0.984396910508276,0.9804961381353451,1.3774363662842934e-05,0.9826237397085857,0.3831757301964721,0.0011464171721394707,96.0
2,nominal,30,0.5,200,0.9781124879289232,0.972640609911154,7.664491567215452e-05,0.9826237397085857,0.3831757301964721,0.0011464171721394707,96.0
2,nominal,30,0.75,200,0.9709459022136948,0.9636823777671184,0.00017337616383681655,0.9826237397085857,0.3831757301964721,0.0011464171721394707,96.0
2,nominal,30,1.0,200,0.9576138889487112,0.947017361185889,0.00035345801103117415,0.9826237397085857,0.3831757301964721,0.0011464171721394707,96.0
2,nominal,30,1.25,200,0.9432456892590371,0.9290571115737961,0.0006917479054008535,0.9826237397085857,0.3831757301964721,0.0011464171721394707,96.0
2,nominal,30,1.5,200,0.9237561307681376,0.9046951634601718,0.001444459293998155,0.9826237397085857,0.3831757301964721,0.0011464171721394707,96.0
2,nominal,30,2.0,200,0.8852675383605337,0.8565844229506672,0.0024879049353275975,0.9826237397085857,0.3831757301964721,0.0011464171721394707,96.0
2,nominal,30,2.5,200,0.830225618216851,0.7877820227710635,0.0052053466849212495,0.9826237397085857,0.3831757301964721,0.0011464171721394707,96.0
2,nominal,30,3.0,200,0.7759537859477564,0.7199422324346952,0.009193201957628525,0.9826237397085857,0.3831757301964721,0.0011464171721394707,96.0
2,nominal,30,3.5,200,0.7151620169372626,0.6439525211715782,0.01064807833289132,0.9826237397085857,0.3831757301964721,0.0011464171721394707,96.0
2,nominal,31,0.1,200,0.9870167140858066,0.9837708926072581,2.491778826765731e-06,0.9840218193875389,0.384961128764313,0.0011308933191657477,94.0
2,nominal,31,0.25,200,0.9854987472700689,0.981873434087586,1.4212820205652104e-05,0.9840218193875389,0.384961128764313,0.0011308933191657477,94.0
2,nominal,31,0.5,200,0.9794946274048334,0.9743682842560416,6.30873238877667e-05,0.9840218193875389,0.384961128764313,0.0011308933191657477,94.0
2,nominal,31,0.75,200,0.9727393205386179,0.9659241506732724,0.00015312207866283176,0.9840218193875389,0.384961128764313,0.0011308933191657477,94.0
2,nominal,31,1.0,200,0.9592013206144296,0.949001650768037,0.0003079044788266007,0.9840218193875389,0.384961128764313,0.0011308933191657477,94.0
2,nominal,31,1.25,200,0.9445790252903068,0.9307237816128836,0.0006587536562639416,0.9840218193875389,0.384961128764313,0.0011308933191657477,94.0
2,nominal,31,1.5,200,0.9279150871392368,0.909893858924046,0.0012824863590801773,0.9840218193875389,0.384961128764313,0.0011308933191657477,94.0
2,nominal,31,2.0,200,0.886347362248584,0.85793420281073,0.0031469899917267274,0.9840218193875389,0.384961128764313,0.0011308933191657477,94.0
2,nominal,31,2.5,200,0.8352409119639467,0.7940511399549333,0.004667652540566926,0.9840218193875389,0.384961128764313,0.0011308933191657477,94.0
2,nominal,31,3.0,200,0.7798352403230222,0.7247940504037778,0.008491219064099897,0.9840218193875389,0.384961128764313,0.0011308933191657477,94.0
2,nominal,31,3.5,200,0.7181885283058032,0.6477356603822538,0.01066159654735109,0.9840218193875389,0.384961128764313,0.0011308933191657477,94.0
2,nominal,32,0.1,200,0.9866827458415511,0.9833534323019388,2.5936532802282358e-06,0.983564700756923,0.39712094527456715,0.0011981464748701191,94.0
2,nominal,32,0.25,200,0.985260738162099,0.9815759227026237,1.5229259147258112e-05,0.983564700756923,0.39712094527456715,0.0011981464748701191,94.0
2,nominal,32,0.5,200,0.9791503621552607,0.973937952694076,6.394793729115021e-05,0.983564700756923,0.39712094527456715,0.0011981464748701191,94.0
2,nominal,32,0.75,200,0.9722928543281726,0.9653660679102154,0.00015382056474894904,0.983564700756923,0.39712094527456715,0.0011981464748701191,94.0
2,nominal,32,1.0,200,0.9593864578369637,0.9492330722962046,0.0003187515641883493,0.983564700756923,0.39712094527456715,0.0011981464748701191,94.0
2,nominal,32,1.25,200,0.9447111528093487,0.9308889410116856,0.0006928311989725617,0.983564700756923,0.39712094527456715,0.0011981464748701191,94.0
2,nominal,32,1.5,200,0.9273862383986116,0.9092327979982642,0.0012824394285645445,0.983564700756923,0.39712094527456715,0.0011981464748701191,94.0
2,nominal,32,2.0,200,0.8858791012324831,0.8573488765406038,0.0032036760773465666,0.983564700756923,0.39712094527456715,0.0011981464748701191,94.0
2,nominal,32,2.5,200,0.8351050833462992,0.7938813541828738,0.004939676041480448,0.983564700756923,0.39712094527456715,0.0011981464748701191,94.0
2,nominal,32,3.0,200,0.7792946456566162,0.72411830707077,0.008526239324849375,0.983564700756923,0.39712094527456715,0.0011981464748701191,94.0
2,nominal,32,3.5,200,0.7185322487351422,0.6481653109189278,0.01045443824171155,0.983564700756923,0.39712094527456715,0.0011981464748701191,94.0
2,nominal,33,0.1,200,0.9849611996036715,0.9812014995045891,2.8289622575679014e-06,0.9814697334725766,0.39702295230585294,0.0012677520823348677,96.0
2,nominal,33,0.25,200,0.9834730258634843,0.979341282329355,1.5474804953164604e-05,0.9814697334725766,0.39702295230585294,0.0012677520823348677,96.0
2,nominal,33,0.5,200,0.9771411398932595,0.971426424866574,8.330659504927361e-05,0.9814697334725766,0.39702295230585294,0.0012677520823348677,96.0
2,nominal,33,0.75,200,0.9700444033861464,0.9625555042326829,0.00018337691809137968,0.9814697334725766,0.39702295230585294,0.0012677520823348677,96.0
2,nominal,33,1.0,200,0.9565562290997781,0.9456952863747228,0.00038225875259025705,0.9814697334725766,0.39702295230585294,0.0012677520823348677,96.0
2,nominal,33,1.25,200,0.942526900656297,0.9281586258203712,0.0007004068788022584,0.9814697334725766,0.39702295230585294,0.0012677520823348677,96.0
2,nominal,33,1.5,200,0.923222787662267,0.9040284845778335,0.0014696792515051958,0.9814697334725766,0.39702295230585294,0.0012677520823348677,96.0
2,nominal,33,2.0,200,0.8838142506586895,0.8547678133233617,0.002593881898109803,0.9814697334725766,0.39702295230585294,0.0012677520823348677,96.0
2,nominal,33,2.5,200,0.8298266017965457,0.7872832522456821,0.005310377203389286,0.9814697334725766,0.39702295230585294,0.0012677520823348677,96.0
2,nominal,33,3.0,200,0.7757620567292057,0.719702570911507,0.00935220321427509,0.9814697334725766,0.39702295230585294,0.0012677520823348677,96.0
2,nominal,33,3.5,200,0.7147407652374266,0.6434259565467833,0.010657441981264974,0.9814697334725766,0.39702295230585294,0.0012677520823348677,96.0
2,nominal,34,0.1,200,0.9890301275631064,0.9862876594538831,2.0532928902518455e-06,0.986549480317323,0.3777571984639803,0.0012650434431027773,96.0
2,nominal,34,0.25,200,0.9875426456442092,0.9844283070552612,1.2167758477726097e-05,0.986549480317323,0.3777571984639803,0.0012650434431027773,96.0
2,nominal,34,0.5,200,0.9814122064755104,0.976765258094388,6.171652743988322e-05,0.986549480317323,0.3777571984639803,0.0012650434431027773,96.0
2,nominal,34,0.75,200,0.9737368715714549,0.9671710894643186,0.00013816139389343017,0.986549480317323,0.3777571984639803,0.0012650434431027773,96.0
2,nominal,34,1.0,200,0.9608027840843534,0.9510034801054416,0.0003179790157669993,0.986549480317323,0.3777571984639803,0.0012650434431027773,96.0
2,nominal,34,1.25,200,0.9466463267592204,0.9333079084490253,0.0006153194176301266,0.986549480317323,0.3777571984639803,0.0012650434431027773,96.0
2,nominal,34,1.5,200,0.9270574478128222,0.9088218097660277,0.0013049985227926895,0.986549480317323,0.3777571984639803,0.0012650434431027773,96.0
2,nominal,34,2.0,200,0.8866851892262979,0.8583564865328726,0.0025588744817426207,0.986549480317323,0.3777571984639803,0.0012650434431027773,96.0
2,nominal,34,2.5,200,0.8331141592813722,0.7913926991017151,0.0052019303335627065,0.986549480317323,0.3777571984639803,0.0012650434431027773,96.0
2,nominal,34,3.0,200,0.7779583938328974,0.7224479922911216,0.009257443477286185,0.986549480317323,0.3777571984639803,0.0012650434431027773,96.0
2,nominal,34,3.5,200,0.7181944356618006,0.647743044577251,0.01066781549383153,0.986549480317323,0.3777571984639803,0.0012650434431027773,96.0
2,nominal,35,0.1,200,0.9850995360150201,0.9813744200187748,2.74441188177791e-06,0.981629816275756,0.392325359465729,0.001329027630159797,98.0
2,nominal,35,0.25,200,0.9836828617097684,0.9796035771372107,1.794180039682e-05,0.981629816275756,0.392325359465729,0.001329027630159797,98.0
2,nominal,35,0.5,200,0.9772242693904739,0.9715303367380923,8.072142183537307e-05,0.981629816275756,0.392325359465729,0.001329027630159797,98.0
2,nominal,35,0.75,200,0.9696051627896788,0.9620064534870985,0.00017449045033558663,0.981629816275756,0.392325359465729,0.001329027630159797,98.0
2,nominal,35,1.0,200,0.9571140057674077,0.9463925072092598,0.0004120702064640673,0.981629816275756,0.392325359465729,0.001329027630159797,98.0
2,nominal,35,1.25,200,0.9419954396877417,0.9274942996096772,0.0007372032410003034,0.981629816275756,0.392325359465729,0.001329027630159797,98.0
2,nominal,35,1.5,200,0.9241474168384759,0.9051842710480948,0.0013825001744884545,0.981629816275756,0.392325359465729,0.001329027630159797,98.0
2,nominal,35,2.0,200,0.8819828603639206,0.8524785754549007,0.002996671049063315,0.981629816275756,0.392325359465729,0.001329027630159797,98.0
2,nominal,35,2.5,200,0.8315777813202385,0.7894722266502983,0.004965042131591291,0.981629816275756,0.392325359465729,0.001329027630159797,98.0
2,nominal,35,3.0,200,0.769257765815477,0.7115722072693462,0.010092134850457058,0.981629816275756,0.392325359465729,0.001329027630159797,98.0
2,nominal,35,3.5,200,0.7064258666415243,0.6330323333019056,0.013130320673363251,0.981629816275756,0.392325359465729,0.001329027630159797,98.0
2,nominal,36,0.1,200,0.9890021721763507,0.9862527152204382,2.0094514704823767e-06,0.9865109856779927,0.38226045786076135,0.0013019298411325335,94.0
2,nominal,36,0.25,200,0.9875361159810725,0.9844201449763407,1.2480273096977996e-05,0.9865109856779927,0.38226045786076135,0.0013019298411325335,94.0
2,nominal,36,0.5,200,0.9815172052369032,0.976896506546129,5.580682401282259e-05,0.9865109856779927,0.38226045786076135,0.0013019298411325335,94.0
2,nominal,36,0.75,200,0.9744417068443276,0.9680521335554099,0.0001305782660318453,0.9865109856779927,0.38226045786076135,0.0013019298411325335,94.0
2,nominal,36,1.0,200,0.96117314112808,0.9514664264101002,0.00028709979367114673,0.9865109856779927,0.38226045786076135,0.0013019298411325335,94.0
2,nominal,36,1.25,200,0.9474943636173194,0.9343679545216491,0.0006024381410206607,0.9865109856779927,0.38226045786076135,0.0013019298411325335,94.0
2,nominal,36,1.5,200,0.9300833249227161,0.912604156153395,0.0012167832183231444,0.9865109856779927,0.38226045786076135,0.0013019298411325335,94.0
2,nominal,36,2.0,200,0.8869277898911192,0.8586597373638989,0.0031267107477007815,0.9865109856779927,0.38226045786076135,0.0013019298411325335,94.0
2,nominal,36,2.5,200,0.8373491066623789,0.7966863833279736,0.004727760557390789,0.9865109856779927,0.38226045786076135,0.0013019298411325335,94.0
2,nominal,36,3.0,200,0.780291765699536,0.7253647071244199,0.008528736570886798,0.9865109856779927,0.38226045786076135,0.0013019298411325335,94.0
2,nominal,36,3.5,200,0.7207433811121131,0.6509292263901415,0.010360243153291693,0.9865109856779927,0.38226045786076135,0.0013019298411325335,94.0
2,nominal,37,0.1,200,0.9930436213381548,0.9913045266726931,2.0456327500561595e-06,0.9920178957656205,0.7832482967277131,0.0024794248597590747,180.0
2,nominal,37,0.25,200,0.9899595317025623,0.9874494146282031,1.7717385458099768e-05,0.9920178957656205,0.7832482967277131,0.0024794248597590747,180.0
2,nominal,37,0.5,200,0.9801010237648656,0.9751262797060821,8.770429340615389e-05,0.9920178957656205,0.7832482967277131,0.0024794248597590747,180.0
2,nominal,37,0.75,200,0.9642430864304781,0.9553038580380974,0.00028356847062240784,0.9920178957656205,0.7832482967277131,0.0024794248597590747,180.0
2,nominal,37,1.0,200,0.9431592886988188,0.9289491108735234,0.0006848836333919425,0.9920178957656205,0.7832482967277131,0.0024794248597590747,180.0
2,nominal,37,1.25,200,0.9123937849206819,0.8904922311508525,0.0019136436648951624,0.9920178957656205,0.7832482967277131,0.0024794248597590747,180.0
2,nominal,37,1.5,200,0.8767903538949288,0.8459879423686609,0.0030828186039573596,0.9920178957656205,0.7832482967277131,0.0024794248597590747,180.0
2,nominal,37,2.0,200,0.8081424773654677,0.7601780967068344,0.008141696916023318,0.9920178957656205,0.7832482967277131,0.0024794248597590747,180.0
2,nominal,37,2.5,200,0.7315593316975026,0.6644491646218782,0.009019471713363631,0.9920178957656205,0.7832482967277131,0.0024794248597590747,180.0
2,nominal,37,3.0,200,0.6376363127201381,0.5470453909001727,0.019718067023882943,0.9920178957656205,0.7832482967277131,0.0024794248597590747,180.0
2,nominal,37,3.5,200,0.5630493314749829,0.45381166434372866,0.020396017118035407,0.9920178957656205,0.7832482967277131,0.0024794248597590747,180.0
2,nominal,38,0.1,200,0.9876076009994339,0.9845095012492926,2.309728903805578e-06,0.9847934903617948,0.3988005766696564,0.0014075396136964222,96.0
2,nominal,38,0.25,200,0.9861630120103062,0.9827037650128827,1.369757035336962e-05,0.9847934903617948,0.3988005766696564,0.0014075396136964222,96.0
2,nominal,38,0.5,200,0.9800323734971347,0.9750404668714183,7.03853394291437e-05,0.9847934903617948,0.3988005766696564,0.0014075396136964222,96.0
2,nominal,38,0.75,200,0.9726773030979001,0.965846628872375,0.0001529107292158074,0.9847934903617948,0.3988005766696564,0.0014075396136964222,96.0
2,nominal,38,1.0,200,0.9594729981558985,0.9493412476948729,0.00034801925940582915,0.9847934903617948,0.3988005766696564,0.0014075396136964222,96.0
2,nominal,38,1.25,200,0.9454902403377585,0.931862800422198,0.00063890685355106,0.9847934903617948,0.3988005766696564,0.0014075396136964222,96.0
2,nominal,38,1.5,200,0.9262328877754964,0.9077911097193703,0.0013610441134365753,0.9847934903617948,0.3988005766696564,0.0014075396136964222,96.0
2,nominal,38,2.0,200,0.8864716353018856,0.8580895441273572,0.0025245533336650514,0.9847934903617948,0.3988005766696564,0.0014075396136964222,96.0
2,nominal,38,2.5,200,0.8333538782991206,0.7916923478739005,0.005244493114101678,0.9847934903617948,0.3988005766696564,0.0014075396136964222,96.0
2,nominal,38,3.0,200,0.778360993185737,0.7229512414821713,0.009258350479756934,0.9847934903617948,0.3988005766696564,0.0014075396136964222,96.0
2,nominal,38,3.5,200,0.7182857998929411,0.6478572498661762,0.010717108773887731,0.9847934903617948,0.3988005766696564,0.0014075396136964222,96.0
2,nominal,39,0.1,200,0.9855726738501286,0.9819658423126608,2.4030160326072953e-06,0.982268905394093,0.39542366747042484,0.0015505351870655829,100.0
2,nominal,39,0.25,200,0.9841789197037895,0.980223649629737,1.7685009154081997e-05,0.982268905394093,0.39542366747042484,0.0015505351870655829,100.0
2,nominal,39,0.5,200,0.9775740586341201,0.9719675732926498,7.071943564418963e-05,0.982268905394093,0.39542366747042484,0.0015505351870655829,100.0
2,nominal,39,0.75,200,0.970240239375725,0.9628002992196563,0.00016991266832155932,0.982268905394093,0.39542366747042484,0.0015505351870655829,100.0
2,nominal,39,1.0,200,0.9560853445152621,0.9451066806440774,0.0003916471705298731,0.982268905394093,0.39542366747042484,0.0015505351870655829,100.0
2,nominal,39,1.25,200,0.9409260285560364,0.9261575356950452,0.0008646379640037033,0.982268905394093,0.39542366747042484,0.0015505351870655829,100.0
2,nominal,39,1.5,200,0.9218256357556464,0.9022820446945581,0.0014262928573097518,0.982268905394093,0.39542366747042484,0.0015505351870655829,100.0
2,nominal,39,2.0,200,0.8816580000502978,0.8520725000628724,0.0030783354750393067,0.982268905394093,0.39542366747042484,0.0015505351870655829,100.0
2,nominal,39,2.5,200,0.8283205128681064,0.785400641085133,0.005204887170968726,0.982268905394093,0.39542366747042484,0.0015505351870655829,100.0
2,nominal,39,3.0,200,0.7700621963784045,0.7125777454730059,0.010438674497179293,0.982268905394093,0.39542366747042484,0.0015505351870655829,100.0
2,nominal,39,3.5,200,0.7042870977169395,0.6303588721461744,0.011743508273055014,0.982268905394093,0.39542366747042484,0.0015505351870655829,100.0
2,nominal,40,0.1,200,0.9853609220579002,0.9817011525723751,3.1295341702355894e-06,0.9819869269095707,0.39913118939901215,0.0017182862490076217,106.0
2,nominal,40,0.25,200,0.9839642639262428,0.9799553299078033,2.001498223662772e-05,0.9819869269095707,0.39913118939901215,0.0017182862490076217,106.0
2,nominal,40,0.5,200,0.9768133317411023,0.971016664676378,8.881301855329767e-05,0.9819869269095707,0.39913118939901215,0.0017182862490076217,106.0
2,nominal,40,0.75,200,0.9685860719877397,0.9607325899846745,0.0002026155730865466,0.9819869269095707,0.39913118939901215,0.0017182862490076217,106.0
2,nominal,40,1.0,200,0.9546279721532586,0.9432849651915731,0.0004584467478468723,0.9819869269095707,0.39913118939901215,0.0017182862490076217,106.0
2,nominal,40,1.25,200,0.9387519622345186,0.9234399527931484,0.0009589407419861313,0.9819869269095707,0.39913118939901215,0.0017182862490076217,106.0
2,nominal,40,1.5,200,0.919128948883865,0.8989111861048312,0.001569794445300675,0.9819869269095707,0.39913118939901215,0.0017182862490076217,106.0
2,nominal,40,2.0,200,0.8724426137151025,0.8405532671438779,0.0033157009532901317,0.9819869269095707,0.39913118939901215,0.0017182862490076217,106.0
2,nominal,40,2.5,200,0.819266717818331,0.7740833972729138,0.005711085424690331,0.9819869269095707,0.39913118939901215,0.0017182862490076217,106.0
2,nominal,40,3.0,200,0.756218164716119,0.695272705895149,0.011228920260391,0.9819869269095707,0.39913118939901215,0.0017182862490076217,106.0
2,nominal,40,3.5,200,0.6932553388518539,0.6165691735648174,0.012699350182117177,0.9819869269095707,0.39913118939901215,0.0017182862490076217,106.0
2,nominal,41,0.1,200,0.9900157998368924,0.9875197497961156,1.9217876441028773e-06,0.9877763771923334,0.39170450553714314,0.0015771961567341381,94.0
2,nominal,41,0.25,200,0.9884903334162971,0.9856129167703713,1.1132900067307125e-05,0.9877763771923334,0.39170450553714314,0.0015771961567341381,94.0
2,nominal,41,0.5,200,0.9824269570424328,0.9780336963030412,5.0975066810421255e-05,0.9877763771923334,0.39170450553714314,0.0015771961567341381,94.0
2,nominal,41,0.75,200,0.9756590358093957,0.9695737947617445,0.00012689544073941054,0.9877763771923334,0.39170450553714314,0.0015771961567341381,94.0
2,nominal,41,1.0,200,0.9623018496015382,0.9528773120019227,0.0002678164001343073,0.9877763771923334,0.39170450553714314,0.0015771961567341381,94.0
2,nominal,41,1.25,200,0.9477741213465747,0.9347176516832181,0.0005839738783831209,0.9877763771923334,0.39170450553714314,0.0015771961567341381,94.0
2,nominal,41,1.5,200,0.9307424328615799,0.9134280410769747,0.0011679226413455694,0.9877763771923334,0.39170450553714314,0.0015771961567341381,94.0
2,nominal,41,2.0,200,0.8884387928085347,0.8605484910106679,0.003036683450440263,0.9877763771923334,0.39170450553714314,0.0015771961567341381,94.0
2,nominal,41,2.5,200,0.8372854645682426,0.7966068307103032,0.004571362254264514,0.9877763771923334,0.39170450553714314,0.0015771961567341381,94.0
2,nominal,41,3.0,200,0.7812993340040233,0.7266241675050289,0.008352677254841026,0.9877763771923334,0.39170450553714314,0.0015771961567341381,94.0
2,nominal,41,3.5,200,0.7200100418397757,0.6500125522997194,0.010415940401832165,0.9877763771923334,0.39170450553714314,0.0015771961567341381,94.0
2,nominal,42,0.1,200,0.9845227783700334,0.9806534729625418,2.607004332263554e-06,0.9808947069150541,0.39358298763609223,0.0016301391969656854,100.0
2,nominal,42,0.25,200,0.9830705470647172,0.9788381838308965,1.8265794117371547e-05,0.9808947069150541,0.39358298763609223,0.0016301391969656854,100.0
2,nominal,42,0.5,200,0.9763199476607526,0.9703999345759406,7.391602602942047e-05,0.9808947069150541,0.39358298763609223,0.0016301391969656854,100.0
2,nominal,42,0.75,200,0.9690498941096973,0.9613123676371217,0.00018082652680861995,0.9808947069150541,0.39358298763609223,0.0016301391969656854,100.0
2,nominal,42,1.0,200,0.9547305662502016,0.9434132078127518,0.0004176806911176684,0.9808947069150541,0.39358298763609223,0.0016301391969656854,100.0
2,nominal,42,1.25,200,0.9396205503204828,0.9245256879006034,0.0009351814751468898,0.9808947069150541,0.39358298763609223,0.0016301391969656854,100.0
2,nominal,42,1.5,200,0.9203947522184013,0.9004934402730015,0.0014375599391376894,0.9808947069150541,0.39358298763609223,0.0016301391969656854,100.0
2,nominal,42,2.0,200,0.8796028020237605,0.8495035025297006,0.0031746379507505583,0.9808947069150541,0.39358298763609223,0.0016301391969656854,100.0
2,nominal,42,2.5,200,0.8262333755305106,0.7827917194131382,0.005212614610592525,0.9808947069150541,0.39358298763609223,0.0016301391969656854,100.0
2,nominal,42,3.0,200,0.7685964582212951,0.7107455727766187,0.010553281513965007,0.9808947069150541,0.39358298763609223,0.0016301391969656854,100.0
2,nominal,42,3.5,200,0.7023767469466065,0.6279709336832581,0.01198114107751771,0.9808947069150541,0.39358298763609223,0.0016301391969656854,100.0
2,nominal,43,0.1,200,0.9883898635923765,0.9854873294904707,2.235535181019062e-06,0.9857320674591069,0.39944228792017394,0.001586761431236429,94.0
2,nominal,43,0.25,200,0.9868970516498323,0.9836213145622904,1.346488440792742e-05,0.9857320674591069,0.39944228792017394,0.001586761431236429,94.0
2,nominal,43,0.5,200,0.980687661212297,0.9758595765153713,5.86805629661908e-05,0.9857320674591069,0.39944228792017394,0.001586761431236429,94.0
2,nominal,43,0.75,200,0.9738885313590692,0.9673606641988364,0.00014058360352066414,0.9857320674591069,0.39944228792017394,0.001586761431236429,94.0
2,nominal,43,1.0,200,0.9607305827843607,0.9509132284804506,0.0002981736776098198,0.9857320674591069,0.39944228792017394,0.001586761431236429,94.0
2,nominal,43,1.25,200,0.9467239527261958,0.9334049409077447,0.0006298020343376953,0.9857320674591069,0.39944228792017394,0.001586761431236429,94.0
2,nominal,43,1.5,200,0.9292949966234257,0.9116187457792821,0.0012346478797133444,0.9857320674591069,0.39944228792017394,0.001586761431236429,94.0
2,nominal,43,2.0,200,0.8862294724206516,0.8577868405258142,0.003214748540537348,0.9857320674591069,0.39944228792017394,0.001586761431236429,94.0
2,nominal,43,2.5,200,0.8360817845879769,0.795102230734971,0.004837265810075077,0.9857320674591069,0.39944228792017394,0.001586761431236429,94.0
2,nominal,43,3.0,200,0.779574151625951,0.7244676895324386,0.008637371433664063,0.9857320674591069,0.39944228792017394,0.001586761431236429,94.0
2,nominal,43,3.5,200,0.719943895515174,0.6499298693939675,0.01037631889446212,0.9857320674591069,0.39944228792017394,0.001586761431236429,94.0
2,nominal,44,0.1,200,0.98546316345866,0.9818289543233248,2.9466876304282432e-06,0.9820575186433493,0.3960011944089058,0.0016789717722720376,104.0
2,nominal,44,0.25,200,0.9839419695368896,0.9799274619211118,1.8097249757414606e-05,0.9820575186433493,0.3960011944089058,0.0016789717722720376,104.0
2,nominal,44,0.5,200,0.977069004148877,0.9713362551860962,6.819843960384256e-05,0.9820575186433493,0.3960011944089058,0.0016789717722720376,104.0
2,nominal,44,0.75,200,0.9683036933946275,0.9603796167432848,0.00022120722844716902,0.9820575186433493,0.3960011944089058,0.0016789717722720376,104.0
2,nominal,44,1.0,200,0.9541260586736346,0.9426575733420429,0.00045449400696114054,0.9820575186433493,0.3960011944089058,0.0016789717722720376,104.0
2,nominal,44,1.25,200,0.9405185086959474,0.9256481358699341,0.0007937831709243396,0.9820575186433493,0.3960011944089058,0.0016789717722720376,104.0
2,nominal,44,1.5,200,0.9192818222180676,0.8991022777725846,0.0016520523613059465,0.9820575186433493,0.3960011944089058,0.0016789717722720376,104.0
2,nominal,44,2.0,200,0.8730709318633143,0.8413386648291425,0.003466662836675476,0.9820575186433493,0.3960011944089058,0.0016789717722720376,104.0
2,nominal,44,2.5,200,0.8214885345331893,0.7768606681664866,0.004971694771198716,0.9820575186433493,0.3960011944089058,0.0016789717722720376,104.0
2,nominal,44,3.0,200,0.7592395712054225,0.6990494640067783,0.010721195687663408,0.9820575186433493,0.3960011944089058,0.0016789717722720376,104.0
2,nominal,44,3.5,200,0.6955099914686547,0.6193874893358183,0.011669752538118344,0.9820575186433493,0.3960011944089058,0.0016789717722720376,104.0
2,nominal,45,0.1,200,0.9879288564050764,0.9849110705063455,2.242124984175249e-06,0.9851366611212937,0.3906769307422182,0.001585705621088227,98.0
2,nominal,45,0.25,200,0.9864454583391687,0.983056822923961,1.3086033342860087e-05,0.9851366611212937,0.3906769307422182,0.001585705621088227,98.0
2,nominal,45,0.5,200,0.9799925299349508,0.9749906624186881,6.999225510327766e-05,0.9851366611212937,0.3906769307422182,0.001585705621088227,98.0
2,nominal,45,0.75,200,0.9722484381068042,0.9653105476335051,0.00014869069593731381,0.9851366611212937,0.3906769307422182,0.001585705621088227,98.0
2,nominal,45,1.0,200,0.9597691867960709,0.9497114834950884,0.0003522811743473156,0.9851366611212937,0.3906769307422182,0.001585705621088227,98.0
2,nominal,45,1.25,200,0.9442620621271957,0.9303275776589948,0.0006904279176054493,0.9851366611212937,0.3906769307422182,0.001585705621088227,98.0
2,nominal,45,1.5,200,0.9259991534322239,0.9074989417902802,0.0013147010091591063,0.9851366611212937,0.3906769307422182,0.001585705621088227,98.0
2,nominal,45,2.0,200,0.8849900736025259,0.8562375920031573,0.0029139216864773197,0.9851366611212937,0.3906769307422182,0.001585705621088227,98.0
2,nominal,45,2.5,200,0.8328510968145523,0.7910638710181904,0.004919634152509278,0.9851366611212937,0.3906769307422182,0.001585705621088227,98.0
2,nominal,45,3.0,200,0.7704353184482994,0.7130441480603743,0.009823563701992001,0.9851366611212937,0.3906769307422182,0.001585705621088227,98.0
2,nominal,45,3.5,200,0.7061116500780392,0.6326395625975487,0.013208734847669532,0.9851366611212937,0.3906769307422182,0.001585705621088227,98.0
2,nominal,46,0.1,200,0.9860424431620434,0.9825530539525541,2.502202902483642e-06,0.9828045589892893,0.39790881310201864,0.0016917570530337305,102.0
2,nominal,46,0.25,200,0.9845224019262049,0.980653002407756,1.3650096498702812e-05,0.9828045589892893,0.39790881310201864,0.0016917570530337305,102.0
2,nominal,46,0.5,200,0.9777760848850652,0.972220106106331,8.146986271584902e-05,0.9828045589892893,0.39790881310201864,0.0016917570530337305,102.0
2,nominal,46,0.75,200,0.969906155567141,0.962382694458926,0.00016842785752446132,0.9828045589892893,0.39790881310201864,0.0016917570530337305,102.0
2,nominal,46,1.0,200,0.9570285834449493,0.9462857293061867,0.0004212725737616266,0.9828045589892893,0.39790881310201864,0.0016917570530337305,102.0
2,nominal,46,1.25,200,0.9411959416351661,0.9264949270439575,0.000799065381037248,0.9828045589892893,0.39790881310201864,0.0016917570530337305,102.0
2,nominal,46,1.5,200,0.9214801570946141,0.9018501963682674,0.0017322772807301678,0.9828045589892893,0.39790881310201864,0.0016917570530337305,102.0
2,nominal,46,2.0,200,0.8787457679284139,0.8484322099105174,0.0029316011925618144,0.9828045589892893,0.39790881310201864,0.0016917570530337305,102.0
2,nominal,46,2.5,200,0.8201743837911123,0.7752179797388902,0.005586150535226657,0.9828045589892893,0.39790881310201864,0.0016917570530337305,102.0
2,nominal,46,3.0,200,0.7584218197600359,0.6980272747000447,0.00957659681390635,0.9828045589892893,0.39790881310201864,0.0016917570530337305,102.0
2,nominal,46,3.5,200,0.6927615806575759,0.6159519758219698,0.012168746324176156,0.9828045589892893,0.39790881310201864,0.0016917570530337305,102.0
2,nominal,47,0.1,200,0.9882135001489454,0.9852668751861816,1.8838333420344614e-06,0.9854693085595116,0.3920811327966746,0.001664150046086147,100.0
2,nominal,47,0.25,200,0.9866673245199016,0.9833341556498769,1.2029917814511098e-05,0.9854693085595116,0.3920811327966746,0.001664150046086147,100.0
2,nominal,47,0.5,200,0.9800302470708552,0.975037808838569,5.62101186438987e-05,0.9854693085595116,0.3920811327966746,0.001664150046086147,100.0
2,nominal,47,0.75,200,0.9723888171155299,0.9654860213944122,0.00013979471417529106,0.9854693085595116,0.3920811327966746,0.001664150046086147,100.0
2,nominal,47,1.0,200,0.9581102604046932,0.9476378255058663,0.0003510112716233965,0.9854693085595116,0.3920811327966746,0.001664150046086147,100.0
2,nominal,47,1.25,200,0.9426772449333214,0.9283465561666516,0.000829297735208109,0.9854693085595116,0.3920811327966746,0.001664150046086147,100.0
2,nominal,47,1.5,200,0.9232889779254908,0.9041112224068633,0.0012616839131013274,0.9854693085595116,0.3920811327966746,0.001664150046086147,100.0
2,nominal,47,2.0,200,0.8812234226519977,0.8515292783149969,0.002997965342906148,0.9854693085595116,0.3920811327966746,0.001664150046086147,100.0
2,nominal,47,2.5,200,0.8271638944288346,0.7839548680360434,0.005063492665198601,0.9854693085595116,0.3920811327966746,0.001664150046086147,100.0
2,nominal,47,3.0,200,0.7686876674362432,0.7108595842953039,0.010440407226752933,0.9854693085595116,0.3920811327966746,0.001664150046086147,100.0
2,nominal,47,3.5,200,0.7028193511243478,0.6285241889054346,0.012252500866149964,0.9854693085595116,0.3920811327966746,0.001664150046086147,100.0
2,nominal,48,0.1,200,0.9864500682651247,0.9830625853314058,2.5123629900448683e-06,0.983333208205973,0.3990797013847775,0.0018865162996473373,110.0
2,nominal,48,0.25,200,0.984925960529925,0.9811574506624061,1.4119327954187468e-05,0.983333208205973,0.3990797013847775,0.0018865162996473373,110.0
2,nominal,48,0.5,200,0.9774151100976426,0.971768887622053,7.050895558055159e-05,0.983333208205973,0.3990797013847775,0.0018865162996473373,110.0
2,nominal,48,0.75,200,0.9689899518143772,0.9612374397679715,0.00016667260444527024,0.983333208205973,0.3990797013847775,0.0018865162996473373,110.0
2,nominal,48,1.0,200,0.953346463279096,0.9416830790988702,0.0004687428193087445,0.983333208205973,0.3990797013847775,0.0018865162996473373,110.0
2,nominal,48,1.25,200,0.9380969119785304,0.9226211399731631,0.0007627611412941313,0.983333208205973,0.3990797013847775,0.0018865162996473373,110.0
2,nominal,48,1.5,200,0.915505608370744,0.8943820104634297,0.00149940925115861,0.983333208205973,0.3990797013847775,0.0018865162996473373,110.0
2,nominal,48,2.0,200,0.8679115613562609,0.834889451695326,0.0037936112569144686,0.983333208205973,0.3990797013847775,0.0018865162996473373,110.0
2,nominal,48,2.5,200,0.8118767541983962,0.7648459427479953,0.005230324029587312,0.983333208205973,0.3990797013847775,0.0018865162996473373,110.0
2,nominal,48,3.0,200,0.7495708338166842,0.6869635422708551,0.009979206939478645,0.983333208205973,0.3990797013847775,0.0018865162996473373,110.0
2,nominal,48,3.5,200,0.6809998096790199,0.6012497620987748,0.01348779320028545,0.983333208205973,0.3990797013847775,0.0018865162996473373,110.0
2,nominal,49,0.1,200,0.9894981574589803,0.9868726968237254,1.7570545131127803e-06,0.9871186314605487,0.3814415305057721,0.0017387502362021497,102.0
2,nominal,49,0.25,200,0.9878258779740094,0.9847823474675116,1.0429172335847869e-05,0.9871186314605487,0.3814415305057721,0.0017387502362021497,102.0
2,nominal,49,0.5,200,0.9812288364054583,0.9765360455068227,6.010472041300235e-05,0.9871186314605487,0.3814415305057721,0.0017387502362021497,102.0
2,nominal,49,0.75,200,0.9735427187330201,0.9669283984162752,0.00014447313603924066,0.9871186314605487,0.3814415305057721,0.0017387502362021497,102.0
2,nominal,49,1.0,200,0.9600140158244163,0.9500175197805203,0.00033641017590643513,0.9871186314605487,0.3814415305057721,0.0017387502362021497,102.0
2,nominal,49,1.25,200,0.9446345144585419,0.9307931430731773,0.0006845999441688043,0.9871186314605487,0.3814415305057721,0.0017387502362021497,102.0
2,nominal,49,1.5,200,0.9247555750481621,0.9059444688102026,0.0015212536270119443,0.9871186314605487,0.3814415305057721,0.0017387502362021497,102.0
2,nominal,49,2.0,200,0.8799085227114148,0.8498856533892684,0.002861103792013009,0.9871186314605487,0.3814415305057721,0.0017387502362021497,102.0
2,nominal,49,2.5,200,0.8221013053685114,0.7776266317106391,0.005413845249793096,0.9871186314605487,0.3814415305057721,0.0017387502362021497,102.0
2,nominal,49,3.0,200,0.7605611250165839,0.7007014062707296,0.009594916957937998,0.9871186314605487,0.3814415305057721,0.0017387502362021497,102.0
2,nominal,49,3.5,200,0.6952288514958456,0.619036064369807,0.012110527397777165,0.9871186314605487,0.3814415305057721,0.0017387502362021497,102.0
2,nominal,50,0.1,200,0.9874444478360206,0.9843055597950254,2.311631146644736e-06,0.9845076651707132,0.3962511798132856,0.0016626188802973743,98.0
2,nominal,50,0.25,200,0.9858928054599106,0.9823660068248883,1.2840403861550418e-05,0.9845076651707132,0.3962511798132856,0.0016626188802973743,98.0
2,nominal,50,0.5,200,0.9793916894219059,0.9742396117773824,7.328500012972834e-05,0.9845076651707132,0.3962511798132856,0.0016626188802973743,98.0
2,nominal,50,0.75,200,0.9717711384727956,0.9647139230909945,0.00014907008642817555,0.9845076651707132,0.3962511798132856,0.0016626188802973743,98.0
2,nominal,50,1.0,200,0.9587706562569807,0.9484633203212257,0.00036424672764155593,0.9845076651707132,0.3962511798132856,0.0016626188802973743,98.0
2,nominal,50,1.25,200,0.9434582549447947,0.9293228186809935,0.000706650418459858,0.9845076651707132,0.3962511798132856,0.0016626188802973743,98.0
2,nominal,50,1.5,200,0.9251719729364978,0.9064649661706221,0.0013024250673697895,0.9845076651707132,0.3962511798132856,0.0016626188802973743,98.0
2,nominal,50,2.0,200,0.8840341446672895,0.8550426808341122,0.0029765279272097505,0.9845076651707132,0.3962511798132856,0.0016626188802973743,98.0
2,nominal,50,2.5,200,0.8312819678521329,0.7891024598151661,0.004979280997541921,0.9845076651707132,0.3962511798132856,0.0016626188802973743,98.0
2,nominal,50,3.0,200,0.7693844240101816,0.7117305300127269,0.009911659283613858,0.9845076651707132,0.3962511798132856,0.0016626188802973743,98.0
2,nominal,50,3.5,200,0.7040598896041259,0.6300748620051573,0.01338424707481233,0.9845076651707132,0.3962511798132856,0.0016626188802973743,98.0
2,nominal,51,0.1,200,0.9875035336656177,0.984379417082022,2.110799928097515e-06,0.9846121841915665,0.3936638758945563,0.0016643357954139227,100.0
2,nominal,51,0.25,200,0.9859497624362931,0.9824372030453664,1.4532662073540188e-05,0.9846121841915665,0.3936638758945563,0.0016643357954139227,100.0
2,nominal,51,0.5,200,0.9792848460287358,0.9741060575359198,6.158380155902029e-05,0.9846121841915665,0.3936638758945563,0.0016643357954139227,100.0
2,nominal,51,0.75,200,0.9718516680071819,0.9648145850089774,0.00015756216217562415,0.9846121841915665,0.3936638758945563,0.0016643357954139227,100.0
2,nominal,51,1.0,200,0.9571474077422334,0.9464342596777917,0.0003607978755827165,0.9846121841915665,0.3936638758945563,0.0016643357954139227,100.0
2,nominal,51,1.25,200,0.9420593487430161,0.9275741859287702,0.0008406699604764692,0.9846121841915665,0.3936638758945563,0.0016643357954139227,100.0
2,nominal,51,1.5,200,0.9231252295857953,0.9039065369822441,0.00131551260206842,0.9846121841915665,0.3936638758945563,0.0016643357954139227,100.0
2,nominal,51,2.0,200,0.8812275849003504,0.851534481125438,0.0030781522179055957,0.9846121841915665,0.3936638758945563,0.0016643357954139227,100.0
2,nominal,51,2.5,200,0.8272682627555682,0.7840853284444603,0.0049914189212819085,0.9846121841915665,0.3936638758945563,0.0016643357954139227,100.0
2,nominal,51,3.0,200,0.7691448600597351,0.7114310750746689,0.01058441267956693,0.9846121841915665,0.3936638758945563,0.0016643357954139227,100.0
2,nominal,51,3.5,200,0.702183643745034,0.6277295546812924,0.012148789125559034,0.9846121841915665,0.3936638758945563,0.0016643357954139227,100.0
2,nominal,52,0.1,200,0.9869795324628527,0.9837244155785656,2.3438318130789244e-06,0.9839593730132579,0.3878481924789654,0.0017037836227904695,102.0
2,nominal,52,0.25,200,0.9854238693749127,0.9817798367186409,1.353551182997004e-05,0.9839593730132579,0.3878481924789654,0.0017037836227904695,102.0
2,nominal,52,0.5,200,0.9786633247423935,0.9733291559279916,7.35905613727508e-05,0.9839593730132579,0.3878481924789654,0.0017037836227904695,102.0
2,nominal,52,0.75,200,0.9707997488405298,0.9634996860506619,0.00016567400741508036,0.9839593730132579,0.3878481924789654,0.0017037836227904695,102.0
2,nominal,52,1.0,200,0.9577610812205832,0.9472013515257288,0.00040404702844089736,0.9839593730132579,0.3878481924789654,0.0017037836227904695,102.0
2,nominal,52,1.25,200,0.9421296140867629,0.9276620176084536,0.0007609710988227583,0.9839593730132579,0.3878481924789654,0.0017037836227904695,102.0
2,nominal,52,1.5,200,0.9224934343424128,0.9031167929280158,0.0016780507849882542,0.9839593730132579,0.3878481924789654,0.0017037836227904695,102.0
2,nominal,52,2.0,200,0.8780087457795869,0.8475109322244836,0.0029408753322514715,0.9839593730132579,0.3878481924789654,0.0017037836227904695,102.0
2,nominal,52,2.5,200,0.8201389039856478,0.7751736299820601,0.005561558280042594,0.9839593730132579,0.3878481924789654,0.0017037836227904695,102.0
2,nominal,52,3.0,200,0.7590148372526916,0.6987685465658643,0.009702665703702998,0.9839593730132579,0.3878481924789654,0.0017037836227904695,102.0
2,nominal,52,3.5,200,0.69356373973251,0.6169546746656374,0.012183749724774002,0.9839593730132579,0.3878481924789654,0.0017037836227904695,102.0
2,nominal,53,0.1,200,0.9861568818411895,0.9826961023014867,2.6597316337342433e-06,0.9829237102251577,0.39965327363918146,0.001888980112650525,116.0
2,nominal,53,0.25,200,0.9842732614470183,0.9803415768087728,1.2506875517303826e-05,0.9829237102251577,0.39965327363918146,0.001888980112650525,116.0
2,nominal,53,0.5,200,0.9765991318404841,0.970748914800605,7.337126275889782e-05,0.9829237102251577,0.39965327363918146,0.001888980112650525,116.0
2,nominal,53,0.75,200,0.9670513286830918,0.958814160853865,0.0001784739273561291,0.9829237102251577,0.39965327363918146,0.001888980112650525,116.0
2,nominal,53,1.0,200,0.9527206977962479,0.9409008722453096,0.00047882193673761455,0.9829237102251577,0.39965327363918146,0.001888980112650525,116.0
2,nominal,53,1.25,200,0.93419041407181,0.9177380175897628,0.0009928847695947233,0.9829237102251577,0.39965327363918146,0.001888980112650525,116.0
2,nominal,53,1.5,200,0.9083752732254894,0.8854690915318615,0.0017666992887067515,0.9829237102251577,0.39965327363918146,0.001888980112650525,116.0
2,nominal,53,2.0,200,0.8624377615966079,0.8280472019957599,0.004033669236032052,0.9829237102251577,0.39965327363918146,0.001888980112650525,116.0
2,nominal,53,2.5,200,0.7988353031932212,0.7485441289915263,0.007133354645320651,0.9829237102251577,0.39965327363918146,0.001888980112650525,116.0
2,nominal,53,3.0,200,0.7304810178352124,0.6631012722940155,0.011397857245193219,0.9829237102251577,0.39965327363918146,0.001888980112650525,116.0
2,nominal,53,3.5,200,0.6593882710417964,0.5742353388022454,0.013734268627262267,0.9829237102251577,0.39965327363918146,0.001888980112650525,116.0
2,nominal,54,0.1,200,0.9894574710205735,0.9868218387757167,1.885061087937981e-06,0.9870218914227953,0.3864161281976685,0.00165619548193233,98.0
2,nominal,54,0.25,200,0.9878614166556304,0.9848267708195383,1.0296732866632925e-05,0.9870218914227953,0.3864161281976685,0.00165619548193233,98.0
2,nominal,54,0.5,200,0.9814369462002155,0.9767961827502694,6.51328605651128e-05,0.9870218914227953,0.3864161281976685,0.00165619548193233,98.0
2,nominal,54,0.75,200,0.9737992561870531,0.967249070233816,0.0001280848918990465,0.9870218914227953,0.3864161281976685,0.00165619548193233,98.0
2,nominal,54,1.0,200,0.9606656403940521,0.9508320504925649,0.0003144329624911435,0.9870218914227953,0.3864161281976685,0.00165619548193233,98.0
2,nominal,54,1.25,200,0.9450849365660483,0.9313561707075604,0.0006511893946863492,0.9870218914227953,0.3864161281976685,0.00165619548193233,98.0
2,nominal,54,1.5,200,0.9267226897623075,0.9084033622028845,0.0012385649194608793,0.9870218914227953,0.3864161281976685,0.00165619548193233,98.0
2,nominal,54,2.0,200,0.8865850711758636,0.8582313389698296,0.002856088816486076,0.9870218914227953,0.3864161281976685,0.00165619548193233,98.0
2,nominal,54,2.5,200,0.8329912356680511,0.7912390445850639,0.0048272175058766695,0.9870218914227953,0.3864161281976685,0.00165619548193233,98.0
2,nominal,54,3.0,200,0.7706340254277668,0.7132925317847085,0.009621691568087794,0.9870218914227953,0.3864161281976685,0.00165619548193233,98.0
2,nominal,54,3.5,200,0.7041771889711389,0.6302214862139235,0.013373921638096382,0.9870218914227953,0.3864161281976685,0.00165619548193233,98.0
2,nominal,55,0.1,200,0.9887141064915451,0.9858926331144313,1.9623435553090687e-06,0.986093553777358,0.38409067695813165,0.0016254091325300743,98.0
2,nominal,55,0.25,200,0.9871171368335695,0.9838964210419618,1.178320035697184e-05,0.986093553777358,0.38409067695813165,0.0016254091325300743,98.0
2,nominal,55,0.5,200,0.9807035834931306,0.975879479366413,6.638242900211564e-05,0.986093553777358,0.38409067695813165,0.0016254091325300743,98.0
2,nominal,55,0.75,200,0.9730443379777235,0.9663054224721546,0.00013442330571607005,0.986093553777358,0.38409067695813165,0.0016254091325300743,98.0
2,nominal,55,1.0,200,0.9598601894159771,0.9498252367699717,0.0003274296193880662,0.986093553777358,0.38409067695813165,0.0016254091325300743,98.0
2,nominal,55,1.25,200,0.9443880211024169,0.9304850263780213,0.000654797183559919,0.986093553777358,0.38409067695813165,0.0016254091325300743,98.0
2,nominal,55,1.5,200,0.9265183275750918,0.9081479094688645,0.0012389846144708065,0.986093553777358,0.38409067695813165,0.0016254091325300743,98.0
2,nominal,55,2.0,200,0.8851019631412502,0.8563774539265628,0.0028979386548965784,0.986093553777358,0.38409067695813165,0.0016254091325300743,98.0
2,nominal,55,2.5,200,0.8325362880720694,0.7906703600900868,0.004801111200243399,0.986093553777358,0.38409067695813165,0.0016254091325300743,98.0
2,nominal,55,3.0,200,0.7705082230902917,0.7131352788628643,0.009704288569952127,0.986093553777358,0.38409067695813165,0.0016254091325300743,98.0
2,nominal,55,3.5,200,0.7042655781079395,0.6303319726349242,0.013244334818422408,0.986093553777358,0.38409067695813165,0.0016254091325300743,98.0
2,nominal,56,0.1,200,0.9860631128033589,0.9825788910041987,2.2712847159680463e-06,0.9827693595693507,0.3945661836986626,0.0016866853649179833,100.0
2,nominal,56,0.25,200,0.9844916960340795,0.9806146200425992,1.565252098925208e-05,0.9827693595693507,0.3945661836986626,0.0016866853649179833,100.0
2,nominal,56,0.5,200,0.9777436116425666,0.9721795145532081,6.663333207245464e-05,0.9827693595693507,0.3945661836986626,0.0016866853649179833,100.0
2,nominal,56,0.75,200,0.9702495523935515,0.9628119404919393,0.00016793456331518203,0.9827693595693507,0.3945661836986626,0.0016866853649179833,100.0
2,nominal,56,1.0,200,0.9556334076735657,0.9445417595919574,0.0003886541661877681,0.9827693595693507,0.3945661836986626,0.0016866853649179833,100.0
2,nominal,56,1.25,200,0.9406366317709569,0.9257957897136958,0.0008891772957949228,0.9827693595693507,0.3945661836986626,0.0016866853649179833,100.0
2,nominal,56,1.5,200,0.9217845437456234,0.9022306796820289,0.0013342473467749644,0.9827693595693507,0.3945661836986626,0.0016866853649179833,100.0
2,nominal,56,2.0,200,0.8788375689260353,0.848546961157544,0.0031601111561895922,0.9827693595693507,0.3945661836986626,0.0016866853649179833,100.0
2,nominal,56,2.5,200,0.8254381757888185,0.7817977197360229,0.0051092133047754736,0.9827693595693507,0.3945661836986626,0.0016866853649179833,100.0
2,nominal,56,3.0,200,0.7676005910642367,0.7095007388302957,0.01072690591635975,0.9827693595693507,0.3945661836986626,0.0016866853649179833,100.0
2,nominal,56,3.5,200,0.7012080118082173,0.6265100147602716,0.012394780888260893,0.9827693595693507,0.3945661836986626,0.0016866853649179833,100.0
2,nominal,57,0.1,200,0.9870388280059164,0.9837985350073956,2.888399026987958e-06,0.9840505948044633,0.39945788418004247,0.0019810678867386907,116.0
2,nominal,57,0.25,200,0.9852108916285091,0.9815136145356361,1.5006333467803614e-05,0.9840505948044633,0.39945788418004247,0.0019810678867386907,116.0
2,nominal,57,0.5,200,0.9774824727314488,0.9718530909143113,8.08143543981614e-05,0.9840505948044633,0.39945788418004247,0.0019810678867386907,116.0
2,nominal,57,0.75,200,0.9682685791783738,0.9603357239729672,0.00018043193106997524,0.9840505948044633,0.39945788418004247,0.0019810678867386907,116.0
2,nominal,57,1.0,200,0.9536959741992196,0.9421199677490246,0.0005022189009804339,0.9840505948044633,0.39945788418004247,0.0019810678867386907,116.0
2,nominal,57,1.25,200,0.9355788357241555,0.9194735446551942,0.001007606499399442,0.9840505948044633,0.39945788418004247,0.0019810678867386907,116.0
2,nominal,57,1.5,200,0.9102119166930255,0.8877648958662817,0.0018255644773423334,0.9840505948044633,0.39945788418004247,0.0019810678867386907,116.0
2,nominal,57,2.0,200,0.863929363527311,0.8299117044091388,0.003961852866242245,0.9840505948044633,0.39945788418004247,0.0019810678867386907,116.0
2,nominal,57,2.5,200,0.8019414271375068,0.7524267839218837,0.007102419241307394,0.9840505948044633,0.39945788418004247,0.0019810678867386907,116.0
2,nominal,57,3.0,200,0.7336668092243526,0.6670835115304407,0.011599621796651735,0.9840505948044633,0.39945788418004247,0.0019810678867386907,116.0
2,nominal,57,3.5,200,0.6617110200347791,0.577138775043474,0.013539449083131847,0.9840505948044633,0.39945788418004247,0.0019810678867386907,116.0
2,nominal,58,0.1,200,0.9868226255372181,0.9835282819215228,2.5755804503671574e-06,0.983772814959065,0.39507416708695464,0.0018771681000963763,104.0
2,nominal,58,0.25,200,0.9852899218614962,0.9816124023268702,1.4871085010184112e-05,0.983772814959065,0.39507416708695464,0.0018771681000963763,104.0
2,nominal,58,0.5,200,0.9785842846417595,0.9732303558021994,6.089333441212366e-05,0.983772814959065,0.39507416708695464,0.0018771681000963763,104.0
2,nominal,58,0.75,200,0.9696478635552902,0.9620598294441126,0.00019982843395229363,0.983772814959065,0.39507416708695464,0.0018771681000963763,104.0
2,nominal,58,1.0,200,0.9554799820074882,0.9443499775093602,0.0004264432937441033,0.983772814959065,0.39507416708695464,0.0018771681000963763,104.0
2,nominal,58,1.25,200,0.941703984376315,0.9271299804703935,0.0007787449017332821,0.983772814959065,0.39507416708695464,0.0018771681000963763,104.0
2,nominal,58,1.5,200,0.9203839560621111,0.9004799450776388,0.0015917715043833921,0.983772814959065,0.39507416708695464,0.0018771681000963763,104.0
2,nominal,58,2.0,200,0.8745523916801523,0.84319048960019,0.003528681870684849,0.983772814959065,0.39507416708695464,0.0018771681000963763,104.0
2,nominal,58,2.5,200,0.8221834829656758,0.7777293537070946,0.004969045952447343,0.983772814959065,0.39507416708695464,0.0018771681000963763,104.0
2,nominal,58,3.0,200,0.7595421496665162,0.6994276870831453,0.010678481669736492,0.983772814959065,0.39507416708695464,0.0018771681000963763,104.0
2,nominal,58,3.5,200,0.6957749198291608,0.619718649786451,0.011540562298241575,0.983772814959065,0.39507416708695464,0.0018771681000963763,104.0
2,nominal,59,0.1,200,0.988337941536753,0.9854224269209412,2.611294836837691e-06,0.9857251070683477,0.3947255120974235,0.0020109759759704077,116.0
2,nominal,59,0.25,200,0.9865823287514243,0.9832279109392801,1.4845174327350474e-05,0.9857251070683477,0.3947255120974235,0.0020109759759704077,116.0
2,nominal,59,0.5,200,0.9788831706806834,0.9736039633508541,7.860958408478129e-05,0.9857251070683477,0.3947255120974235,0.0020109759759704077,116.0
2,nominal,59,0.75,200,0.9697455766321998,0.9621819707902497,0.00016503785504431114,0.9857251070683477,0.3947255120974235,0.0020109759759704077,116.0
2,nominal,59,1.0,200,0.9551041468374657,0.943880183546832,0.0005037837066422735,0.9857251070683477,0.3947255120974235,0.0020109759759704077,116.0
2,nominal,59,1.25,200,0.9372131028646064,0.9215163785807576,0.0009693218326889598,0.9857251070683477,0.3947255120974235,0.0020109759759704077,116.0
2,nominal,59,1.5,200,0.9120271995737742,0.8900339994672177,0.0018304692880351707,0.9857251070683477,0.3947255120974235,0.0020109759759704077,116.0
2,nominal,59,2.0,200,0.8657000597050563,0.8321250746313202,0.003880846074782921,0.9857251070683477,0.3947255120974235,0.0020109759759704077,116.0
2,nominal,59,2.5,200,0.8044469678529848,0.7555587098162307,0.007115900049149835,0.9857251070683477,0.3947255120974235,0.0020109759759704077,116.0
2,nominal,59,3.0,200,0.7364522515798373,0.6705653144747964,0.011519415031780838,0.9857251070683477,0.3947255120974235,0.0020109759759704077,116.0
2,nominal,59,3.5,200,0.6635953974064832,0.5794942467581039,0.013574965329859473,0.9857251070683477,0.3947255120974235,0.0020109759759704077,116.0
2,nominal,60,0.1,200,0.9876428006013692,0.9845535007517116,2.522901894084444e-06,0.9847748409792996,0.3937581590392406,0.001840164505141234,104.0
2,nominal,60,0.25,200,0.9861164301925325,0.9826455377406657,1.4252766113774428e-05,0.9847748409792996,0.3937581590392406,0.001840164505141234,104.0
2,nominal,60,0.5,200,0.9793978638205264,0.9742473297756584,5.604181979879745e-05,0.9847748409792996,0.3937581590392406,0.001840164505141234,104.0
2,nominal,60,0.75,200,0.9702123119432202,0.9627653899290252,0.00018329926598520917,0.9847748409792996,0.3937581590392406,0.001840164505141234,104.0
2,nominal,60,1.0,200,0.9562701876841836,0.9453377346052295,0.00041790528258639633,0.9847748409792996,0.3937581590392406,0.001840164505141234,104.0
2,nominal,60,1.25,200,0.9423070684408383,0.9278838355510476,0.0007619070074694775,0.9847748409792996,0.3937581590392406,0.001840164505141234,104.0
2,nominal,60,1.5,200,0.9209221353981422,0.9011526692476778,0.0015736471460394347,0.9847748409792996,0.3937581590392406,0.001840164505141234,104.0
2,nominal,60,2.0,200,0.8743774010920288,0.8429717513650357,0.0035421920596424793,0.9847748409792996,0.3937581590392406,0.001840164505141234,104.0
2,nominal,60,2.5,200,0.8222899196946831,0.7778623996183539,0.004931450738841348,0.9847748409792996,0.3937581590392406,0.001840164505141234,104.0
2,nominal,60,3.0,200,0.7593390445716105,0.699173805714513,0.010848869124375153,0.9847748409792996,0.3937581590392406,0.001840164505141234,104.0
2,nominal,60,3.5,200,0.6960379454564127,0.6200474318205158,0.011463875571197235,0.9847748409792996,0.3937581590392406,0.001840164505141234,104.0
2,nominal,61,0.1,200,0.9886620089934097,0.9858275112417619,2.08896158442649e-06,0.9860534125328366,0.39752298553294774,0.0017822856393988845,96.0
2,nominal,61,0.25,200,0.9871501306169587,0.9839376632711979,1.1862556861240953e-05,0.9860534125328366,0.39752298553294774,0.0017822856393988845,96.0
2,nominal,61,0.5,200,0.9809572127920092,0.9761965159900111,5.953815867858023e-05,0.9860534125328366,0.39752298553294774,0.0017822856393988845,96.0
2,nominal,61,0.75,200,0.9733698769275057,0.9667123461593817,0.00014623561428608067,0.9860534125328366,0.39752298553294774,0.0017822856393988845,96.0
2,nominal,61,1.0,200,0.960391999203754,0.9504899990046922,0.00032958635728119143,0.9860534125328366,0.39752298553294774,0.0017822856393988845,96.0
2,nominal,61,1.25,200,0.9460154194105901,0.9325192742632373,0.0006470061228875504,0.9860534125328366,0.39752298553294774,0.0017822856393988845,96.0
2,nominal,61,1.5,200,0.9262908213055895,0.907863526631987,0.001323876870382401,0.9860534125328366,0.39752298553294774,0.0017822856393988845,96.0
2,nominal,61,2.0,200,0.8859735582818129,0.857466947852266,0.0026716276292361855,0.9860534125328366,0.39752298553294774,0.0017822856393988845,96.0
2,nominal,61,2.5,200,0.831833158798646,0.7897914484983073,0.005271354601788949,0.9860534125328366,0.39752298553294774,0.0017822856393988845,96.0
2,nominal,61,3.0,200,0.7768613235412958,0.7210766544266194,0.009314655760474752,0.9860534125328366,0.39752298553294774,0.0017822856393988845,96.0
2,nominal,61,3.5,200,0.7168903617628987,0.6461129522036234,0.010903094703378656,0.9860534125328366,0.39752298553294774,0.0017822856393988845,96.0
2,nominal,62,0.1,200,0.9863202417929128,0.9829003022411409,2.2454151897092902e-06,0.983159486750998,0.39678559882858006,0.0018605204283300072,100.0
2,nominal,62,0.25,200,0.9849481628654333,0.9811852035817914,1.6635528874212202e-05,0.983159486750998,0.39678559882858006,0.0018605204283300072,100.0
2,nominal,62,0.5,200,0.978360103924133,0.9729501299051662,6.70297821543472e-05,0.983159486750998,0.39678559882858006,0.0018605204283300072,100.0
2,nominal,62,0.75,200,0.9707445550114131,0.9634306937642664,0.00015276234341282584,0.983159486750998,0.39678559882858006,0.0018605204283300072,100.0
2,nominal,62,1.0,200,0.9571870724207617,0.9464838405259519,0.0003823721930441974,0.983159486750998,0.39678559882858006,0.0018605204283300072,100.0
2,nominal,62,1.25,200,0.9415372788134558,0.9269215985168198,0.0008743908543077253,0.983159486750998,0.39678559882858006,0.0018605204283300072,100.0
2,nominal,62,1.5,200,0.9222421738469357,0.9028027173086692,0.0013874921438181132,0.983159486750998,0.39678559882858006,0.0018605204283300072,100.0
2,nominal,62,2.0,200,0.8813263111306718,0.8516578889133397,0.0030243320594607703,0.983159486750998,0.39678559882858006,0.0018605204283300072,100.0
2,nominal,62,2.5,200,0.8283980841655272,0.7854976052069091,0.005315520222323883,0.983159486750998,0.39678559882858006,0.0018605204283300072,100.0
2,nominal,62,3.0,200,0.76948656440141,0.7118582055017626,0.010283746206437154,0.983159486750998,0.39678559882858006,0.0018605204283300072,100.0
2,nominal,62,3.5,200,0.7051659097236116,0.6314573871545144,0.011981862494042877,0.983159486750998,0.39678559882858006,0.0018605204283300072,100.0
2,nominal,63,0.1,200,0.986034025011064,0.98254253126383,2.641549936429691e-06,0.9828715984572439,0.39843103573192773,0.0018937155961653224,104.0
2,nominal,63,0.25,200,0.9846857042760198,0.9808571303450248,1.7340840922053965e-05,0.9828715984572439,0.39843103573192773,0.0018937155961653224,104.0
2,nominal,63,0.5,200,0.9781766059265617,0.972720757408202,6.596152998908245e-05,0.9828715984572439,0.39843103573192773,0.0018937155961653224,104.0
2,nominal,63,0.75,200,0.9688759046527837,0.9610948808159796,0.00020074553207345962,0.9828715984572439,0.39843103573192773,0.0018937155961653224,104.0
2,nominal,63,1.0,200,0.9552494580394839,0.9440618225493548,0.00046608547223027223,0.9828715984572439,0.39843103573192773,0.0018937155961653224,104.0
2,nominal,63,1.25,200,0.9414975973091304,0.9268719966364128,0.0007621892572785852,0.9828715984572439,0.39843103573192773,0.0018937155961653224,104.0
2,nominal,63,1.5,200,0.9206705058497345,0.9008381323121682,0.0016235292729354623,0.9828715984572439,0.39843103573192773,0.0018937155961653224,104.0
2,nominal,63,2.0,200,0.8755290673357305,0.8444113341696631,0.0034012835414907396,0.9828715984572439,0.39843103573192773,0.0018937155961653224,104.0
2,nominal,63,2.5,200,0.8245387899950029,0.7806734874937539,0.004939636188160454,0.9828715984572439,0.39843103573192773,0.0018937155961653224,104.0
2,nominal,63,3.0,200,0.7613840963408116,0.7017301204260145,0.010565084970542976,0.9828715984572439,0.39843103573192773,0.0018937155961653224,104.0
2,nominal,63,3.5,200,0.6977820361120782,0.6222275451400977,0.011351475895244665,0.9828715984572439,0.39843103573192773,0.0018937155961653224,104.0
2,nominal,64,0.1,200,0.9871345559134199,0.9839181948917747,2.6855884694194085e-06,0.9841842826643403,0.39567631615808035,0.001953501116541332,106.0
2,nominal,64,0.25,200,0.9856256920141542,0.9820321150176926,1.5955451582896286e-05,0.9841842826643403,0.39567631615808035,0.001953501116541332,106.0
2,nominal,64,0.5,200,0.978612571775792,0.9732657147197399,7.72642292940168e-05,0.9841842826643403,0.39567631615808035,0.001953501116541332,106.0
2,nominal,64,0.75,200,0.9702147490018955,0.9627684362523695,0.00018229608285080058,0.9841842826643403,0.39567631615808035,0.001953501116541332,106.0
2,nominal,64,1.0,200,0.956328963467237,0.9454112043340459,0.00041304460423444774,0.9841842826643403,0.39567631615808035,0.001953501116541332,106.0
2,nominal,64,1.25,200,0.9400914818092115,0.9251143522615144,0.0009202437634582676,0.9841842826643403,0.39567631615808035,0.001953501116541332,106.0
2,nominal,64,1.5,200,0.9199818495033134,0.8999773118791419,0.0015429935880986855,0.9841842826643403,0.39567631615808035,0.001953501116541332,106.0
2,nominal,64,2.0,200,0.873719678436303,0.8421495980453788,0.0031829952328407797,0.9841842826643403,0.39567631615808035,0.001953501116541332,106.0
2,nominal,64,2.5,200,0.8191767569427505,0.7739709461784379,0.005800557705340856,0.9841842826643403,0.39567631615808035,0.001953501116541332,106.0
2,nominal,64,3.0,200,0.7556383635732273,0.6945479544665342,0.011219190401929965,0.9841842826643403,0.39567631615808035,0.001953501116541332,106.0
2,nominal,64,3.5,200,0.6925195320335106,0.6156494150418881,0.012792485210377924,0.9841842826643403,0.39567631615808035,0.001953501116541332,106.0
2,nominal,65,0.1,200,0.9877577523355126,0.9846971904193907,2.594014264122031e-06,0.9849487121322963,0.39623231496309264,0.001913536032539924,108.0
2,nominal,65,0.25,200,0.9861732133347547,0.9827165166684435,1.5663848956667957e-05,0.9849487121322963,0.39623231496309264,0.001913536032539924,108.0
2,nominal,65,0.5,200,0.9791891345544473,0.9739864181930591,7.647494588168443e-05,0.9849487121322963,0.39623231496309264,0.001913536032539924,108.0
2,nominal,65,0.75,200,0.9702359415034536,0.9627949268793168,0.00016127448130886886,0.9849487121322963,0.39623231496309264,0.001913536032539924,108.0
2,nominal,65,1.0,200,0.9556905338480134,0.9446131673100165,0.0004211958106075455,0.9849487121322963,0.39623231496309264,0.001913536032539924,108.0
2,nominal,65,1.25,200,0.9389395443791724,0.9236744304739654,0.000874284901540992,0.9849487121322963,0.39623231496309264,0.001913536032539924,108.0
2,nominal,65,1.5,200,0.9203162696922578,0.9003953371153222,0.001450431737567325,0.9849487121322963,0.39623231496309264,0.001913536032539924,108.0
2,nominal,65,2.0,200,0.8733359201047737,0.841669900130967,0.0033070708804248477,0.9849487121322963,0.39623231496309264,0.001913536032539924,108.0
2,nominal,65,2.5,200,0.8182176187650847,0.7727720234563558,0.005971068200224534,0.9849487121322963,0.39623231496309264,0.001913536032539924,108.0
2,nominal,65,3.0,200,0.7509944981499705,0.6887431226874632,0.011458050002578948,0.9849487121322963,0.39623231496309264,0.001913536032539924,108.0
2,nominal,65,3.5,200,0.6847980958213419,0.6059976197766772,0.01274553801552878,0.9849487121322963,0.39623231496309264,0.001913536032539924,108.0
2,nominal,66,0.1,200,0.9876923438353998,0.9846154297942498,2.0203537045475767e-06,0.9848389537634015,0.39900656942354895,0.001763771195450728,100.0
2,nominal,66,0.25,200,0.9861908344120778,0.9827385430150971,1.467591407564153e-05,0.9848389537634015,0.39900656942354895,0.001763771195450728,100.0
2,nominal,66,0.5,200,0.9795169520744795,0.9743961900930991,6.106742817608206e-05,0.9848389537634015,0.39900656942354895,0.001763771195450728,100.0
2,nominal,66,0.75,200,0.9719718907201074,0.9649648634001343,0.00015022077997612325,0.9848389537634015,0.39900656942354895,0.001763771195450728,100.0
2,nominal,66,1.0,200,0.9576881091729508,0.9471101364661882,0.000363628860409024,0.9848389537634015,0.39900656942354895,0.001763771195450728,100.0
2,nominal,66,1.25,200,0.9424688999838295,0.9280861249797868,0.0008471735177521276,0.9848389537634015,0.39900656942354895,0.001763771195450728,100.0
2,nominal,66,1.5,200,0.9235968076237615,0.9044960095297019,0.0013133793581820308,0.9848389537634015,0.39900656942354895,0.001763771195450728,100.0
2,nominal,66,2.0,200,0.881073860767582,0.8513423259594775,0.0030446443918464134,0.9848389537634015,0.39900656942354895,0.001763771195450728,100.0
2,nominal,66,2.5,200,0.8279399309828341,0.7849249137285426,0.0051082686579413525,0.9848389537634015,0.39900656942354895,0.001763771195450728,100.0
2,nominal,66,3.0,200,0.7695286785591903,0.7119108481989878,0.010470885792969063,0.9848389537634015,0.39900656942354895,0.001763771195450728,100.0
2,nominal,66,3.5,200,0.7037028484987996,0.6296285606234996,0.01214859401819967,0.9848389537634015,0.39900656942354895,0.001763771195450728,100.0
2,nominal,67,0.1,200,0.9876445615404498,0.9845557019255622,2.4101356595407207e-06,0.9848736822018527,0.3976011943575922,0.0019631488985283625,110.0
2,nominal,67,0.25,200,0.9861205180656673,0.982650647582084,1.4608958614288434e-05,0.9848736822018527,0.3976011943575922,0.0019631488985283625,110.0
2,nominal,67,0.5,200,0.9788440493811704,0.973555061726463,7.015059572489167e-05,0.9848736822018527,0.3976011943575922,0.0019631488985283625,110.0
2,nominal,67,0.75,200,0.9700236510237907,0.9625295637797388,0.00017607936096030426,0.9848736822018527,0.3976011943575922,0.0019631488985283625,110.0
2,nominal,67,1.0,200,0.9545717902842749,0.9432147378553435,0.0004539569754005261,0.9848736822018527,0.3976011943575922,0.0019631488985283625,110.0
2,nominal,67,1.25,200,0.9395006274618336,0.9243757843272921,0.00073653516614442,0.9848736822018527,0.3976011943575922,0.0019631488985283625,110.0
2,nominal,67,1.5,200,0.9174596698597688,0.8968245873247109,0.0014893650159790264,0.9848736822018527,0.3976011943575922,0.0019631488985283625,110.0
2,nominal,67,2.0,200,0.8697016257922752,0.837127032240344,0.003781579273173719,0.9848736822018527,0.3976011943575922,0.0019631488985283625,110.0
2,nominal,67,2.5,200,0.8147496016114035,0.7684370020142544,0.005206944697929253,0.9848736822018527,0.3976011943575922,0.0019631488985283625,110.0
2,nominal,67,3.0,200,0.7510037080098393,0.6887546350122992,0.010112309372134903,0.9848736822018527,0.3976011943575922,0.0019631488985283625,110.0
2,nominal,67,3.5,200,0.6825358471867733,0.6031698089834666,0.013628091770167211,0.9848736822018527,0.3976011943575922,0.0019631488985283625,110.0
2,nominal,68,0.1,200,0.9885752967357266,0.9857191209196583,1.916040162841408e-06,0.9859440093224503,0.3946943534771683,0.0018113698273273012,100.0
2,nominal,68,0.25,200,0.987088275007433,0.983860343759291,1.3291197779478554e-05,0.9859440093224503,0.3946943534771683,0.0018113698273273012,100.0
2,nominal,68,0.5,200,0.9804741063107332,0.9755926328884162,5.570700859971173e-05,0.9859440093224503,0.3946943534771683,0.0018113698273273012,100.0
2,nominal,68,0.75,200,0.9730086461701188,0.9662608077126486,0.00013612211453279625,0.9859440093224503,0.3946943534771683,0.0018113698273273012,100.0
2,nominal,68,1.0,200,0.9589173756626548,0.948646719578318,0.00033887050467901116,0.9859440093224503,0.3946943534771683,0.0018113698273273012,100.0
2,nominal,68,1.25,200,0.9433694621858074,0.9292118277322592,0.0008375107700722592,0.9859440093224503,0.3946943534771683,0.0018113698273273012,100.0
2,nominal,68,1.5,200,0.9240102164456531,0.9050127705570664,0.001296876217600177,0.9859440093224503,0.3946943534771683,0.0018113698273273012,100.0
2,nominal,68,2.0,200,0.8829793557167508,0.8537241946459383,0.002960766099112666,0.9859440093224503,0.3946943534771683,0.0018113698273273012,100.0
2,nominal,68,2.5,200,0.82918346346795,0.7864793293349376,0.004936000558943454,0.9859440093224503,0.3946943534771683,0.0018113698273273012,100.0
2,nominal,68,3.0,200,0.7704876972643127,0.7131096215803907,0.010214810526058238,0.9859440093224503,0.3946943534771683,0.0018113698273273012,100.0
2,nominal,68,3.5,200,0.7040961950819576,0.630120243852447,0.011893453700011105,0.9859440093224503,0.3946943534771683,0.0018113698273273012,100.0
2,nominal,69,0.1,200,0.9874031372080211,0.9842539215100264,2.7136570662800603e-06,0.9845321148169572,0.3894216854563052,0.0019170806907462079,106.0
2,nominal,69,0.25,200,0.985960333932985,0.9824504174162311,1.6493308986962985e-05,0.9845321148169572,0.3894216854563052,0.0019170806907462079,106.0
2,nominal,69,0.5,200,0.9789102583247248,0.973637822905906,7.656583314557978e-05,0.9845321148169572,0.3894216854563052,0.0019170806907462079,106.0
2,nominal,69,0.75,200,0.9704565628555797,0.9630707035694743,0.00018223528104413598,0.9845321148169572,0.3894216854563052,0.0019170806907462079,106.0
2,nominal,69,1.0,200,0.9565990573052914,0.9457488216316142,0.00042652163396610625,0.9845321148169572,0.3894216854563052,0.0019170806907462079,106.0
2,nominal,69,1.25,200,0.9405628633585427,0.9257035791981781,0.0009060860912953274,0.9845321148169572,0.3894216854563052,0.0019170806907462079,106.0
2,nominal,69,1.5,200,0.9205426476174904,0.9006783095218631,0.0015148719128314297,0.9845321148169572,0.3894216854563052,0.0019170806907462079,106.0
2,nominal,69,2.0,200,0.8737199943038374,0.8421499928797966,0.003217754299154554,0.9845321148169572,0.3894216854563052,0.0019170806907462079,106.0
2,nominal,69,2.5,200,0.8198631556817753,0.774828944602219,0.005756577219894565,0.9845321148169572,0.3894216854563052,0.0019170806907462079,106.0
2,nominal,69,3.0,200,0.7561353039048441,0.6951691298810551,0.011339554337968981,0.9845321148169572,0.3894216854563052,0.0019170806907462079,106.0
2,nominal,69,3.5,200,0.6938142394069132,0.6172677992586414,0.012715571739145585,0.9845321148169572,0.3894216854563052,0.0019170806907462079,106.0
2,nominal,70,0.1,200,0.9882032848685771,0.9852541060857214,2.507036230706941e-06,0.9855218517238404,0.39120227856216727,0.001888875672270687,106.0
2,nominal,70,0.25,200,0.986696440362411,0.9833705504530136,1.5145739879775326e-05,0.9855218517238404,0.39120227856216727,0.001888875672270687,106.0
2,nominal,70,0.5,200,0.9796348123700405,0.9745435154625506,7.263364654025382e-05,0.9855218517238404,0.39120227856216727,0.001888875672270687,106.0
2,nominal,70,0.75,200,0.9712408999765225,0.9640511249706529,0.00017354862943672625,0.9855218517238404,0.39120227856216727,0.001888875672270687,106.0
2,nominal,70,1.0,200,0.9572564986020624,0.9465706232525778,0.0003958897104358679,0.9855218517238404,0.39120227856216727,0.001888875672270687,106.0
2,nominal,70,1.25,200,0.9411252262533705,0.9264065328167126,0.0008992971283130247,0.9855218517238404,0.39120227856216727,0.001888875672270687,106.0
2,nominal,70,1.5,200,0.9211045443242704,0.9013806804053377,0.001503063192894955,0.9855218517238404,0.39120227856216727,0.001888875672270687,106.0
2,nominal,70,2.0,200,0.8740446759204347,0.8425558449005431,0.003240864318468164,0.9855218517238404,0.39120227856216727,0.001888875672270687,106.0
2,nominal,70,2.5,200,0.8198008977293366,0.7747511221616707,0.005676877742189992,0.9855218517238404,0.39120227856216727,0.001888875672270687,106.0
2,nominal,70,3.0,200,0.7559817958338665,0.6949772447923328,0.01125983006314861,0.9855218517238404,0.39120227856216727,0.001888875672270687,106.0
2,nominal,70,3.5,200,0.6932865064337154,0.6166081330421442,0.012756239325019276,0.9855218517238404,0.39120227856216727,0.001888875672270687,106.0
2,nominal,71,0.1,200,0.9873150626755781,0.9841438283444723,2.1927267790783264e-06,0.9844767922089761,0.3987875617854731,0.0019270576047074864,102.0
2,nominal,71,0.25,200,0.9859627527449224,0.9824534409311528,1.3951319745507018e-05,0.9844767922089761,0.3987875617854731,0.0019270576047074864,102.0
2,nominal,71,0.5,200,0.9792535933444022,0.9740669916805029,6.754552571071017e-05,0.9844767922089761,0.3987875617854731,0.0019270576047074864,102.0
2,nominal,71,0.75,200,0.9717103975630288,0.9646379969537857,0.000160135427350397,0.9844767922089761,0.3987875617854731,0.0019270576047074864,102.0
2,nominal,71,1.0,200,0.9585305812182938,0.9481632265228673,0.00038205598003443773,0.9844767922089761,0.3987875617854731,0.0019270576047074864,102.0
2,nominal,71,1.25,200,0.9434132772090504,0.9292665965113127,0.0007035523461950344,0.9844767922089761,0.3987875617854731,0.0019270576047074864,102.0
2,nominal,71,1.5,200,0.9241781174247546,0.9052226467809432,0.0016231833426098492,0.9844767922089761,0.3987875617854731,0.0019270576047074864,102.0
2,nominal,71,2.0,200,0.8799348005053832,0.8499185006317288,0.00286488663705643,0.9844767922089761,0.3987875617854731,0.0019270576047074864,102.0
2,nominal,71,2.5,200,0.8232816353543451,0.7791020441929314,0.0054494611579807084,0.9844767922089761,0.3987875617854731,0.0019270576047074864,102.0
2,nominal,71,3.0,200,0.7615372201875932,0.7019215252344914,0.00977379304355823,0.9844767922089761,0.3987875617854731,0.0019270576047074864,102.0
2,nominal,71,3.5,200,0.6966119232440036,0.6207649040550045,0.012119835113121489,0.9844767922089761,0.3987875617854731,0.0019270576047074864,102.0
2,nominal,72,0.1,200,0.9876767803866443,0.9845959754833052,2.2668358254962053e-06,0.9849003598150919,0.39166012840661973,0.0019183184919631402,104.0
2,nominal,72,0.25,200,0.986201506210546,0.9827518827631825,1.5288164652845333e-05,0.9849003598150919,0.39166012840661973,0.0019183184919631402,104.0
2,nominal,72,0.5,200,0.9797055992810209,0.974631999101276,5.999773516106356e-05,0.9849003598150919,0.39166012840661973,0.0019183184919631402,104.0
2,nominal,72,0.75,200,0.9707488514239376,0.9634360642799221,0.0001849338638646436,0.9849003598150919,0.39166012840661973,0.0019183184919631402,104.0
2,nominal,72,1.0,200,0.956481902777907,0.9456023784723837,0.0004192056963308721,0.9849003598150919,0.39166012840661973,0.0019183184919631402,104.0
2,nominal,72,1.25,200,0.9432925577803051,0.9291156972253815,0.0007234316086314643,0.9849003598150919,0.39166012840661973,0.0019183184919631402,104.0
2,nominal,72,1.5,200,0.9222047132078175,0.9027558915097716,0.001537582549680278,0.9849003598150919,0.39166012840661973,0.0019183184919631402,104.0
2,nominal,72,2.0,200,0.8759710757549977,0.8449638446937471,0.003470732101677566,0.9849003598150919,0.39166012840661973,0.0019183184919631402,104.0
2,nominal,72,2.5,200,0.8250666543472418,0.7813333179340524,0.0049164922423901415,0.9849003598150919,0.39166012840661973,0.0019183184919631402,104.0
2,nominal,72,3.0,200,0.7616441031983655,0.702055128997957,0.010768265928379943,0.9849003598150919,0.39166012840661973,0.0019183184919631402,104.0
2,nominal,72,3.5,200,0.6978065205363161,0.622258150670395,0.011335381571090233,0.9849003598150919,0.39166012840661973,0.0019183184919631402,104.0
2,nominal,73,0.1,200,0.9885630678503088,0.9857038348128859,2.262245843030763e-06,0.9859929841285735,0.3952019373665919,0.0021716915273709628,116.0
2,nominal,73,0.25,200,0.9867192655862946,0.9833990819828682,1.4691399337372129e-05,0.9859929841285735,0.3952019373665919,0.0021716915273709628,116.0
2,nominal,73,0.5,200,0.9793241398659106,0.9741551748323879,7.194311452351406e-05,0.9859929841285735,0.3952019373665919,0.0021716915273709628,116.0
2,nominal,73,0.75,200,0.9703712022066298,0.9629640027582873,0.00015122957881298727,0.9859929841285735,0.3952019373665919,0.0021716915273709628,116.0
2,nominal,73,1.0,200,0.95570967659413,0.9446370957426623,0.0004439787257981044,0.9859929841285735,0.3952019373665919,0.0021716915273709628,116.0
2,nominal,73,1.25,200,0.9382821820968648,0.922852727621081,0.0009487022621698672,0.9859929841285735,0.3952019373665919,0.0021716915273709628,116.0
2,nominal,73,1.5,200,0.9130898681575936,0.891362335196992,0.0017170203871652698,0.9859929841285735,0.3952019373665919,0.0021716915273709628,116.0
2,nominal,73,2.0,200,0.8675606127781412,0.8344507659726768,0.003699685550069114,0.9859929841285735,0.3952019373665919,0.0021716915273709628,116.0
2,nominal,73,2.5,200,0.8064854091386586,0.7581067614233228,0.006901062629548669,0.9859929841285735,0.3952019373665919,0.0021716915273709628,116.0
2,nominal,73,3.0,200,0.7370957102618223,0.6713696378272779,0.011658305256990568,0.9859929841285735,0.3952019373665919,0.0021716915273709628,116.0
2,nominal,73,3.5,200,0.6659546981772502,0.5824433727215624,0.013353346076164839,0.9859929841285735,0.3952019373665919,0.0021716915273709628,116.0
2,nominal,74,0.1,200,0.9886169475071871,0.985771184383984,2.265366941378576e-06,0.9861105349265624,0.38866155476207326,0.0019716863809316467,106.0
2,nominal,74,0.25,200,0.9872269572373551,0.9840336965466936,1.5322700762613298e-05,0.9861105349265624,0.38866155476207326,0.0019716863809316467,106.0
2,nominal,74,0.5,200,0.9803385678772696,0.9754232098465869,6.829072854120703e-05,0.9861105349265624,0.38866155476207326,0.0019716863809316467,106.0
2,nominal,74,0.75,200,0.9718736921279384,0.9648421151599231,0.00016473851136975198,0.9861105349265624,0.38866155476207326,0.0019716863809316467,106.0
2,nominal,74,1.0,200,0.9580966448966521,0.9476208061208149,0.00040705823767072616,0.9861105349265624,0.38866155476207326,0.0019716863809316467,106.0
2,nominal,74,1.25,200,0.9423987465704142,0.9279984332130177,0.0008310597974785372,0.9861105349265624,0.38866155476207326,0.0019716863809316467,106.0
2,nominal,74,1.5,200,0.9224199097197232,0.9030248871496539,0.0014234012658096984,0.9861105349265624,0.38866155476207326,0.0019716863809316467,106.0
2,nominal,74,2.0,200,0.8758960186205726,0.8448700232757159,0.0030560495619572116,0.9861105349265624,0.38866155476207326,0.0019716863809316467,106.0
2,nominal,74,2.5,200,0.8228955830279369,0.7786194787849212,0.0056299872250889825,0.9861105349265624,0.38866155476207326,0.0019716863809316467,106.0
2,nominal,74,3.0,200,0.7583237499008226,0.697904687376028,0.011295082542672048,0.9861105349265624,0.38866155476207326,0.0019716863809316467,106.0
2,nominal,74,3.5,200,0.6969238163176131,0.6211547703970165,0.01259875184509101,0.9861105349265624,0.38866155476207326,0.0019716863809316467,106.0
2,nominal,75,0.1,200,0.9887489125283534,0.9859361406604418,2.171950277653697e-06,0.9862296349460907,0.39190558662983166,0.0019131627409517114,104.0
2,nominal,75,0.25,200,0.9872937282889644,0.9841171603612057,1.5073564164795305e-05,0.9862296349460907,0.39190558662983166,0.0019131627409517114,104.0
2,nominal,75,0.5,200,0.9807419136422699,0.9759273920528372,5.6853286416397326e-05,0.9862296349460907,0.39190558662983166,0.0019131627409517114,104.0
2,nominal,75,0.75,200,0.971749359970091,0.9646866999626137,0.00017813846347932664,0.9862296349460907,0.39190558662983166,0.0019131627409517114,104.0
2,nominal,75,1.0,200,0.9577073555734725,0.9471341944668406,0.0004135957181572291,0.9862296349460907,0.39190558662983166,0.0019131627409517114,104.0
2,nominal,75,1.25,200,0.9443809858198157,0.9304762322747696,0.0006975613341145545,0.9862296349460907,0.39190558662983166,0.0019131627409517114,104.0
2,nominal,75,1.5,200,0.9230428099478213,0.9038035124347765,0.0015425895483206745,0.9862296349460907,0.39190558662983166,0.0019131627409517114,104.0
2,nominal,75,2.0,200,0.877125373798267,0.8464067172478338,0.0033235483041711565,0.9862296349460907,0.39190558662983166,0.0019131627409517114,104.0
2,nominal,75,2.5,200,0.8262218943147973,0.7827773678934966,0.0048743296467019725,0.9862296349460907,0.39190558662983166,0.0019131627409517114,104.0
2,nominal,75,3.0,200,0.7624944624105707,0.7031180780132132,0.010877863429810368,0.9862296349460907,0.39190558662983166,0.0019131627409517114,104.0
2,nominal,75,3.5,200,0.699301692368307,0.6241271154603836,0.011315900703389246,0.9862296349460907,0.39190558662983166,0.0019131627409517114,104.0
2,nominal,76,0.1,200,0.989230647668704,0.9865383095858802,2.3360349561913633e-06,0.9868395786144555,0.39901558432891043,0.001959764673338738,106.0
2,nominal,76,0.25,200,0.9878038244900584,0.9847547806125729,1.4980272663463289e-05,0.9868395786144555,0.39901558432891043,0.001959764673338738,106.0
2,nominal,76,0.5,200,0.9808393255030975,0.9760491568788716,6.97188749516136e-05,0.9868395786144555,0.39901558432891043,0.001959764673338738,106.0
2,nominal,76,0.75,200,0.9723732570930171,0.9654665713662712,0.00016455256907282618,0.9868395786144555,0.39901558432891043,0.001959764673338738,106.0
2,nominal,76,1.0,200,0.9583659743027945,0.9479574678784934,0.0003954304456052686,0.9868395786144555,0.39901558432891043,0.001959764673338738,106.0
2,nominal,76,1.25,200,0.9425286254648344,0.928160781831043,0.0008521338193082713,0.9868395786144555,0.39901558432891043,0.001959764673338738,106.0
2,nominal,76,1.5,200,0.9224484484414455,0.9030605605518065,0.0014508760407637047,0.9868395786144555,0.39901558432891043,0.001959764673338738,106.0
2,nominal,76,2.0,200,0.8755111239509907,0.8443889049387381,0.003124251769545463,0.9868395786144555,0.39901558432891043,0.001959764673338738,106.0
2,nominal,76,2.5,200,0.8219670922128902,0.7774588652661129,0.005646710407116408,0.9868395786144555,0.39901558432891043,0.001959764673338738,106.0
2,nominal,76,3.0,200,0.7575585651118013,0.6969482063897517,0.01128057032053106,0.9868395786144555,0.39901558432891043,0.001959764673338738,106.0
2,nominal,76,3.5,200,0.6954465663079841,0.6193082078849801,0.012652086190602048,0.9868395786144555,0.39901558432891043,0.001959764673338738,106.0
2,nominal,77,0.1,200,0.9891961327238964,0.9864951659048705,1.7922707560822592e-06,0.9867370689227313,0.39893765586154534,0.0018737003675170522,100.0
2,nominal,77,0.25,200,0.9877523372384616,0.9846904215480771,1.3606697037379122e-05,0.9867370689227313,0.39893765586154534,0.0018737003675170522,100.0
2,nominal,77,0.5,200,0.9812080589795361,0.9765100737244203,5.5924591066043496e-05,0.9867370689227313,0.39893765586154534,0.0018737003675170522,100.0
2,nominal,77,0.75,200,0.9734808624376634,0.9668510780470793,0.00013418240520662194,0.9867370689227313,0.39893765586154534,0.0018737003675170522,100.0
2,nominal,77,1.0,200,0.9597059954679935,0.9496324943349922,0.0003440193453788916,0.9867370689227313,0.39893765586154534,0.0018737003675170522,100.0
2,nominal,77,1.25,200,0.9444129836968174,0.9305162296210218,0.0008183458975494006,0.9867370689227313,0.39893765586154534,0.0018737003675170522,100.0
2,nominal,77,1.5,200,0.9250787135087034,0.9063483918858793,0.0012813314748518895,0.9867370689227313,0.39893765586154534,0.0018737003675170522,100.0
2,nominal,77,2.0,200,0.8830219269513606,0.8537774086892007,0.0029422364405979878,0.9867370689227313,0.39893765586154534,0.0018737003675170522,100.0
2,nominal,77,2.5,200,0.8304148004327705,0.7880185005409629,0.005098920931307601,0.9867370689227313,0.39893765586154534,0.0018737003675170522,100.0
2,nominal,77,3.0,200,0.7711832894282619,0.7139791117853272,0.01025997509666903,0.9867370689227313,0.39893765586154534,0.0018737003675170522,100.0
2,nominal,77,3.5,200,0.7059545590674317,0.6324431988342897,0.011898675337734633,0.9867370689227313,0.39893765586154534,0.0018737003675170522,100.0
2,nominal,78,0.1,200,0.9878781897396447,0.9848477371745559,2.370367295873264e-06,0.985139717100309,0.3978948473525217,0.001982573756585458,104.0
2,nominal,78,0.25,200,0.9864330025541748,0.9830412531927186,1.4846895129481974e-05,0.985139717100309,0.3978948473525217,0.001982573756585458,104.0
2,nominal,78,0.5,200,0.9799003732941955,0.974875466617744,5.8639576598344265e-05,0.985139717100309,0.3978948473525217,0.001982573756585458,104.0
2,nominal,78,0.75,200,0.9705442947837355,0.963180368479669,0.0001887019433935672,0.985139717100309,0.3978948473525217,0.001982573756585458,104.0
2,nominal,78,1.0,200,0.9568697877237279,0.9460872346546598,0.00043026591654902124,0.985139717100309,0.3978948473525217,0.001982573756585458,104.0
2,nominal,78,1.25,200,0.9430604504004922,0.9288255630006154,0.0007504508569759013,0.985139717100309,0.3978948473525217,0.001982573756585458,104.0
2,nominal,78,1.5,200,0.9218503701242254,0.902312962655282,0.0015651224825054537,0.985139717100309,0.3978948473525217,0.001982573756585458,104.0
2,nominal,78,2.0,200,0.8763315422172712,0.8454144277715891,0.0034231857122435073,0.985139717100309,0.3978948473525217,0.001982573756585458,104.0
2,nominal,78,2.5,200,0.82461613147475,0.7807701643434374,0.004920770467527695,0.985139717100309,0.3978948473525217,0.001982573756585458,104.0
2,nominal,78,3.0,200,0.7614422303765359,0.7018027879706698,0.010704799440419988,0.985139717100309,0.3978948473525217,0.001982573756585458,104.0
2,nominal,78,3.5,200,0.6978011928520216,0.622251491065027,0.01140779441497073,0.985139717100309,0.3978948473525217,0.001982573756585458,104.0
2,nominal,79,0.1,200,0.9877977158563077,0.9847471448203845,2.6152328131037847e-06,0.985055512473473,0.3938565154806475,0.0019836848187427584,106.0
2,nominal,79,0.25,200,0.9863882994059812,0.9829853742574761,1.7143946153516674e-05,0.985055512473473,0.3938565154806475,0.0019836848187427584,106.0
2,nominal,79,0.5,200,0.9794027057215033,0.9742533821518794,7.815201318135379e-05,0.985055512473473,0.3938565154806475,0.0019836848187427584,106.0
2,nominal,79,0.75,200,0.970996311330773,0.9637453891634661,0.0001764728180250058,0.985055512473473,0.3938565154806475,0.0019836848187427584,106.0
2,nominal,79,1.0,200,0.9571753940955668,0.9464692426194584,0.00040916858915317043,0.985055512473473,0.3938565154806475,0.0019836848187427584,106.0
2,nominal,79,1.25,200,0.9412835987070416,0.9266044983838019,0.0008929341593814379,0.985055512473473,0.3938565154806475,0.0019836848187427584,106.0
2,nominal,79,1.5,200,0.9215072216874349,0.9018840271092935,0.0014939459561124162,0.985055512473473,0.3938565154806475,0.0019836848187427584,106.0
2,nominal,79,2.0,200,0.8749252949135138,0.8436566186418921,0.0031595066120498195,0.985055512473473,0.3938565154806475,0.0019836848187427584,106.0
2,nominal,79,2.5,200,0.8216348793625854,0.7770435992032315,0.005693005653834695,0.985055512473473,0.3938565154806475,0.0019836848187427584,106.0
2,nominal,79,3.0,200,0.7577412845047151,0.697176605630894,0.01125202657534572,0.985055512473473,0.3938565154806475,0.0019836848187427584,106.0
2,nominal,79,3.5,200,0.6952438627069046,0.6190548283836308,0.012694268722920543,0.985055512473473,0.3938565154806475,0.0019836848187427584,106.0
2,nominal,80,0.1,200,0.9886095118355431,0.9857618897944289,2.3548041740980318e-06,0.9860528497836987,0.38851932810909245,0.0020518827325871057,110.0
2,nominal,80,0.25,200,0.9871064498035103,0.9838830622543877,1.436029114617017e-05,0.9860528497836987,0.38851932810909245,0.0020518827325871057,110.0
2,nominal,80,0.5,200,0.9797691307519035,0.9747114134398792,6.64112545844038e-05,0.9860528497836987,0.38851932810909245,0.0020518827325871057,110.0
2,nominal,80,0.75,200,0.971021876610368,0.9637773457629598,0.00016124451718626254,0.9860528497836987,0.38851932810909245,0.0020518827325871057,110.0
2,nominal,80,1.0,200,0.9555760595970055,0.9444700744962569,0.000468443912079569,0.9860528497836987,0.38851932810909245,0.0020518827325871057,110.0
2,nominal,80,1.25,200,0.9405840042273849,0.9257300052842311,0.0007238639301915206,0.9860528497836987,0.38851932810909245,0.0020518827325871057,110.0
2,nominal,80,1.5,200,0.9181386109902516,0.8976732637378144,0.001499226202007844,0.9860528497836987,0.38851932810909245,0.0020518827325871057,110.0
2,nominal,80,2.0,200,0.8701680354254315,0.8377100442817891,0.003780884880441185,0.9860528497836987,0.38851932810909245,0.0020518827325871057,110.0
2,nominal,80,2.5,200,0.8151453857960242,0.7689317322450302,0.00523669851519587,0.9860528497836987,0.38851932810909245,0.0020518827325871057,110.0
2,nominal,80,3.0,200,0.7520196540905848,0.6900245676132308,0.010109578947963348,0.9860528497836987,0.38851932810909245,0.0020518827325871057,110.0
2,nominal,80,3.5,200,0.6835808546509428,0.6044760683136783,0.013656818882195103,0.9860528497836987,0.38851932810909245,0.0020518827325871057,110.0
2,nominal,81,0.1,200,0.9886124299867259,0.9857655374834075,2.3633067478096935e-06,0.9860913702625426,0.38805451875666575,0.002026499618213639,106.0
2,nominal,81,0.25,200,0.9871867796592069,0.9839834745740086,1.525874740068019e-05,0.9860913702625426,0.38805451875666575,0.002026499618213639,106.0
2,nominal,81,0.5,200,0.9802824879634336,0.975353109954292,6.984761267005858e-05,0.9860913702625426,0.38805451875666575,0.002026499618213639,106.0
2,nominal,81,0.75,200,0.9719082950076772,0.9648853687595964,0.00016777670970835232,0.9860913702625426,0.38805451875666575,0.002026499618213639,106.0
2,nominal,81,1.0,200,0.9578449452246801,0.94730618153085,0.00039138422934748777,0.9860913702625426,0.38805451875666575,0.002026499618213639,106.0
2,nominal,81,1.25,200,0.941824158342806,0.9272801979285075,0.0008834924173309216,0.9860913702625426,0.38805451875666575,0.002026499618213639,106.0
2,nominal,81,1.5,200,0.9219989285529611,0.902498660691201,0.001458749015483219,0.9860913702625426,0.38805451875666575,0.002026499618213639,106.0
2,nominal,81,2.0,200,0.8755870079443577,0.8444837599304471,0.0030976901803176273,0.9860913702625426,0.38805451875666575,0.002026499618213639,106.0
2,nominal,81,2.5,200,0.8222308158289501,0.7777885197861878,0.005595115569795282,0.9860913702625426,0.38805451875666575,0.002026499618213639,106.0
2,nominal,81,3.0,200,0.7574529017857293,0.6968161272321615,0.011139835541526475,0.9860913702625426,0.38805451875666575,0.002026499618213639,106.0
2,nominal,81,3.5,200,0.6951986943353244,0.6189983679191555,0.012774278079386367,0.9860913702625426,0.38805451875666575,0.002026499618213639,106.0
2,nominal,82,0.1,200,0.989019161748836,0.9862739521860451,1.9648048750048287e-06,0.986582304638275,0.385062436668254,0.0019868683320918928,102.0
2,nominal,82,0.25,200,0.9875725764126226,0.9844657205157782,1.2435859712624867e-05,0.986582304638275,0.385062436668254,0.0019868683320918928,102.0
2,nominal,82,0.5,200,0.9809652601639712,0.9762065752049639,6.365900067691461e-05,0.986582304638275,0.385062436668254,0.0019868683320918928,102.0
2,nominal,82,0.75,200,0.9732840609469129,0.9666050761836413,0.00014951869851345271,0.986582304638275,0.385062436668254,0.0019868683320918928,102.0
2,nominal,82,1.0,200,0.9602617750526741,0.9503272188158428,0.00035579021870072754,0.986582304638275,0.385062436668254,0.0019868683320918928,102.0
2,nominal,82,1.25,200,0.9448874367970572,0.9311092959963213,0.0006938284053112419,0.986582304638275,0.385062436668254,0.0019868683320918928,102.0
2,nominal,82,1.5,200,0.9251790252945322,0.9064737816181652,0.0015861013845646643,0.986582304638275,0.385062436668254,0.0019868683320918928,102.0
2,nominal,82,2.0,200,0.8818291822773294,0.8522864778466616,0.002802323039051039,0.986582304638275,0.385062436668254,0.0019868683320918928,102.0
2,nominal,82,2.5,200,0.8241710893395274,0.7802138616744092,0.005345486338214796,0.986582304638275,0.385062436668254,0.0019868683320918928,102.0
2,nominal,82,3.0,200,0.7625381396645619,0.7031726745807023,0.00958380616501502,0.986582304638275,0.385062436668254,0.0019868683320918928,102.0
2,nominal,82,3.5,200,0.6977314112036257,0.6221642640045321,0.011998571895363073,0.986582304638275,0.385062436668254,0.0019868683320918928,102.0
2,nominal,83,0.1,200,0.9879765345539454,0.9849706681924317,1.9039889121209217e-06,0.9852323669550387,0.3944681469089122,0.0019655497497934058,100.0
2,nominal,83,0.25,200,0.9865530937343682,0.9831913671679599,1.4688990557777622e-05,0.9852323669550387,0.3944681469089122,0.0019655497497934058,100.0
2,nominal,83,0.5,200,0.9799597110367764,0.9749496387959704,5.979456417046018e-05,0.9852323669550387,0.3944681469089122,0.0019655497497934058,100.0
2,nominal,83,0.75,200,0.972626600834063,0.9657832510425786,0.00014223079820198606,0.9852323669550387,0.3944681469089122,0.0019655497497934058,100.0
2,nominal,83,1.0,200,0.9585478557412291,0.9481848196765361,0.00035691901388294636,0.9852323669550387,0.3944681469089122,0.0019655497497934058,100.0
2,nominal,83,1.25,200,0.9432137344526947,0.9290171680658684,0.0008358912806088485,0.9852323669550387,0.3944681469089122,0.0019655497497934058,100.0
2,nominal,83,1.5,200,0.9242996572514118,0.9053745715642652,0.0013046786937282342,0.9852323669550387,0.3944681469089122,0.0019655497497934058,100.0
2,nominal,83,2.0,200,0.882756884565064,0.8534461057063296,0.0029597136700148545,0.9852323669550387,0.3944681469089122,0.0019655497497934058,100.0
2,nominal,83,2.5,200,0.8301694785012412,0.7877118481265515,0.0050689984634238764,0.9852323669550387,0.3944681469089122,0.0019655497497934058,100.0
2,nominal,83,3.0,200,0.7713075639811529,0.7141344549764409,0.010279870782183375,0.9852323669550387,0.3944681469089122,0.0019655497497934058,100.0
2,nominal,83,3.5,200,0.7059341329617621,0.6324176662022027,0.011935469748912514,0.9852323669550387,0.3944681469089122,0.0019655497497934058,100.0
2,nominal,84,0.1,200,0.9889131076304531,0.9861413845380667,1.8238334301726208e-06,0.986386592835513,0.38266178260961636,0.0019134480498504524,100.0
2,nominal,84,0.25,200,0.9874530585599616,0.9843163231999522,1.2974635208181454e-05,0.986386592835513,0.38266178260961636,0.0019134480498504524,100.0
2,nominal,84,0.5,200,0.9808955019786322,0.9761193774732903,5.6027635460275726e-05,0.986386592835513,0.38266178260961636,0.0019134480498504524,100.0
2,nominal,84,0.75,200,0.9732120970783606,0.9665151213479507,0.00013284579116923544,0.986386592835513,0.38266178260961636,0.0019134480498504524,100.0
2,nominal,84,1.0,200,0.9593421012999119,0.9491776266248899,0.00033789532284738354,0.986386592835513,0.38266178260961636,0.0019134480498504524,100.0
2,nominal,84,1.25,200,0.9435952135900237,0.9294940169875295,0.0008070861781153365,0.986386592835513,0.38266178260961636,0.0019134480498504524,100.0
2,nominal,84,1.5,200,0.9244399687180052,0.9055499608975062,0.0013029313079726305,0.986386592835513,0.38266178260961636,0.0019134480498504524,100.0
2,nominal,84,2.0,200,0.8831498331539667,0.8539372914424581,0.002976402350088132,0.986386592835513,0.38266178260961636,0.0019134480498504524,100.0
2,nominal,84,2.5,200,0.8292833296501307,0.7866041620626631,0.005092208644313319,0.986386592835513,0.38266178260961636,0.0019134480498504524,100.0
2,nominal,84,3.0,200,0.7702526419279265,0.712815802409908,0.01031707047568709,0.986386592835513,0.38266178260961636,0.0019134480498504524,100.0
2,nominal,84,3.5,200,0.7050684476086988,0.6313355595108733,0.01204830538977141,0.986386592835513,0.38266178260961636,0.0019134480498504524,100.0
2,nominal,85,0.1,200,0.988502423859562,0.9856280298244523,1.907255402880878e-06,0.9858650219896722,0.38980785829590275,0.0018991561117499053,100.0
2,nominal,85,0.25,200,0.9870170282396243,0.9837712852995304,1.35355403633706e-05,0.9858650219896722,0.38980785829590275,0.0018991561117499053,100.0
2,nominal,85,0.5,200,0.9803966396519013,0.9754957995648766,5.8129916351943014e-05,0.9858650219896722,0.38980785829590275,0.0018991561117499053,100.0
2,nominal,85,0.75,200,0.9728822660810796,0.9661028326013492,0.00013970668287525016,0.9858650219896722,0.38980785829590275,0.0018991561117499053,100.0
2,nominal,85,1.0,200,0.9587353888531798,0.9484192360664748,0.0003459205812972775,0.9858650219896722,0.38980785829590275,0.0018991561117499053,100.0
2,nominal,85,1.25,200,0.9431198474929456,0.9288998093661821,0.0008237746293518575,0.9858650219896722,0.38980785829590275,0.0018991561117499053,100.0
2,nominal,85,1.5,200,0.9241820228889716,0.9052275286112145,0.0013094998448558034,0.9858650219896722,0.38980785829590275,0.0018991561117499053,100.0
2,nominal,85,2.0,200,0.8826777600337824,0.8533472000422279,0.0030102859363697523,0.9858650219896722,0.38980785829590275,0.0018991561117499053,100.0
2,nominal,85,2.5,200,0.8288259910403858,0.7860324888004819,0.005044983820336918,0.9858650219896722,0.38980785829590275,0.0018991561117499053,100.0
2,nominal,85,3.0,200,0.7701460331734697,0.7126825414668368,0.010387649489718138,0.9858650219896722,0.38980785829590275,0.0018991561117499053,100.0
2,nominal,85,3.5,200,0.7043854029101801,0.6304817536377252,0.012095959357768216,0.9858650219896722,0.38980785829590275,0.0018991561117499053,100.0
2,nominal,86,0.1,200,0.9887856855508823,0.9859821069386026,1.8398775178696407e-06,0.9862263659714351,0.38199187570884807,0.0019101851792452408,100.0
2,nominal,86,0.25,200,0.9872882603987394,0.9841103254984241,1.2710629627798258e-05,0.9862263659714351,0.38199187570884807,0.0019101851792452408,100.0
2,nominal,86,0.5,200,0.9806748883117411,0.9758436103896764,5.7178418577526895e-05,0.9862263659714351,0.38199187570884807,0.0019101851792452408,100.0
2,nominal,86,0.75,200,0.97325046889619,0.9665630861202373,0.0001373591509759084,0.9862263659714351,0.38199187570884807,0.0019101851792452408,100.0
2,nominal,86,1.0,200,0.9589317190742342,0.9486646488427928,0.00034070081917588266,0.9862263659714351,0.38199187570884807,0.0019101851792452408,100.0
2,nominal,86,1.25,200,0.9432489169857711,0.9290611462322136,0.0008063389863397891,0.9862263659714351,0.38199187570884807,0.0019101851792452408,100.0
2,nominal,86,1.5,200,0.9244480119265422,0.9055600149081777,0.0012912856729947375,0.9862263659714351,0.38199187570884807,0.0019101851792452408,100.0
2,nominal,86,2.0,200,0.8829277377787191,0.8536596722233988,0.0029892809027529804,0.9862263659714351,0.38199187570884807,0.0019101851792452408,100.0
2,nominal,86,2.5,200,0.8288332621573016,0.7860415776966271,0.005022049433616143,0.9862263659714351,0.38199187570884807,0.0019101851792452408,100.0
2,nominal,86,3.0,200,0.7701295830814339,0.712661978851792,0.010421911600398397,0.9862263659714351,0.38199187570884807,0.0019101851792452408,100.0
2,nominal,86,3.5,200,0.7044281395297678,0.6305351744122095,0.012191729002299208,0.9862263659714351,0.38199187570884807,0.0019101851792452408,100.0
2,nominal,87,0.1,200,0.9887424082121659,0.9859280102652072,2.01803024575793e-06,0.986149414632475,0.3851603913196741,0.0018966067653521088,98.0
2,nominal,87,0.25,200,0.9871907357914189,0.9839884197392739,1.1464875811104613e-05,0.986149414632475,0.3851603913196741,0.0018966067653521088,98.0
2,nominal,87,0.5,200,0.9807549239719408,0.975943654964926,6.781489214221304e-05,0.986149414632475,0.3851603913196741,0.0018966067653521088,98.0
2,nominal,87,0.75,200,0.9731617006212666,0.966452125776583,0.0001336604675205072,0.986149414632475,0.3851603913196741,0.0018966067653521088,98.0
2,nominal,87,1.0,200,0.9600139777474421,0.9500174721843025,0.0003420811968018561,0.986149414632475,0.3851603913196741,0.0018966067653521088,98.0
2,nominal,87,1.25,200,0.9447692038948518,0.9309615048685645,0.0006632371205859366,0.986149414632475,0.3851603913196741,0.0018966067653521088,98.0
2,nominal,87,1.5,200,0.9263484137690725,0.9079355172113407,0.0012670834082957627,0.986149414632475,0.3851603913196741,0.0018966067653521088,98.0
2,nominal,87,2.0,200,0.8858711769743732,0.8573389712179662,0.002887482234608227,0.986149414632475,0.3851603913196741,0.0018966067653521088,98.0
2,nominal,87,2.5,200,0.8331046745381361,0.7913808431726701,0.0048736490802128605,0.986149414632475,0.3851603913196741,0.0018966067653521088,98.0
2,nominal,87,3.0,200,0.7705676220710602,0.7132095275888253,0.009795072040588399,0.986149414632475,0.3851603913196741,0.0018966067653521088,98.0
2,nominal,87,3.5,200,0.7047901657269589,0.6309877071586985,0.013442039228291774,0.986149414632475,0.3851603913196741,0.0018966067653521088,98.0
2,nominal,88,0.1,200,0.9869719842423893,0.9837149803029865,2.081657456382095e-06,0.9839254518202808,0.3975497970894003,0.0019524147338404968,100.0
2,nominal,88,0.25,200,0.9854695490655413,0.9818369363319266,1.3532068306858755e-05,0.9839254518202808,0.3975497970894003,0.0019524147338404968,100.0
2,nominal,88,0.5,200,0.9787644722135233,0.9734555902669038,6.0792652161921603e-05,0.9839254518202808,0.3975497970894003,0.0019524147338404968,100.0
2,nominal,88,0.75,200,0.9714116042581928,0.9642645053227409,0.00014664309365472098,0.9839254518202808,0.3975497970894003,0.0019524147338404968,100.0
2,nominal,88,1.0,200,0.9571103077382205,0.9463878846727757,0.00036560026204729743,0.9839254518202808,0.3975497970894003,0.0019524147338404968,100.0
2,nominal,88,1.25,200,0.9413616098810005,0.9267020123512508,0.0008713563290943686,0.9839254518202808,0.3975497970894003,0.0019524147338404968,100.0
2,nominal,88,1.5,200,0.9223581648075639,0.9029477060094547,0.0013284858753203868,0.9839254518202808,0.3975497970894003,0.0019524147338404968,100.0
2,nominal,88,2.0,200,0.8808800132012222,0.8511000165015277,0.0030442098347247615,0.9839254518202808,0.3975497970894003,0.0019524147338404968,100.0
2,nominal,88,2.5,200,0.8269539926646492,0.7836924908308114,0.005069636286165957,0.9839254518202808,0.3975497970894003,0.0019524147338404968,100.0
2,nominal,88,3.0,200,0.768719694119959,0.7108996176499486,0.010436342399633638,0.9839254518202808,0.3975497970894003,0.0019524147338404968,100.0
2,nominal,88,3.5,200,0.7029689701222619,0.6287112126528274,0.01228428564157229,0.9839254518202808,0.3975497970894003,0.0019524147338404968,100.0
2,nominal,89,0.1,200,0.9873224347260046,0.9841530434075056,2.0975585772892783e-06,0.9843840777146443,0.3985992508947009,0.0019346769759526683,98.0
2,nominal,89,0.25,200,0.985818058768897,0.9822725734611211,1.0747671186876945e-05,0.9843840777146443,0.3985992508947009,0.0019346769759526683,98.0
2,nominal,89,0.5,200,0.9792435355974831,0.9740544194968537,6.559728662595398e-05,0.9843840777146443,0.3985992508947009,0.0019346769759526683,98.0
2,nominal,89,0.75,200,0.9717474247796132,0.9646842809745163,0.00013637607899726675,0.9843840777146443,0.3985992508947009,0.0019346769759526683,98.0
2,nominal,89,1.0,200,0.9587346299216627,0.9484182874020783,0.00034904026431941695,0.9843840777146443,0.3985992508947009,0.0019346769759526683,98.0
2,nominal,89,1.25,200,0.9436649113367981,0.9295811391709976,0.0006770977915890732,0.9843840777146443,0.3985992508947009,0.0019346769759526683,98.0
2,nominal,89,1.5,200,0.9249940925648681,0.9062426157060851,0.001261377033264565,0.9843840777146443,0.3985992508947009,0.0019346769759526683,98.0
2,nominal,89,2.0,200,0.8839515620546561,0.85493945256832,0.0029203660129412013,0.9843840777146443,0.3985992508947009,0.0019346769759526683,98.0
2,nominal,89,2.5,200,0.8312449770704847,0.7890562213381058,0.004921185861143305,0.9843840777146443,0.3985992508947009,0.0019346769759526683,98.0
2,nominal,89,3.0,200,0.7690750501910366,0.7113438127387957,0.009803058840433433,0.9843840777146443,0.3985992508947009,0.0019346769759526683,98.0
2,nominal,89,3.5,200,0.704284101335817,0.6303551266697712,0.013478879535163009,0.9843840777146443,0.3985992508947009,0.0019346769759526683,98.0
2,nominal,90,0.1,200,0.9896566865772647,0.9870708582215808,1.702609021735878e-06,0.9875300174996223,0.3934427809392682,0.0025549975428603685,138.0
2,nominal,90,0.25,200,0.9875723689484617,0.9844654611855771,9.988116284629037e-06,0.9875300174996223,0.3934427809392682,0.0025549975428603685,138.0
2,nominal,90,0.5,200,0.9794467245847871,0.9743084057309838,5.8147407409396195e-05,0.9875300174996223,0.3934427809392682,0.0025549975428603685,138.0
2,nominal,90,0.75,200,0.9671506353041956,0.9589382941302442,0.00018361605076536037,0.9875300174996223,0.3934427809392682,0.0025549975428603685,138.0
2,nominal,90,1.0,200,0.9499237858176413,0.9374047322720516,0.0004837820854357172,0.9875300174996223,0.3934427809392682,0.0025549975428603685,138.0
2,nominal,90,1.25,200,0.92656280861234,0.9082035107654249,0.001241020885780637,0.9875300174996223,0.3934427809392682,0.0025549975428603685,138.0
2,nominal,90,1.5,200,0.9000778253978763,0.875097281747345,0.002098745939175714,0.9875300174996223,0.3934427809392682,0.0025549975428603685,138.0
2,nominal,90,2.0,200,0.8434975889282073,0.8043719861602588,0.005105625852728684,0.9875300174996223,0.3934427809392682,0.0025549975428603685,138.0
2,nominal,90,2.5,200,0.7739125889533294,0.7173907361916616,0.008602633604002504,0.9875300174996223,0.3934427809392682,0.0025549975428603685,138.0
2,nominal,90,3.0,200,0.7063593599753826,0.6329491999692282,0.015575835474152467,0.9875300174996223,0.3934427809392682,0.0025549975428603685,138.0
2,nominal,90,3.5,200,0.621454930905657,0.5268186636320711,0.014274119923512758,0.9875300174996223,0.3934427809392682,0.0025549975428603685,138.0
2,nominal,91,0.1,200,0.9875528709068249,0.984441088633531,1.785620229211879e-06,0.9847107175034688,0.38721277664949216,0.00199637355248487,100.0
2,nominal,91,0.25,200,0.9860975078659294,0.9826218848324113,1.2798437318220136e-05,0.9847107175034688,0.38721277664949216,0.00199637355248487,100.0
2,nominal,91,0.5,200,0.9795107356082458,0.9743884195103071,5.838173578604229e-05,0.9847107175034688,0.38721277664949216,0.00199637355248487,100.0
2,nominal,91,0.75,200,0.9720847611212093,0.9651059514015117,0.00013995218536491476,0.9847107175034688,0.38721277664949216,0.00199637355248487,100.0
2,nominal,91,1.0,200,0.957655557047845,0.9470694463098062,0.00035816237163968965,0.9847107175034688,0.38721277664949216,0.00199637355248487,100.0
2,nominal,91,1.25,200,0.9423659449846338,0.9279574312307918,0.0008081781945856509,0.9847107175034688,0.38721277664949216,0.00199637355248487,100.0
2,nominal,91,1.5,200,0.9236051861406536,0.9045064826758168,0.00128071629450314,0.9847107175034688,0.38721277664949216,0.00199637355248487,100.0
2,nominal,91,2.0,200,0.8811046036824486,0.8513807546030605,0.002956078130622837,0.9847107175034688,0.38721277664949216,0.00199637355248487,100.0
2,nominal,91,2.5,200,0.8285763168866511,0.7857203961083141,0.005158372707050165,0.9847107175034688,0.38721277664949216,0.00199637355248487,100.0
2,nominal,91,3.0,200,0.7696462652446621,0.7120578315558275,0.010510111892539874,0.9847107175034688,0.38721277664949216,0.00199637355248487,100.0
2,nominal,91,3.5,200,0.7051591145193279,0.6314488931491599,0.012345281640676402,0.9847107175034688,0.38721277664949216,0.00199637355248487,100.0
2,nominal,92,0.1,200,0.9879077842358269,0.9848847302947835,1.9864874278889884e-06,0.9851940065754745,0.3942599538894228,0.0019974775937366004,98.0
2,nominal,92,0.25,200,0.9865208403498816,0.9831510504373517,1.255286732945705e-05,0.9851940065754745,0.3942599538894228,0.0019974775937366004,98.0
2,nominal,92,0.5,200,0.9801021253944463,0.9751276567430576,6.152687673735305e-05,0.9851940065754745,0.3942599538894228,0.0019974775937366004,98.0
2,nominal,92,0.75,200,0.9726039094270004,0.9657548867837504,0.0001313671780287057,0.9851940065754745,0.3942599538894228,0.0019974775937366004,98.0
2,nominal,92,1.0,200,0.9598563398135728,0.9498204247669659,0.00035165600250528227,0.9851940065754745,0.3942599538894228,0.0019974775937366004,98.0
2,nominal,92,1.25,200,0.9451998944390951,0.9314998680488688,0.0006386022717463695,0.9851940065754745,0.3942599538894228,0.0019974775937366004,98.0
2,nominal,92,1.5,200,0.9266566904845022,0.9083208631056279,0.0012364615037249978,0.9851940065754745,0.3942599538894228,0.0019974775937366004,98.0
2,nominal,92,2.0,200,0.8852876900499326,0.8566096125624155,0.0027395192367270353,0.9851940065754745,0.3942599538894228,0.0019974775937366004,98.0
2,nominal,92,2.5,200,0.8347320240479189,0.7934150300598983,0.00471707303241053,0.9851940065754745,0.3942599538894228,0.0019974775937366004,98.0
2,nominal,92,3.0,200,0.7712416222580885,0.7140520278226107,0.00972246335438006,0.9851940065754745,0.3942599538894228,0.0019974775937366004,98.0
2,nominal,92,3.5,200,0.7083595806515839,0.6354494758144797,0.013214068168603639,0.9851940065754745,0.3942599538894228,0.0019974775937366004,98.0
2,nominal,93,0.1,200,0.9871003870566413,0.9838754838208016,2.161640424977736e-06,0.9841861480948292,0.397773540885511,0.0020533666755463784,102.0
2,nominal,93,0.25,200,0.9856781121621027,0.9820976402026281,1.4500942014920567e-05,0.9841861480948292,0.397773540885511,0.0020533666755463784,102.0
2,nominal,93,0.5,200,0.9790292863501826,0.973786607937728,7.243282592079789e-05,0.9841861480948292,0.397773540885511,0.0020533666755463784,102.0
2,nominal,93,0.75,200,0.9713650335486307,0.9642062919357884,0.00016233780585745512,0.9841861480948292,0.397773540885511,0.0020533666755463784,102.0
2,nominal,93,1.0,200,0.9582270108630816,0.9477837635788516,0.00040003195308412884,0.9841861480948292,0.397773540885511,0.0020533666755463784,102.0
2,nominal,93,1.25,200,0.9431419410195453,0.9289274262744316,0.0007192787082459137,0.9841861480948292,0.397773540885511,0.0020533666755463784,102.0
2,nominal,93,1.5,200,0.9234335659142072,0.9042919573927591,0.0016621372252519707,0.9841861480948292,0.397773540885511,0.0020533666755463784,102.0
2,nominal,93,2.0,200,0.8794679692871199,0.8493349616088999,0.002864801461811299,0.9841861480948292,0.397773540885511,0.0020533666755463784,102.0
2,nominal,93,2.5,200,0.8228886948713896,0.778610868589237,0.0055405194965016035,0.9841861480948292,0.397773540885511,0.0020533666755463784,102.0
2,nominal,93,3.0,200,0.7610179401611843,0.7012724252014806,0.009817962761785313,0.9841861480948292,0.397773540885511,0.0020533666755463784,102.0
2,nominal,93,3.5,200,0.6967891341683109,0.6209864177103885,0.012130032881673754,0.9841861480948292,0.397773540885511,0.0020533666755463784,102.0
2,nominal,94,0.1,200,0.9880033041775157,0.9850041302218944,2.1379934183952228e-06,0.9852668608813395,0.3908789191912423,0.0019506431963026327,98.0
2,nominal,94,0.25,200,0.9865636303580729,0.9832045379475914,1.2898993450602912e-05,0.9852668608813395,0.3908789191912423,0.0019506431963026327,98.0
2,nominal,94,0.5,200,0.9800423742044144,0.9750529677555179,6.790629876452481e-05,0.9852668608813395,0.3908789191912423,0.0019506431963026327,98.0
2,nominal,94,0.75,200,0.9725975330525221,0.9657469163156525,0.00014032033448976603,0.9852668608813395,0.3908789191912423,0.0019506431963026327,98.0
2,nominal,94,1.0,200,0.9597739495436998,0.949717436929625,0.00035467096975232154,0.9852668608813395,0.3908789191912423,0.0019506431963026327,98.0
2,nominal,94,1.25,200,0.9446842622184017,0.9308553277730022,0.0006725905905765125,0.9852668608813395,0.3908789191912423,0.0019506431963026327,98.0
2,nominal,94,1.5,200,0.9262851765547311,0.9078564706934134,0.0012842022270398107,0.9852668608813395,0.3908789191912423,0.0019506431963026327,98.0
2,nominal,94,2.0,200,0.8855090912946108,0.8568863641182638,0.0028202902687998665,0.9852668608813395,0.3908789191912423,0.0019506431963026327,98.0
2,nominal,94,2.5,200,0.8340307926275687,0.7925384907844608,0.004825532265897192,0.9852668608813395,0.3908789191912423,0.0019506431963026327,98.0
2,nominal,94,3.0,200,0.7712871822398939,0.7141089777998669,0.009752302924672173,0.9852668608813395,0.3908789191912423,0.0019506431963026327,98.0
2,nominal,94,3.5,200,0.7071314373588504,0.6339142966985629,0.01336312932438969,0.9852668608813395,0.3908789191912423,0.0019506431963026327,98.0
2,nominal,95,0.1,200,0.9881313858713533,0.9851642323391917,2.1381838129685062e-06,0.9854250838689085,0.3869606391702134,0.001944684604557538,98.0
2,nominal,95,0.25,200,0.9866754104845527,0.9833442631056909,1.3059195528698978e-05,0.9854250838689085,0.3869606391702134,0.001944684604557538,98.0
2,nominal,95,0.5,200,0.9801837860817137,0.9752297326021423,6.922042176691059e-05,0.9854250838689085,0.3869606391702134,0.001944684604557538,98.0
2,nominal,95,0.75,200,0.9727540731099333,0.9659425913874168,0.00014010831444454517,0.9854250838689085,0.3869606391702134,0.001944684604557538,98.0
2,nominal,95,1.0,200,0.9598224096300184,0.9497780120375229,0.00035516903959303514,0.9854250838689085,0.3869606391702134,0.001944684604557538,98.0
2,nominal,95,1.25,200,0.9447618844979003,0.9309523556223754,0.0006727356967355599,0.9854250838689085,0.3869606391702134,0.001944684604557538,98.0
2,nominal,95,1.5,200,0.9263705429022014,0.9079631786277517,0.0012863507372847488,0.9854250838689085,0.3869606391702134,0.001944684604557538,98.0
2,nominal,95,2.0,200,0.8858511629523371,0.8573139536904216,0.0028133011058456008,0.9854250838689085,0.3869606391702134,0.001944684604557538,98.0
2,nominal,95,2.5,200,0.834194497835794,0.7927431222947425,0.00482690509280441,0.9854250838689085,0.3869606391702134,0.001944684604557538,98.0
2,nominal,95,3.0,200,0.7714568026392223,0.7143210032990279,0.009714833317810947,0.9854250838689085,0.3869606391702134,0.001944684604557538,98.0
2,nominal,95,3.5,200,0.7069167197102422,0.6336458996378025,0.01334857770636757,0.9854250838689085,0.3869606391702134,0.001944684604557538,98.0
2,nominal,96,0.1,200,0.9886827719723178,0.9858534649653969,2.2061316387418405e-06,0.9861059563657948,0.3926347778992612,0.001816003548299845,94.0
2,nominal,96,0.25,200,0.9871949169327263,0.9839936461659076,1.3056020225978558e-05,0.9861059563657948,0.3926347778992612,0.001816003548299845,94.0
2,nominal,96,0.5,200,0.9810662758510076,0.9763328448137594,5.618230860800314e-05,0.9861059563657948,0.3926347778992612,0.001816003548299845,94.0
2,nominal,96,0.75,200,0.9743719301715242,0.9679649127144053,0.00013804888308184722,0.9861059563657948,0.3926347778992612,0.001816003548299845,94.0
2,nominal,96,1.0,200,0.9611727838171462,0.9514659797714324,0.00029072262566108456,0.9861059563657948,0.3926347778992612,0.001816003548299845,94.0
2,nominal,96,1.25,200,0.9467107510276467,0.9333884387845586,0.0006208654056979675,0.9861059563657948,0.3926347778992612,0.001816003548299845,94.0
2,nominal,96,1.5,200,0.9296864968814109,0.9121081211017633,0.0012264353368545836,0.9861059563657948,0.3926347778992612,0.001816003548299845,94.0
2,nominal,96,2.0,200,0.8872652162688344,0.8590815203360429,0.00314241451705138,0.9861059563657948,0.3926347778992612,0.001816003548299845,94.0
2,nominal,96,2.5,200,0.8369596295785006,0.7961995369731256,0.004724160408101546,0.9861059563657948,0.3926347778992612,0.001816003548299845,94.0
2,nominal,96,3.0,200,0.7806810239586274,0.7258512799482842,0.008529692293730788,0.9861059563657948,0.3926347778992612,0.001816003548299845,94.0
2,nominal,96,3.5,200,0.7200296809513488,0.6500371011891859,0.010427486487302145,0.9861059563657948,0.3926347778992612,0.001816003548299845,94.0
2,nominal,97,0.1,200,0.9882451254835098,0.9853064068543874,2.13681384288924e-06,0.9855493805767273,0.390720712888455,0.001894279841933464,96.0
2,nominal,97,0.25,200,0.9867477782028946,0.9834347227536182,1.1580988797080487e-05,0.9855493805767273,0.390720712888455,0.001894279841933464,96.0
2,nominal,97,0.5,200,0.9805702634743882,0.9757128293429852,6.141723623482601e-05,0.9855493805767273,0.390720712888455,0.001894279841933464,96.0
2,nominal,97,0.75,200,0.9730707447148863,0.9663384308936079,0.0001513573101677182,0.9855493805767273,0.390720712888455,0.001894279841933464,96.0
2,nominal,97,1.0,200,0.9600186703331354,0.9500233379164191,0.0003237022100478054,0.9855493805767273,0.390720712888455,0.001894279841933464,96.0
2,nominal,97,1.25,200,0.9455243387529354,0.9319054234411692,0.0006573814874247951,0.9855493805767273,0.390720712888455,0.001894279841933464,96.0
2,nominal,97,1.5,200,0.925854915038935,0.9073186437986687,0.0013500540623235823,0.9855493805767273,0.390720712888455,0.001894279841933464,96.0
2,nominal,97,2.0,200,0.8863741976543207,0.857967747067901,0.0026419753233558226,0.9855493805767273,0.390720712888455,0.001894279841933464,96.0
2,nominal,97,2.5,200,0.8313852246101231,0.7892315307626538,0.005180826908893626,0.9855493805767273,0.390720712888455,0.001894279841933464,96.0
2,nominal,97,3.0,200,0.7763958937045108,0.7204948671306383,0.009281758212349363,0.9855493805767273,0.390720712888455,0.001894279841933464,96.0
2,nominal,97,3.5,200,0.7163073801329195,0.6453842251661492,0.01079696749729394,0.9855493805767273,0.390720712888455,0.001894279841933464,96.0
2,nominal,98,0.1,200,0.9891178552329972,0.9863973190412463,2.0128196814190058e-06,0.9866523720457699,0.383938082513993,0.0018746310726046429,96.0
2,nominal,98,0.25,200,0.9876387177931518,0.9845483972414396,1.166787203756152e-05,0.9866523720457699,0.383938082513993,0.0018746310726046429,96.0
2,nominal,98,0.5,200,0.9815484650737685,0.9769355813422104,5.878198057443815e-05,0.9866523720457699,0.383938082513993,0.0018746310726046429,96.0
2,nominal,98,0.75,200,0.9739291421423109,0.9674114276778886,0.00014151187890424407,0.9866523720457699,0.383938082513993,0.0018746310726046429,96.0
2,nominal,98,1.0,200,0.9610157703646085,0.9512697129557608,0.00032209675232865566,0.9866523720457699,0.383938082513993,0.0018746310726046429,96.0
2,nominal,98,1.25,200,0.9466937786037296,0.9333672232546619,0.0006317167652364991,0.9866523720457699,0.383938082513993,0.0018746310726046429,96.0
2,nominal,98,1.5,200,0.927090429046856,0.9088630363085696,0.0013117287264084675,0.9866523720457699,0.383938082513993,0.0018746310726046429,96.0
2,nominal,98,2.0,200,0.8871211531405895,0.8589014414257369,0.0026301398902433635,0.9866523720457699,0.383938082513993,0.0018746310726046429,96.0
2,nominal,98,2.5,200,0.8330011731918759,0.791251466489845,0.005180770109881148,0.9866523720457699,0.383938082513993,0.0018746310726046429,96.0
2,nominal,98,3.0,200,0.777619069927602,0.7220238374095024,0.009281537988651363,0.9866523720457699,0.383938082513993,0.0018746310726046429,96.0
2,nominal,98,3.5,200,0.7180317053708289,0.647539631713536,0.010786945966694413,0.9866523720457699,0.383938082513993,0.0018746310726046429,96.0
2,nominal,99,0.1,200,0.9901284798143735,0.9876605997679667,1.8530921269531909e-06,0.987914047588204,0.37706901309169605,0.0018257728364222106,96.0
2,nominal,99,0.25,200,0.9886218990857829,0.9857773738572285,1.0911828767967295e-05,0.987914047588204,0.37706901309169605,0.0018257728364222106,96.0
2,nominal,99,0.5,200,0.9825372007730778,0.9781715009663473,5.5879460279895786e-05,0.987914047588204,0.37706901309169605,0.0018257728364222106,96.0
2,nominal,99,0.75,200,0.9748178376013059,0.9685222970016324,0.00013530662837277232,0.987914047588204,0.37706901309169605,0.0018257728364222106,96.0
2,nominal,99,1.0,200,0.9618322178312187,0.9522902722890234,0.0003109164566054525,0.987914047588204,0.37706901309169605,0.0018257728364222106,96.0
2,nominal,99,1.25,200,0.9476899510233298,0.9346124387791622,0.0005955628946685191,0.987914047588204,0.37706901309169605,0.0018257728364222106,96.0
2,nominal,99,1.5,200,0.928022345451155,0.9100279318139437,0.0012780108373154936,0.987914047588204,0.37706901309169605,0.0018257728364222106,96.0
2,nominal,99,2.0,200,0.8872642098210671,0.8590802622763337,0.0026403273045089294,0.987914047588204,0.37706901309169605,0.0018257728364222106,96.0
2,nominal,99,2.5,200,0.833424775874807,0.7917809698435088,0.0051103104262366,0.987914047588204,0.37706901309169605,0.0018257728364222106,96.0
2,nominal,99,3.0,200,0.7778951221631305,0.722368902703913,0.009349108302028808,0.987914047588204,0.37706901309169605,0.0018257728364222106,96.0
2,nominal,99,3.5,200,0.7180107091542252,0.6475133864427814,0.01072619052191778,0.987914047588204,0.37706901309169605,0.0018257728364222106,96.0
2,nominal,100,0.1,200,0.9881672393986225,0.9852090492482779,2.337754309640757e-06,0.9854474734449653,0.39910134095687955,0.0018099343400372484,94.0
2,nominal,100,0.25,200,0.9866781960928255,0.9833477451160314,1.3936840116694284e-05,0.9854474734449653,0.39910134095687955,0.0018099343400372484,94.0
2,nominal,100,0.5,200,0.9804839373240182,0.9756049216550224,5.863255116705602e-05,0.9854474734449653,0.39910134095687955,0.0018099343400372484,94.0
2,nominal,100,0.75,200,0.9738882569178859,0.9673603211473574,0.00014375807231117873,0.9854474734449653,0.39910134095687955,0.0018099343400372484,94.0
2,nominal,100,1.0,200,0.9607182038731488,0.9508977548414359,0.0003007609226204718,0.9854474734449653,0.39910134095687955,0.0018099343400372484,94.0
2,nominal,100,1.25,200,0.9461314318262313,0.9326642897827889,0.00063405006200878,0.9854474734449653,0.39910134095687955,0.0018099343400372484,94.0
2,nominal,100,1.5,200,0.9290624513074951,0.9113280641343688,0.0012490995058716831,0.9854474734449653,0.39910134095687955,0.0018099343400372484,94.0
2,nominal,100,2.0,200,0.8865248141814114,0.8581560177267643,0.003201862286605479,0.9854474734449653,0.39910134095687955,0.0018099343400372484,94.0
2,nominal,100,2.5,200,0.836169725110231,0.7952121563877887,0.004791155556272243,0.9854474734449653,0.39910134095687955,0.0018099343400372484,94.0
2,nominal,100,3.0,200,0.7803692745634563,0.7254615932043204,0.0085602289388581,0.9854474734449653,0.39910134095687955,0.0018099343400372484,94.0
2,nominal,100,3.5,200,0.7195630547805834,0.6494538184757291,0.010423187992651772,0.9854474734449653,0.39910134095687955,0.0018099343400372484,94.0
3,noise,1,0.1,200,0.9953195349578691,0.9941494186973362,1.50875794792258e-06,0.9947763025962093,0.6400246709174169,0.00023661328289017173,180.0
3,noise,1,0.25,200,0.9921351439437335,0.9901689299296669,1.4249773272159163e-05,0.9947763025962093,0.6400246709174169,0.00023661328289017173,180.0
3,noise,1,0.5,200,0.9821251204085168,0.977656400510646,7.149971904268138e-05,0.9947763025962093,0.6400246709174169,0.00023661328289017173,180.0
3,noise,1,0.75,200,0.9663182795004914,0.9578978493756142,0.0002204440116654502,0.9947763025962093,0.6400246709174169,0.00023661328289017173,180.0
3,noise,1,1.0,200,0.9444991486148062,0.9306239357685078,0.0005824531244778423,0.9947763025962093,0.6400246709174169,0.00023661328289017173,180.0
3,noise,1,1.25,200,0.9140411651259058,0.8925514564073822,0.0017167488079078636,0.9947763025962093,0.6400246709174169,0.00023661328289017173,180.0
3,noise,1,1.5,200,0.8779350976055377,0.847418872006922,0.002783441243325495,0.9947763025962093,0.6400246709174169,0.00023661328289017173,180.0
3,noise,1,2.0,200,0.8102502122149299,0.7628127652686624,0.0071405315779449,0.9947763025962093,0.6400246709174169,0.00023661328289017173,180.0
3,noise,1,2.5,200,0.7338689156131911,0.6673361445164887,0.008546751080265756,0.9947763025962093,0.6400246709174169,0.00023661328289017173,180.0
3,noise,1,3.0,200,0.6399157358576424,0.5498946698220528,0.0171429733487387,0.9947763025962093,0.6400246709174169,0.00023661328289017173,180.0
3,noise,1,3.5,200,0.5630104659697193,0.4537630824621489,0.018648217056780353,0.9947763025962093,0.6400246709174169,0.00023661328289017173,180.0
3,noise,2,0.1,200,0.9731912428314289,0.9664890535392862,7.37774239213658e-06,0.9670686602092049,0.6551437035114205,0.0003615873179012196,180.0
3,noise,2,0.25,200,0.9698901423159058,0.9623626778948823,6.081307687048648e-05,0.9670686602092049,0.6551437035114205,0.0003615873179012196,180.0
3,noise,2,0.5,200,0.9606915874870829,0.9508644843588534,0.00019477539110465805,0.9670686602092049,0.6551437035114205,0.0003615873179012196,180.0
3,noise,2,0.75,200,0.9440151626744591,0.9300189533430736,0.0004596653691950735,0.9670686602092049,0.6551437035114205,0.0003615873179012196,180.0
3,noise,2,1.0,200,0.9231485847258272,0.9039357309072839,0.0009663921021396821,0.9670686602092049,0.6551437035114205,0.0003615873179012196,180.0
3,noise,2,1.25,200,0.8948232334581677,0.8685290418227095,0.0022670114074965545,0.9670686602092049,0.6551437035114205,0.0003615873179012196,180.0
3,noise,2,1.5,200,0.8560317243422308,0.8200396554277886,0.0033800705946748135,0.9670686602092049,0.6551437035114205,0.0003615873179012196,180.0
3,noise,2,2.0,200,0.7900336341753537,0.7375420427191919,0.008757433124224966,0.9670686602092049,0.6551437035114205,0.0003615873179012196,180.0
3,noise,2,2.5,200,0.7137098727142519,0.6421373408928147,0.009485584013814908,0.9670686602092049,0.6551437035114205,0.0003615873179012196,180.0
3,noise,2,3.0,200,0.6191652926492448,0.5239566158115558,0.017553714246645254,0.9670686602092049,0.6551437035114205,0.0003615873179012196,180.0
3,noise,2,3.5,200,0.5469942287016698,0.43374278587708714,0.018013287015868212,0.9670686602092049,0.6551437035114205,0.0003615873179012196,180.0
3,noise,3,0.1,200,0.9945878502121865,0.9932348127652331,1.1626775610172563e-06,0.9936217847738511,0.37464080604552863,0.0003009148802024194,124.0
3,noise,3,0.25,200,0.9924004776484721,0.9905005970605899,8.324619567156812e-06,0.9936217847738511,0.37464080604552863,0.0003009148802024194,124.0
3,noise,3,0.5,200,0.9854765499287894,0.9818456874109868,4.1674331988089534e-05,0.9936217847738511,0.37464080604552863,0.0003009148802024194,124.0
3,noise,3,0.75,200,0.9741443476815004,0.9676804346018753,0.0001362969145648189,0.9936217847738511,0.37464080604552863,0.0003009148802024194,124.0
3,noise,3,1.0,200,0.9591692102635835,0.9489615128294793,0.0003343689978598984,0.9936217847738511,0.37464080604552863,0.0003009148802024194,124.0
3,noise,3,1.25,200,0.9399330105671467,0.9249162632089333,0.0008504642248245118,0.9936217847738511,0.37464080604552863,0.0003009148802024194,124.0
3,noise,3,1.5,200,0.914600143244968,0.89325017905621,0.0014996614868647941,0.9936217847738511,0.37464080604552863,0.0003009148802024194,124.0
3,noise,3,2.0,200,0.8640378830111441,0.83004735376393,0.0038497149740426297,0.9936217847738511,0.37464080604552863,0.0003009148802024194,124.0
3,noise,3,2.5,200,0.7975441910012865,0.7469302387516079,0.00662848161041687,0.9936217847738511,0.37464080604552863,0.0003009148802024194,124.0
3,noise,3,3.0,200,0.7235074216431561,0.654384277053945,0.01162299458849584,0.9936217847738511,0.37464080604552863,0.0003009148802024194,124.0
3,noise,3,3.5,200,0.6561163240887984,0.5701454051109978,0.013314279139723122,0.9936217847738511,0.37464080604552863,0.0003009148802024194,124.0
3,noise,4,0.1,200,0.9959362425615936,0.9949203032019919,7.64445127894045e-07,0.9952713317307864,0.3907179599863852,0.0003104892713435245,108.0
3,noise,4,0.25,200,0.9942262647971085,0.9927828309963854,5.5879595314626955e-06,0.9952713317307864,0.3907179599863852,0.0003104892713435245,108.0
3,noise,4,0.5,200,0.9875800114390657,0.984475014298832,3.899710163564516e-05,0.9952713317307864,0.3907179599863852,0.0003104892713435245,108.0
3,noise,4,0.75,200,0.9788767699600158,0.9735959624500197,9.513341590113624e-05,0.9952713317307864,0.3907179599863852,0.0003104892713435245,108.0
3,noise,4,1.0,200,0.9632326790656873,0.9540408488321088,0.0002646741648272661,0.9952713317307864,0.3907179599863852,0.0003104892713435245,108.0
3,noise,4,1.25,200,0.9469455178280186,0.9336818972850232,0.0006041438477435747,0.9952713317307864,0.3907179599863852,0.0003104892713435245,108.0
3,noise,4,1.5,200,0.927821069361206,0.9097763367015074,0.0010777184254388839,0.9952713317307864,0.3907179599863852,0.0003104892713435245,108.0
3,noise,4,2.0,200,0.879655395159187,0.8495692439489835,0.0028105923594900534,0.9952713317307864,0.3907179599863852,0.0003104892713435245,108.0
3,noise,4,2.5,200,0.8251340645891789,0.7814175807364735,0.004992510344135253,0.9952713317307864,0.3907179599863852,0.0003104892713435245,108.0
3,noise,4,3.0,200,0.7546697594807288,0.693337199350911,0.010358069376519225,0.9952713317307864,0.3907179599863852,0.0003104892713435245,108.0
3,noise,4,3.5,200,0.6863055994689147,0.6078819993361434,0.012836361449457812,0.9952713317307864,0.3907179599863852,0.0003104892713435245,108.0
3,noise,5,0.1,200,0.9973658806679405,0.9967073508349256,4.2404697259303155e-07,0.9970470549612958,0.37475497394274737,0.00036194191898301215,102.0
3,noise,5,0.25,200,0.9957379866974159,0.9946724833717699,2.6484955701050867e-06,0.9970470549612958,0.37475497394274737,0.00036194191898301215,102.0
3,noise,5,0.5,200,0.9896517006772897,0.9870646258466118,2.4544434328194813e-05,0.9970470549612958,0.37475497394274737,0.00036194191898301215,102.0
3,noise,5,0.75,200,0.9813059600028716,0.9766324500035894,7.223721399930418e-05,0.9970470549612958,0.37475497394274737,0.00036194191898301215,102.0
3,noise,5,1.0,200,0.9680473157216355,0.9600591446520444,0.00019219470119308534,0.9970470549612958,0.37475497394274737,0.00036194191898301215,102.0
3,noise,5,1.25,200,0.9530283949343495,0.9412854936679367,0.00048760742039148154,0.9970470549612958,0.37475497394274737,0.00036194191898301215,102.0
3,noise,5,1.5,200,0.9324016223106444,0.9155020278883056,0.0011719660925948326,0.9970470549612958,0.37475497394274737,0.00036194191898301215,102.0
3,noise,5,2.0,200,0.8876441248898832,0.8595551561123541,0.002387904207888227,0.9970470549612958,0.37475497394274737,0.00036194191898301215,102.0
3,noise,5,2.5,200,0.8306517154251154,0.7883146442813943,0.005025715911549131,0.9970470549612958,0.37475497394274737,0.00036194191898301215,102.0
3,noise,5,3.0,200,0.7650223881218059,0.7062779851522575,0.009835488631888035,0.9970470549612958,0.37475497394274737,0.00036194191898301215,102.0
3,noise,5,3.5,200,0.7009205314728582,0.6261506643410726,0.01169001208479104,0.9970470549612958,0.37475497394274737,0.00036194191898301215,102.0
3,noise,6,0.1,200,0.9919872575456834,0.9899840719321042,1.5501831079503701e-06,0.9902918228716443,0.3691376570240813,0.00036674505321691555,102.0
3,noise,6,0.25,200,0.9905937794586092,0.9882422243232614,1.0733358527315289e-05,0.9902918228716443,0.3691376570240813,0.00036674505321691555,102.0
3,noise,6,0.5,200,0.9843225756608116,0.9804032195760142,4.550135537459841e-05,0.9902918228716443,0.3691376570240813,0.00036674505321691555,102.0
3,noise,6,0.75,200,0.9756787561933717,0.9695984452417147,0.00013038050425305612,0.9902918228716443,0.3691376570240813,0.00036674505321691555,102.0
3,noise,6,1.0,200,0.9635518714722734,0.9544398393403418,0.0003013606888768262,0.9902918228716443,0.3691376570240813,0.00036674505321691555,102.0
3,noise,6,1.25,200,0.9486626372469991,0.9358282965587488,0.0005898834056908156,0.9902918228716443,0.3691376570240813,0.00036674505321691555,102.0
3,noise,6,1.5,200,0.9283009983748669,0.9103762479685835,0.0013708467329033563,0.9902918228716443,0.3691376570240813,0.00036674505321691555,102.0
3,noise,6,2.0,200,0.8829684714895545,0.8537105893619432,0.002575935629708212,0.9902918228716443,0.3691376570240813,0.00036674505321691555,102.0
3,noise,6,2.5,200,0.8271399167173028,0.7839248958966284,0.005405876538287757,0.9902918228716443,0.3691376570240813,0.00036674505321691555,102.0
3,noise,6,3.0,200,0.763527454807738,0.7044093185096726,0.010307476557750574,0.9902918228716443,0.3691376570240813,0.00036674505321691555,102.0
3,noise,6,3.5,200,0.7008640691305695,0.6260800864132118,0.011668214945556138,0.9902918228716443,0.3691376570240813,0.00036674505321691555,102.0
3,noise,7,0.1,200,0.9939761835258221,0.9924702294072775,1.131796015332248e-06,0.992783275036543,0.3922676603010249,0.0003549387694165781,98.0
3,noise,7,0.25,200,0.9923787329464053,0.9904734161830067,7.356208006495425e-06,0.992783275036543,0.3922676603010249,0.0003549387694165781,98.0
3,noise,7,0.5,200,0.9863677529179615,0.9829596911474519,4.5164551874442985e-05,0.992783275036543,0.3922676603010249,0.0003549387694165781,98.0
3,noise,7,0.75,200,0.9786181506642656,0.9732726883303319,9.033964428717699e-05,0.992783275036543,0.3922676603010249,0.0003549387694165781,98.0
3,noise,7,1.0,200,0.9651752624029051,0.9564690780036313,0.0002565175097052695,0.992783275036543,0.3922676603010249,0.0003549387694165781,98.0
3,noise,7,1.25,200,0.9503196512248165,0.9378995640310207,0.0005208843818459208,0.992783275036543,0.3922676603010249,0.0003549387694165781,98.0
3,noise,7,1.5,200,0.9322546770093562,0.9153183462616952,0.0010482869978788469,0.992783275036543,0.3922676603010249,0.0003549387694165781,98.0
3,noise,7,2.0,200,0.8913505772207337,0.8641882215259167,0.0024868760650653314,0.992783275036543,0.3922676603010249,0.0003549387694165781,98.0
3,noise,7,2.5,200,0.8389015281662356,0.7986269102077946,0.004227999595227553,0.992783275036543,0.3922676603010249,0.0003549387694165781,98.0
3,noise,7,3.0,200,0.7737120006195958,0.7171400007744947,0.008904766240244532,0.992783275036543,0.3922676603010249,0.0003549387694165781,98.0
3,noise,7,3.5,200,0.7084341895904683,0.6355427369880853,0.012350685056851007,0.992783275036543,0.3922676603010249,0.0003549387694165781,98.0
3,noise,8,0.1,200,0.988604467750411,0.9857555846880136,2.150152816981763e-06,0.98605996682735,0.3805499284233895,0.0003979178111038228,98.0
3,noise,8,0.25,200,0.9871851851184218,0.9839814813980271,1.3966109192252218e-05,0.98605996682735,0.3805499284233895,0.0003979178111038228,98.0
3,noise,8,0.5,200,0.9811932854929588,0.9764916068661982,5.8131357896168406e-05,0.98605996682735,0.3805499284233895,0.0003979178111038228,98.0
3,noise,8,0.75,200,0.9726939502883454,0.9658674378604317,0.00014461375780408885,0.98605996682735,0.3805499284233895,0.0003979178111038228,98.0
3,noise,8,1.0,200,0.960587531845269,0.950734414806586,0.00037529953761365856,0.98605996682735,0.3805499284233895,0.0003979178111038228,98.0
3,noise,8,1.25,200,0.9459158648009774,0.9323948310012219,0.0006328416719399041,0.98605996682735,0.3805499284233895,0.0003979178111038228,98.0
3,noise,8,1.5,200,0.9278581210238315,0.9098226512797893,0.001175710180788901,0.98605996682735,0.3805499284233895,0.0003979178111038228,98.0
3,noise,8,2.0,200,0.8828941423495696,0.8536176779369617,0.0028668847934441464,0.98605996682735,0.3805499284233895,0.0003979178111038228,98.0
3,noise,8,2.5,200,0.8344610783151206,0.7930763478939008,0.004644772706495175,0.98605996682735,0.3805499284233895,0.0003979178111038228,98.0
3,noise,8,3.0,200,0.7683147352610126,0.7103934190762655,0.010289252979854963,0.98605996682735,0.3805499284233895,0.0003979178111038228,98.0
3,noise,8,3.5,200,0.709002711384044,0.636253389230055,0.012584167557901784,0.98605996682735,0.3805499284233895,0.0003979178111038228,98.0
3,noise,9,0.1,200,0.9892769393227602,0.9865961741534501,2.0250571556245983e-06,0.9868607609770051,0.3722685685425067,0.0003739338310649246,98.0
3,noise,9,0.25,200,0.9877014595052585,0.9846268243815731,1.2040227824095936e-05,0.9868607609770051,0.3722685685425067,0.0003739338310649246,98.0
3,noise,9,0.5,200,0.9814089826089742,0.9767612282612177,7.059418659460895e-05,0.9868607609770051,0.3722685685425067,0.0003739338310649246,98.0
3,noise,9,0.75,200,0.973945517261614,0.9674318965770174,0.00013033815965376143,0.9868607609770051,0.3722685685425067,0.0003739338310649246,98.0
3,noise,9,1.0,200,0.9607281313858224,0.9509101642322778,0.0003139572385300763,0.9868607609770051,0.3722685685425067,0.0003739338310649246,98.0
3,noise,9,1.25,200,0.9453621289025208,0.9317026611281511,0.0006402396358983481,0.9868607609770051,0.3722685685425067,0.0003739338310649246,98.0
3,noise,9,1.5,200,0.9275232886037792,0.9094041107547238,0.0012548892820562702,0.9868607609770051,0.3722685685425067,0.0003739338310649246,98.0
3,noise,9,2.0,200,0.8882838538909589,0.8603548173636986,0.002669795491818513,0.9868607609770051,0.3722685685425067,0.0003739338310649246,98.0
3,noise,9,2.5,200,0.8353328808423698,0.7941661010529621,0.004556873565971722,0.9868607609770051,0.3722685685425067,0.0003739338310649246,98.0
3,noise,9,3.0,200,0.771507373330103,0.7143842166626285,0.008988214405349929,0.9868607609770051,0.3722685685425067,0.0003739338310649246,98.0
3,noise,9,3.5,200,0.7056345520673065,0.6320431900841331,0.012689267199210702,0.9868607609770051,0.3722685685425067,0.0003739338310649246,98.0
3,noise,10,0.1,200,0.9857137386189351,0.9821421732736688,2.714709556882846e-06,0.9823935645896225,0.3923941879032935,0.0003965422191259621,98.0
3,noise,10,0.25,200,0.9843062334985154,0.9803827918731443,1.711002822805662e-05,0.9823935645896225,0.3923941879032935,0.0003965422191259621,98.0
3,noise,10,0.5,200,0.9779331563282634,0.9724164454103291,7.444911322043644e-05,0.9823935645896225,0.3923941879032935,0.0003965422191259621,98.0
3,noise,10,0.75,200,0.9698919350479284,0.9623649188099102,0.00017195044615900157,0.9823935645896225,0.3923941879032935,0.0003965422191259621,98.0
3,noise,10,1.0,200,0.9578140079163898,0.9472675098954869,0.00041638890918727534,0.9823935645896225,0.3923941879032935,0.0003965422191259621,98.0
3,noise,10,1.25,200,0.9424554803979568,0.9280693504974461,0.0007160120855554,0.9823935645896225,0.3923941879032935,0.0003965422191259621,98.0
3,noise,10,1.5,200,0.924678854064101,0.9058485675801262,0.001313854081881245,0.9823935645896225,0.3923941879032935,0.0003965422191259621,98.0
3,noise,10,2.0,200,0.8814829023045931,0.8518536278807415,0.002934812247358075,0.9823935645896225,0.3923941879032935,0.0003965422191259621,98.0
3,noise,10,2.5,200,0.8319682714273322,0.7899603392841652,0.004840557193415939,0.9823935645896225,0.3923941879032935,0.0003965422191259621,98.0
3,noise,10,3.0,200,0.7676959406554374,0.7096199258192968,0.010260134755491599,0.9823935645896225,0.3923941879032935,0.0003965422191259621,98.0
3,noise,10,3.5,200,0.7071085895180561,0.6338857368975699,0.012923958982517237,0.9823935645896225,0.3923941879032935,0.0003965422191259621,98.0
3,noise,11,0.1,200,0.9868547852356566,0.9835684815445705,2.7054626066630776e-06,0.9838805314017387,0.3672843254341046,0.0004029813744709066,96.0
3,noise,11,0.25,200,0.9853479766941482,0.9816849708676852,1.5193919035155973e-05,0.9838805314017387,0.3672843254341046,0.0004029813744709066,96.0
3,noise,11,0.5,200,0.9793474122321147,0.9741842652901431,7.590629324577227e-05,0.9838805314017387,0.3672843254341046,0.0004029813744709066,96.0
3,noise,11,0.75,200,0.9719373805831435,0.9649217257289296,0.00017182893327375638,0.9838805314017387,0.3672843254341046,0.0004029813744709066,96.0
3,noise,11,1.0,200,0.958147057526805,0.9476838219085062,0.000353505314185335,0.9838805314017387,0.3672843254341046,0.0004029813744709066,96.0
3,noise,11,1.25,200,0.9444851132654422,0.9306063915818024,0.000612482794869224,0.9838805314017387,0.3672843254341046,0.0004029813744709066,96.0
3,noise,11,1.5,200,0.9255396852888952,0.9069246066111188,0.001331954218159092,0.9838805314017387,0.3672843254341046,0.0004029813744709066,96.0
3,noise,11,2.0,200,0.8856102832362538,0.8570128540453171,0.0023652960396268706,0.9838805314017387,0.3672843254341046,0.0004029813744709066,96.0
3,noise,11,2.5,200,0.8318762807426222,0.7898453509282776,0.0048569471289549755,0.9838805314017387,0.3672843254341046,0.0004029813744709066,96.0
3,noise,11,3.0,200,0.7763849028858885,0.7204811286073604,0.009011834698523177,0.9838805314017387,0.3672843254341046,0.0004029813744709066,96.0
3,noise,11,3.5,200,0.7149032053980549,0.6436290067475684,0.010041681697957525,0.9838805314017387,0.3672843254341046,0.0004029813744709066,96.0
3,noise,12,0.1,200,0.9852467574185355,0.9815584467731692,2.7505991639250104e-06,0.9818357340976896,0.3740112503614026,0.0004103333529302784,98.0
3,noise,12,0.25,200,0.9838042234173067,0.9797552792716334,1.773363739477447e-05,0.9818357340976896,0.3740112503614026,0.0004103333529302784,98.0
3,noise,12,0.5,200,0.9777371764149871,0.9721714705187339,7.456403345147235e-05,0.9818357340976896,0.3740112503614026,0.0004103333529302784,98.0
3,noise,12,0.75,200,0.9694572796297409,0.9618215995371762,0.00017165424565877927,0.9818357340976896,0.3740112503614026,0.0004103333529302784,98.0
3,noise,12,1.0,200,0.9570941317140371,0.9463676646425462,0.00043356824744191684,0.9818357340976896,0.3740112503614026,0.0004103333529302784,98.0
3,noise,12,1.25,200,0.9426996170270799,0.9283745212838498,0.0007059222768985899,0.9818357340976896,0.3740112503614026,0.0004103333529302784,98.0
3,noise,12,1.5,200,0.9247334479486743,0.9059168099358429,0.001300361818159379,0.9818357340976896,0.3740112503614026,0.0004103333529302784,98.0
3,noise,12,2.0,200,0.8801827654412983,0.8502284568016227,0.003026257684958136,0.9818357340976896,0.3740112503614026,0.0004103333529302784,98.0
3,noise,12,2.5,200,0.8314440996530511,0.7893051245663136,0.004897111869633866,0.9818357340976896,0.3740112503614026,0.0004103333529302784,98.0
3,noise,12,3.0,200,0.7666787177603813,0.7083483972004765,0.010428268761258712,0.9818357340976896,0.3740112503614026,0.0004103333529302784,98.0
3,noise,12,3.5,200,0.7062790122532898,0.632848765316612,0.01266073312181153,0.9818357340976896,0.3740112503614026,0.0004103333529302784,98.0
3,noise,13,0.1,200,0.9840691595363694,0.9800864494204614,3.1131779628094166e-06,0.9803375397083662,0.3893584470358098,0.0004590342120861449,96.0
3,noise,13,0.25,200,0.9825563223148248,0.9781954028935311,1.7420512181328727e-05,0.9803375397083662,0.3893584470358098,0.0004590342120861449,96.0
3,noise,13,0.5,200,0.9763937105563394,0.9704921381954241,8.679288826827551e-05,0.9803375397083662,0.3893584470358098,0.0004590342120861449,96.0
3,noise,13,0.75,200,0.9690432617839542,0.9613040772299426,0.000194252580070149,0.9803375397083662,0.3893584470358098,0.0004590342120861449,96.0
3,noise,13,1.0,200,0.9552746572235343,0.944093321529418,0.0003896401148922185,0.9803375397083662,0.3893584470358098,0.0004590342120861449,96.0
3,noise,13,1.25,200,0.941529409869017,0.926911762336271,0.0006877669217565429,0.9803375397083662,0.3893584470358098,0.0004590342120861449,96.0
3,noise,13,1.5,200,0.9226885446708423,0.9033606808385525,0.0014391828921977128,0.9803375397083662,0.3893584470358098,0.0004590342120861449,96.0
3,noise,13,2.0,200,0.8826201180403159,0.8532751475503949,0.002613054267149353,0.9803375397083662,0.3893584470358098,0.0004590342120861449,96.0
3,noise,13,2.5,200,0.829087019360216,0.7863587742002701,0.005141305029618919,0.9803375397083662,0.3893584470358098,0.0004590342120861449,96.0
3,noise,13,3.0,200,0.7744056285674475,0.7180070357093093,0.00928161054831354,0.9803375397083662,0.3893584470358098,0.0004590342120861449,96.0
3,noise,13,3.5,200,0.7130954225789194,0.6413692782236491,0.010161381542019142,0.9803375397083662,0.3893584470358098,0.0004590342120861449,96.0
3,noise,14,0.1,200,0.9852884891831444,0.9816106114789305,2.7579181945413744e-06,0.9818261343466106,0.38803035354520865,0.0004985264154594022,94.0
3,noise,14,0.25,200,0.9838647458443367,0.9798309323054206,1.7487446252092842e-05,0.9818261343466106,0.38803035354520865,0.0004985264154594022,94.0
3,noise,14,0.5,200,0.9775277009863619,0.9719096262329525,7.175031107459731e-05,0.9818261343466106,0.38803035354520865,0.0004985264154594022,94.0
3,noise,14,0.75,200,0.9707901926124176,0.963487740765522,0.00016291820096138923,0.9818261343466106,0.38803035354520865,0.0004985264154594022,94.0
3,noise,14,1.0,200,0.95794351074065,0.9474293884258124,0.0003546710785280554,0.9818261343466106,0.38803035354520865,0.0004985264154594022,94.0
3,noise,14,1.25,200,0.9443056398758117,0.9303820498447647,0.000689581571197711,0.9818261343466106,0.38803035354520865,0.0004985264154594022,94.0
3,noise,14,1.5,200,0.9264119219897229,0.9080149024871537,0.0012975225939953698,0.9818261343466106,0.38803035354520865,0.0004985264154594022,94.0
3,noise,14,2.0,200,0.8829614062575282,0.8537017578219102,0.0033722505772675864,0.9818261343466106,0.38803035354520865,0.0004985264154594022,94.0
3,noise,14,2.5,200,0.8337717296860909,0.7922146621076138,0.005104058941333779,0.9818261343466106,0.38803035354520865,0.0004985264154594022,94.0
3,noise,14,3.0,200,0.7774617470410523,0.7218271838013153,0.008667111186226782,0.9818261343466106,0.38803035354520865,0.0004985264154594022,94.0
3,noise,14,3.5,200,0.7183004859573743,0.6478756074467175,0.010263790979845587,0.9818261343466106,0.38803035354520865,0.0004985264154594022,94.0
3,noise,15,0.1,200,0.8799989823750357,0.8499987279687943,3.211338370568353e-05,0.8501784128613806,1.8319765241099255,0.0010317209063369884,180.0
3,noise,15,0.25,200,0.8777424366312291,0.8471780457890364,0.0002412462395162899,0.8501784128613806,1.8319765241099255,0.0010317209063369884,180.0
3,noise,15,0.5,200,0.8667186106966032,0.8333982633707541,0.0008164233731522138,0.8501784128613806,1.8319765241099255,0.0010317209063369884,180.0
3,noise,15,0.75,200,0.8559991431174009,0.8199989288967509,0.0015845677202945413,0.8501784128613806,1.8319765241099255,0.0010317209063369884,180.0
3,noise,15,1.0,200,0.8372071391462017,0.796508923932752,0.0034303357649051337,0.8501784128613806,1.8319765241099255,0.0010317209063369884,180.0
3,noise,15,1.25,200,0.8062262735550461,0.7577828419438074,0.005977057993208009,0.8501784128613806,1.8319765241099255,0.0010317209063369884,180.0
3,noise,15,1.5,200,0.7845651318407203,0.7307064148009004,0.007429760722343914,0.8501784128613806,1.8319765241099255,0.0010317209063369884,180.0
3,noise,15,2.0,200,0.7287124097915992,0.6608905122394989,0.011866349092935628,0.8501784128613806,1.8319765241099255,0.0010317209063369884,180.0
3,noise,15,2.5,200,0.6617442562584127,0.5771803203230159,0.013016120516833474,0.8501784128613806,1.8319765241099255,0.0010317209063369884,180.0
3,noise,15,3.0,200,0.5884872089198437,0.48560901114980465,0.019874147472898215,0.8501784128613806,1.8319765241099255,0.0010317209063369884,180.0
3,noise,15,3.5,200,0.519455990210994,0.39931998776374245,0.021825550628887188,0.8501784128613806,1.8319765241099255,0.0010317209063369884,180.0
3,noise,16,0.1,200,0.9822443744243894,0.9778054680304865,3.3299469099772544e-06,0.9780455659817273,0.3954367585477071,0.0005444071084812042,98.0
3,noise,16,0.25,200,0.9806846572883505,0.975855821610438,2.1757580067628966e-05,0.9780455659817273,0.3954367585477071,0.0005444071084812042,98.0
3,noise,16,0.5,200,0.9741885320184362,0.9677356650230453,9.803488111974176e-05,0.9780455659817273,0.3954367585477071,0.0005444071084812042,98.0
3,noise,16,0.75,200,0.9669348478801842,0.9586685598502303,0.0001935044074329871,0.9780455659817273,0.3954367585477071,0.0005444071084812042,98.0
3,noise,16,1.0,200,0.9530875190918171,0.9413593988647712,0.0004745181862488786,0.9780455659817273,0.3954367585477071,0.0005444071084812042,98.0
3,noise,16,1.25,200,0.9388548291313378,0.923568536414172,0.0007932697268142924,0.9780455659817273,0.3954367585477071,0.0005444071084812042,98.0
3,noise,16,1.5,200,0.9217754101427016,0.9022192626783769,0.0013853644952395792,0.9780455659817273,0.3954367585477071,0.0005444071084812042,98.0
3,noise,16,2.0,200,0.8780035967787594,0.8475044959734492,0.0031681190701933347,0.9780455659817273,0.3954367585477071,0.0005444071084812042,98.0
3,noise,16,2.5,200,0.8278287495694813,0.7847859369618513,0.004876518063248453,0.9780455659817273,0.3954367585477071,0.0005444071084812042,98.0
3,noise,16,3.0,200,0.7662136406129391,0.7077670507661737,0.010014990334825084,0.9780455659817273,0.3954367585477071,0.0005444071084812042,98.0
3,noise,16,3.5,200,0.7018468686024806,0.6273085857531007,0.012947059889456578,0.9780455659817273,0.3954367585477071,0.0005444071084812042,98.0
3,noise,17,0.1,200,0.9873103869689395,0.9841379837111742,2.3534511948783526e-06,0.9843523149590262,0.3817531285722767,0.0005817978335893967,92.0
3,noise,17,0.25,200,0.9859168159658485,0.9823960199573104,1.3679326360421956e-05,0.9843523149590262,0.3817531285722767,0.0005817978335893967,92.0
3,noise,17,0.5,200,0.979677763042165,0.974597203802706,6.51988514434782e-05,0.9843523149590262,0.3817531285722767,0.0005817978335893967,92.0
3,noise,17,0.75,200,0.9726627143905312,0.9658283929881639,0.00015512587625466772,0.9843523149590262,0.3817531285722767,0.0005817978335893967,92.0
3,noise,17,1.0,200,0.9599381475271859,0.9499226844089822,0.00038024642304830563,0.9843523149590262,0.3817531285722767,0.0005817978335893967,92.0
3,noise,17,1.25,200,0.9463323660495333,0.9329154575619165,0.0005930117210597762,0.9843523149590262,0.3817531285722767,0.0005817978335893967,92.0
3,noise,17,1.5,200,0.9282397037009734,0.9102996296262166,0.0011778334049061985,0.9843523149590262,0.3817531285722767,0.0005817978335893967,92.0
3,noise,17,2.0,200,0.8872790043531545,0.8590987554414431,0.0025327646372288355,0.9843523149590262,0.3817531285722767,0.0005817978335893967,92.0
3,noise,17,2.5,200,0.838939282943795,0.7986741036797437,0.005535397054035762,0.9843523149590262,0.3817531285722767,0.0005817978335893967,92.0
3,noise,17,3.0,200,0.7780509129135502,0.7225636411419377,0.00820128377174722,0.9843523149590262,0.3817531285722767,0.0005817978335893967,92.0
3,noise,17,3.5,200,0.7228202556829032,0.6535253196036288,0.010323694888173189,0.9843523149590262,0.3817531285722767,0.0005817978335893967,92.0
3,noise,18,0.1,200,0.9824929107541165,0.9781161384426456,3.3125425252071415e-06,0.9783089442105946,0.39359477629298895,0.0006200871542065336,96.0
3,noise,18,0.25,200,0.9810017204548335,0.9762521505685416,1.9193079011759945e-05,0.9783089442105946,0.39359477629298895,0.0006200871542065336,96.0
3,noise,18,0.5,200,0.9747314848497237,0.9684143560621546,9.444548814756353e-05,0.9783089442105946,0.39359477629298895,0.0006200871542065336,96.0
3,noise,18,0.75,200,0.9673985827619582,0.9592482284524477,0.0002082056935790941,0.9783089442105946,0.39359477629298895,0.0006200871542065336,96.0
3,noise,18,1.0,200,0.9538011613534183,0.9422514516917727,0.0004427023886081951,0.9783089442105946,0.39359477629298895,0.0006200871542065336,96.0
3,noise,18,1.25,200,0.9400888892749905,0.9251111115937378,0.0007598689638790954,0.9783089442105946,0.39359477629298895,0.0006200871542065336,96.0
3,noise,18,1.5,200,0.921375753548368,0.9017196919354601,0.001503236081706063,0.9783089442105946,0.39359477629298895,0.0006200871542065336,96.0
3,noise,18,2.0,200,0.8802977055300517,0.8503721319125644,0.0029453650891001575,0.9783089442105946,0.39359477629298895,0.0006200871542065336,96.0
3,noise,18,2.5,200,0.8278695343292516,0.7848369179115644,0.005559380839562446,0.9783089442105946,0.39359477629298895,0.0006200871542065336,96.0
3,noise,18,3.0,200,0.7732494991673337,0.7165618739591672,0.009578996056769106,0.9783089442105946,0.39359477629298895,0.0006200871542065336,96.0
3,noise,18,3.5,200,0.712981687317489,0.6412271091468612,0.01064230788236949,0.9783089442105946,0.39359477629298895,0.0006200871542065336,96.0
3,noise,19,0.1,200,0.9884716077401496,0.9855895096751869,2.127905076011934e-06,0.9858302026371611,0.39528662912364154,0.0006428130307360678,92.0
3,noise,19,0.25,200,0.9870777414640998,0.9838471768301246,1.2447848751264732e-05,0.9858302026371611,0.39528662912364154,0.0006428130307360678,92.0
3,noise,19,0.5,200,0.9810600358847066,0.9763250448558832,6.004188120413636e-05,0.9858302026371611,0.39528662912364154,0.0006428130307360678,92.0
3,noise,19,0.75,200,0.9743838133073691,0.9679797666342117,0.00013798306626119615,0.9858302026371611,0.39528662912364154,0.0006428130307360678,92.0
3,noise,19,1.0,200,0.9611825321631816,0.9514781652039769,0.00033980082820218914,0.9858302026371611,0.39528662912364154,0.0006428130307360678,92.0
3,noise,19,1.25,200,0.94704622147132,0.93380777683915,0.0005561618470323455,0.9858302026371611,0.39528662912364154,0.0006428130307360678,92.0
3,noise,19,1.5,200,0.9297221346892681,0.912152668361585,0.001106915753805776,0.9858302026371611,0.39528662912364154,0.0006428130307360678,92.0
3,noise,19,2.0,200,0.8893986693348105,0.861748336668513,0.0024762979896645362,0.9858302026371611,0.39528662912364154,0.0006428130307360678,92.0
3,noise,19,2.5,200,0.8409281690933317,0.8011602113666645,0.005277716764257413,0.9858302026371611,0.39528662912364154,0.0006428130307360678,92.0
3,noise,19,3.0,200,0.7804274387304819,0.7255342984131025,0.008094348921391202,0.9858302026371611,0.39528662912364154,0.0006428130307360678,92.0
3,noise,19,3.5,200,0.7225186467457887,0.6531483084322359,0.010161211218628485,0.9858302026371611,0.39528662912364154,0.0006428130307360678,92.0
3,noise,20,0.1,200,0.9839313063380776,0.9799141329225968,4.384531553780615e-06,0.9803553208526565,0.8621303421485685,0.0012180731281964615,180.0
3,noise,20,0.25,200,0.9809030474839784,0.9761288093549731,3.89968667598366e-05,0.9803553208526565,0.8621303421485685,0.0012180731281964615,180.0
3,noise,20,0.5,200,0.9703620154472724,0.9629525193090904,0.00015882430413533186,0.9803553208526565,0.8621303421485685,0.0012180731281964615,180.0
3,noise,20,0.75,200,0.9562741396538481,0.9453426745673101,0.00039794359238073056,0.9803553208526565,0.8621303421485685,0.0012180731281964615,180.0
3,noise,20,1.0,200,0.9346624093138267,0.9183280116422832,0.0009993336915723775,0.9803553208526565,0.8621303421485685,0.0012180731281964615,180.0
3,noise,20,1.25,200,0.902040595309988,0.877550744137485,0.00241819246116012,0.9803553208526565,0.8621303421485685,0.0012180731281964615,180.0
3,noise,20,1.5,200,0.8710395506335455,0.8387994382919319,0.003511941200075256,0.9803553208526565,0.8621303421485685,0.0012180731281964615,180.0
3,noise,20,2.0,200,0.8056701102452246,0.7570876378065308,0.007534745135683803,0.9803553208526565,0.8621303421485685,0.0012180731281964615,180.0
3,noise,20,2.5,200,0.7312867705273276,0.6641084631591593,0.008867704053301569,0.9803553208526565,0.8621303421485685,0.0012180731281964615,180.0
3,noise,20,3.0,200,0.6414131905275128,0.551766488159391,0.018483453188788558,0.9803553208526565,0.8621303421485685,0.0012180731281964615,180.0
3,noise,20,3.5,200,0.5647605772733917,0.45595072159173955,0.02001230859156757,0.9803553208526565,0.8621303421485685,0.0012180731281964615,180.0
3,noise,21,0.1,200,0.9893785981123324,0.9867232476404155,1.9625939167952233e-06,0.9869725915600622,0.3905943752534996,0.000676978336717246,92.0
3,noise,21,0.25,200,0.9880032937916884,0.9850041172396102,1.1735624461637192e-05,0.9869725915600622,0.3905943752534996,0.000676978336717246,92.0
3,noise,21,0.5,200,0.9819946448221238,0.9774933060276547,5.665890452496474e-05,0.9869725915600622,0.3905943752534996,0.000676978336717246,92.0
3,noise,21,0.75,200,0.9751506264300431,0.9689382830375538,0.00013277248086431334,0.9869725915600622,0.3905943752534996,0.000676978336717246,92.0
3,noise,21,1.0,200,0.9621637065638723,0.9527046332048402,0.0003323148095262003,0.9869725915600622,0.3905943752534996,0.000676978336717246,92.0
3,noise,21,1.25,200,0.9481351756096411,0.9351689695120513,0.0005303728568484319,0.9869725915600622,0.3905943752534996,0.000676978336717246,92.0
3,noise,21,1.5,200,0.930608496060148,0.913260620075185,0.0010806902215813536,0.9869725915600622,0.3905943752534996,0.000676978336717246,92.0
3,noise,21,2.0,200,0.8900670799232849,0.8625838499041061,0.0024296517421565516,0.9869725915600622,0.3905943752534996,0.000676978336717246,92.0
3,noise,21,2.5,200,0.8418369015361442,0.8022961269201804,0.0052781833361310974,0.9869725915600622,0.3905943752534996,0.000676978336717246,92.0
3,noise,21,3.0,200,0.7809874463625079,0.7262343079531351,0.00809212617111289,0.9869725915600622,0.3905943752534996,0.000676978336717246,92.0
3,noise,21,3.5,200,0.7240298898876802,0.6550373623596002,0.010119025328636644,0.9869725915600622,0.3905943752534996,0.000676978336717246,92.0
3,noise,22,0.1,200,0.9827772678488025,0.9784715848110028,3.4252066822687175e-06,0.9787002511994295,0.3997484121540388,0.0007212743308167348,94.0
3,noise,22,0.25,200,0.9812952162928501,0.9766190203660625,2.0760961355751703e-05,0.9787002511994295,0.3997484121540388,0.0007212743308167348,94.0
3,noise,22,0.5,200,0.9749408362965742,0.9686760453707177,8.181173400087449e-05,0.9787002511994295,0.3997484121540388,0.0007212743308167348,94.0
3,noise,22,0.75,200,0.9688466669022504,0.9610583336278131,0.00019241732020939352,0.9787002511994295,0.3997484121540388,0.0007212743308167348,94.0
3,noise,22,1.0,200,0.9551387661637438,0.9439234577046798,0.0003886632788215325,0.9787002511994295,0.3997484121540388,0.0007212743308167348,94.0
3,noise,22,1.25,200,0.9408898336167382,0.9261122920209225,0.0007423285204267618,0.9787002511994295,0.3997484121540388,0.0007212743308167348,94.0
3,noise,22,1.5,200,0.9243362558159707,0.9054203197699633,0.0014026994292202595,0.9787002511994295,0.3997484121540388,0.0007212743308167348,94.0
3,noise,22,2.0,200,0.8822138885446957,0.8527673606808698,0.003485268345913409,0.9787002511994295,0.3997484121540388,0.0007212743308167348,94.0
3,noise,22,2.5,200,0.8322495254209894,0.7903119067762365,0.004916687822208736,0.9787002511994295,0.3997484121540388,0.0007212743308167348,94.0
3,noise,22,3.0,200,0.7779209456438423,0.7224011820548029,0.008609657308224286,0.9787002511994295,0.3997484121540388,0.0007212743308167348,94.0
3,noise,22,3.5,200,0.7164097470055568,0.6455121837569462,0.010641476677235927,0.9787002511994295,0.3997484121540388,0.0007212743308167348,94.0
3,noise,23,0.1,200,0.9861787522238938,0.9827234402798672,2.6126960564287415e-06,0.9829477963295048,0.3923520386342858,0.00072526384654686,92.0
3,noise,23,0.25,200,0.9848256950831467,0.9810321188539334,1.5363543369673375e-05,0.9829477963295048,0.3923520386342858,0.00072526384654686,92.0
3,noise,23,0.5,200,0.9786677237629751,0.9733346547037184,7.087321943100764e-05,0.9829477963295048,0.3923520386342858,0.00072526384654686,92.0
3,noise,23,0.75,200,0.9716243099804123,0.9645303874755151,0.00016499270895921358,0.9829477963295048,0.3923520386342858,0.00072526384654686,92.0
3,noise,23,1.0,200,0.9589271007906434,0.948658875988304,0.00040891990624189516,0.9829477963295048,0.3923520386342858,0.00072526384654686,92.0
3,noise,23,1.25,200,0.9452436915685658,0.9315546144607072,0.0005992488082224294,0.9829477963295048,0.3923520386342858,0.00072526384654686,92.0
3,noise,23,1.5,200,0.9275870274615774,0.9094837843269719,0.0012086141480530013,0.9829477963295048,0.3923520386342858,0.00072526384654686,92.0
3,noise,23,2.0,200,0.886332425726764,0.8579155321584545,0.0025886271055661743,0.9829477963295048,0.3923520386342858,0.00072526384654686,92.0
3,noise,23,2.5,200,0.8389030150459154,0.7986287688073938,0.005690589320162798,0.9829477963295048,0.3923520386342858,0.00072526384654686,92.0
3,noise,23,3.0,200,0.7780797806177389,0.7225997257721734,0.008360025052030902,0.9829477963295048,0.3923520386342858,0.00072526384654686,92.0
3,noise,23,3.5,200,0.7234393242660998,0.6542991553326247,0.010250114506517449,0.9829477963295048,0.3923520386342858,0.00072526384654686,92.0
3,noise,24,0.1,200,0.9848831132036378,0.9811038915045472,2.969006530107965e-06,0.98132906609974,0.39673811978900436,0.0007603760328498576,94.0
3,noise,24,0.25,200,0.9834076747698387,0.9792595934622984,1.81669367881419e-05,0.98132906609974,0.39673811978900436,0.0007603760328498576,94.0
3,noise,24,0.5,200,0.9771820268355906,0.9714775335444883,7.428221208154921e-05,0.98132906609974,0.39673811978900436,0.0007603760328498576,94.0
3,noise,24,0.75,200,0.97097014354203,0.9637126794275375,0.00017310787509436243,0.98132906609974,0.39673811978900436,0.0007603760328498576,94.0
3,noise,24,1.0,200,0.9571420946324406,0.9464276182905508,0.0003572432569277302,0.98132906609974,0.39673811978900436,0.0007603760328498576,94.0
3,noise,24,1.25,200,0.9428735989306221,0.9285919986632776,0.000689369660025444,0.98132906609974,0.39673811978900436,0.0007603760328498576,94.0
3,noise,24,1.5,200,0.9263336710106981,0.9079170887633726,0.0013175037295487715,0.98132906609974,0.39673811978900436,0.0007603760328498576,94.0
3,noise,24,2.0,200,0.8841053763397748,0.8551317204247184,0.0033600674026521902,0.98132906609974,0.39673811978900436,0.0007603760328498576,94.0
3,noise,24,2.5,200,0.8338030843241756,0.7922538554052193,0.004742086927079954,0.98132906609974,0.39673811978900436,0.0007603760328498576,94.0
3,noise,24,3.0,200,0.7792858901358681,0.7241073626698352,0.00837956645310086,0.98132906609974,0.39673811978900436,0.0007603760328498576,94.0
3,noise,24,3.5,200,0.7169903784623125,0.6462379730778907,0.010529008307937347,0.98132906609974,0.39673811978900436,0.0007603760328498576,94.0
3,noise,25,0.1,200,0.9847800319044764,0.9809750398805958,3.009204842924969e-06,0.9811842716221819,0.3964325546998566,0.0007812742456930428,94.0
3,noise,25,0.25,200,0.9833654555562572,0.9792068194453214,1.827016774866588e-05,0.9811842716221819,0.3964325546998566,0.0007812742456930428,94.0
3,noise,25,0.5,200,0.976990983010418,0.9712387287630224,7.309935765291304e-05,0.9811842716221819,0.3964325546998566,0.0007812742456930428,94.0
3,noise,25,0.75,200,0.9704839426884484,0.9631049283605604,0.00017154161703140567,0.9811842716221819,0.3964325546998566,0.0007812742456930428,94.0
3,noise,25,1.0,200,0.9576082821315876,0.9470103526644845,0.0003589483148328647,0.9811842716221819,0.3964325546998566,0.0007812742456930428,94.0
3,noise,25,1.25,200,0.9433539842856717,0.9291924803570896,0.0007257017863964738,0.9811842716221819,0.3964325546998566,0.0007812742456930428,94.0
3,noise,25,1.5,200,0.925815865570187,0.9072698319627338,0.0013318472128076137,0.9811842716221819,0.3964325546998566,0.0007812742456930428,94.0
3,noise,25,2.0,200,0.8834135699751166,0.8542669624688958,0.0034058832079422886,0.9811842716221819,0.3964325546998566,0.0007812742456930428,94.0
3,noise,25,2.5,200,0.833477888517,0.7918473606462498,0.0051394765692691,0.9811842716221819,0.3964325546998566,0.0007812742456930428,94.0
3,noise,25,3.0,200,0.7779684160447318,0.7224605200559148,0.008690084351730763,0.9811842716221819,0.3964325546998566,0.0007812742456930428,94.0
3,noise,25,3.5,200,0.7181823883859334,0.647727985482417,0.010392065694268052,0.9811842716221819,0.3964325546998566,0.0007812742456930428,94.0
3,noise,26,0.1,200,0.985274206803151,0.9815927585039387,2.9129511439620344e-06,0.9818188994428012,0.3856291503736481,0.0008135728535728004,94.0
3,noise,26,0.25,200,0.9838151465701878,0.9797689332127345,1.795194193151546e-05,0.9818188994428012,0.3856291503736481,0.0008135728535728004,94.0
3,noise,26,0.5,200,0.977545892462576,0.9719323655782199,7.171745256257527e-05,0.9818188994428012,0.3856291503736481,0.0008135728535728004,94.0
3,noise,26,0.75,200,0.9712664115073336,0.9640830143841669,0.00016894129085308414,0.9818188994428012,0.3856291503736481,0.0008135728535728004,94.0
3,noise,26,1.0,200,0.9577269800511626,0.9471587250639533,0.0003515813676405957,0.9818188994428012,0.3856291503736481,0.0008135728535728004,94.0
3,noise,26,1.25,200,0.9433897613123245,0.9292372016404056,0.0006838371832887247,0.9818188994428012,0.3856291503736481,0.0008135728535728004,94.0
3,noise,26,1.5,200,0.9266304880152876,0.9082881100191094,0.0013097529081859067,0.9818188994428012,0.3856291503736481,0.0008135728535728004,94.0
3,noise,26,2.0,200,0.8843181859735885,0.8553977324669852,0.00334474266229867,0.9818188994428012,0.3856291503736481,0.0008135728535728004,94.0
3,noise,26,2.5,200,0.8343067898320261,0.7928834872900328,0.0048152030691363205,0.9818188994428012,0.3856291503736481,0.0008135728535728004,94.0
3,noise,26,3.0,200,0.7795037427874156,0.7243796784842692,0.008442279768430249,0.9818188994428012,0.3856291503736481,0.0008135728535728004,94.0
3,noise,26,3.5,200,0.7178111050196394,0.6472638812745491,0.01046696377251269,0.9818188994428012,0.3856291503736481,0.0008135728535728004,94.0
3,noise,27,0.1,200,0.9837753572907503,0.9797191966134378,3.024753734647433e-06,0.9799518859881852,0.3940625683848504,0.0008830135950993248,98.0
3,noise,27,0.25,200,0.9822442842372224,0.9778053552965281,1.977762898812116e-05,0.9799518859881852,0.3940625683848504,0.0008830135950993248,98.0
3,noise,27,0.5,200,0.9757552041201536,0.9696940051501918,9.610619786979427e-05,0.9799518859881852,0.3940625683848504,0.0008830135950993248,98.0
3,noise,27,0.75,200,0.9685523561266631,0.9606904451583289,0.00017822132944126916,0.9799518859881852,0.3940625683848504,0.0008830135950993248,98.0
3,noise,27,1.0,200,0.9550662048635268,0.9438327560794084,0.0004340429288150802,0.9799518859881852,0.3940625683848504,0.0008830135950993248,98.0
3,noise,27,1.25,200,0.9402580110451242,0.9253225138064052,0.0007744165312287796,0.9799518859881852,0.3940625683848504,0.0008830135950993248,98.0
3,noise,27,1.5,200,0.9225921777089998,0.9032402221362497,0.0014051563855389416,0.9799518859881852,0.3940625683848504,0.0008830135950993248,98.0
3,noise,27,2.0,200,0.8821159327628175,0.8526449159535219,0.00300725825974734,0.9799518859881852,0.3940625683848504,0.0008830135950993248,98.0
3,noise,27,2.5,200,0.8304447121953175,0.7880558902441469,0.0049897752341432015,0.9799518859881852,0.3940625683848504,0.0008830135950993248,98.0
3,noise,27,3.0,200,0.7687721899209969,0.7109652374012461,0.009727310639893549,0.9799518859881852,0.3940625683848504,0.0008830135950993248,98.0
3,noise,27,3.5,200,0.7028812323593744,0.628601540449218,0.013134045304268184,0.9799518859881852,0.3940625683848504,0.0008830135950993248,98.0
3,noise,28,0.1,200,0.9873142751709767,0.9841428439637206,2.4341353079872105e-06,0.9844120746054963,0.37941140683051466,0.0009170872836538922,94.0
3,noise,28,0.25,200,0.9858232671061246,0.982279083882656,1.5301400967289524e-05,0.9844120746054963,0.37941140683051466,0.0009170872836538922,94.0
3,noise,28,0.5,200,0.9797028231279541,0.9746285289099426,6.274850239218154e-05,0.9844120746054963,0.37941140683051466,0.0009170872836538922,94.0
3,noise,28,0.75,200,0.9730944351419274,0.9663680439274092,0.0001496833162844551,0.9844120746054963,0.37941140683051466,0.0009170872836538922,94.0
3,noise,28,1.0,200,0.959472000497144,0.9493400006214298,0.0003173754515628122,0.9844120746054963,0.37941140683051466,0.0009170872836538922,94.0
3,noise,28,1.25,200,0.9456026023314243,0.9320032529142804,0.0006259507320691796,0.9844120746054963,0.37941140683051466,0.0009170872836538922,94.0
3,noise,28,1.5,200,0.9287543871160777,0.910942983895097,0.001263560757988168,0.9844120746054963,0.37941140683051466,0.0009170872836538922,94.0
3,noise,28,2.0,200,0.8859700965097759,0.8574626206372196,0.003212255392938701,0.9844120746054963,0.37941140683051466,0.0009170872836538922,94.0
3,noise,28,2.5,200,0.8364451322436672,0.7955564153045842,0.004661762520963414,0.9844120746054963,0.37941140683051466,0.0009170872836538922,94.0
3,noise,28,3.0,200,0.780515436903924,0.725644296129905,0.00848206451380442,0.9844120746054963,0.37941140683051466,0.0009170872836538922,94.0
3,noise,28,3.5,200,0.7197151568463225,0.649643946057903,0.010447670687545816,0.9844120746054963,0.37941140683051466,0.0009170872836538922,94.0
3,noise,29,0.1,200,0.9836412289009779,0.9795515361262224,3.0509832449267204e-06,0.9797934816506468,0.3928189663667297,0.000917428489658651,98.0
3,noise,29,0.25,200,0.9821802552200284,0.9777253190250357,2.0063053089519096e-05,0.9797934816506468,0.3928189663667297,0.000917428489658651,98.0
3,noise,29,0.5,200,0.9757775660405881,0.9697219575507349,8.953433729254359e-05,0.9797934816506468,0.3928189663667297,0.000917428489658651,98.0
3,noise,29,0.75,200,0.9681695499158327,0.9602119373947908,0.00018641163879328204,0.9797934816506468,0.3928189663667297,0.000917428489658651,98.0
3,noise,29,1.0,200,0.955335683359122,0.9441696041989025,0.0004501688088579714,0.9797934816506468,0.3928189663667297,0.000917428489658651,98.0
3,noise,29,1.25,200,0.94053024772868,0.9256628096608498,0.0007721004150800734,0.9797934816506468,0.3928189663667297,0.000917428489658651,98.0
3,noise,29,1.5,200,0.9226697171047452,0.9033371463809315,0.0014119100432888143,0.9797934816506468,0.3928189663667297,0.000917428489658651,98.0
3,noise,29,2.0,200,0.8804665532751811,0.8505831915939762,0.0030780810232952384,0.9797934816506468,0.3928189663667297,0.000917428489658651,98.0
3,noise,29,2.5,200,0.8299909255423824,0.7874886569279781,0.005083337450225058,0.9797934816506468,0.3928189663667297,0.000917428489658651,98.0
3,noise,29,3.0,200,0.7677491194629802,0.709686399328725,0.010265271542750289,0.9797934816506468,0.3928189663667297,0.000917428489658651,98.0
3,noise,29,3.5,200,0.7043596700447278,0.6304495875559093,0.01320739610959452,0.9797934816506468,0.3928189663667297,0.000917428489658651,98.0
3,noise,30,0.1,200,0.9858702915823065,0.9823378644778831,2.6375855332049946e-06,0.9825886807794115,0.39265041419321567,0.0009643219025430955,98.0
3,noise,30,0.25,200,0.9843592782628439,0.9804490978285546,1.7841190963122547e-05,0.9825886807794115,0.39265041419321567,0.0009643219025430955,98.0
3,noise,30,0.5,200,0.9779138038056424,0.9723922547570528,8.336458231312655e-05,0.9825886807794115,0.39265041419321567,0.0009643219025430955,98.0
3,noise,30,0.75,200,0.970561914007475,0.9632023925093436,0.00016453336414801178,0.9825886807794115,0.39265041419321567,0.0009643219025430955,98.0
3,noise,30,1.0,200,0.9571517070799791,0.9464396338499738,0.0004102718273258531,0.9825886807794115,0.39265041419321567,0.0009643219025430955,98.0
3,noise,30,1.25,200,0.9424346199956806,0.9280432749946006,0.0007214399637958627,0.9825886807794115,0.39265041419321567,0.0009643219025430955,98.0
3,noise,30,1.5,200,0.9247851950275117,0.9059814937843895,0.00132161892234713,0.9825886807794115,0.39265041419321567,0.0009643219025430955,98.0
3,noise,30,2.0,200,0.8827799166308209,0.8534748957885262,0.0029816889992621567,0.9825886807794115,0.39265041419321567,0.0009643219025430955,98.0
3,noise,30,2.5,200,0.8318218334066914,0.789777291758364,0.0048342572542030395,0.9825886807794115,0.39265041419321567,0.0009643219025430955,98.0
3,noise,30,3.0,200,0.7696008373192034,0.7120010466490042,0.0098571906310198,0.9825886807794115,0.39265041419321567,0.0009643219025430955,98.0
3,noise,30,3.5,200,0.7047841577746038,0.6309801972182547,0.013077700563292619,0.9825886807794115,0.39265041419321567,0.0009643219025430955,98.0
3,noise,31,0.1,200,0.9848893423322512,0.9811116779153138,2.796118486491035e-06,0.9813743236406623,0.39843868292550766,0.0010535590278964969,102.0
3,noise,31,0.25,200,0.9834086550931233,0.9792608188664041,1.7530883743722353e-05,0.9813743236406623,0.39843868292550766,0.0010535590278964969,102.0
3,noise,31,0.5,200,0.9765890587393774,0.9707363234242217,8.673151214606535e-05,0.9813743236406623,0.39843868292550766,0.0010535590278964969,102.0
3,noise,31,0.75,200,0.9690161776329869,0.9612702220412335,0.00019021772143159915,0.9813743236406623,0.39843868292550766,0.0010535590278964969,102.0
3,noise,31,1.0,200,0.9559488069758697,0.9449360087198372,0.00045101178719418757,0.9813743236406623,0.39843868292550766,0.0010535590278964969,102.0
3,noise,31,1.25,200,0.9406857527265498,0.9258571909081873,0.0008140096774271066,0.9813743236406623,0.39843868292550766,0.0010535590278964969,102.0
3,noise,31,1.5,200,0.9212912364568844,0.9016140455711052,0.001768108939016926,0.9813743236406623,0.39843868292550766,0.0010535590278964969,102.0
3,noise,31,2.0,200,0.8776070935724397,0.8470088669655496,0.003031287444461642,0.9813743236406623,0.39843868292550766,0.0010535590278964969,102.0
3,noise,31,2.5,200,0.8205552738504622,0.7756940923130776,0.0055555669778488415,0.9813743236406623,0.39843868292550766,0.0010535590278964969,102.0
3,noise,31,3.0,200,0.7596032696926445,0.6995040871158054,0.009671599526821272,0.9813743236406623,0.39843868292550766,0.0010535590278964969,102.0
3,noise,31,3.5,200,0.6943340295362871,0.6179175369203588,0.012165006768965364,0.9813743236406623,0.39843868292550766,0.0010535590278964969,102.0
3,noise,32,0.1,200,0.9848649737244968,0.9810812171556208,2.721644461409956e-06,0.981347822508292,0.39952476393420244,0.00108512008570076,102.0
3,noise,32,0.25,200,0.9833618467386037,0.9792023084232545,1.775504059686551e-05,0.981347822508292,0.39952476393420244,0.00108512008570076,102.0
3,noise,32,0.5,200,0.9765527310603943,0.9706909138254929,8.735710133010083e-05,0.981347822508292,0.39952476393420244,0.00108512008570076,102.0
3,noise,32,0.75,200,0.9690870876495187,0.9613588595618983,0.00019082163695940512,0.981347822508292,0.39952476393420244,0.00108512008570076,102.0
3,noise,32,1.0,200,0.955755948949723,0.9446949361871537,0.00045257080243711926,0.981347822508292,0.39952476393420244,0.00108512008570076,102.0
3,noise,32,1.25,200,0.9406749133586167,0.9258436416982709,0.0008043580706366485,0.981347822508292,0.39952476393420244,0.00108512008570076,102.0
3,noise,32,1.5,200,0.9213439681951864,0.9016799602439827,0.0017661447373007403,0.981347822508292,0.39952476393420244,0.00108512008570076,102.0
3,noise,32,2.0,200,0.8770669918725166,0.8463337398406453,0.0030523695325793986,0.981347822508292,0.39952476393420244,0.00108512008570076,102.0
3,noise,32,2.5,200,0.820620092556235,0.7757751156952937,0.005570320482732791,0.981347822508292,0.39952476393420244,0.00108512008570076,102.0
3,noise,32,3.0,200,0.7594430778647792,0.6993038473309742,0.009750329626949678,0.981347822508292,0.39952476393420244,0.00108512008570076,102.0
3,noise,32,3.5,200,0.6945554177085018,0.618194272135627,0.012131894366009628,0.981347822508292,0.39952476393420244,0.00108512008570076,102.0
3,noise,33,0.1,200,0.9845436982712634,0.9806796228390792,2.5485055433552407e-06,0.9808947238407856,0.39796905012879635,0.0009808312449535769,100.0
3,noise,33,0.25,200,0.9830799653537252,0.9788499566921562,1.905242013170996e-05,0.9808947238407856,0.39796905012879635,0.0009808312449535769,100.0
3,noise,33,0.5,200,0.9763427192826054,0.970428399103257,7.562520619836324e-05,0.9808947238407856,0.39796905012879635,0.0009808312449535769,100.0
3,noise,33,0.75,200,0.9687980872763113,0.960997609095389,0.00018237308414546658,0.9808947238407856,0.39796905012879635,0.0009808312449535769,100.0
3,noise,33,1.0,200,0.9546787064844846,0.9433483831056059,0.0004312963766778156,0.9808947238407856,0.39796905012879635,0.0009808312449535769,100.0
3,noise,33,1.25,200,0.939903750831883,0.9248796885398539,0.000935702899802903,0.9808947238407856,0.39796905012879635,0.0009808312449535769,100.0
3,noise,33,1.5,200,0.9208240309980522,0.9010300387475653,0.0014085038827928195,0.9808947238407856,0.39796905012879635,0.0009808312449535769,100.0
3,noise,33,2.0,200,0.8782557463066823,0.8478196828833526,0.0031901950584092005,0.9808947238407856,0.39796905012879635,0.0009808312449535769,100.0
3,noise,33,2.5,200,0.8259497184821349,0.7824371481026685,0.005373930466706155,0.9808947238407856,0.39796905012879635,0.0009808312449535769,100.0
3,noise,33,3.0,200,0.7679945917003345,0.7099932396254179,0.01062354163737194,0.9808947238407856,0.39796905012879635,0.0009808312449535769,100.0
3,noise,33,3.5,200,0.7025839884650227,0.6282299855812784,0.012169705807409288,0.9808947238407856,0.39796905012879635,0.0009808312449535769,100.0
3,noise,34,0.1,200,0.9858114006957139,0.9822642508696424,2.381827565188658e-06,0.9824904582253315,0.3908441664923552,0.001001269285832235,100.0
3,noise,34,0.25,200,0.9843641953935919,0.9804552442419898,1.7053015056882106e-05,0.9824904582253315,0.3908441664923552,0.001001269285832235,100.0
3,noise,34,0.5,200,0.9776877210581589,0.9721096513226984,6.873419496196634e-05,0.9824904582253315,0.3908441664923552,0.001001269285832235,100.0
3,noise,34,0.75,200,0.9701415928690253,0.9626769910862817,0.00016311489412037438,0.9824904582253315,0.3908441664923552,0.001001269285832235,100.0
3,noise,34,1.0,200,0.9562214951396548,0.9452768689245681,0.00039397897170772813,0.9824904582253315,0.3908441664923552,0.001001269285832235,100.0
3,noise,34,1.25,200,0.9409056331768719,0.9261320414710899,0.0009022572667852318,0.9824904582253315,0.3908441664923552,0.001001269285832235,100.0
3,noise,34,1.5,200,0.9215538985790034,0.9019423732237538,0.0013803461946902955,0.9824904582253315,0.3908441664923552,0.001001269285832235,100.0
3,noise,34,2.0,200,0.8805834103680831,0.8507292629601036,0.003093868145166917,0.9824904582253315,0.3908441664923552,0.001001269285832235,100.0
3,noise,34,2.5,200,0.8270704969806371,0.783838121225796,0.005219163043139161,0.9824904582253315,0.3908441664923552,0.001001269285832235,100.0
3,noise,34,3.0,200,0.7688269394886964,0.7110336743608707,0.01036504665073121,0.9824904582253315,0.3908441664923552,0.001001269285832235,100.0
3,noise,34,3.5,200,0.7030314930977603,0.6287893663722004,0.01198309265750626,0.9824904582253315,0.3908441664923552,0.001001269285832235,100.0
3,noise,35,0.1,200,0.9860127211714176,0.982515901464272,2.3414344684148643e-06,0.9827603864019705,0.39107652520900704,0.0010390590879366416,100.0
3,noise,35,0.25,200,0.9845034657923354,0.980629332240419,1.771908753877301e-05,0.9827603864019705,0.39107652520900704,0.0010390590879366416,100.0
3,noise,35,0.5,200,0.9778314456223214,0.9722893070279015,6.905023491992383e-05,0.9827603864019705,0.39107652520900704,0.0010390590879366416,100.0
3,noise,35,0.75,200,0.970481405717983,0.9631017571474786,0.00017553911717647724,0.9827603864019705,0.39107652520900704,0.0010390590879366416,100.0
3,noise,35,1.0,200,0.9558321232262753,0.9447901540328439,0.0003971214092587953,0.9827603864019705,0.39107652520900704,0.0010390590879366416,100.0
3,noise,35,1.25,200,0.9413426348052831,0.9266782935066038,0.000880367486263727,0.9827603864019705,0.39107652520900704,0.0010390590879366416,100.0
3,noise,35,1.5,200,0.9224309821559281,0.9030387276949101,0.0013450564166660745,0.9827603864019705,0.39107652520900704,0.0010390590879366416,100.0
3,noise,35,2.0,200,0.8801781065019836,0.8502226331274793,0.0031380484386050868,0.9827603864019705,0.39107652520900704,0.0010390590879366416,100.0
3,noise,35,2.5,200,0.8274885615464627,0.7843607019330782,0.005129260563194669,0.9827603864019705,0.39107652520900704,0.0010390590879366416,100.0
3,noise,35,3.0,200,0.7694887263189006,0.7118609078986259,0.010595541007206864,0.9827603864019705,0.39107652520900704,0.0010390590879366416,100.0
3,noise,35,3.5,200,0.7027224173233493,0.6284030216541866,0.012030452897209783,0.9827603864019705,0.39107652520900704,0.0010390590879366416,100.0
3,noise,36,0.1,200,0.98501021064918,0.9812627633114755,2.7934896178307584e-06,0.9815318963733485,0.38926946468866097,0.0010865937409936454,102.0
3,noise,36,0.25,200,0.9835688359091276,0.9794610448864093,1.9815689183486632e-05,0.9815318963733485,0.38926946468866097,0.0010865937409936454,102.0
3,noise,36,0.5,200,0.976760008546842,0.9709500106835524,7.889589586646816e-05,0.9815318963733485,0.38926946468866097,0.0010865937409936454,102.0
3,noise,36,0.75,200,0.9691821628493336,0.9614777035616667,0.00019908479521980904,0.9815318963733485,0.38926946468866097,0.0010865937409936454,102.0
3,noise,36,1.0,200,0.955972163586271,0.9449652044828385,0.0004440097640080367,0.9815318963733485,0.38926946468866097,0.0010865937409936454,102.0
3,noise,36,1.25,200,0.9411781481899496,0.9264726852374369,0.0007690078187463975,0.9815318963733485,0.38926946468866097,0.0010865937409936454,102.0
3,noise,36,1.5,200,0.9221645140659739,0.9027056425824673,0.001728981536483118,0.9815318963733485,0.38926946468866097,0.0010865937409936454,102.0
3,noise,36,2.0,200,0.8755021482538847,0.844377685317356,0.003136727935966671,0.9815318963733485,0.38926946468866097,0.0010865937409936454,102.0
3,noise,36,2.5,200,0.8202648175130816,0.7753310218913518,0.0056469705154732685,0.9815318963733485,0.38926946468866097,0.0010865937409936454,102.0
3,noise,36,3.0,200,0.7598008509201196,0.6997510636501494,0.010117257723851374,0.9815318963733485,0.38926946468866097,0.0010865937409936454,102.0
3,noise,36,3.5,200,0.6953580890160321,0.6191976112700402,0.012267571326653624,0.9815318963733485,0.38926946468866097,0.0010865937409936454,102.0
3,noise,37,0.1,200,0.9847887977658192,0.980985997207274,2.87165857912387e-06,0.9812266193560808,0.39555118682343016,0.0010627148489894826,102.0
3,noise,37,0.25,200,0.9833471972591827,0.9791839965739783,1.6713166519472748e-05,0.9812266193560808,0.39555118682343016,0.0010627148489894826,102.0
3,noise,37,0.5,200,0.9765182390830157,0.9706477988537696,8.293716044485491e-05,0.9812266193560808,0.39555118682343016,0.0010627148489894826,102.0
3,noise,37,0.75,200,0.9685956580306798,0.9607445725383498,0.0001866096100395054,0.9812266193560808,0.39555118682343016,0.0010627148489894826,102.0
3,noise,37,1.0,200,0.9561552971636424,0.9451941214545527,0.0004496599996925195,0.9812266193560808,0.39555118682343016,0.0010627148489894826,102.0
3,noise,37,1.25,200,0.9404228534420546,0.9255285668025682,0.0008210350585064227,0.9812266193560808,0.39555118682343016,0.0010627148489894826,102.0
3,noise,37,1.5,200,0.9209708844860827,0.9012136056076033,0.0017761157669452842,0.9812266193560808,0.39555118682343016,0.0010627148489894826,102.0
3,noise,37,2.0,200,0.8775399453320291,0.8469249316650361,0.0030100116602871894,0.9812266193560808,0.39555118682343016,0.0010627148489894826,102.0
3,noise,37,2.5,200,0.819706849146066,0.7746335614325823,0.005646507988219784,0.9812266193560808,0.39555118682343016,0.0010627148489894826,102.0
3,noise,37,3.0,200,0.758854485264582,0.6985681065807273,0.009730772334616639,0.9812266193560808,0.39555118682343016,0.0010627148489894826,102.0
3,noise,37,3.5,200,0.6937313811440373,0.6171642264300465,0.012131961998604725,0.9812266193560808,0.39555118682343016,0.0010627148489894826,102.0
3,noise,38,0.1,200,0.9840334891821998,0.9800418614777496,3.39965562581516e-06,0.9803039545051256,0.39942102006322966,0.0010611683828789093,108.0
3,noise,38,0.25,200,0.982538973876467,0.9781737173455837,2.2608273262915006e-05,0.9803039545051256,0.39942102006322966,0.0010611683828789093,108.0
3,noise,38,0.5,200,0.9750698154095411,0.9688372692619263,9.733008086878696e-05,0.9803039545051256,0.39942102006322966,0.0010611683828789093,108.0
3,noise,38,0.75,200,0.9666797081778887,0.958349635222361,0.00021294971102469486,0.9803039545051256,0.39942102006322966,0.0010611683828789093,108.0
3,noise,38,1.0,200,0.9513350687238191,0.9391688359047738,0.0004944109774047594,0.9803039545051256,0.39942102006322966,0.0010611683828789093,108.0
3,noise,38,1.25,200,0.9356344448797099,0.9195430560996372,0.0009145633870290329,0.9803039545051256,0.39942102006322966,0.0010611683828789093,108.0
3,noise,38,1.5,200,0.916899574893869,0.8961244686173362,0.0015574232544491656,0.9803039545051256,0.39942102006322966,0.0010611683828789093,108.0
3,noise,38,2.0,200,0.8697723571707269,0.8372154464634085,0.003502435021062329,0.9803039545051256,0.39942102006322966,0.0010611683828789093,108.0
3,noise,38,2.5,200,0.8149885809236426,0.768735726154553,0.005990729268532398,0.9803039545051256,0.39942102006322966,0.0010611683828789093,108.0
3,noise,38,3.0,200,0.748776397041926,0.6859704963024075,0.01171945048604788,0.9803039545051256,0.39942102006322966,0.0010611683828789093,108.0
3,noise,38,3.5,200,0.6821903251831611,0.6027379064789514,0.012954994737343437,0.9803039545051256,0.39942102006322966,0.0010611683828789093,108.0
3,noise,39,0.1,200,0.9855667081443695,0.9819583851804617,2.68817597693697e-06,0.9821740081810283,0.39159040594873223,0.0010187685525711928,98.0
3,noise,39,0.25,200,0.9840291061850182,0.9800363827312728,1.6724666193934237e-05,0.9821740081810283,0.39159040594873223,0.0010187685525711928,98.0
3,noise,39,0.5,200,0.9775110974541628,0.9718888718177034,8.52461134120604e-05,0.9821740081810283,0.39159040594873223,0.0010187685525711928,98.0
3,noise,39,0.75,200,0.9701146474967356,0.9626433093709196,0.0001656485324154701,0.9821740081810283,0.39159040594873223,0.0010187685525711928,98.0
3,noise,39,1.0,200,0.956826971464267,0.9460337143303335,0.000406458029728579,0.9821740081810283,0.39159040594873223,0.0010187685525711928,98.0
3,noise,39,1.25,200,0.941795214659112,0.92724401832389,0.0007425641087686007,0.9821740081810283,0.39159040594873223,0.0010187685525711928,98.0
3,noise,39,1.5,200,0.9239249359044049,0.9049061698805062,0.0013550906923519843,0.9821740081810283,0.39159040594873223,0.0010187685525711928,98.0
3,noise,39,2.0,200,0.8826632302375658,0.8533290377969572,0.0030272606920289536,0.9821740081810283,0.39159040594873223,0.0010187685525711928,98.0
3,noise,39,2.5,200,0.8308252141374614,0.7885315176718268,0.004980703024903336,0.9821740081810283,0.39159040594873223,0.0010187685525711928,98.0
3,noise,39,3.0,200,0.7691131692978622,0.7113914616223278,0.009935910163960372,0.9821740081810283,0.39159040594873223,0.0010187685525711928,98.0
3,noise,39,3.5,200,0.7034800355041706,0.6293500443802131,0.013294805075519816,0.9821740081810283,0.39159040594873223,0.0010187685525711928,98.0
3,noise,40,0.1,200,0.9857071636436148,0.9821339545545186,2.843737874017022e-06,0.9823899986160057,0.39035037444472087,0.001090013214398818,104.0
3,noise,40,0.25,200,0.9842033637271079,0.9802542046588849,1.9464193397915872e-05,0.9823899986160057,0.39035037444472087,0.001090013214398818,104.0
3,noise,40,0.5,200,0.9774371916354643,0.9717964895443302,7.39908408156441e-05,0.9823899986160057,0.39035037444472087,0.001090013214398818,104.0
3,noise,40,0.75,200,0.9683379445913065,0.9604224307391328,0.0002235704060725585,0.9823899986160057,0.39035037444472087,0.001090013214398818,104.0
3,noise,40,1.0,200,0.9542069868063603,0.9427587335079505,0.00046377639282244883,0.9823899986160057,0.39035037444472087,0.001090013214398818,104.0
3,noise,40,1.25,200,0.9409325451212166,0.9261656814015207,0.0008121697834982448,0.9823899986160057,0.39035037444472087,0.001090013214398818,104.0
3,noise,40,1.5,200,0.9201986941246839,0.9002483676558549,0.0015879667162815316,0.9823899986160057,0.39035037444472087,0.001090013214398818,104.0
3,noise,40,2.0,200,0.872321951461678,0.8404024393270972,0.0036604435439262905,0.9823899986160057,0.39035037444472087,0.001090013214398818,104.0
3,noise,40,2.5,200,0.8218431435240299,0.7773039294050375,0.0050069383963502,0.9823899986160057,0.39035037444472087,0.001090013214398818,104.0
3,noise,40,3.0,200,0.7599410367081589,0.6999262958851986,0.010882579985156418,0.9823899986160057,0.39035037444472087,0.001090013214398818,104.0
3,noise,40,3.5,200,0.6956142619662059,0.6195178274577573,0.011696520525204868,0.9823899986160057,0.39035037444472087,0.001090013214398818,104.0
3,noise,41,0.1,200,0.9858697732325861,0.9823372165407327,2.658400678918576e-06,0.9825670912611087,0.3966127783840533,0.000994124893304145,98.0
3,noise,41,0.25,200,0.9843927591960937,0.980490948995117,1.6003568034578365e-05,0.9825670912611087,0.3966127783840533,0.000994124893304145,98.0
3,noise,41,0.5,200,0.9779049980982549,0.9723812476228184,8.088538753890324e-05,0.9825670912611087,0.3966127783840533,0.000994124893304145,98.0
3,noise,41,0.75,200,0.9703260993903924,0.9629076242379903,0.00016526757152065128,0.9825670912611087,0.3966127783840533,0.000994124893304145,98.0
3,noise,41,1.0,200,0.9575668840250624,0.9469586050313279,0.00040346912024698923,0.9825670912611087,0.3966127783840533,0.000994124893304145,98.0
3,noise,41,1.25,200,0.9424499222771472,0.9280624028464339,0.0007385681392052748,0.9825670912611087,0.3966127783840533,0.000994124893304145,98.0
3,noise,41,1.5,200,0.9242791926658454,0.9053489908323068,0.0013719200496165702,0.9825670912611087,0.3966127783840533,0.000994124893304145,98.0
3,noise,41,2.0,200,0.8830144726218472,0.8537680907773089,0.003013160014590951,0.9825670912611087,0.3966127783840533,0.000994124893304145,98.0
3,noise,41,2.5,200,0.8313970623376131,0.7892463279220162,0.005029187178936708,0.9825670912611087,0.3966127783840533,0.000994124893304145,98.0
3,noise,41,3.0,200,0.7692958230107212,0.7116197787634014,0.010044378528472142,0.9825670912611087,0.3966127783840533,0.000994124893304145,98.0
3,noise,41,3.5,200,0.7049480407587531,0.6311850509484414,0.01325305790095851,0.9825670912611087,0.3966127783840533,0.000994124893304145,98.0
3,noise,42,0.1,200,0.9860344947077888,0.9825431183847361,2.6362137047825767e-06,0.9828202691210732,0.38991971354689225,0.0010928492914086697,102.0
3,noise,42,0.25,200,0.9846313802799993,0.9807892253499989,1.6233145475593708e-05,0.9828202691210732,0.38991971354689225,0.0010928492914086697,102.0
3,noise,42,0.5,200,0.97779985792778,0.9722498224097251,7.791287949878634e-05,0.9828202691210732,0.38991971354689225,0.0010928492914086697,102.0
3,noise,42,0.75,200,0.970042299753121,0.9625528746914013,0.00017983114525493233,0.9828202691210732,0.38991971354689225,0.0010928492914086697,102.0
3,noise,42,1.0,200,0.9571934678098677,0.9464918347623344,0.00042965876017630203,0.9828202691210732,0.38991971354689225,0.0010928492914086697,102.0
3,noise,42,1.25,200,0.9418315668479962,0.9272894585599949,0.000775518239769589,0.9828202691210732,0.38991971354689225,0.0010928492914086697,102.0
3,noise,42,1.5,200,0.92264712473095,0.9033089059136876,0.0017281933994066174,0.9828202691210732,0.38991971354689225,0.0010928492914086697,102.0
3,noise,42,2.0,200,0.8780226423550034,0.8475283029437546,0.0030104534245622592,0.9828202691210732,0.38991971354689225,0.0010928492914086697,102.0
3,noise,42,2.5,200,0.8211494968872984,0.7764368711091226,0.0056199103283317,0.9828202691210732,0.38991971354689225,0.0010928492914086697,102.0
3,noise,42,3.0,200,0.759925154211664,0.6999064427645798,0.009916454292010315,0.9828202691210732,0.38991971354689225,0.0010928492914086697,102.0
3,noise,42,3.5,200,0.6946736487193719,0.6183420608992146,0.012228024957223492,0.9828202691210732,0.38991971354689225,0.0010928492914086697,102.0
3,noise,43,0.1,200,0.9876818623301038,0.9846023279126294,2.248832364629914e-06,0.9848387251712319,0.39891766921934557,0.001061840891191007,98.0
3,noise,43,0.25,200,0.9861787339935063,0.982723417491883,1.35542142978712e-05,0.9848387251712319,0.39891766921934557,0.001061840891191007,98.0
3,noise,43,0.5,200,0.979767698573687,0.9747096232171084,7.215673796016453e-05,0.9848387251712319,0.39891766921934557,0.001061840891191007,98.0
3,noise,43,0.75,200,0.9721632765427771,0.9652040956784717,0.00014699317664127414,0.9848387251712319,0.39891766921934557,0.001061840891191007,98.0
3,noise,43,1.0,200,0.9592616831520657,0.949077103940082,0.00036623076599160705,0.9848387251712319,0.39891766921934557,0.001061840891191007,98.0
3,noise,43,1.25,200,0.9441015780806519,0.930126972600815,0.0006914251200827229,0.9848387251712319,0.39891766921934557,0.001061840891191007,98.0
3,noise,43,1.5,200,0.9257334951009972,0.9071668688762463,0.001294306981654825,0.9848387251712319,0.39891766921934557,0.001061840891191007,98.0
3,noise,43,2.0,200,0.884768735747782,0.8559609196847279,0.002941561884520511,0.9848387251712319,0.39891766921934557,0.001061840891191007,98.0
3,noise,43,2.5,200,0.832518649418919,0.7906483117736485,0.004908526906387728,0.9848387251712319,0.39891766921934557,0.001061840891191007,98.0
3,noise,43,3.0,200,0.7700573389620725,0.7125716737025906,0.009942104722488241,0.9848387251712319,0.39891766921934557,0.001061840891191007,98.0
3,noise,43,3.5,200,0.7053067963843956,0.6316334954804947,0.013249951608565555,0.9848387251712319,0.39891766921934557,0.001061840891191007,98.0
3,noise,44,0.1,200,0.9855365214133557,0.9819206517666944,2.7069503742535164e-06,0.982209560096781,0.39361923992760595,0.0010854027519739387,102.0
3,noise,44,0.25,200,0.9840795764751983,0.9800994705939979,1.7367234833701196e-05,0.982209560096781,0.39361923992760595,0.0010854027519739387,102.0
3,noise,44,0.5,200,0.9772554309118853,0.9715692886398568,8.182748800206768e-05,0.982209560096781,0.39361923992760595,0.0010854027519739387,102.0
3,noise,44,0.75,200,0.9698318871692337,0.9622898589615418,0.0001890850109298807,0.982209560096781,0.39361923992760595,0.0010854027519739387,102.0
3,noise,44,1.0,200,0.9564059296649502,0.9455074120811878,0.00043662311162390405,0.982209560096781,0.39361923992760595,0.0010854027519739387,102.0
3,noise,44,1.25,200,0.9413929553615852,0.9267411942019814,0.0007876172714834026,0.982209560096781,0.39361923992760595,0.0010854027519739387,102.0
3,noise,44,1.5,200,0.9223076686731337,0.9028845858414171,0.0017374038051894318,0.982209560096781,0.39361923992760595,0.0010854027519739387,102.0
3,noise,44,2.0,200,0.8771840344490583,0.846480043061323,0.003099006373723806,0.982209560096781,0.39361923992760595,0.0010854027519739387,102.0
3,noise,44,2.5,200,0.8209221078600106,0.7761526348250133,0.005596319059912524,0.982209560096781,0.39361923992760595,0.0010854027519739387,102.0
3,noise,44,3.0,200,0.7596688372119248,0.6995860465149059,0.009959216865272218,0.982209560096781,0.39361923992760595,0.0010854027519739387,102.0
3,noise,44,3.5,200,0.6945553330221172,0.6181941662776463,0.01230909201805832,0.982209560096781,0.39361923992760595,0.0010854027519739387,102.0
3,noise,45,0.1,200,0.9856490333467836,0.9820612916834796,2.634279712354457e-06,0.9823893185617246,0.3989294776510742,0.001129815408501082,102.0
3,noise,45,0.25,200,0.9842153481481187,0.980269185185148,1.7981753065928412e-05,0.9823893185617246,0.3989294776510742,0.001129815408501082,102.0
3,noise,45,0.5,200,0.9775009772788533,0.9718762215985665,8.143833564055923e-05,0.9823893185617246,0.3989294776510742,0.001129815408501082,102.0
3,noise,45,0.75,200,0.9702357453627042,0.9627946817033801,0.00018613919864420649,0.9823893185617246,0.3989294776510742,0.001129815408501082,102.0
3,noise,45,1.0,200,0.9566313289810249,0.9457891612262812,0.00042775280438688766,0.9823893185617246,0.3989294776510742,0.001129815408501082,102.0
3,noise,45,1.25,200,0.9419805525527973,0.9274756906909966,0.0007685022028993592,0.9823893185617246,0.3989294776510742,0.001129815408501082,102.0
3,noise,45,1.5,200,0.9227774411059487,0.903471801382436,0.0017101522601189218,0.9823893185617246,0.3989294776510742,0.001129815408501082,102.0
3,noise,45,2.0,200,0.8781990228941213,0.8477487786176519,0.0030381200773274743,0.9823893185617246,0.3989294776510742,0.001129815408501082,102.0
3,noise,45,2.5,200,0.8225692028818617,0.778211503602327,0.0054630290587107284,0.9823893185617246,0.3989294776510742,0.001129815408501082,102.0
3,noise,45,3.0,200,0.7610604163055088,0.7013255203818858,0.00986324198942754,0.9823893185617246,0.3989294776510742,0.001129815408501082,102.0
3,noise,45,3.5,200,0.696303318129939,0.6203791476624236,0.012237227733971113,0.9823893185617246,0.3989294776510742,0.001129815408501082,102.0
3,noise,46,0.1,200,0.9891010707393731,0.9863763384242162,1.9880440297030515e-06,0.9866736866640449,0.3818331967484109,0.0011222771831074937,98.0
3,noise,46,0.25,200,0.9876421984684829,0.9845527480856038,1.3513366718287672e-05,0.9866736866640449,0.3818331967484109,0.0011222771831074937,98.0
3,noise,46,0.5,200,0.9812751306905292,0.9765939133631618,6.397770577686722e-05,0.9866736866640449,0.3818331967484109,0.0011222771831074937,98.0
3,noise,46,0.75,200,0.9737996316694906,0.9672495395868633,0.00013375308395362437,0.9866736866640449,0.3818331967484109,0.0011222771831074937,98.0
3,noise,46,1.0,200,0.9605860016530356,0.9507325020662943,0.0003590578523374196,0.9866736866640449,0.3818331967484109,0.0011222771831074937,98.0
3,noise,46,1.25,200,0.9460405397016832,0.9325506746271037,0.0006372217007048372,0.9866736866640449,0.3818331967484109,0.0011222771831074937,98.0
3,noise,46,1.5,200,0.9280093033934984,0.910011629241873,0.001214097268934183,0.9866736866640449,0.3818331967484109,0.0011222771831074937,98.0
3,noise,46,2.0,200,0.8853689393185237,0.8567111741481546,0.0028577318388960495,0.9866736866640449,0.3818331967484109,0.0011222771831074937,98.0
3,noise,46,2.5,200,0.8348929862268056,0.7936162327835069,0.0046215618937227,0.9866736866640449,0.3818331967484109,0.0011222771831074937,98.0
3,noise,46,3.0,200,0.7716067893737915,0.7145084867172392,0.009793079585292939,0.9866736866640449,0.3818331967484109,0.0011222771831074937,98.0
3,noise,46,3.5,200,0.7078908904070594,0.6348636130088243,0.012990251627773421,0.9866736866640449,0.3818331967484109,0.0011222771831074937,98.0
3,noise,47,0.1,200,0.988099133181624,0.98512391647703,2.2053135291180664e-06,0.9854196739216088,0.3932807474658664,0.0011210594873223107,96.0
3,noise,47,0.25,200,0.9866233063997059,0.983279132999632,1.1691374495308721e-05,0.9854196739216088,0.3932807474658664,0.0011210594873223107,96.0
3,noise,47,0.5,200,0.9804478224862099,0.9755597781077623,6.628560209623196e-05,0.9854196739216088,0.3932807474658664,0.0011210594873223107,96.0
3,noise,47,0.75,200,0.9731422285706371,0.9664277857132965,0.00015272804931348093,0.9854196739216088,0.3932807474658664,0.0011210594873223107,96.0
3,noise,47,1.0,200,0.9599295423862986,0.949911927982873,0.00032377543323947484,0.9854196739216088,0.3932807474658664,0.0011210594873223107,96.0
3,noise,47,1.25,200,0.9455954202533537,0.9319942753166923,0.0006339857294807085,0.9854196739216088,0.3932807474658664,0.0011210594873223107,96.0
3,noise,47,1.5,200,0.9260397632062743,0.9075497040078429,0.0013652509031251607,0.9854196739216088,0.3932807474658664,0.0011210594873223107,96.0
3,noise,47,2.0,200,0.8871982497070763,0.8589978121338453,0.0024355222921337884,0.9854196739216088,0.3932807474658664,0.0011210594873223107,96.0
3,noise,47,2.5,200,0.8323242752939729,0.7904053441174659,0.005099915412664369,0.9854196739216088,0.3932807474658664,0.0011210594873223107,96.0
3,noise,47,3.0,200,0.7774955047843136,0.7218693809803919,0.0091611279367496,0.9854196739216088,0.3932807474658664,0.0011210594873223107,96.0
3,noise,47,3.5,200,0.7168969508723233,0.6461211885904041,0.010619777758253988,0.9854196739216088,0.3932807474658664,0.0011210594873223107,96.0
3,noise,48,0.1,200,0.9882722578119307,0.9853403222649135,2.1852556710251013e-06,0.9856113216368926,0.3809800414530865,0.0010898589715579083,96.0
3,noise,48,0.25,200,0.9867884617554076,0.9834855771942594,1.1940884151222832e-05,0.9856113216368926,0.3809800414530865,0.0010898589715579083,96.0
3,noise,48,0.5,200,0.9806005642607518,0.97575070532594,6.38803197957134e-05,0.9856113216368926,0.3809800414530865,0.0010898589715579083,96.0
3,noise,48,0.75,200,0.9731227551408779,0.9664034439260973,0.00014828007902150997,0.9856113216368926,0.3809800414530865,0.0010898589715579083,96.0
3,noise,48,1.0,200,0.9601386462101549,0.9501733077626937,0.00032119786456812896,0.9856113216368926,0.3809800414530865,0.0010898589715579083,96.0
3,noise,48,1.25,200,0.9456916360082908,0.9321145450103633,0.0006469023214143335,0.9856113216368926,0.3809800414530865,0.0010898589715579083,96.0
3,noise,48,1.5,200,0.9260293647052077,0.9075367058815096,0.0013616804006158997,0.9856113216368926,0.3809800414530865,0.0010898589715579083,96.0
3,noise,48,2.0,200,0.8868791723381666,0.8585989654227081,0.0025053624782676465,0.9856113216368926,0.3809800414530865,0.0010898589715579083,96.0
3,noise,48,2.5,200,0.8321288211008856,0.7901610263761069,0.005175630892513019,0.9856113216368926,0.3809800414530865,0.0010898589715579083,96.0
3,noise,48,3.0,200,0.7773396293339944,0.7216745366674931,0.009247471643823595,0.9856113216368926,0.3809800414530865,0.0010898589715579083,96.0
3,noise,48,3.5,200,0.7172544710020177,0.6465680887525219,0.010657884225810712,0.9856113216368926,0.3809800414530865,0.0010898589715579083,96.0
3,noise,49,0.1,200,0.9872309503410384,0.9840386879262977,2.415904595072379e-06,0.9842830686748082,0.38032971263134974,0.0010608463551658443,98.0
3,noise,49,0.25,200,0.9857869005470914,0.9822336256838642,1.4681490485160022e-05,0.9842830686748082,0.38032971263134974,0.0010608463551658443,98.0
3,noise,49,0.5,200,0.9793999053948124,0.9742498817435155,7.135306684318117e-05,0.9842830686748082,0.38032971263134974,0.0010608463551658443,98.0
3,noise,49,0.75,200,0.9715377972967382,0.9644222466209226,0.000154773191247351,0.9842830686748082,0.38032971263134974,0.0010608463551658443,98.0
3,noise,49,1.0,200,0.9591848014264541,0.9489810017830674,0.00038358223069544174,0.9842830686748082,0.38032971263134974,0.0010608463551658443,98.0
3,noise,49,1.25,200,0.9440027153259474,0.9300033941574342,0.0006999881824008175,0.9842830686748082,0.38032971263134974,0.0010608463551658443,98.0
3,noise,49,1.5,200,0.9256988572437325,0.9071235715546656,0.0013359455715691978,0.9842830686748082,0.38032971263134974,0.0010608463551658443,98.0
3,noise,49,2.0,200,0.8839146991954364,0.8548933739942954,0.0029493493852146817,0.9842830686748082,0.38032971263134974,0.0010608463551658443,98.0
3,noise,49,2.5,200,0.833010692035788,0.7912633650447348,0.004952772249934733,0.9842830686748082,0.38032971263134974,0.0010608463551658443,98.0
3,noise,49,3.0,200,0.7699486388341491,0.7124357985426863,0.010133544064141485,0.9842830686748082,0.38032971263134974,0.0010608463551658443,98.0
3,noise,49,3.5,200,0.7067973542601276,0.6334966928251595,0.013145944900294589,0.9842830686748082,0.38032971263134974,0.0010608463551658443,98.0
3,noise,50,0.1,200,0.9861687150290677,0.9827108937863345,2.5922760728753774e-06,0.9829225981586376,0.39861379292471794,0.001047802254308735,98.0
3,noise,50,0.25,200,0.9846655306890091,0.9808319133612612,1.4553364526726903e-05,0.9829225981586376,0.39861379292471794,0.001047802254308735,98.0
3,noise,50,0.5,200,0.9781703682352266,0.9727129602940332,8.031326711929243e-05,0.9829225981586376,0.39861379292471794,0.001047802254308735,98.0
3,noise,50,0.75,200,0.9705558887848693,0.9631948609810863,0.00016032337875778797,0.9829225981586376,0.39861379292471794,0.001047802254308735,98.0
3,noise,50,1.0,200,0.9578778740275325,0.9473473425344155,0.0003882781342829354,0.9829225981586376,0.39861379292471794,0.001047802254308735,98.0
3,noise,50,1.25,200,0.942522432075704,0.9281530400946297,0.0007376743904515798,0.9829225981586376,0.39861379292471794,0.001047802254308735,98.0
3,noise,50,1.5,200,0.9240773705276795,0.9050967131595995,0.001381774988520825,0.9829225981586376,0.39861379292471794,0.001047802254308735,98.0
3,noise,50,2.0,200,0.8837857762191853,0.8547322202739818,0.0030208424066983253,0.9829225981586376,0.39861379292471794,0.001047802254308735,98.0
3,noise,50,2.5,200,0.8311609293707095,0.7889511617133869,0.005062465430999958,0.9829225981586376,0.39861379292471794,0.001047802254308735,98.0
3,noise,50,3.0,200,0.7691566482165845,0.7114458102707304,0.009964755206290312,0.9829225981586376,0.39861379292471794,0.001047802254308735,98.0
3,noise,50,3.5,200,0.7041824803535247,0.6302281004419058,0.013306820498430807,0.9829225981586376,0.39861379292471794,0.001047802254308735,98.0
3,noise,51,0.1,200,0.9865109059198466,0.983138632399808,2.5259314989251768e-06,0.9833495686596996,0.39387139281753536,0.001082039579048743,98.0
3,noise,51,0.25,200,0.9849698547775368,0.9812123184719206,1.4237064723989163e-05,0.9833495686596996,0.39387139281753536,0.001082039579048743,98.0
3,noise,51,0.5,200,0.978392623774079,0.9729907797175987,8.09070530650392e-05,0.9833495686596996,0.39387139281753536,0.001082039579048743,98.0
3,noise,51,0.75,200,0.9710130020961594,0.963766252620199,0.00015449183182003615,0.9833495686596996,0.39387139281753536,0.001082039579048743,98.0
3,noise,51,1.0,200,0.9578076631077992,0.947259578884749,0.0003831109732436239,0.9833495686596996,0.39387139281753536,0.001082039579048743,98.0
3,noise,51,1.25,200,0.9426490951882794,0.928311368985349,0.0007309779078697844,0.9833495686596996,0.39387139281753536,0.001082039579048743,98.0
3,noise,51,1.5,200,0.9244088457179732,0.9055110571474665,0.001349226968621638,0.9833495686596996,0.39387139281753536,0.001082039579048743,98.0
3,noise,51,2.0,200,0.8839104596144196,0.8548880745180246,0.003009084252937373,0.9833495686596996,0.39387139281753536,0.001082039579048743,98.0
3,noise,51,2.5,200,0.8312031505253743,0.7890039381567179,0.004989339872607926,0.9833495686596996,0.39387139281753536,0.001082039579048743,98.0
3,noise,51,3.0,200,0.7694466454420035,0.7118083068025044,0.009804773526434607,0.9833495686596996,0.39387139281753536,0.001082039579048743,98.0
3,noise,51,3.5,200,0.7035461598358694,0.6294326997948368,0.01332651796411799,0.9833495686596996,0.39387139281753536,0.001082039579048743,98.0
3,noise,52,0.1,200,0.9865422672498099,0.9831778340622622,2.2130666571541343e-06,0.9833878647445387,0.38910607029047894,0.0011635201178453055,100.0
3,noise,52,0.25,200,0.9850679900297683,0.9813349875372106,1.4620224157301647e-05,0.9833878647445387,0.38910607029047894,0.0011635201178453055,100.0
3,noise,52,0.5,200,0.9783947681039677,0.9729934601299596,6.379040156875787e-05,0.9833878647445387,0.38910607029047894,0.0011635201178453055,100.0
3,noise,52,0.75,200,0.9707780092372705,0.9634725115465881,0.0001517425148814011,0.9833878647445387,0.38910607029047894,0.0011635201178453055,100.0
3,noise,52,1.0,200,0.9568635065081126,0.946079383135141,0.0003847547380853892,0.9833878647445387,0.38910607029047894,0.0011635201178453055,100.0
3,noise,52,1.25,200,0.9411472463228304,0.926434057903538,0.0008841398755673964,0.9833878647445387,0.38910607029047894,0.0011635201178453055,100.0
3,noise,52,1.5,200,0.9218752263857696,0.9023440329822117,0.0013579338987886075,0.9833878647445387,0.38910607029047894,0.0011635201178453055,100.0
3,noise,52,2.0,200,0.8802530810271144,0.8503163512838933,0.003057682119689489,0.9833878647445387,0.38910607029047894,0.0011635201178453055,100.0
3,noise,52,2.5,200,0.8264615969204204,0.7830769961505254,0.005252727857519305,0.9833878647445387,0.38910607029047894,0.0011635201178453055,100.0
3,noise,52,3.0,200,0.7682850429816369,0.7103563037270462,0.010455566136183236,0.9833878647445387,0.38910607029047894,0.0011635201178453055,100.0
3,noise,52,3.5,200,0.703323258770372,0.6291540734629651,0.01221417643256901,0.9833878647445387,0.38910607029047894,0.0011635201178453055,100.0
3,noise,53,0.1,200,0.9866891380408842,0.9833614225511053,2.3874395271888266e-06,0.9836201557991412,0.3895093842701043,0.0012452878779412736,102.0
3,noise,53,0.25,200,0.9852293368448258,0.9815366710560324,1.3761086563462144e-05,0.9836201557991412,0.3895093842701043,0.0012452878779412736,102.0
3,noise,53,0.5,200,0.9784605100053556,0.9730756375066943,7.126176590054929e-05,0.9836201557991412,0.3895093842701043,0.0012452878779412736,102.0
3,noise,53,0.75,200,0.9706385671013744,0.9632982088767179,0.00016805845313976376,0.9836201557991412,0.3895093842701043,0.0012452878779412736,102.0
3,noise,53,1.0,200,0.9576756227066863,0.9470945283833575,0.0004057491956788213,0.9836201557991412,0.3895093842701043,0.0012452878779412736,102.0
3,noise,53,1.25,200,0.942182537755302,0.9277281721941276,0.0007543317429078328,0.9836201557991412,0.3895093842701043,0.0012452878779412736,102.0
3,noise,53,1.5,200,0.9224774281180708,0.9030967851475884,0.0016716219003195575,0.9836201557991412,0.3895093842701043,0.0012452878779412736,102.0
3,noise,53,2.0,200,0.8781979132595311,0.8477473915744139,0.002937067572813875,0.9836201557991412,0.3895093842701043,0.0012452878779412736,102.0
3,noise,53,2.5,200,0.8205927495450887,0.7757409369313606,0.005608315709116293,0.9836201557991412,0.3895093842701043,0.0012452878779412736,102.0
3,noise,53,3.0,200,0.7590243872284426,0.6987804840355532,0.009879971044691684,0.9836201557991412,0.3895093842701043,0.0012452878779412736,102.0
3,noise,53,3.5,200,0.6944326426596905,0.618040803324613,0.012164553418443393,0.9836201557991412,0.3895093842701043,0.0012452878779412736,102.0
3,noise,54,0.1,200,0.9875605998222124,0.9844507497777653,2.2747963304183147e-06,0.9847315924623732,0.3918882492118863,0.0014682135109736387,106.0
3,noise,54,0.25,200,0.9860046767561041,0.9825058459451301,1.3137076567140145e-05,0.9847315924623732,0.3918882492118863,0.0014682135109736387,106.0
3,noise,54,0.5,200,0.979110880046045,0.9738886000575561,6.568319121218556e-05,0.9847315924623732,0.3918882492118863,0.0014682135109736387,106.0
3,noise,54,0.75,200,0.9706652798155752,0.9633315997694687,0.0001657082159510943,0.9847315924623732,0.3918882492118863,0.0014682135109736387,106.0
3,noise,54,1.0,200,0.95701147767324,0.94626434709155,0.00037354063394065865,0.9847315924623732,0.3918882492118863,0.0014682135109736387,106.0
3,noise,54,1.25,200,0.9402336431421704,0.9252920539277131,0.0008933967897276443,0.9847315924623732,0.3918882492118863,0.0014682135109736387,106.0
3,noise,54,1.5,200,0.9204544257280031,0.9005680321600041,0.0014467679419713298,0.9847315924623732,0.3918882492118863,0.0014682135109736387,106.0
3,noise,54,2.0,200,0.8742046836659046,0.8427558545823807,0.0030752652080133724,0.9847315924623732,0.3918882492118863,0.0014682135109736387,106.0
3,noise,54,2.5,200,0.8199313591219689,0.774914198902461,0.005635794669922568,0.9847315924623732,0.3918882492118863,0.0014682135109736387,106.0
3,noise,54,3.0,200,0.7550972439741146,0.6938715549676431,0.01121321653701541,0.9847315924623732,0.3918882492118863,0.0014682135109736387,106.0
3,noise,54,3.5,200,0.6931268632542684,0.6164085790678355,0.012775495766170684,0.9847315924623732,0.3918882492118863,0.0014682135109736387,106.0
3,noise,55,0.1,200,0.9861534337901585,0.982691792237698,2.6096973030465388e-06,0.9829708888825889,0.3993339340820746,0.001527319419126787,114.0
3,noise,55,0.25,200,0.9844833983675866,0.980604247959483,1.688969884521698e-05,0.9829708888825889,0.3993339340820746,0.001527319419126787,114.0
3,noise,55,0.5,200,0.9770962787407561,0.971370348425945,7.973831029066296e-05,0.9829708888825889,0.3993339340820746,0.001527319419126787,114.0
3,noise,55,0.75,200,0.9673206691197518,0.9591508363996896,0.0002013323054105858,0.9829708888825889,0.3993339340820746,0.001527319419126787,114.0
3,noise,55,1.0,200,0.9528578113178586,0.9410722641473229,0.0005238243387689673,0.9829708888825889,0.3993339340820746,0.001527319419126787,114.0
3,noise,55,1.25,200,0.9351195863585279,0.9188994829481595,0.0009999625248669627,0.9829708888825889,0.3993339340820746,0.001527319419126787,114.0
3,noise,55,1.5,200,0.9137821143299498,0.8922276429124374,0.0016631319168716146,0.9829708888825889,0.3993339340820746,0.001527319419126787,114.0
3,noise,55,2.0,200,0.8655581568721747,0.8319476960902182,0.003965031642178196,0.9829708888825889,0.3993339340820746,0.001527319419126787,114.0
3,noise,55,2.5,200,0.8021219840806781,0.7526524801008476,0.006033241512978908,0.9829708888825889,0.3993339340820746,0.001527319419126787,114.0
3,noise,55,3.0,200,0.744906916731172,0.6811336459139649,0.010175215454444051,0.9829708888825889,0.3993339340820746,0.001527319419126787,114.0
3,noise,55,3.5,200,0.6751687767564876,0.5939609709456095,0.015178869300855578,0.9829708888825889,0.3993339340820746,0.001527319419126787,114.0
3,noise,56,0.1,200,0.9866320283301345,0.983290035412668,2.4888284945274216e-06,0.9835860770668147,0.39818029599360244,0.001511538540235909,108.0
3,noise,56,0.25,200,0.9851610151312413,0.9814512689140514,1.5238309682975228e-05,0.9835860770668147,0.39818029599360244,0.001511538540235909,108.0
3,noise,56,0.5,200,0.978292306351794,0.9728653829397425,7.498104503416336e-05,0.9835860770668147,0.39818029599360244,0.001511538540235909,108.0
3,noise,56,0.75,200,0.9692274782768427,0.9615343478460532,0.00015219789357319677,0.9835860770668147,0.39818029599360244,0.001511538540235909,108.0
3,noise,56,1.0,200,0.9550839911994388,0.9438549889992983,0.0004297707604453342,0.9835860770668147,0.39818029599360244,0.001511538540235909,108.0
3,noise,56,1.25,200,0.9386154661969276,0.9232693327461593,0.0008734558385932298,0.9835860770668147,0.39818029599360244,0.001511538540235909,108.0
3,noise,56,1.5,200,0.9191042041727668,0.8988802552159584,0.0014502810169330531,0.9835860770668147,0.39818029599360244,0.001511538540235909,108.0
3,noise,56,2.0,200,0.8733154361346402,0.8416442951683004,0.0032226048460362654,0.9835860770668147,0.39818029599360244,0.001511538540235909,108.0
3,noise,56,2.5,200,0.818013148084177,0.7725164351052212,0.005969011921370794,0.9835860770668147,0.39818029599360244,0.001511538540235909,108.0
3,noise,56,3.0,200,0.7512225959365985,0.689028244920748,0.011546657083873027,0.9835860770668147,0.39818029599360244,0.001511538540235909,108.0
3,noise,56,3.5,200,0.685930152089285,0.6074126901116061,0.012869612829131984,0.9835860770668147,0.39818029599360244,0.001511538540235909,108.0
3,noise,57,0.1,200,0.9879534239326802,0.9849417799158502,2.090352749657591e-06,0.9852281661909997,0.3966786827666142,0.0014823241844706002,104.0
3,noise,57,0.25,200,0.986480518281066,0.9831006478513322,1.270969425966606e-05,0.9852281661909997,0.3966786827666142,0.0014823241844706002,104.0
3,noise,57,0.5,200,0.9802050043138482,0.9752562553923102,5.1126538736472e-05,0.9852281661909997,0.3966786827666142,0.0014823241844706002,104.0
3,noise,57,0.75,200,0.9706105536527265,0.9632631920659083,0.0001612134395219582,0.9852281661909997,0.3966786827666142,0.0014823241844706002,104.0
3,noise,57,1.0,200,0.9570728025054994,0.9463410031318739,0.00041824518918555766,0.9852281661909997,0.3966786827666142,0.0014823241844706002,104.0
3,noise,57,1.25,200,0.9435030897186127,0.9293788621482656,0.0007254540692716905,0.9852281661909997,0.3966786827666142,0.0014823241844706002,104.0
3,noise,57,1.5,200,0.9218815337439241,0.9023519171799049,0.0014874756956630374,0.9852281661909997,0.3966786827666142,0.0014823241844706002,104.0
3,noise,57,2.0,200,0.8759430590884906,0.8449288238606133,0.003477523244383635,0.9852281661909997,0.3966786827666142,0.0014823241844706002,104.0
3,noise,57,2.5,200,0.8242979378904371,0.7803724223630464,0.004965868720282809,0.9852281661909997,0.3966786827666142,0.0014823241844706002,104.0
3,noise,57,3.0,200,0.7604095906023535,0.7005119882529419,0.01110555178771456,0.9852281661909997,0.3966786827666142,0.0014823241844706002,104.0
3,noise,57,3.5,200,0.6980900412939196,0.6226125516173995,0.011262935591815714,0.9852281661909997,0.3966786827666142,0.0014823241844706002,104.0
3,noise,58,0.1,200,0.9868869738645035,0.9836087173306298,2.651624170651694e-06,0.9839096115852897,0.3912056985140543,0.0014028212681537586,106.0
3,noise,58,0.25,200,0.9854893784857517,0.9818617231071898,1.681621616786975e-05,0.9839096115852897,0.3912056985140543,0.0014028212681537586,106.0
3,noise,58,0.5,200,0.9785093428571188,0.9731366785713983,7.363505810579285e-05,0.9839096115852897,0.3912056985140543,0.0014028212681537586,106.0
3,noise,58,0.75,200,0.9700302363906425,0.9625377954883032,0.00018289971003763878,0.9839096115852897,0.3912056985140543,0.0014028212681537586,106.0
3,noise,58,1.0,200,0.9561655648108272,0.9452069560135338,0.00046686063171914367,0.9839096115852897,0.3912056985140543,0.0014028212681537586,106.0
3,noise,58,1.25,200,0.9407300279149698,0.9259125348937122,0.0008524335227057215,0.9839096115852897,0.3912056985140543,0.0014028212681537586,106.0
3,noise,58,1.5,200,0.920176931644308,0.9002211645553848,0.001490477891703995,0.9839096115852897,0.3912056985140543,0.0014028212681537586,106.0
3,noise,58,2.0,200,0.8732430083337914,0.8415537604172394,0.003201366423103581,0.9839096115852897,0.3912056985140543,0.0014028212681537586,106.0
3,noise,58,2.5,200,0.8198603211569845,0.7748254014462306,0.005826448078872202,0.9839096115852897,0.3912056985140543,0.0014028212681537586,106.0
3,noise,58,3.0,200,0.7558665511823491,0.6948331889779362,0.011637705798216314,0.9839096115852897,0.3912056985140543,0.0014028212681537586,106.0
3,noise,58,3.5,200,0.6946755281288608,0.6183444101610759,0.012491925871413123,0.9839096115852897,0.3912056985140543,0.0014028212681537586,106.0
3,noise,59,0.1,200,0.9862198101704891,0.9827747627131115,2.609008709180537e-06,0.983054228205501,0.39284488327760503,0.0013026555360417158,104.0
3,noise,59,0.25,200,0.9847757969579519,0.9809697461974397,1.857489751479157e-05,0.983054228205501,0.39284488327760503,0.0013026555360417158,104.0
3,noise,59,0.5,200,0.9782971858140641,0.97287148226758,6.641478627922267e-05,0.983054228205501,0.39284488327760503,0.0013026555360417158,104.0
3,noise,59,0.75,200,0.9691325180486473,0.9614156475608088,0.00018842313033847524,0.983054228205501,0.39284488327760503,0.0013026555360417158,104.0
3,noise,59,1.0,200,0.9550360748337463,0.9437950935421828,0.00047311998633793324,0.983054228205501,0.39284488327760503,0.0013026555360417158,104.0
3,noise,59,1.25,200,0.9421728499693096,0.9277160624616368,0.0007465886723767523,0.983054228205501,0.39284488327760503,0.0013026555360417158,104.0
3,noise,59,1.5,200,0.9211599700809769,0.9014499626012211,0.0015802864131153021,0.983054228205501,0.39284488327760503,0.0013026555360417158,104.0
3,noise,59,2.0,200,0.8735340000297431,0.8419175000371788,0.0036040851600122313,0.983054228205501,0.39284488327760503,0.0013026555360417158,104.0
3,noise,59,2.5,200,0.8240383717454105,0.7800479646817632,0.005042351069514304,0.983054228205501,0.39284488327760503,0.0013026555360417158,104.0
3,noise,59,3.0,200,0.7604543434543293,0.7005679293179117,0.011233014357041113,0.983054228205501,0.39284488327760503,0.0013026555360417158,104.0
3,noise,59,3.5,200,0.6973972254128212,0.6217465317660263,0.011367735300690249,0.983054228205501,0.39284488327760503,0.0013026555360417158,104.0
3,noise,60,0.1,200,0.9863845285740027,0.9829806607175035,2.4578359999459175e-06,0.9832976676762349,0.3911806832121233,0.0012629794771849615,102.0
3,noise,60,0.25,200,0.9850326419051175,0.9812908023813969,1.5067358511754851e-05,0.9832976676762349,0.3911806832121233,0.0012629794771849615,102.0
3,noise,60,0.5,200,0.9782421387072837,0.9728026733841049,7.428595867030537e-05,0.9832976676762349,0.3911806832121233,0.0012629794771849615,102.0
3,noise,60,0.75,200,0.970563296870055,0.9632041210875687,0.00016961636072239467,0.9832976676762349,0.3911806832121233,0.0012629794771849615,102.0
3,noise,60,1.0,200,0.9573115542130364,0.9466394427662954,0.0004191018157956812,0.9832976676762349,0.3911806832121233,0.0012629794771849615,102.0
3,noise,60,1.25,200,0.9422632554613104,0.9278290693266382,0.000743364335053114,0.9832976676762349,0.3911806832121233,0.0012629794771849615,102.0
3,noise,60,1.5,200,0.9230172035577558,0.9037715044471946,0.0016936182102644548,0.9832976676762349,0.3911806832121233,0.0012629794771849615,102.0
3,noise,60,2.0,200,0.8778549591231783,0.8473186989039728,0.002968159844136998,0.9832976676762349,0.3911806832121233,0.0012629794771849615,102.0
3,noise,60,2.5,200,0.8217495997073769,0.777186999634221,0.005613735427839435,0.9832976676762349,0.3911806832121233,0.0012629794771849615,102.0
3,noise,60,3.0,200,0.7594152381755378,0.6992690477194222,0.010170691305979189,0.9832976676762349,0.3911806832121233,0.0012629794771849615,102.0
3,noise,60,3.5,200,0.6946956833285435,0.6183696041606793,0.012287346650017199,0.9832976676762349,0.3911806832121233,0.0012629794771849615,102.0
3,noise,61,0.1,200,0.9864938780600014,0.9831173475750018,2.735028896804643e-06,0.9834320716081925,0.39390554345467266,0.0013735757807518873,110.0
3,noise,61,0.25,200,0.9850599732717538,0.9813249665896921,1.7932980009967258e-05,0.9834320716081925,0.39390554345467266,0.0013735757807518873,110.0
3,noise,61,0.5,200,0.977550430987455,0.9719380387343185,7.411708819131587e-05,0.9834320716081925,0.39390554345467266,0.0013735757807518873,110.0
3,noise,61,0.75,200,0.9692929735732378,0.9616162169665469,0.00018122069584403927,0.9834320716081925,0.39390554345467266,0.0013735757807518873,110.0
3,noise,61,1.0,200,0.9532510485335473,0.9415638106669343,0.0005306522326551282,0.9834320716081925,0.39390554345467266,0.0013735757807518873,110.0
3,noise,61,1.25,200,0.9386298751661702,0.9232873439577127,0.0007198466662294156,0.9834320716081925,0.39390554345467266,0.0013735757807518873,110.0
3,noise,61,1.5,200,0.9171795197231692,0.8964743996539616,0.0014906956251407874,0.9834320716081925,0.39390554345467266,0.0013735757807518873,110.0
3,noise,61,2.0,200,0.8683196620896041,0.8353995776120052,0.003975608090547721,0.9834320716081925,0.39390554345467266,0.0013735757807518873,110.0
3,noise,61,2.5,200,0.8134190377299654,0.7667737971624566,0.005360863611011391,0.9834320716081925,0.39390554345467266,0.0013735757807518873,110.0
3,noise,61,3.0,200,0.7504731529271116,0.6880914411588894,0.010525372820203589,0.9834320716081925,0.39390554345467266,0.0013735757807518873,110.0
3,noise,61,3.5,200,0.6826166864929125,0.6032708581161407,0.013574792873281626,0.9834320716081925,0.39390554345467266,0.0013735757807518873,110.0
3,noise,62,0.1,200,0.9872475467132589,0.9840594333915738,2.4118833322705883e-06,0.9842979402081978,0.3901911847730681,0.0013875661003920313,106.0
3,noise,62,0.25,200,0.9856758605323432,0.9820948256654286,1.4879357739390504e-05,0.9842979402081978,0.3901911847730681,0.0013875661003920313,106.0
3,noise,62,0.5,200,0.978616285294497,0.9732703566181212,7.1499837892e-05,0.9842979402081978,0.3901911847730681,0.0013875661003920313,106.0
3,noise,62,0.75,200,0.9701452730152731,0.9626815912690916,0.0001713454909415648,0.9842979402081978,0.3901911847730681,0.0013875661003920313,106.0
3,noise,62,1.0,200,0.956617808635432,0.9457722607942898,0.00041919633738183914,0.9842979402081978,0.3901911847730681,0.0013875661003920313,106.0
3,noise,62,1.25,200,0.9407194592006569,0.9258993240008212,0.0008470021544017008,0.9842979402081978,0.3901911847730681,0.0013875661003920313,106.0
3,noise,62,1.5,200,0.9200673879546891,0.9000842349433611,0.0014946999800695626,0.9842979402081978,0.3901911847730681,0.0013875661003920313,106.0
3,noise,62,2.0,200,0.8729055408669812,0.8411319260837266,0.0032408050746403866,0.9842979402081978,0.3901911847730681,0.0013875661003920313,106.0
3,noise,62,2.5,200,0.8181076362733573,0.7726345453416965,0.0058618628145503384,0.9842979402081978,0.3901911847730681,0.0013875661003920313,106.0
3,noise,62,3.0,200,0.7550948683641888,0.693868585455236,0.011603384370093799,0.9842979402081978,0.3901911847730681,0.0013875661003920313,106.0
3,noise,62,3.5,200,0.6927739367940955,0.6159674209926194,0.012450718306287916,0.9842979402081978,0.3901911847730681,0.0013875661003920313,106.0
3,noise,63,0.1,200,0.9867331095735921,0.9834163869669897,2.519250024587853e-06,0.983651780537761,0.3875614601837417,0.0012983831912157084,104.0
3,noise,63,0.25,200,0.9851693174640925,0.9814616468301156,1.5858346511976437e-05,0.983651780537761,0.3875614601837417,0.0012983831912157084,104.0
3,noise,63,0.5,200,0.978503260203646,0.9731290752545574,6.258553071373585e-05,0.983651780537761,0.3875614601837417,0.0012983831912157084,104.0
3,noise,63,0.75,200,0.9697465625978338,0.962183203247292,0.00018830611114587905,0.983651780537761,0.3875614601837417,0.0012983831912157084,104.0
3,noise,63,1.0,200,0.9551602913507118,0.9439503641883897,0.0004203444384759986,0.983651780537761,0.3875614601837417,0.0012983831912157084,104.0
3,noise,63,1.25,200,0.9419760997119895,0.9274701246399867,0.0007479671644206005,0.983651780537761,0.3875614601837417,0.0012983831912157084,104.0
3,noise,63,1.5,200,0.9207446966886934,0.9009308708608665,0.0015710737053254542,0.983651780537761,0.3875614601837417,0.0012983831912157084,104.0
3,noise,63,2.0,200,0.8733569780620837,0.8416962225776043,0.0036083079096893276,0.983651780537761,0.3875614601837417,0.0012983831912157084,104.0
3,noise,63,2.5,200,0.8223196790455781,0.7778995988069727,0.004948850170782999,0.983651780537761,0.3875614601837417,0.0012983831912157084,104.0
3,noise,63,3.0,200,0.7591300441109562,0.6989125551386952,0.01103703447042064,0.983651780537761,0.3875614601837417,0.0012983831912157084,104.0
3,noise,63,3.5,200,0.6955395177032285,0.6194243971290356,0.011587834202991316,0.983651780537761,0.3875614601837417,0.0012983831912157084,104.0
3,noise,64,0.1,200,0.9858435884907627,0.9823044856134533,2.9222813893652915e-06,0.9825478307653169,0.3979940647557749,0.0012442462146493435,106.0
3,noise,64,0.25,200,0.9843696009801175,0.9804620012251466,1.8249568679489903e-05,0.9825478307653169,0.3979940647557749,0.0012442462146493435,106.0
3,noise,64,0.5,200,0.9771554296090997,0.9714442870113743,8.030707684285885e-05,0.9825478307653169,0.3979940647557749,0.0012442462146493435,106.0
3,noise,64,0.75,200,0.9687291487442405,0.9609114359303007,0.00019480108749523765,0.9825478307653169,0.3979940647557749,0.0012442462146493435,106.0
3,noise,64,1.0,200,0.9549080072770965,0.9436350090963705,0.00046537698711900084,0.9825478307653169,0.3979940647557749,0.0012442462146493435,106.0
3,noise,64,1.25,200,0.9393578236278114,0.9241972795347644,0.0008989857224073344,0.9825478307653169,0.3979940647557749,0.0012442462146493435,106.0
3,noise,64,1.5,200,0.9190034049433831,0.8987542561792288,0.0015525024002903934,0.9825478307653169,0.3979940647557749,0.0012442462146493435,106.0
3,noise,64,2.0,200,0.8708842729771558,0.8386053412214446,0.003445087246452296,0.9825478307653169,0.3979940647557749,0.0012442462146493435,106.0
3,noise,64,2.5,200,0.8170031585000488,0.7712539481250608,0.0058457849787719425,0.9825478307653169,0.3979940647557749,0.0012442462146493435,106.0
3,noise,64,3.0,200,0.754530637923164,0.693163297403955,0.01166847138180307,0.9825478307653169,0.3979940647557749,0.0012442462146493435,106.0
3,noise,64,3.5,200,0.6921908105844716,0.6152385132305895,0.01249800721396967,0.9825478307653169,0.3979940647557749,0.0012442462146493435,106.0
3,noise,65,0.1,200,0.9875801012796361,0.984475126599545,2.3911475562597113e-06,0.98471988528018,0.39094014351860806,0.0012995923747033938,104.0
3,noise,65,0.25,200,0.9860199950314468,0.9825249937893085,1.459551880585668e-05,0.98471988528018,0.39094014351860806,0.0012995923747033938,104.0
3,noise,65,0.5,200,0.9793801577842747,0.974225197230343,5.863208230445796e-05,0.98471988528018,0.39094014351860806,0.0012995923747033938,104.0
3,noise,65,0.75,200,0.9705482676748783,0.9631853345935981,0.00018280191563114584,0.98471988528018,0.39094014351860806,0.0012995923747033938,104.0
3,noise,65,1.0,200,0.9560799003241979,0.9450998754052471,0.00040929255870088505,0.98471988528018,0.39094014351860806,0.0012995923747033938,104.0
3,noise,65,1.25,200,0.9427504079917768,0.9284380099897207,0.0007357098578773141,0.98471988528018,0.39094014351860806,0.0012995923747033938,104.0
3,noise,65,1.5,200,0.9214333264887915,0.9017916581109893,0.0015534159275692177,0.98471988528018,0.39094014351860806,0.0012995923747033938,104.0
3,noise,65,2.0,200,0.8745335263968347,0.8431669079960433,0.003525838771340783,0.98471988528018,0.39094014351860806,0.0012995923747033938,104.0
3,noise,65,2.5,200,0.8230894279329868,0.7788617849162333,0.0049203352796735175,0.98471988528018,0.39094014351860806,0.0012995923747033938,104.0
3,noise,65,3.0,200,0.7598283934296711,0.6997854917870887,0.01092312901439592,0.98471988528018,0.39094014351860806,0.0012995923747033938,104.0
3,noise,65,3.5,200,0.6961410643917658,0.6201763304897073,0.011587280286286323,0.98471988528018,0.39094014351860806,0.0012995923747033938,104.0
3,noise,66,0.1,200,0.9889623664515685,0.9862029580644608,2.077529357788927e-06,0.9864759752485311,0.3920333140766517,0.0013544056177348927,104.0
3,noise,66,0.25,200,0.9874363523665001,0.9842954404581249,1.2730299232865701e-05,0.9864759752485311,0.3920333140766517,0.0013544056177348927,104.0
3,noise,66,0.5,200,0.9809704007345448,0.976213000918181,5.158387171268394e-05,0.9864759752485311,0.3920333140766517,0.0013544056177348927,104.0
3,noise,66,0.75,200,0.9718301256520502,0.9647876570650626,0.00016405417607657792,0.9864759752485311,0.3920333140766517,0.0013544056177348927,104.0
3,noise,66,1.0,200,0.9576689021875393,0.9470861277344238,0.0003948864875995904,0.9864759752485311,0.3920333140766517,0.0013544056177348927,104.0
3,noise,66,1.25,200,0.9442686373334764,0.9303357966668454,0.0007026585315445058,0.9864759752485311,0.3920333140766517,0.0013544056177348927,104.0
3,noise,66,1.5,200,0.9228629725147169,0.9035787156433961,0.0014980891354110099,0.9864759752485311,0.3920333140766517,0.0013544056177348927,104.0
3,noise,66,2.0,200,0.8764197538416033,0.8455246923020039,0.003428105814762306,0.9864759752485311,0.3920333140766517,0.0013544056177348927,104.0
3,noise,66,2.5,200,0.8248453717761968,0.781056714720246,0.004881889948041223,0.9864759752485311,0.3920333140766517,0.0013544056177348927,104.0
3,noise,66,3.0,200,0.7610577136651955,0.7013221420814943,0.010851799810880238,0.9864759752485311,0.3920333140766517,0.0013544056177348927,104.0
3,noise,66,3.5,200,0.6976285493411138,0.6220356866763925,0.011449978026298293,0.9864759752485311,0.3920333140766517,0.0013544056177348927,104.0
3,noise,67,0.1,200,0.9883137393758048,0.9853921742197559,2.376174947771457e-06,0.9856584675820941,0.398797340950456,0.001496363751399535,112.0
3,noise,67,0.25,200,0.9866086134529276,0.9832607668161595,1.4215214939665345e-05,0.9856584675820941,0.398797340950456,0.001496363751399535,112.0
3,noise,67,0.5,200,0.9795665816377014,0.9744582270471267,6.4190464414212e-05,0.9856584675820941,0.398797340950456,0.001496363751399535,112.0
3,noise,67,0.75,200,0.970069027293555,0.9625862841169437,0.00017145550977285172,0.9856584675820941,0.398797340950456,0.001496363751399535,112.0
3,noise,67,1.0,200,0.9558568514759728,0.9448210643449658,0.0004185259498554482,0.9856584675820941,0.398797340950456,0.001496363751399535,112.0
3,noise,67,1.25,200,0.9383128081735888,0.9228910102169859,0.0008781490866034717,0.9856584675820941,0.398797340950456,0.001496363751399535,112.0
3,noise,67,1.5,200,0.9177324838769145,0.8971656048461432,0.0016108319978640159,0.9856584675820941,0.398797340950456,0.001496363751399535,112.0
3,noise,67,2.0,200,0.8702641820498302,0.8378302275622876,0.0038918272129237585,0.9856584675820941,0.398797340950456,0.001496363751399535,112.0
3,noise,67,2.5,200,0.8108004177975723,0.7635005222469654,0.006309623416101147,0.9856584675820941,0.398797340950456,0.001496363751399535,112.0
3,noise,67,3.0,200,0.741919742161871,0.6773996777023384,0.012599012176580144,0.9856584675820941,0.398797340950456,0.001496363751399535,112.0
3,noise,67,3.5,200,0.681364947449894,0.6017061843123673,0.013205583900154852,0.9856584675820941,0.398797340950456,0.001496363751399535,112.0
3,noise,68,0.1,200,0.9880672551566883,0.9850840689458602,2.4453397503514633e-06,0.9853617670539212,0.3893609940465293,0.0014117792710331809,108.0
3,noise,68,0.25,200,0.9865156033130991,0.9831445041413738,1.5398649358202376e-05,0.9853617670539212,0.3893609940465293,0.0014117792710331809,108.0
3,noise,68,0.5,200,0.9794690377516592,0.9743362971895742,7.298229978701196e-05,0.9853617670539212,0.3893609940465293,0.0014117792710331809,108.0
3,noise,68,0.75,200,0.9705847740929576,0.963230967616197,0.00016026993336264853,0.9853617670539212,0.3893609940465293,0.0014117792710331809,108.0
3,noise,68,1.0,200,0.9558118726656737,0.9447648408320919,0.0004230619241411368,0.9853617670539212,0.3893609940465293,0.0014117792710331809,108.0
3,noise,68,1.25,200,0.9395803603346595,0.9244754504183246,0.000849935911821877,0.9853617670539212,0.3893609940465293,0.0014117792710331809,108.0
3,noise,68,1.5,200,0.9206978783625623,0.9008723479532027,0.0014284559278197456,0.9853617670539212,0.3893609940465293,0.0014117792710331809,108.0
3,noise,68,2.0,200,0.8732423944523955,0.8415529930654941,0.0032955478103032522,0.9853617670539212,0.3893609940465293,0.0014117792710331809,108.0
3,noise,68,2.5,200,0.8183305366417077,0.7729131708021346,0.0058977796382005485,0.9853617670539212,0.3893609940465293,0.0014117792710331809,108.0
3,noise,68,3.0,200,0.7510813297893432,0.6888516622366789,0.011512267171425497,0.9853617670539212,0.3893609940465293,0.0014117792710331809,108.0
3,noise,68,3.5,200,0.684946396402842,0.6061829955035525,0.012789169724104226,0.9853617670539212,0.3893609940465293,0.0014117792710331809,108.0
3,noise,69,0.1,200,0.9895456086868144,0.9869320108585181,2.1456994867024653e-06,0.9872365515030179,0.38564914149521734,0.0014271801893069773,108.0
3,noise,69,0.25,200,0.9879930870973883,0.9849913588717353,1.3956488542716208e-05,0.9872365515030179,0.38564914149521734,0.0014271801893069773,108.0
3,noise,69,0.5,200,0.980996696121835,0.9762458701522937,6.909794951201714e-05,0.9872365515030179,0.38564914149521734,0.0014271801893069773,108.0
3,noise,69,0.75,200,0.9722144872935987,0.9652681091169985,0.00014977853467642156,0.9872365515030179,0.38564914149521734,0.0014271801893069773,108.0
3,noise,69,1.0,200,0.9572084034179866,0.946510504272483,0.0003971919850969266,0.9872365515030179,0.38564914149521734,0.0014271801893069773,108.0
3,noise,69,1.25,200,0.9410450126360108,0.9263062657950134,0.0008139917872888299,0.9872365515030179,0.38564914149521734,0.0014271801893069773,108.0
3,noise,69,1.5,200,0.9221257594755287,0.9026571993444108,0.001376349491988461,0.9872365515030179,0.38564914149521734,0.0014271801893069773,108.0
3,noise,69,2.0,200,0.8749607139285018,0.843700892410627,0.0031769749316678158,0.9872365515030179,0.38564914149521734,0.0014271801893069773,108.0
3,noise,69,2.5,200,0.8201506842741173,0.7751883553426466,0.005764305699010003,0.9872365515030179,0.38564914149521734,0.0014271801893069773,108.0
3,noise,69,3.0,200,0.7523121919755091,0.6903902399693862,0.011369583166092436,0.9872365515030179,0.38564914149521734,0.0014271801893069773,108.0
3,noise,69,3.5,200,0.6859543104892443,0.607442888111555,0.012678480977227102,0.9872365515030179,0.38564914149521734,0.0014271801893069773,108.0
3,noise,70,0.1,200,0.9887691478451912,0.9859614348064889,2.3152971252816776e-06,0.9862501028812707,0.39306255826654174,0.0013760736805591318,108.0
3,noise,70,0.25,200,0.9872105046455492,0.9840131308069365,1.5057746391329905e-05,0.9862501028812707,0.39306255826654174,0.0013760736805591318,108.0
3,noise,70,0.5,200,0.9800893908846057,0.9751117386057573,7.112955277056506e-05,0.9862501028812707,0.39306255826654174,0.0013760736805591318,108.0
3,noise,70,0.75,200,0.9713106949133107,0.9641383686416379,0.00016054368509429344,0.9862501028812707,0.39306255826654174,0.0013760736805591318,108.0
3,noise,70,1.0,200,0.9562559652898909,0.9453199566123637,0.0004088007558484394,0.9862501028812707,0.39306255826654174,0.0013760736805591318,108.0
3,noise,70,1.25,200,0.9402505352667121,0.9253131690833899,0.0008182424357977697,0.9862501028812707,0.39306255826654174,0.0013760736805591318,108.0
3,noise,70,1.5,200,0.9213212198471198,0.9016515248088994,0.0013989433666022233,0.9862501028812707,0.39306255826654174,0.0013760736805591318,108.0
3,noise,70,2.0,200,0.873680876345099,0.8421010954313735,0.0032689993852867403,0.9862501028812707,0.39306255826654174,0.0013760736805591318,108.0
3,noise,70,2.5,200,0.818488765556193,0.7731109569452411,0.005825933106112358,0.9862501028812707,0.39306255826654174,0.0013760736805591318,108.0
3,noise,70,3.0,200,0.7511933203787857,0.6889916504734819,0.01144784417927996,0.9862501028812707,0.39306255826654174,0.0013760736805591318,108.0
3,noise,70,3.5,200,0.6847134018801591,0.6058917523501988,0.01276803141008787,0.9862501028812707,0.39306255826654174,0.0013760736805591318,108.0
3,noise,71,0.1,200,0.9890490227164124,0.9863112783955154,2.2391260790315835e-06,0.9865948388580275,0.3934738861568834,0.0014423775757807162,106.0
3,noise,71,0.25,200,0.9875688864479841,0.9844611080599799,1.3694992023105914e-05,0.9865948388580275,0.3934738861568834,0.0014423775757807162,106.0
3,noise,71,0.5,200,0.9806420366253343,0.975802545781668,6.210776077683388e-05,0.9865948388580275,0.3934738861568834,0.0014423775757807162,106.0
3,noise,71,0.75,200,0.9719269579190221,0.9649086973987775,0.00016307484445223313,0.9865948388580275,0.3934738861568834,0.0014423775757807162,106.0
3,noise,71,1.0,200,0.9583185192667749,0.9478981490834687,0.0004157465953551071,0.9865948388580275,0.3934738861568834,0.0014423775757807162,106.0
3,noise,71,1.25,200,0.9425983528267214,0.9282479410334017,0.0007950778291459569,0.9865948388580275,0.3934738861568834,0.0014423775757807162,106.0
3,noise,71,1.5,200,0.9219738652789737,0.9024673315987173,0.0014134733156005762,0.9865948388580275,0.3934738861568834,0.0014423775757807162,106.0
3,noise,71,2.0,200,0.8742612536570095,0.8428265670712615,0.0031311355900348332,0.9865948388580275,0.3934738861568834,0.0014423775757807162,106.0
3,noise,71,2.5,200,0.8205893784227126,0.7757367230283907,0.005772228874671714,0.9865948388580275,0.3934738861568834,0.0014423775757807162,106.0
3,noise,71,3.0,200,0.7565864974154624,0.6957331217693279,0.011584670438875235,0.9865948388580275,0.3934738861568834,0.0014423775757807162,106.0
3,noise,71,3.5,200,0.694503432019312,0.6181292900241399,0.012465056855209895,0.9865948388580275,0.3934738861568834,0.0014423775757807162,106.0
3,noise,72,0.1,200,0.9885665190892343,0.9857081488615429,2.0840029861651103e-06,0.9860292543013662,0.39310775426788214,0.0013524048135575275,102.0
3,noise,72,0.25,200,0.9871861229344173,0.9839826536680217,1.2718199372560093e-05,0.9860292543013662,0.39310775426788214,0.0013524048135575275,102.0
3,noise,72,0.5,200,0.9804680487781543,0.9755850609726928,6.268685094012495e-05,0.9860292543013662,0.39310775426788214,0.0013524048135575275,102.0
3,noise,72,0.75,200,0.9726719972924656,0.9658399966155823,0.00015274777342604828,0.9860292543013662,0.39310775426788214,0.0013524048135575275,102.0
3,noise,72,1.0,200,0.9594253875359245,0.9492817344199057,0.00037062202224560274,0.9860292543013662,0.39310775426788214,0.0013524048135575275,102.0
3,noise,72,1.25,200,0.9443836046722391,0.9304795058402989,0.0006853672436781004,0.9860292543013662,0.39310775426788214,0.0013524048135575275,102.0
3,noise,72,1.5,200,0.9250902838703937,0.9063628548379922,0.0015968269406128578,0.9860292543013662,0.39310775426788214,0.0013524048135575275,102.0
3,noise,72,2.0,200,0.8794949243527118,0.8493686554408896,0.002869606575296008,0.9860292543013662,0.39310775426788214,0.0013524048135575275,102.0
3,noise,72,2.5,200,0.8229337317512769,0.7786671646890961,0.005523365251471599,0.9860292543013662,0.39310775426788214,0.0013524048135575275,102.0
3,noise,72,3.0,200,0.7611636045466663,0.7014545056833329,0.009987584855596136,0.9860292543013662,0.39310775426788214,0.0013524048135575275,102.0
3,noise,72,3.5,200,0.695164015211573,0.6189550190144663,0.012402073902478005,0.9860292543013662,0.39310775426788214,0.0013524048135575275,102.0
3,noise,73,0.1,200,0.987982542020824,0.9849781775260298,2.3338118062780947e-06,0.9852614144789766,0.3964535190741004,0.0013436967851587394,104.0
3,noise,73,0.25,200,0.9864557063146009,0.983069632893251,1.445360686283753e-05,0.9852614144789766,0.3964535190741004,0.0013436967851587394,104.0
3,noise,73,0.5,200,0.9798730888733748,0.9748413610917183,5.971552921937977e-05,0.9852614144789766,0.3964535190741004,0.0013436967851587394,104.0
3,noise,73,0.75,200,0.970988188697883,0.9637352358723535,0.00018433849692900162,0.9852614144789766,0.3964535190741004,0.0013436967851587394,104.0
3,noise,73,1.0,200,0.9565044753721396,0.9456305942151743,0.0003990051444264712,0.9852614144789766,0.3964535190741004,0.0013436967851587394,104.0
3,noise,73,1.25,200,0.9430235050466248,0.9287793813082807,0.000734510380137074,0.9852614144789766,0.3964535190741004,0.0013436967851587394,104.0
3,noise,73,1.5,200,0.922065611781097,0.902582014726371,0.0015295883015711076,0.9852614144789766,0.3964535190741004,0.0013436967851587394,104.0
3,noise,73,2.0,200,0.8756493072438977,0.8445616340548721,0.0035023781261057777,0.9852614144789766,0.3964535190741004,0.0013436967851587394,104.0
3,noise,73,2.5,200,0.8239179097564965,0.7798973871956204,0.00487510628325544,0.9852614144789766,0.3964535190741004,0.0013436967851587394,104.0
3,noise,73,3.0,200,0.7607811657472124,0.7009764571840154,0.010638545916166921,0.9852614144789766,0.3964535190741004,0.0013436967851587394,104.0
3,noise,73,3.5,200,0.6960829530690034,0.6201036913362542,0.011648382234544018,0.9852614144789766,0.3964535190741004,0.0013436967851587394,104.0
3,noise,74,0.1,200,0.9871592372267257,0.9839490465334072,2.6901993585981913e-06,0.9842245570434651,0.3903113704980776,0.001433430204547121,108.0
3,noise,74,0.25,200,0.9856220234230229,0.9820275292787788,1.687794224219974e-05,0.9842245570434651,0.3903113704980776,0.001433430204547121,108.0
3,noise,74,0.5,200,0.9785687059861691,0.9732108824827111,8.074926650832762e-05,0.9842245570434651,0.3903113704980776,0.001433430204547121,108.0
3,noise,74,0.75,200,0.9698426324397987,0.9623032905497483,0.00016975199426395943,0.9842245570434651,0.3903113704980776,0.001433430204547121,108.0
3,noise,74,1.0,200,0.9550209273932894,0.943776159241612,0.00044211066553902624,0.9842245570434651,0.3903113704980776,0.001433430204547121,108.0
3,noise,74,1.25,200,0.9386095205948849,0.9232619007436059,0.0008912728099307156,0.9842245570434651,0.3903113704980776,0.001433430204547121,108.0
3,noise,74,1.5,200,0.9199343248305741,0.8999179060382174,0.0014818109849921402,0.9842245570434651,0.3903113704980776,0.001433430204547121,108.0
3,noise,74,2.0,200,0.8732820956981039,0.8416026196226299,0.0032911269317937066,0.9842245570434651,0.3903113704980776,0.001433430204547121,108.0
3,noise,74,2.5,200,0.818396219329967,0.7729952741624586,0.005887221054905578,0.9842245570434651,0.3903113704980776,0.001433430204547121,108.0
3,noise,74,3.0,200,0.7511584501777828,0.6889480627222285,0.011527678664380531,0.9842245570434651,0.3903113704980776,0.001433430204547121,108.0
3,noise,74,3.5,200,0.6848692406262877,0.6060865507828593,0.012747472670999037,0.9842245570434651,0.3903113704980776,0.001433430204547121,108.0
3,noise,75,0.1,200,0.9870981216543205,0.9838726520679006,2.497482941225457e-06,0.9841538994554011,0.39510076514235126,0.0015630298641999495,110.0
3,noise,75,0.25,200,0.9856967127703499,0.9821208909629371,1.6225716344086887e-05,0.9841538994554011,0.39510076514235126,0.0015630298641999495,110.0
3,noise,75,0.5,200,0.9782837853528517,0.9728547316910646,6.798606612541001e-05,0.9841538994554011,0.39510076514235126,0.0015630298641999495,110.0
3,noise,75,0.75,200,0.9696736732721082,0.9620920915901351,0.00016533391383982685,0.9841538994554011,0.39510076514235126,0.0015630298641999495,110.0
3,noise,75,1.0,200,0.9541867125145832,0.9427333906432288,0.0005194033144364248,0.9841538994554011,0.39510076514235126,0.0015630298641999495,110.0
3,noise,75,1.25,200,0.9394685008896932,0.9243356261121165,0.0007068717550635883,0.9841538994554011,0.39510076514235126,0.0015630298641999495,110.0
3,noise,75,1.5,200,0.9172986767453308,0.8966233459316635,0.0014791824800214827,0.9841538994554011,0.39510076514235126,0.0015630298641999495,110.0
3,noise,75,2.0,200,0.8687157657638931,0.8358947072048664,0.003793778398551004,0.9841538994554011,0.39510076514235126,0.0015630298641999495,110.0
3,noise,75,2.5,200,0.8137093671766185,0.7671367089707732,0.0053897542604397965,0.9841538994554011,0.39510076514235126,0.0015630298641999495,110.0
3,noise,75,3.0,200,0.750785400186239,0.6884817502327985,0.010301551026994154,0.9841538994554011,0.39510076514235126,0.0015630298641999495,110.0
3,noise,75,3.5,200,0.6833654110699192,0.6042067638373988,0.013718263560399149,0.9841538994554011,0.39510076514235126,0.0015630298641999495,110.0
3,noise,76,0.1,200,0.9876588257109408,0.984573532138676,2.4083232291365504e-06,0.9848829839795167,0.38741633594235925,0.0014898118955448364,108.0
3,noise,76,0.25,200,0.9861393747601149,0.9826742184501438,1.710200938913949e-05,0.9848829839795167,0.38741633594235925,0.0014898118955448364,108.0
3,noise,76,0.5,200,0.9791810031799599,0.9739762539749499,7.5752161187727e-05,0.9848829839795167,0.38741633594235925,0.0014898118955448364,108.0
3,noise,76,0.75,200,0.9705592613831435,0.9631990767289292,0.00016663656574651776,0.9848829839795167,0.38741633594235925,0.0014898118955448364,108.0
3,noise,76,1.0,200,0.9556992918230233,0.9446241147787788,0.0004379650012267677,0.9848829839795167,0.38741633594235925,0.0014898118955448364,108.0
3,noise,76,1.25,200,0.9396678486669029,0.9245848108336285,0.0008363701205851645,0.9848829839795167,0.38741633594235925,0.0014898118955448364,108.0
3,noise,76,1.5,200,0.9218683791006246,0.9023354738757804,0.001476010186070879,0.9848829839795167,0.38741633594235925,0.0014898118955448364,108.0
3,noise,76,2.0,200,0.8736713885133389,0.8420892356416735,0.003233570134820126,0.9848829839795167,0.38741633594235925,0.0014898118955448364,108.0
3,noise,76,2.5,200,0.821020724286398,0.7762759053579975,0.00576105793963384,0.9848829839795167,0.38741633594235925,0.0014898118955448364,108.0
3,noise,76,3.0,200,0.7530955818889645,0.6913694773612055,0.011526148515244907,0.9848829839795167,0.38741633594235925,0.0014898118955448364,108.0
3,noise,76,3.5,200,0.6870952126301674,0.6088690157877089,0.012753251192013815,0.9848829839795167,0.38741633594235925,0.0014898118955448364,108.0
3,noise,77,0.1,200,0.9885117509114938,0.9856396886393671,2.1805354561516524e-06,0.9859338538527141,0.38573580664423934,0.0014916479715308577,104.0
3,noise,77,0.25,200,0.9870459833219635,0.983807479152454,1.4341236323358437e-05,0.9859338538527141,0.38573580664423934,0.0014916479715308577,104.0
3,noise,77,0.5,200,0.9805854171009287,0.9757317713761609,5.5258546346772604e-05,0.9859338538527141,0.38573580664423934,0.0014916479715308577,104.0
3,noise,77,0.75,200,0.9714881067738013,0.9643601334672514,0.0001700175167508368,0.9859338538527141,0.38573580664423934,0.0014916479715308577,104.0
3,noise,77,1.0,200,0.9574148952308583,0.9467686190385729,0.0004157738412015129,0.9859338538527141,0.38573580664423934,0.0014916479715308577,104.0
3,noise,77,1.25,200,0.9441126669666158,0.9301408337082697,0.0007013147945591311,0.9859338538527141,0.38573580664423934,0.0014916479715308577,104.0
3,noise,77,1.5,200,0.9228224651218856,0.903528081402357,0.0015322467196665186,0.9859338538527141,0.38573580664423934,0.0014916479715308577,104.0
3,noise,77,2.0,200,0.8767602924239924,0.8459503655299906,0.003383263372568144,0.9859338538527141,0.38573580664423934,0.0014916479715308577,104.0
3,noise,77,2.5,200,0.8257316514350408,0.7821645642938012,0.0048872947018988415,0.9859338538527141,0.38573580664423934,0.0014916479715308577,104.0
3,noise,77,3.0,200,0.7617984321683453,0.7022480402104315,0.010838490646459564,0.9859338538527141,0.38573580664423934,0.0014916479715308577,104.0
3,noise,77,3.5,200,0.6983957405927899,0.6229946757409873,0.011390067615710939,0.9859338538527141,0.38573580664423934,0.0014916479715308577,104.0
3,noise,78,0.1,200,0.9873492779471932,0.9841865974339915,2.3795107604946748e-06,0.9844535947419065,0.39628588899771244,0.0015132794136857256,104.0
3,noise,78,0.25,200,0.9858395986796525,0.9822994983495655,1.3909085225400113e-05,0.9844535947419065,0.39628588899771244,0.0015132794136857256,104.0
3,noise,78,0.5,200,0.9792859333784261,0.9741074167230325,5.7379117818828763e-05,0.9844535947419065,0.39628588899771244,0.0015132794136857256,104.0
3,noise,78,0.75,200,0.9702310287697871,0.9627887859622338,0.00018196378660253692,0.9844535947419065,0.39628588899771244,0.0015132794136857256,104.0
3,noise,78,1.0,200,0.9561321109185514,0.9451651386481891,0.00042001914583615646,0.9844535947419065,0.39628588899771244,0.0015132794136857256,104.0
3,noise,78,1.25,200,0.9424320775924566,0.9280400969905708,0.000752067542913146,0.9844535947419065,0.39628588899771244,0.0015132794136857256,104.0
3,noise,78,1.5,200,0.9211026845629352,0.9013783557036689,0.001566434762947871,0.9844535947419065,0.39628588899771244,0.0015132794136857256,104.0
3,noise,78,2.0,200,0.8753479441785263,0.8441849302231583,0.0035188926400197694,0.9844535947419065,0.39628588899771244,0.0015132794136857256,104.0
3,noise,78,2.5,200,0.8232178520586001,0.7790223150732498,0.004941225526305435,0.9844535947419065,0.39628588899771244,0.0015132794136857256,104.0
3,noise,78,3.0,200,0.7599566445873487,0.6999458057341859,0.010784355704769545,0.9844535947419065,0.39628588899771244,0.0015132794136857256,104.0
3,noise,78,3.5,200,0.696211973147823,0.6202649664347786,0.011534767755544722,0.9844535947419065,0.39628588899771244,0.0015132794136857256,104.0
3,noise,79,0.1,200,0.9883093494801835,0.9853866868502291,1.8812282965572069e-06,0.9856644133932824,0.3994151662336519,0.001478984903584652,100.0
3,noise,79,0.25,200,0.9868171130386323,0.9835213912982905,1.3901282466540971e-05,0.9856644133932824,0.3994151662336519,0.001478984903584652,100.0
3,noise,79,0.5,200,0.9802295269490711,0.9752869086863385,6.0021529231566855e-05,0.9856644133932824,0.3994151662336519,0.001478984903584652,100.0
3,noise,79,0.75,200,0.9729974715426595,0.9662468394283243,0.00014712504271291771,0.9856644133932824,0.3994151662336519,0.001478984903584652,100.0
3,noise,79,1.0,200,0.9583051439914829,0.9478814299893537,0.00035224080011828557,0.9856644133932824,0.3994151662336519,0.001478984903584652,100.0
3,noise,79,1.25,200,0.9432064334583246,0.9290080418229055,0.0007966546247456887,0.9856644133932824,0.3994151662336519,0.001478984903584652,100.0
3,noise,79,1.5,200,0.9248605540286757,0.9060756925358447,0.0012772480953986052,0.9856644133932824,0.3994151662336519,0.001478984903584652,100.0
3,noise,79,2.0,200,0.8824673870178721,0.8530842337723402,0.0029689993232413425,0.9856644133932824,0.3994151662336519,0.001478984903584652,100.0
3,noise,79,2.5,200,0.8296072802922627,0.7870091003653286,0.004992801579060395,0.9856644133932824,0.3994151662336519,0.001478984903584652,100.0
3,noise,79,3.0,200,0.7708569249829161,0.7135711562286451,0.010501999148906998,0.9856644133932824,0.3994151662336519,0.001478984903584652,100.0
3,noise,79,3.5,200,0.7048905120385774,0.6311131400482216,0.012115451430816373,0.9856644133932824,0.3994151662336519,0.001478984903584652,100.0
3,noise,80,0.1,200,0.9873271720798403,0.9841589650998003,2.4759762567024956e-06,0.9844479594098007,0.3929914239049493,0.0014597842324841732,104.0
3,noise,80,0.25,200,0.9858229485036962,0.9822786856296201,1.7044026410752757e-05,0.9844479594098007,0.3929914239049493,0.0014597842324841732,104.0
3,noise,80,0.5,200,0.9791582939720993,0.9739478674651241,6.562936028973331e-05,0.9844479594098007,0.3929914239049493,0.0014597842324841732,104.0
3,noise,80,0.75,200,0.9704821357286058,0.9631026696607569,0.00019991252184551743,0.9844479594098007,0.3929914239049493,0.0014597842324841732,104.0
3,noise,80,1.0,200,0.9559644977678284,0.9449556222097855,0.000418612347729172,0.9844479594098007,0.3929914239049493,0.0014597842324841732,104.0
3,noise,80,1.25,200,0.9428732680135218,0.928591585016902,0.0007328305460484399,0.9844479594098007,0.3929914239049493,0.0014597842324841732,104.0
3,noise,80,1.5,200,0.9218626835544055,0.9023283544430069,0.0015611040182003523,0.9844479594098007,0.3929914239049493,0.0014597842324841732,104.0
3,noise,80,2.0,200,0.8753016334518362,0.8441270418147951,0.003439471514788366,0.9844479594098007,0.3929914239049493,0.0014597842324841732,104.0
3,noise,80,2.5,200,0.8245120566807348,0.7806400708509185,0.004897416065546884,0.9844479594098007,0.3929914239049493,0.0014597842324841732,104.0
3,noise,80,3.0,200,0.7614406794350113,0.7018008492937643,0.010770787444778877,0.9844479594098007,0.3929914239049493,0.0014597842324841732,104.0
3,noise,80,3.5,200,0.6971630954379047,0.6214538692973807,0.011613673367420195,0.9844479594098007,0.3929914239049493,0.0014597842324841732,104.0
3,noise,81,0.1,200,0.9873686954820141,0.9842108693525176,2.4822736785615197e-06,0.9844702518735279,0.3946521722073526,0.0013929267508897695,104.0
3,noise,81,0.25,200,0.9858484945430507,0.9823106181788134,1.5268013242160664e-05,0.9844702518735279,0.3946521722073526,0.0013929267508897695,104.0
3,noise,81,0.5,200,0.9791852470481595,0.9739815588101993,6.0935282896059685e-05,0.9844702518735279,0.3946521722073526,0.0013929267508897695,104.0
3,noise,81,0.75,200,0.970196815329636,0.9627460191620449,0.0001949421467849637,0.9844702518735279,0.3946521722073526,0.0013929267508897695,104.0
3,noise,81,1.0,200,0.9560193967389449,0.9450242459236808,0.00042517100189543467,0.9844702518735279,0.3946521722073526,0.0013929267508897695,104.0
3,noise,81,1.25,200,0.9424803527948928,0.9281004409936159,0.0007589615422067988,0.9844702518735279,0.3946521722073526,0.0013929267508897695,104.0
3,noise,81,1.5,200,0.9212685114788862,0.9015856393486078,0.0015734524165432354,0.9844702518735279,0.3946521722073526,0.0013929267508897695,104.0
3,noise,81,2.0,200,0.8749309567108583,0.8436636958885728,0.003516082837430522,0.9844702518735279,0.3946521722073526,0.0013929267508897695,104.0
3,noise,81,2.5,200,0.823280051343735,0.7791000641796686,0.004934800375690871,0.9844702518735279,0.3946521722073526,0.0013929267508897695,104.0
3,noise,81,3.0,200,0.7603541400446945,0.7004426750558682,0.010779614187671552,0.9844702518735279,0.3946521722073526,0.0013929267508897695,104.0
3,noise,81,3.5,200,0.6963562996239939,0.6204453745299925,0.011617734953775763,0.9844702518735279,0.3946521722073526,0.0013929267508897695,104.0
3,noise,82,0.1,200,0.9874421101920213,0.9843026377400264,2.648540255375408e-06,0.9845497312614697,0.3900062401641964,0.00131574925316857,106.0
3,noise,82,0.25,200,0.9859571255054583,0.9824464068818227,1.539339566346296e-05,0.9845497312614697,0.3900062401641964,0.00131574925316857,106.0
3,noise,82,0.5,200,0.9789016857141242,0.9736271071426552,7.283159471662083e-05,0.9845497312614697,0.3900062401641964,0.00131574925316857,106.0
3,noise,82,0.75,200,0.9704062179174908,0.9630077723968636,0.00018002680352126156,0.9845497312614697,0.3900062401641964,0.00131574925316857,106.0
3,noise,82,1.0,200,0.9562826874749615,0.9453533593437017,0.0004223405333679287,0.9845497312614697,0.3900062401641964,0.00131574925316857,106.0
3,noise,82,1.25,200,0.9403660304674176,0.9254575380842718,0.000895043078625358,0.9845497312614697,0.3900062401641964,0.00131574925316857,106.0
3,noise,82,1.5,200,0.9198969738576462,0.8998712173220578,0.0015195286206053321,0.9845497312614697,0.3900062401641964,0.00131574925316857,106.0
3,noise,82,2.0,200,0.8724230146631445,0.8405287683289309,0.0032978477559776733,0.9845497312614697,0.3900062401641964,0.00131574925316857,106.0
3,noise,82,2.5,200,0.8181781044059253,0.7727226305074066,0.005778495153720678,0.9845497312614697,0.3900062401641964,0.00131574925316857,106.0
3,noise,82,3.0,200,0.7540740458857915,0.6925925573572392,0.011520168780123567,0.9845497312614697,0.3900062401641964,0.00131574925316857,106.0
3,noise,82,3.5,200,0.6919597878704407,0.6149497348380509,0.012674200928971011,0.9845497312614697,0.3900062401641964,0.00131574925316857,106.0
3,noise,83,0.1,200,0.9879232618966478,0.9849040773708098,2.221613991075649e-06,0.9851781160889163,0.3966901482782163,0.0013289086088757536,102.0
3,noise,83,0.25,200,0.9864290924368153,0.9830363655460193,1.3185721146227305e-05,0.9851781160889163,0.3966901482782163,0.0013289086088757536,102.0
3,noise,83,0.5,200,0.9796807929866962,0.9746009912333702,6.825775135045235e-05,0.9851781160889163,0.3966901482782163,0.0013289086088757536,102.0
3,noise,83,0.75,200,0.9719685930764611,0.9649607413455763,0.00016158800612435571,0.9851781160889163,0.3966901482782163,0.0013289086088757536,102.0
3,noise,83,1.0,200,0.9587079961003568,0.9483849951254458,0.00038090952993208305,0.9851781160889163,0.3966901482782163,0.0013289086088757536,102.0
3,noise,83,1.25,200,0.9433358731674283,0.9291698414592853,0.0007240254791739176,0.9851781160889163,0.3966901482782163,0.0013289086088757536,102.0
3,noise,83,1.5,200,0.923941039339524,0.9049262991744053,0.0016413272348269087,0.9851781160889163,0.3966901482782163,0.0013289086088757536,102.0
3,noise,83,2.0,200,0.8789717324309877,0.8487146655387343,0.0029320528901786895,0.9851781160889163,0.3966901482782163,0.0013289086088757536,102.0
3,noise,83,2.5,200,0.8215142856131129,0.7768928570163911,0.005481966587314206,0.9851781160889163,0.3966901482782163,0.0013289086088757536,102.0
3,noise,83,3.0,200,0.7602311406811486,0.7002889258514355,0.00977211503500288,0.9851781160889163,0.3966901482782163,0.0013289086088757536,102.0
3,noise,83,3.5,200,0.6946135525978075,0.6182669407472593,0.012218059888171868,0.9851781160889163,0.3966901482782163,0.0013289086088757536,102.0
3,noise,84,0.1,200,0.9886862955277348,0.9858578694096685,2.106765584869942e-06,0.9861307955414778,0.38853213679082454,0.0013629680645107667,102.0
3,noise,84,0.25,200,0.9872170862162915,0.9840213577703643,1.3109308334294089e-05,0.9861307955414778,0.38853213679082454,0.0013629680645107667,102.0
3,noise,84,0.5,200,0.9804856004797229,0.9756070005996536,6.370990437817875e-05,0.9861307955414778,0.38853213679082454,0.0013629680645107667,102.0
3,noise,84,0.75,200,0.9726307019876796,0.9657883774845993,0.00015706387402356802,0.9861307955414778,0.38853213679082454,0.0013629680645107667,102.0
3,noise,84,1.0,200,0.9595783713576606,0.9494729641970756,0.0003727525879973859,0.9861307955414778,0.38853213679082454,0.0013629680645107667,102.0
3,noise,84,1.25,200,0.944242972218601,0.9303037152732512,0.000698619636795484,0.9861307955414778,0.38853213679082454,0.0013629680645107667,102.0
3,noise,84,1.5,200,0.9248478211349284,0.9060597764186603,0.0016126483677630732,0.9861307955414778,0.38853213679082454,0.0013629680645107667,102.0
3,noise,84,2.0,200,0.8792366443371965,0.8490458054214953,0.0029040312169616935,0.9861307955414778,0.38853213679082454,0.0013629680645107667,102.0
3,noise,84,2.5,200,0.822197872272338,0.7777473403404224,0.005507628887991349,0.9861307955414778,0.38853213679082454,0.0013629680645107667,102.0
3,noise,84,3.0,200,0.7609333688736323,0.7011667110920403,0.00988720870619084,0.9861307955414778,0.38853213679082454,0.0013629680645107667,102.0
3,noise,84,3.5,200,0.6955761187597579,0.6194701484496972,0.01220737377575237,0.9861307955414778,0.38853213679082454,0.0013629680645107667,102.0
3,noise,85,0.1,200,0.9884606724208411,0.9855758405260514,2.112424493998939e-06,0.9858948330305425,0.38870965830758086,0.0014198314238157033,102.0
3,noise,85,0.25,200,0.9870467770169775,0.9838084712712216,1.5081096056356139e-05,0.9858948330305425,0.38870965830758086,0.0014198314238157033,102.0
3,noise,85,0.5,200,0.9803831166897393,0.9754788958621742,6.394869329406198e-05,0.9858948330305425,0.38870965830758086,0.0014198314238157033,102.0
3,noise,85,0.75,200,0.9726985103482497,0.9658731379353119,0.00016047802931754772,0.9858948330305425,0.38870965830758086,0.0014198314238157033,102.0
3,noise,85,1.0,200,0.9593956255090671,0.9492445318863336,0.00037749803167267906,0.9858948330305425,0.38870965830758086,0.0014198314238157033,102.0
3,noise,85,1.25,200,0.944661213156035,0.9308265164450436,0.0006764227724721103,0.9858948330305425,0.38870965830758086,0.0014198314238157033,102.0
3,noise,85,1.5,200,0.9254351773224224,0.9067939716530283,0.0016060465861908297,0.9858948330305425,0.38870965830758086,0.0014198314238157033,102.0
3,noise,85,2.0,200,0.8789727773692161,0.84871597171152,0.0029181109511944654,0.9858948330305425,0.38870965830758086,0.0014198314238157033,102.0
3,noise,85,2.5,200,0.8236020733990532,0.7795025917488165,0.005453691142548245,0.9858948330305425,0.38870965830758086,0.0014198314238157033,102.0
3,noise,85,3.0,200,0.7621801021165528,0.7027251276456912,0.01003648993566984,0.9858948330305425,0.38870965830758086,0.0014198314238157033,102.0
3,noise,85,3.5,200,0.6972554635475865,0.6215693294344831,0.01224954901641005,0.9858948330305425,0.38870965830758086,0.0014198314238157033,102.0
3,noise,86,0.1,200,0.989011353348503,0.986264191685629,1.9832764637204896e-06,0.9865750501927605,0.3865438613640557,0.001436436181258774,102.0
3,noise,86,0.25,200,0.9875396750975569,0.9844245938719461,1.3867258107865889e-05,0.9865750501927605,0.3865438613640557,0.001436436181258774,102.0
3,noise,86,0.5,200,0.9808910370842009,0.976113796355251,6.33641904995704e-05,0.9865750501927605,0.3865438613640557,0.001436436181258774,102.0
3,noise,86,0.75,200,0.9732657177691924,0.9665821472114906,0.0001550238229878114,0.9865750501927605,0.3865438613640557,0.001436436181258774,102.0
3,noise,86,1.0,200,0.9597798839984417,0.9497248549980523,0.00036858653293175413,0.9865750501927605,0.3865438613640557,0.001436436181258774,102.0
3,noise,86,1.25,200,0.9449920267348001,0.9312400334185,0.0006736136063959111,0.9865750501927605,0.3865438613640557,0.001436436181258774,102.0
3,noise,86,1.5,200,0.9256323439682039,0.9070404299602549,0.0015897961107384734,0.9865750501927605,0.3865438613640557,0.001436436181258774,102.0
3,noise,86,2.0,200,0.879451527464812,0.8493144093310151,0.0028995440525894133,0.9865750501927605,0.3865438613640557,0.001436436181258774,102.0
3,noise,86,2.5,200,0.8237258259696114,0.779657282462014,0.005428212400596905,0.9865750501927605,0.3865438613640557,0.001436436181258774,102.0
3,noise,86,3.0,200,0.7620739777257678,0.7025924721572097,0.00994281491554449,0.9865750501927605,0.3865438613640557,0.001436436181258774,102.0
3,noise,86,3.5,200,0.6971213674306287,0.621401709288286,0.012198281062119636,0.9865750501927605,0.3865438613640557,0.001436436181258774,102.0
3,noise,87,0.1,200,0.9875108062118033,0.9843885077647541,2.20756150573038e-06,0.9846932417618355,0.397349354809286,0.0014192661143023284,102.0
3,noise,87,0.25,200,0.9860990918759072,0.9826238648448838,1.6242692838109737e-05,0.9846932417618355,0.397349354809286,0.0014192661143023284,102.0
3,noise,87,0.5,200,0.9794466174953913,0.974308271869239,6.752433898793625e-05,0.9846932417618355,0.397349354809286,0.0014192661143023284,102.0
3,noise,87,0.75,200,0.9716782207391846,0.9645977759239807,0.00016669035381096354,0.9846932417618355,0.397349354809286,0.0014192661143023284,102.0
3,noise,87,1.0,200,0.9585238244647093,0.9481547805808865,0.00039572363211831684,0.9846932417618355,0.397349354809286,0.0014192661143023284,102.0
3,noise,87,1.25,200,0.9438162685205285,0.9297703356506604,0.0006932613377731438,0.9846932417618355,0.397349354809286,0.0014192661143023284,102.0
3,noise,87,1.5,200,0.9243587061470567,0.9054483826838208,0.0016361585608316623,0.9846932417618355,0.397349354809286,0.0014192661143023284,102.0
3,noise,87,2.0,200,0.8780619769773793,0.8475774712217242,0.002913768648672954,0.9846932417618355,0.397349354809286,0.0014192661143023284,102.0
3,noise,87,2.5,200,0.822891531183473,0.7786144139793411,0.005518916143001354,0.9846932417618355,0.397349354809286,0.0014192661143023284,102.0
3,noise,87,3.0,200,0.7615562972526054,0.7019453715657568,0.010108681342980803,0.9846932417618355,0.397349354809286,0.0014192661143023284,102.0
3,noise,87,3.5,200,0.6973654620122858,0.6217068275153569,0.012181705657107928,0.9846932417618355,0.397349354809286,0.0014192661143023284,102.0
3,noise,88,0.1,200,0.9880394481142464,0.9850493101428077,2.0348674905581043e-06,0.9853876215508706,0.3867339756496536,0.001450119508724469,102.0
3,noise,88,0.25,200,0.98664796972407,0.983309962155087,1.5194701713865378e-05,0.9853876215508706,0.3867339756496536,0.001450119508724469,102.0
3,noise,88,0.5,200,0.9801039544585806,0.9751299430732258,6.584458870108776e-05,0.9853876215508706,0.3867339756496536,0.001450119508724469,102.0
3,noise,88,0.75,200,0.9723088500963843,0.9653860626204803,0.00015421191372063666,0.9853876215508706,0.3867339756496536,0.001450119508724469,102.0
3,noise,88,1.0,200,0.9592190128591496,0.949023766073937,0.0003766957232601728,0.9853876215508706,0.3867339756496536,0.001450119508724469,102.0
3,noise,88,1.25,200,0.9445723950364804,0.9307154937956003,0.0006727738700733322,0.9853876215508706,0.3867339756496536,0.001450119508724469,102.0
3,noise,88,1.5,200,0.9249200299487068,0.9061500374358837,0.0016114583963107653,0.9853876215508706,0.3867339756496536,0.001450119508724469,102.0
3,noise,88,2.0,200,0.8798461832289672,0.8498077290362087,0.0028036460149565507,0.9853876215508706,0.3867339756496536,0.001450119508724469,102.0
3,noise,88,2.5,200,0.8246515532264074,0.7808144415330089,0.005346844097864647,0.9853876215508706,0.3867339756496536,0.001450119508724469,102.0
3,noise,88,3.0,200,0.7626337839079043,0.7032922298848803,0.00994689974543415,0.9853876215508706,0.3867339756496536,0.001450119508724469,102.0
3,noise,88,3.5,200,0.6984332162334226,0.6230415202917782,0.012081153964388507,0.9853876215508706,0.3867339756496536,0.001450119508724469,102.0
3,noise,89,0.1,200,0.9890832956041141,0.9863541195051425,1.887385010038009e-06,0.9866520448232944,0.38011393078831546,0.0013976535623907787,98.0
3,noise,89,0.25,200,0.9876669491056568,0.984583686382071,1.3177626558000467e-05,0.9866520448232944,0.38011393078831546,0.0013976535623907787,98.0
3,noise,89,0.5,200,0.9814509012196961,0.97681362652462,6.0131804472187864e-05,0.9866520448232944,0.38011393078831546,0.0013976535623907787,98.0
3,noise,89,0.75,200,0.9735740347141713,0.9669675433927138,0.00013129343044553476,0.9866520448232944,0.38011393078831546,0.0013976535623907787,98.0
3,noise,89,1.0,200,0.9611191718497282,0.9513989648121602,0.00033901728311514645,0.9866520448232944,0.38011393078831546,0.0013976535623907787,98.0
3,noise,89,1.25,200,0.9462148205928763,0.9327685257410954,0.0006213421176873164,0.9866520448232944,0.38011393078831546,0.0013976535623907787,98.0
3,noise,89,1.5,200,0.9282098955526664,0.9102623694408328,0.0012401426672638985,0.9866520448232944,0.38011393078831546,0.0013976535623907787,98.0
3,noise,89,2.0,200,0.8860538796467909,0.8575673495584885,0.0026986475911618757,0.9866520448232944,0.38011393078831546,0.0013976535623907787,98.0
3,noise,89,2.5,200,0.8364231549827714,0.7955289437284644,0.004655882923074923,0.9866520448232944,0.38011393078831546,0.0013976535623907787,98.0
3,noise,89,3.0,200,0.7724491328073562,0.715561416009195,0.009794015826723516,0.9866520448232944,0.38011393078831546,0.0013976535623907787,98.0
3,noise,89,3.5,200,0.709569415554658,0.6369617694433224,0.01286131137007716,0.9866520448232944,0.38011393078831546,0.0013976535623907787,98.0
3,noise,90,0.1,200,0.9865851013207738,0.983231376650967,2.1331362778224048e-06,0.9834994836272383,0.39662758822302163,0.001343717160765462,100.0
3,noise,90,0.25,200,0.9851529892195812,0.9814412365244762,1.5769411404140468e-05,0.9834994836272383,0.39662758822302163,0.001343717160765462,100.0
3,noise,90,0.5,200,0.9785571532359629,0.9731964415449537,6.359303703983104e-05,0.9834994836272383,0.39662758822302163,0.001343717160765462,100.0
3,noise,90,0.75,200,0.970971096058414,0.9637138700730173,0.00015235989434245922,0.9834994836272383,0.39662758822302163,0.001343717160765462,100.0
3,noise,90,1.0,200,0.9569638051385495,0.9462047564231867,0.0003634949176259179,0.9834994836272383,0.39662758822302163,0.001343717160765462,100.0
3,noise,90,1.25,200,0.9416275565120892,0.9270344456401116,0.000845005295916049,0.9834994836272383,0.39662758822302163,0.001343717160765462,100.0
3,noise,90,1.5,200,0.9225650389587339,0.9032062986984173,0.0013754520573877552,0.9834994836272383,0.39662758822302163,0.001343717160765462,100.0
3,noise,90,2.0,200,0.8815378554930231,0.851922319366279,0.0030332748065904492,0.9834994836272383,0.39662758822302163,0.001343717160765462,100.0
3,noise,90,2.5,200,0.8283599748935316,0.7854499686169146,0.005096029558975042,0.9834994836272383,0.39662758822302163,0.001343717160765462,100.0
3,noise,90,3.0,200,0.7698376473628032,0.712297059203504,0.010378659458187221,0.9834994836272383,0.39662758822302163,0.001343717160765462,100.0
3,noise,90,3.5,200,0.7040042854411646,0.6300053568014555,0.011773873597690977,0.9834994836272383,0.39662758822302163,0.001343717160765462,100.0
3,noise,91,0.1,200,0.9869625944586353,0.9837032430732943,2.740651429093419e-06,0.9839902848594398,0.3945051080483677,0.0014112481765876734,106.0
3,noise,91,0.25,200,0.9855472112985219,0.9819340141231524,1.8215970601128323e-05,0.9839902848594398,0.3945051080483677,0.0014112481765876734,106.0
3,noise,91,0.5,200,0.9785109467806796,0.9731386834758494,8.345182068610578e-05,0.9839902848594398,0.3945051080483677,0.0014112481765876734,106.0
3,noise,91,0.75,200,0.9701641168926415,0.9627051461158017,0.00018117324624372273,0.9839902848594398,0.3945051080483677,0.0014112481765876734,106.0
3,noise,91,1.0,200,0.9562805290743696,0.945350661342962,0.0004163952687827933,0.9839902848594398,0.3945051080483677,0.0014112481765876734,106.0
3,noise,91,1.25,200,0.9406215947897998,0.9257769934872496,0.0008945946734409101,0.9839902848594398,0.3945051080483677,0.0014112481765876734,106.0
3,noise,91,1.5,200,0.920565827232597,0.9007072840407462,0.001525900459781806,0.9839902848594398,0.3945051080483677,0.0014112481765876734,106.0
3,noise,91,2.0,200,0.8738151480555212,0.8422689350694013,0.003227815867955718,0.9839902848594398,0.3945051080483677,0.0014112481765876734,106.0
3,noise,91,2.5,200,0.8204764410606447,0.7755955513258056,0.005764736235342539,0.9839902848594398,0.3945051080483677,0.0014112481765876734,106.0
3,noise,91,3.0,200,0.7571776173590127,0.6964720216987658,0.011335372856632681,0.9839902848594398,0.3945051080483677,0.0014112481765876734,106.0
3,noise,91,3.5,200,0.6939632481865785,0.617454060233223,0.012611626413858821,0.9839902848594398,0.3945051080483677,0.0014112481765876734,106.0
3,noise,92,0.1,200,0.9876230222649034,0.9845287778311288,2.722531204988949e-06,0.9848041656645692,0.3983653190624219,0.0015151641847500352,114.0
3,noise,92,0.25,200,0.9859431858070723,0.9824289822588405,1.6674556341170706e-05,0.9848041656645692,0.3983653190624219,0.0015151641847500352,114.0
3,noise,92,0.5,200,0.9784933047073754,0.9731166308842192,8.097463352179396e-05,0.9848041656645692,0.3983653190624219,0.0015151641847500352,114.0
3,noise,92,0.75,200,0.969064232543396,0.9613302906792449,0.00020194646095948257,0.9848041656645692,0.3983653190624219,0.0015151641847500352,114.0
3,noise,92,1.0,200,0.9544528016858238,0.9430660021072796,0.0004990363872856723,0.9848041656645692,0.3983653190624219,0.0015151641847500352,114.0
3,noise,92,1.25,200,0.9360573831219796,0.9200717289024745,0.0009893788041998852,0.9848041656645692,0.3983653190624219,0.0015151641847500352,114.0
3,noise,92,1.5,200,0.9146645900932351,0.8933307376165439,0.0016429656253523928,0.9848041656645692,0.3983653190624219,0.0015151641847500352,114.0
3,noise,92,2.0,200,0.8683478055216786,0.835434756902098,0.003926009098243633,0.9848041656645692,0.3983653190624219,0.0015151641847500352,114.0
3,noise,92,2.5,200,0.804239842245746,0.7552998028071825,0.005901606282037945,0.9848041656645692,0.3983653190624219,0.0015151641847500352,114.0
3,noise,92,3.0,200,0.7461463333119674,0.6826829166399591,0.010171329447250979,0.9848041656645692,0.3983653190624219,0.0015151641847500352,114.0
3,noise,92,3.5,200,0.6753116187600591,0.5941395234500738,0.015016643993944472,0.9848041656645692,0.3983653190624219,0.0015151641847500352,114.0
3,noise,93,0.1,200,0.9890926062604136,0.9863657578255168,2.086938267212312e-06,0.9866930576298721,0.3859688967835504,0.001488597195876827,104.0
3,noise,93,0.25,200,0.9876721605035667,0.984590200629458,1.5118116051665497e-05,0.9866930576298721,0.3859688967835504,0.001488597195876827,104.0
3,noise,93,0.5,200,0.9811535453781248,0.976441931722656,5.798769635036434e-05,0.9866930576298721,0.3859688967835504,0.001488597195876827,104.0
3,noise,93,0.75,200,0.9720214333460305,0.965026791682538,0.00018016079755881018,0.9866930576298721,0.3859688967835504,0.001488597195876827,104.0
3,noise,93,1.0,200,0.9581073586929891,0.9476341983662363,0.0003995380376920919,0.9866930576298721,0.3859688967835504,0.001488597195876827,104.0
3,noise,93,1.25,200,0.9446532449264393,0.9308165561580489,0.0006931320034453552,0.9866930576298721,0.3859688967835504,0.001488597195876827,104.0
3,noise,93,1.5,200,0.9235991778344005,0.9044989722930005,0.00149924699257252,0.9866930576298721,0.3859688967835504,0.001488597195876827,104.0
3,noise,93,2.0,200,0.8778161744654446,0.8472702180818055,0.0032768917490423755,0.9866930576298721,0.3859688967835504,0.001488597195876827,104.0
3,noise,93,2.5,200,0.8268791629230802,0.7835989536538501,0.004814416125990201,0.9866930576298721,0.3859688967835504,0.001488597195876827,104.0
3,noise,93,3.0,200,0.7633964385001096,0.704245548125137,0.010693803925489652,0.9866930576298721,0.3859688967835504,0.001488597195876827,104.0
3,noise,93,3.5,200,0.6994373448681593,0.6242966810851991,0.011434761399299357,0.9866930576298721,0.3859688967835504,0.001488597195876827,104.0
3,noise,94,0.1,200,0.9871547618282559,0.9839434522853199,2.727493010896959e-06,0.984235320138922,0.39289645260009165,0.001532767974353469,108.0
3,noise,94,0.25,200,0.9856878845303645,0.9821098556629555,1.9023314715590872e-05,0.984235320138922,0.39289645260009165,0.001532767974353469,108.0
3,noise,94,0.5,200,0.9785873071004696,0.9732341338755872,8.351294614953801e-05,0.984235320138922,0.39289645260009165,0.001532767974353469,108.0
3,noise,94,0.75,200,0.969942425342617,0.9624280316782711,0.00017472734569772434,0.984235320138922,0.39289645260009165,0.001532767974353469,108.0
3,noise,94,1.0,200,0.9552988223124779,0.9441235278905971,0.0004498958726112704,0.984235320138922,0.39289645260009165,0.001532767974353469,108.0
3,noise,94,1.25,200,0.9389945153008731,0.9237431441260909,0.000860774169812051,0.984235320138922,0.39289645260009165,0.001532767974353469,108.0
3,noise,94,1.5,200,0.9207162977167052,0.9008953721458814,0.0014941774514269752,0.984235320138922,0.39289645260009165,0.001532767974353469,108.0
3,noise,94,2.0,200,0.8740590960999358,0.8425738701249196,0.0032614770836828398,0.984235320138922,0.39289645260009165,0.001532767974353469,108.0
3,noise,94,2.5,200,0.8201990701966828,0.7752488377458536,0.005856324068561545,0.984235320138922,0.39289645260009165,0.001532767974353469,108.0
3,noise,94,3.0,200,0.7529015230750447,0.6911269038438056,0.011709044813440352,0.984235320138922,0.39289645260009165,0.001532767974353469,108.0
3,noise,94,3.5,200,0.6868549746453841,0.60856871830673,0.012808097179422315,0.984235320138922,0.39289645260009165,0.001532767974353469,108.0
3,noise,95,0.1,200,0.988456754757908,0.9855709434473852,2.4224474743002845e-06,0.985831818879397,0.3879644204454955,0.0015763939300761142,106.0
3,noise,95,0.25,200,0.9869987798733967,0.9837484748417458,1.4584937588177035e-05,0.985831818879397,0.3879644204454955,0.0015763939300761142,106.0
3,noise,95,0.5,200,0.9800526463552418,0.9750658079440521,7.102127811866531e-05,0.985831818879397,0.3879644204454955,0.0015763939300761142,106.0
3,noise,95,0.75,200,0.9714683555596224,0.9643354444495281,0.0001660134172361741,0.985831818879397,0.3879644204454955,0.0015763939300761142,106.0
3,noise,95,1.0,200,0.9578120743654446,0.9472650929568053,0.000416151070957671,0.985831818879397,0.3879644204454955,0.0015763939300761142,106.0
3,noise,95,1.25,200,0.9418291282699656,0.9272864103374568,0.0008441475406602502,0.985831818879397,0.3879644204454955,0.0015763939300761142,106.0
3,noise,95,1.5,200,0.9211130673547567,0.9013913341934461,0.0014592852889657327,0.985831818879397,0.3879644204454955,0.0015763939300761142,106.0
3,noise,95,2.0,200,0.8744894187668154,0.8431117734585194,0.0031141848117340032,0.985831818879397,0.3879644204454955,0.0015763939300761142,106.0
3,noise,95,2.5,200,0.8202546501704071,0.7753183127130089,0.0058720899529385775,0.985831818879397,0.3879644204454955,0.0015763939300761142,106.0
3,noise,95,3.0,200,0.7559976292003583,0.6949970365004478,0.011653057457908136,0.985831818879397,0.3879644204454955,0.0015763939300761142,106.0
3,noise,95,3.5,200,0.6943020332396014,0.6178775415495017,0.012540662401265753,0.985831818879397,0.3879644204454955,0.0015763939300761142,106.0
3,noise,96,0.1,200,0.9900970639979466,0.9876213299974331,1.556535889726581e-06,0.9878880052909326,0.39116070408689874,0.0015450503422838253,100.0
3,noise,96,0.25,200,0.9886424779126683,0.9858030973908353,1.1775462158866903e-05,0.9878880052909326,0.39116070408689874,0.0015450503422838253,100.0
3,noise,96,0.5,200,0.9821662908401727,0.9777078635502159,5.255675266546374e-05,0.9878880052909326,0.39116070408689874,0.0015450503422838253,100.0
3,noise,96,0.75,200,0.974509012499889,0.9681362656248611,0.00012496457087643104,0.9878880052909326,0.39116070408689874,0.0015450503422838253,100.0
3,noise,96,1.0,200,0.9606421034242335,0.9508026292802918,0.00032219761250429216,0.9878880052909326,0.39116070408689874,0.0015450503422838253,100.0
3,noise,96,1.25,200,0.9449589961019073,0.9311987451273837,0.0007506173901084606,0.9878880052909326,0.39116070408689874,0.0015450503422838253,100.0
3,noise,96,1.5,200,0.9260142797984813,0.9075178497481013,0.001237169179316112,0.9878880052909326,0.39116070408689874,0.0015450503422838253,100.0
3,noise,96,2.0,200,0.8844013141883362,0.8555016427354203,0.0029092439357907797,0.9878880052909326,0.39116070408689874,0.0015450503422838253,100.0
3,noise,96,2.5,200,0.8307231981619783,0.788403997702473,0.005071959616175032,0.9878880052909326,0.39116070408689874,0.0015450503422838253,100.0
3,noise,96,3.0,200,0.7711359151568339,0.7139198939460423,0.010332925039339714,0.9878880052909326,0.39116070408689874,0.0015450503422838253,100.0
3,noise,96,3.5,200,0.7063372487001365,0.6329215608751706,0.012083330032149715,0.9878880052909326,0.39116070408689874,0.0015450503422838253,100.0
3,noise,97,0.1,200,0.9890513120359501,0.9863141400449374,2.0697063644374617e-06,0.9866316015458656,0.3884344679276225,0.0015451656014366258,102.0
3,noise,97,0.25,200,0.9876777815244545,0.9845972269055681,1.287485102632383e-05,0.9866316015458656,0.3884344679276225,0.0015451656014366258,102.0
3,noise,97,0.5,200,0.9809762013809206,0.9762202517261506,6.39102169928647e-05,0.9866316015458656,0.3884344679276225,0.0015451656014366258,102.0
3,noise,97,0.75,200,0.9731427064959924,0.9664283831199906,0.000150657966682516,0.9866316015458656,0.3884344679276225,0.0015451656014366258,102.0
3,noise,97,1.0,200,0.9603134864562617,0.9503918580703271,0.00036647371857049344,0.9866316015458656,0.3884344679276225,0.0015451656014366258,102.0
3,noise,97,1.25,200,0.9450081990802488,0.931260248850311,0.0006876860472716422,0.9866316015458656,0.3884344679276225,0.0015451656014366258,102.0
3,noise,97,1.5,200,0.9256753347369394,0.9070941684211741,0.0016120000114275678,0.9866316015458656,0.3884344679276225,0.0015451656014366258,102.0
3,noise,97,2.0,200,0.880953932261263,0.8511924153265786,0.00285543971804343,0.9866316015458656,0.3884344679276225,0.0015451656014366258,102.0
3,noise,97,2.5,200,0.8241898125001161,0.7802372656251451,0.005476129680657895,0.9866316015458656,0.3884344679276225,0.0015451656014366258,102.0
3,noise,97,3.0,200,0.761790509515588,0.7022381368944852,0.009978896920723066,0.9866316015458656,0.3884344679276225,0.0015451656014366258,102.0
3,noise,97,3.5,200,0.6968596318359717,0.6210745397949645,0.012144651433143147,0.9866316015458656,0.3884344679276225,0.0015451656014366258,102.0
3,noise,98,0.1,200,0.9884299247869226,0.9855374059836534,2.423779931105314e-06,0.9858421232373928,0.3923397058204962,0.0016272815416717287,106.0
3,noise,98,0.25,200,0.987031134344559,0.9837889179306987,1.5921258709698404e-05,0.9858421232373928,0.3923397058204962,0.0016272815416717287,106.0
3,noise,98,0.5,200,0.9800447277133195,0.9750559096416492,7.325057460679446e-05,0.9858421232373928,0.3923397058204962,0.0016272815416717287,106.0
3,noise,98,0.75,200,0.9717160859964706,0.9646451074955883,0.00017084838531925751,0.9858421232373928,0.3923397058204962,0.0016272815416717287,106.0
3,noise,98,1.0,200,0.9576732884504584,0.9470916105630733,0.00042323445650905124,0.9858421232373928,0.3923397058204962,0.0016272815416717287,106.0
3,noise,98,1.25,200,0.9420315833385129,0.927539479173141,0.0008536593691551922,0.9858421232373928,0.3923397058204962,0.0016272815416717287,106.0
3,noise,98,1.5,200,0.9216334880943589,0.9020418601179486,0.0014771446243908503,0.9858421232373928,0.3923397058204962,0.0016272815416717287,106.0
3,noise,98,2.0,200,0.8752359622798803,0.8440449528498505,0.003155132851470042,0.9858421232373928,0.3923397058204962,0.0016272815416717287,106.0
3,noise,98,2.5,200,0.8218080117671033,0.777260014708879,0.005704255113861234,0.9858421232373928,0.3923397058204962,0.0016272815416717287,106.0
3,noise,98,3.0,200,0.757186403463618,0.6964830043295223,0.011478469232661857,0.9858421232373928,0.3923397058204962,0.0016272815416717287,106.0
3,noise,98,3.5,200,0.6954617617607736,0.6193272022009669,0.012583563632374619,0.9858421232373928,0.3923397058204962,0.0016272815416717287,106.0
3,noise,99,0.1,200,0.9875454913610633,0.984431864201329,2.6311832773097253e-06,0.9847394003825738,0.39282194315856733,0.00158204694746811,108.0
3,noise,99,0.25,200,0.9860709305173048,0.982588663146631,1.8451448948331937e-05,0.9847394003825738,0.39282194315856733,0.00158204694746811,108.0
3,noise,99,0.5,200,0.9789356441728467,0.9736695552160585,8.444450476607381e-05,0.9847394003825738,0.39282194315856733,0.00158204694746811,108.0
3,noise,99,0.75,200,0.9705285247295979,0.9631606559119973,0.00017640613046723212,0.9847394003825738,0.39282194315856733,0.00158204694746811,108.0
3,noise,99,1.0,200,0.9554336492674094,0.9442920615842618,0.00044728888571755567,0.9847394003825738,0.39282194315856733,0.00158204694746811,108.0
3,noise,99,1.25,200,0.9392769309984637,0.9240961637480796,0.0008592185840297296,0.9847394003825738,0.39282194315856733,0.00158204694746811,108.0
3,noise,99,1.5,200,0.9209534446845006,0.9011918058556256,0.0014901474734481735,0.9847394003825738,0.39282194315856733,0.00158204694746811,108.0
3,noise,99,2.0,200,0.874468983529811,0.8430862294122637,0.003264822548583193,0.9847394003825738,0.39282194315856733,0.00158204694746811,108.0
3,noise,99,2.5,200,0.8209170038463611,0.7761462548079514,0.005774470876220863,0.9847394003825738,0.39282194315856733,0.00158204694746811,108.0
3,noise,99,3.0,200,0.7527993181927009,0.6909991477408759,0.011616979484495329,0.9847394003825738,0.39282194315856733,0.00158204694746811,108.0
3,noise,99,3.5,200,0.6867472527522556,0.6084340659403195,0.012817055247394396,0.9847394003825738,0.39282194315856733,0.00158204694746811,108.0
3,noise,100,0.1,200,0.98834329476102,0.9854291184512749,2.464570159173673e-06,0.9857367241722835,0.3899228997884608,0.0015522332558587201,108.0
3,noise,100,0.25,200,0.9868525680561953,0.983565710070244,1.7545007316973815e-05,0.9857367241722835,0.3899228997884608,0.0015522332558587201,108.0
3,noise,100,0.5,200,0.9797841832205499,0.9747302290256877,7.955919248248316e-05,0.9857367241722835,0.3899228997884608,0.0015522332558587201,108.0
3,noise,100,0.75,200,0.9712884740029009,0.9641105925036261,0.00016762868201751775,0.9857367241722835,0.3899228997884608,0.0015522332558587201,108.0
3,noise,100,1.0,200,0.9563535841908131,0.9454419802385163,0.0004246437855968945,0.9857367241722835,0.3899228997884608,0.0015522332558587201,108.0
3,noise,100,1.25,200,0.9400806187814589,0.9251007734768234,0.0008301067810829037,0.9857367241722835,0.3899228997884608,0.0015522332558587201,108.0
3,noise,100,1.5,200,0.9218482153918033,0.9023102692397541,0.0014570969782610286,0.9857367241722835,0.3899228997884608,0.0015522332558587201,108.0
3,noise,100,2.0,200,0.8752284316489967,0.8440355395612457,0.003198879989697761,0.9857367241722835,0.3899228997884608,0.0015522332558587201,108.0
3,noise,100,2.5,200,0.8215809903662564,0.7769762379578202,0.005718996864391731,0.9857367241722835,0.3899228997884608,0.0015522332558587201,108.0
3,noise,100,3.0,200,0.7535574210134993,0.691946776266874,0.011559709678216885,0.9857367241722835,0.3899228997884608,0.0015522332558587201,108.0
3,noise,100,3.5,200,0.6873240395891822,0.6091550494864775,0.01271489514775934,0.9857367241722835,0.3899228997884608,0.0015522332558587201,108.0
3,nominal,1,0.1,200,0.9971635509160525,0.9964544386450654,7.081014583966509e-07,0.9969948224884769,0.5490225057013658,0.00015551516756536195,180.0
3,nominal,1,0.25,200,0.9940099018724106,0.992512377340513,7.664596001062549e-06,0.9969948224884769,0.5490225057013658,0.00015551516756536195,180.0
3,nominal,1,0.5,200,0.9836204013460318,0.9795255016825396,5.866325405147744e-05,0.9969948224884769,0.5490225057013658,0.00015551516756536195,180.0
3,nominal,1,0.75,200,0.9683340099232638,0.9604175124040796,0.00019601171983875434,0.9969948224884769,0.5490225057013658,0.00015551516756536195,180.0
3,nominal,1,1.0,200,0.9463212399929962,0.9329015499912452,0.0005461092325436932,0.9969948224884769,0.5490225057013658,0.00015551516756536195,180.0
3,nominal,1,1.25,200,0.9153306421349776,0.8941633026687219,0.001729087795612452,0.9969948224884769,0.5490225057013658,0.00015551516756536195,180.0
3,nominal,1,1.5,200,0.8803003987285707,0.8503754984107132,0.0026312021965216588,0.9969948224884769,0.5490225057013658,0.00015551516756536195,180.0
3,nominal,1,2.0,200,0.8133035826459623,0.7666294783074531,0.006826226878168362,0.9969948224884769,0.5490225057013658,0.00015551516756536195,180.0
3,nominal,1,2.5,200,0.7366224479391876,0.6707780599239846,0.008426497492890494,0.9969948224884769,0.5490225057013658,0.00015551516756536195,180.0
3,nominal,1,3.0,200,0.6437002105566736,0.5546252631958418,0.016751524261007213,0.9969948224884769,0.5490225057013658,0.00015551516756536195,180.0
3,nominal,1,3.5,200,0.5660869804444467,0.4576087255555582,0.018889095757358705,0.9969948224884769,0.5490225057013658,0.00015551516756536195,180.0
3,nominal,2,0.1,200,0.9753162779693716,0.9691453474617145,8.028994904506768e-06,0.9697416612280725,0.6199761743114731,0.0002615811428621286,180.0
3,nominal,2,0.25,200,0.9722921963283744,0.9653652454104679,5.615503377038073e-05,0.9697416612280725,0.6199761743114731,0.0002615811428621286,180.0
3,nominal,2,0.5,200,0.963380479152718,0.9542255989408974,0.00018752442460065209,0.9697416612280725,0.6199761743114731,0.0002615811428621286,180.0
3,nominal,2,0.75,200,0.9462037650004332,0.9327547062505414,0.00047169101000807374,0.9697416612280725,0.6199761743114731,0.0002615811428621286,180.0
3,nominal,2,1.0,200,0.926595341826522,0.9082441772831524,0.0009652239949161937,0.9697416612280725,0.6199761743114731,0.0002615811428621286,180.0
3,nominal,2,1.25,200,0.8999024645242006,0.8748780806552509,0.0021678948878422035,0.9697416612280725,0.6199761743114731,0.0002615811428621286,180.0
3,nominal,2,1.5,200,0.8617335415266791,0.8271669269083489,0.003732728249232398,0.9697416612280725,0.6199761743114731,0.0002615811428621286,180.0
3,nominal,2,2.0,200,0.7946895831053988,0.7433619788817487,0.008378602003807628,0.9697416612280725,0.6199761743114731,0.0002615811428621286,180.0
3,nominal,2,2.5,200,0.7214598368628546,0.651824796078568,0.010019707409439074,0.9697416612280725,0.6199761743114731,0.0002615811428621286,180.0
3,nominal,2,3.0,200,0.6273635784614235,0.5342044730767794,0.018169644168700292,0.9697416612280725,0.6199761743114731,0.0002615811428621286,180.0
3,nominal,2,3.5,200,0.5543502069119718,0.4429377586399647,0.019013173320883626,0.9697416612280725,0.6199761743114731,0.0002615811428621286,180.0
3,nominal,3,0.1,200,0.9971452402365348,0.9964315502956683,3.9944442949477143e-07,0.9968559736609334,0.3762626192149551,0.0002580193115837985,122.0
3,nominal,3,0.25,200,0.9950492801476145,0.993811600184518,3.639480440942682e-06,0.9968559736609334,0.3762626192149551,0.0002580193115837985,122.0
3,nominal,3,0.5,200,0.9884055588275145,0.9855069485343928,2.3521437494671828e-05,0.9968559736609334,0.3762626192149551,0.0002580193115837985,122.0
3,nominal,3,0.75,200,0.9776611647491823,0.972076455936478,9.065077954745082e-05,0.9968559736609334,0.3762626192149551,0.0002580193115837985,122.0
3,nominal,3,1.0,200,0.9616959777873794,0.9521199722342242,0.00026763640032484464,0.9968559736609334,0.3762626192149551,0.0002580193115837985,122.0
3,nominal,3,1.25,200,0.9423376861328912,0.9279221076661142,0.0006905721599030917,0.9968559736609334,0.3762626192149551,0.0002580193115837985,122.0
3,nominal,3,1.5,200,0.918397060836705,0.8979963260458811,0.0012470076060856973,0.9968559736609334,0.3762626192149551,0.0002580193115837985,122.0
3,nominal,3,2.0,200,0.8651524636417602,0.8314405795522003,0.004778524376154593,0.9968559736609334,0.3762626192149551,0.0002580193115837985,122.0
3,nominal,3,2.5,200,0.8027979061191133,0.7534973826488917,0.005068883509492893,0.9968559736609334,0.3762626192149551,0.0002580193115837985,122.0
3,nominal,3,3.0,200,0.7296495318394912,0.662061914799364,0.010039929873250636,0.9968559736609334,0.3762626192149551,0.0002580193115837985,122.0
3,nominal,3,3.5,200,0.6556761770305646,0.5695952212882056,0.014621147169853752,0.9968559736609334,0.3762626192149551,0.0002580193115837985,122.0
3,nominal,4,0.1,200,0.9961162091675381,0.9951452614594224,7.48591674520421e-07,0.9954804888159745,0.3506666256244956,0.0002942126348758283,108.0
3,nominal,4,0.25,200,0.9944694199890922,0.9930867749863651,5.0354543310900124e-06,0.9954804888159745,0.3506666256244956,0.0002942126348758283,108.0
3,nominal,4,0.5,200,0.987957836851517,0.9849472960643959,3.236900443344245e-05,0.9954804888159745,0.3506666256244956,0.0002942126348758283,108.0
3,nominal,4,0.75,200,0.9782424558314837,0.9728030697893547,8.614442428279693e-05,0.9954804888159745,0.3506666256244956,0.0002942126348758283,108.0
3,nominal,4,1.0,200,0.964067908412139,0.9550848855151738,0.00025598910363284333,0.9954804888159745,0.3506666256244956,0.0002942126348758283,108.0
3,nominal,4,1.25,200,0.9477050665993535,0.9346313332491917,0.0005450611137177123,0.9954804888159745,0.3506666256244956,0.0002942126348758283,108.0
3,nominal,4,1.5,200,0.9278907758692597,0.9098634698365745,0.0010102545438796138,0.9954804888159745,0.3506666256244956,0.0002942126348758283,108.0
3,nominal,4,2.0,200,0.8788874933380735,0.8486093666725918,0.002798678613842022,0.9954804888159745,0.3506666256244956,0.0002942126348758283,108.0
3,nominal,4,2.5,200,0.8235900847370332,0.7794876059212915,0.005312923326715302,0.9954804888159745,0.3506666256244956,0.0002942126348758283,108.0
3,nominal,4,3.0,200,0.7548681856028916,0.6935852320036144,0.010703372049774316,0.9954804888159745,0.3506666256244956,0.0002942126348758283,108.0
3,nominal,4,3.5,200,0.687818156231617,0.6097726952895214,0.012923781034162385,0.9954804888159745,0.3506666256244956,0.0002942126348758283,108.0
3,nominal,5,0.1,200,0.9956099394833166,0.994512424354146,8.2962055343996e-07,0.994886974206607,0.35657003629244227,0.00033254400133483946,102.0
3,nominal,5,0.25,200,0.9939803435284129,0.9924754294105159,4.7350481918674545e-06,0.994886974206607,0.35657003629244227,0.00033254400133483946,102.0
3,nominal,5,0.5,200,0.988001836569384,0.9850022957117299,3.291196508068218e-05,0.994886974206607,0.35657003629244227,0.00033254400133483946,102.0
3,nominal,5,0.75,200,0.9796478141907677,0.9745597677384594,9.033890272617964e-05,0.994886974206607,0.35657003629244227,0.00033254400133483946,102.0
3,nominal,5,1.0,200,0.9663748695242721,0.9579685869053399,0.00020195928789777795,0.994886974206607,0.35657003629244227,0.00033254400133483946,102.0
3,nominal,5,1.25,200,0.9513433320123599,0.9391791650154496,0.0005587220493326165,0.994886974206607,0.35657003629244227,0.00033254400133483946,102.0
3,nominal,5,1.5,200,0.9310221487401833,0.913777685925229,0.0012312551560553777,0.994886974206607,0.35657003629244227,0.00033254400133483946,102.0
3,nominal,5,2.0,200,0.8865494614439909,0.8581868268049885,0.0025169250390992986,0.994886974206607,0.35657003629244227,0.00033254400133483946,102.0
3,nominal,5,2.5,200,0.8296268337662327,0.7870335422077906,0.0051981575543120166,0.994886974206607,0.35657003629244227,0.00033254400133483946,102.0
3,nominal,5,3.0,200,0.7628327735788987,0.7035409669736231,0.010047367402672312,0.994886974206607,0.35657003629244227,0.00033254400133483946,102.0
3,nominal,5,3.5,200,0.698259099714668,0.622823874643335,0.011937728785944523,0.994886974206607,0.35657003629244227,0.00033254400133483946,102.0
3,nominal,6,0.1,200,0.993506913006505,0.9918836412581311,1.1085078445053595e-06,0.9921343970854255,0.3560939777642025,0.00034286246529575536,100.0
3,nominal,6,0.25,200,0.9919551430658928,0.9899439288323661,8.34249529765936e-06,0.9921343970854255,0.3560939777642025,0.00034286246529575536,100.0
3,nominal,6,0.5,200,0.9859381266446144,0.982422658305768,3.980394791045953e-05,0.9921343970854255,0.3560939777642025,0.00034286246529575536,100.0
3,nominal,6,0.75,200,0.9770939308959026,0.9713674136198784,0.00010455770765181366,0.9921343970854255,0.3560939777642025,0.00034286246529575536,100.0
3,nominal,6,1.0,200,0.963859768599061,0.9548247107488261,0.00030276504535243164,0.9921343970854255,0.3560939777642025,0.00034286246529575536,100.0
3,nominal,6,1.25,200,0.9492225082390355,0.9365281352987944,0.0006343779321077655,0.9921343970854255,0.3560939777642025,0.00034286246529575536,100.0
3,nominal,6,1.5,200,0.9294760621518225,0.9118450776897781,0.0010714575894902093,0.9921343970854255,0.3560939777642025,0.00034286246529575536,100.0
3,nominal,6,2.0,200,0.8840483372935639,0.8550604216169547,0.002677120911968333,0.9921343970854255,0.3560939777642025,0.00034286246529575536,100.0
3,nominal,6,2.5,200,0.8320205994702701,0.7900257493378373,0.005180627668923477,0.9921343970854255,0.3560939777642025,0.00034286246529575536,100.0
3,nominal,6,3.0,200,0.7707251978033517,0.7134064972541896,0.01020053560849699,0.9921343970854255,0.3560939777642025,0.00034286246529575536,100.0
3,nominal,6,3.5,200,0.7072044193344968,0.634005524168121,0.011811416009654643,0.9921343970854255,0.3560939777642025,0.00034286246529575536,100.0
3,nominal,7,0.1,200,0.9927776240013734,0.9909720300017167,1.2610232095809055e-06,0.9912186784536334,0.3707544431760296,0.0003821854164178368,98.0
3,nominal,7,0.25,200,0.9911105675242023,0.9888882094052527,7.21391168668152e-06,0.9912186784536334,0.3707544431760296,0.0003821854164178368,98.0
3,nominal,7,0.5,200,0.9850837953362493,0.9813547441703117,4.927361979572722e-05,0.9912186784536334,0.3707544431760296,0.0003821854164178368,98.0
3,nominal,7,0.75,200,0.9770592028613838,0.9713240035767295,9.576264792886002e-05,0.9912186784536334,0.3707544431760296,0.0003821854164178368,98.0
3,nominal,7,1.0,200,0.9640138626669416,0.9550173283336767,0.00024160706208819626,0.9912186784536334,0.3707544431760296,0.0003821854164178368,98.0
3,nominal,7,1.25,200,0.9485593298925921,0.9356991623657399,0.0005476625438957964,0.9912186784536334,0.3707544431760296,0.0003821854164178368,98.0
3,nominal,7,1.5,200,0.9301715802080978,0.9127144752601221,0.0011126400724762971,0.9912186784536334,0.3707544431760296,0.0003821854164178368,98.0
3,nominal,7,2.0,200,0.8901406602859876,0.8626758253574843,0.0025765398215877684,0.9912186784536334,0.3707544431760296,0.0003821854164178368,98.0
3,nominal,7,2.5,200,0.8360528519300605,0.7950660649125756,0.004451353053143864,0.9912186784536334,0.3707544431760296,0.0003821854164178368,98.0
3,nominal,7,3.0,200,0.7713453386779983,0.7141816733474979,0.009017485155740064,0.9912186784536334,0.3707544431760296,0.0003821854164178368,98.0
3,nominal,7,3.5,200,0.7053620902497683,0.6317026128122103,0.012521539755133738,0.9912186784536334,0.3707544431760296,0.0003821854164178368,98.0
3,nominal,8,0.1,200,0.9892938417641842,0.98661730220523,1.9564917164171682e-06,0.986825521814816,0.38189215944585375,0.0003609108873862903,96.0
3,nominal,8,0.25,200,0.98775169877166,0.9846896234645748,1.3241469760276144e-05,0.986825521814816,0.38189215944585375,0.0003609108873862903,96.0
3,nominal,8,0.5,200,0.9818500464414603,0.9773125580518253,5.874196930576846e-05,0.986825521814816,0.38189215944585375,0.0003609108873862903,96.0
3,nominal,8,0.75,200,0.97373092613674,0.9671636576709248,0.0001480453324038343,0.986825521814816,0.38189215944585375,0.0003609108873862903,96.0
3,nominal,8,1.0,200,0.9607957118746395,0.9509946398432993,0.00037668351626887975,0.986825521814816,0.38189215944585375,0.0003609108873862903,96.0
3,nominal,8,1.25,200,0.9471992098211154,0.933999012276394,0.0005791244851316658,0.986825521814816,0.38189215944585375,0.0003609108873862903,96.0
3,nominal,8,1.5,200,0.9282239463134229,0.9102799328917787,0.0012249031264041992,0.986825521814816,0.38189215944585375,0.0003609108873862903,96.0
3,nominal,8,2.0,200,0.883993196770743,0.8549914959634285,0.0028334503993998838,0.986825521814816,0.38189215944585375,0.0003609108873862903,96.0
3,nominal,8,2.5,200,0.8330363990962955,0.7912954988703692,0.005306586648226931,0.986825521814816,0.38189215944585375,0.0003609108873862903,96.0
3,nominal,8,3.0,200,0.7760746436671146,0.7200933045838933,0.00957101271632961,0.986825521814816,0.38189215944585375,0.0003609108873862903,96.0
3,nominal,8,3.5,200,0.7176295857317265,0.647036982164658,0.010944793175827274,0.986825521814816,0.38189215944585375,0.0003609108873862903,96.0
3,nominal,9,0.1,200,0.9883336845982842,0.9854171057478552,2.223264904137052e-06,0.9856531766573797,0.36431643802818825,0.00043330589683505813,98.0
3,nominal,9,0.25,200,0.9867021938947919,0.9833777423684898,1.3354153469751784e-05,0.9856531766573797,0.36431643802818825,0.00043330589683505813,98.0
3,nominal,9,0.5,200,0.9803615427030254,0.9754519283787818,7.516573481578167e-05,0.9856531766573797,0.36431643802818825,0.00043330589683505813,98.0
3,nominal,9,0.75,200,0.9729503130209505,0.9661878912761881,0.0001374703091502592,0.9856531766573797,0.36431643802818825,0.00043330589683505813,98.0
3,nominal,9,1.0,200,0.9594285937512158,0.9492857421890197,0.0003338582651967282,0.9856531766573797,0.36431643802818825,0.00043330589683505813,98.0
3,nominal,9,1.25,200,0.9441737316325146,0.9302171645406432,0.0006668995435197783,0.9856531766573797,0.36431643802818825,0.00043330589683505813,98.0
3,nominal,9,1.5,200,0.9264843110798525,0.9081053888498155,0.0012571774670591042,0.9856531766573797,0.36431643802818825,0.00043330589683505813,98.0
3,nominal,9,2.0,200,0.8865482908668231,0.858185363583529,0.002770933076370929,0.9856531766573797,0.36431643802818825,0.00043330589683505813,98.0
3,nominal,9,2.5,200,0.8333932495326078,0.7917415619157595,0.004644624514199169,0.9856531766573797,0.36431643802818825,0.00043330589683505813,98.0
3,nominal,9,3.0,200,0.7703521043844923,0.7129401304806153,0.009122290763464722,0.9856531766573797,0.36431643802818825,0.00043330589683505813,98.0
3,nominal,9,3.5,200,0.7037331356286959,0.6296664195358699,0.012742009270765318,0.9856531766573797,0.36431643802818825,0.00043330589683505813,98.0
3,nominal,10,0.1,200,0.9881578191122927,0.9851972738903656,2.1870008775570212e-06,0.9854944007159793,0.3687211679670245,0.00046527489279796984,98.0
3,nominal,10,0.25,200,0.9866840541734736,0.9833550677168416,1.4747340721531717e-05,0.9854944007159793,0.3687211679670245,0.00046527489279796984,98.0
3,nominal,10,0.5,200,0.9806791832691136,0.9758489790863919,6.265154774104209e-05,0.9854944007159793,0.3687211679670245,0.00046527489279796984,98.0
3,nominal,10,0.75,200,0.9723190204306249,0.9653987755382809,0.0001513274151021539,0.9854944007159793,0.3687211679670245,0.00046527489279796984,98.0
3,nominal,10,1.0,200,0.9597564899778241,0.94969561247228,0.00038382274074710344,0.9854944007159793,0.3687211679670245,0.00046527489279796984,98.0
3,nominal,10,1.25,200,0.9452680561366038,0.931585070170755,0.0006370518965113442,0.9854944007159793,0.3687211679670245,0.00046527489279796984,98.0
3,nominal,10,1.5,200,0.9276197770055831,0.9095247212569789,0.0011917476345670456,0.9854944007159793,0.3687211679670245,0.00046527489279796984,98.0
3,nominal,10,2.0,200,0.8815372581068912,0.8519215726336141,0.002978433612910345,0.9854944007159793,0.3687211679670245,0.00046527489279796984,98.0
3,nominal,10,2.5,200,0.8333758758357649,0.7917198447947059,0.00461215189341258,0.9854944007159793,0.3687211679670245,0.00046527489279796984,98.0
3,nominal,10,3.0,200,0.7679079131448256,0.709884891431032,0.010300329169055576,0.9854944007159793,0.3687211679670245,0.00046527489279796984,98.0
3,nominal,10,3.5,200,0.707735707451417,0.6346696343142713,0.012618376785703513,0.9854944007159793,0.3687211679670245,0.00046527489279796984,98.0
3,nominal,11,0.1,200,0.9848668677881186,0.9810835847351482,2.8581072048582583e-06,0.9813471050630886,0.3770198457392766,0.0005169067143316278,96.0
3,nominal,11,0.25,200,0.9833537619480284,0.9791922024350354,1.5239397147651457e-05,0.9813471050630886,0.3770198457392766,0.0005169067143316278,96.0
3,nominal,11,0.5,200,0.9771709562450938,0.9714636953063672,7.98139030168452e-05,0.9813471050630886,0.3770198457392766,0.0005169067143316278,96.0
3,nominal,11,0.75,200,0.9698718589364678,0.9623398236705849,0.00018527946110462781,0.9813471050630886,0.3770198457392766,0.0005169067143316278,96.0
3,nominal,11,1.0,200,0.9561491042060543,0.9451863802575682,0.00035231045307680903,0.9813471050630886,0.3770198457392766,0.0005169067143316278,96.0
3,nominal,11,1.25,200,0.9419398816202158,0.9274248520252697,0.0006853566144595721,0.9813471050630886,0.3770198457392766,0.0005169067143316278,96.0
3,nominal,11,1.5,200,0.9227953304221086,0.9034941630276359,0.00143544069545297,0.9813471050630886,0.3770198457392766,0.0005169067143316278,96.0
3,nominal,11,2.0,200,0.8841347503302732,0.8551684379128416,0.002448467419457428,0.9813471050630886,0.3770198457392766,0.0005169067143316278,96.0
3,nominal,11,2.5,200,0.8289833302238181,0.7862291627797727,0.00501900632580694,0.9813471050630886,0.3770198457392766,0.0005169067143316278,96.0
3,nominal,11,3.0,200,0.7745018637043081,0.7181273296303848,0.009091174232220783,0.9813471050630886,0.3770198457392766,0.0005169067143316278,96.0
3,nominal,11,3.5,200,0.7128704651654184,0.641088081456773,0.010240984555865328,0.9813471050630886,0.3770198457392766,0.0005169067143316278,96.0
3,nominal,12,0.1,200,0.9891259417244577,0.986407427155572,2.0452786330471687e-06,0.986616195804688,0.3593751439787168,0.0005036721900535733,96.0
3,nominal,12,0.25,200,0.987578979749795,0.9844737246872435,1.3252297542885473e-05,0.986616195804688,0.3593751439787168,0.0005036721900535733,96.0
3,nominal,12,0.5,200,0.9815686379170767,0.9769607973963457,5.866442673796726e-05,0.986616195804688,0.3593751439787168,0.0005036721900535733,96.0
3,nominal,12,0.75,200,0.9735305375471311,0.966913171933914,0.0001480381637648701,0.986616195804688,0.3593751439787168,0.0005036721900535733,96.0
3,nominal,12,1.0,200,0.9607165191851467,0.9508956489814332,0.0003743648158101147,0.986616195804688,0.3593751439787168,0.0005036721900535733,96.0
3,nominal,12,1.25,200,0.9469369061903337,0.9336711327379174,0.0005873676772927933,0.986616195804688,0.3593751439787168,0.0005036721900535733,96.0
3,nominal,12,1.5,200,0.9276918758018177,0.9096148447522721,0.0012544844105459119,0.986616195804688,0.3593751439787168,0.0005036721900535733,96.0
3,nominal,12,2.0,200,0.8839202694639076,0.8549003368298844,0.002798788483526989,0.986616195804688,0.3593751439787168,0.0005036721900535733,96.0
3,nominal,12,2.5,200,0.8324449992143862,0.7905562490179828,0.00535931391321188,0.986616195804688,0.3593751439787168,0.0005036721900535733,96.0
3,nominal,12,3.0,200,0.775967923094438,0.7199599038680473,0.009558671780204428,0.986616195804688,0.3593751439787168,0.0005036721900535733,96.0
3,nominal,12,3.5,200,0.7175078065609801,0.646884758201225,0.011007748328826547,0.986616195804688,0.3593751439787168,0.0005036721900535733,96.0
3,nominal,13,0.1,200,0.9840743953497397,0.9800929941871744,3.104128258109104e-06,0.9803223780786796,0.39233169680707947,0.0005522519472943347,96.0
3,nominal,13,0.25,200,0.9824974940274057,0.9781218675342572,1.787756553928726e-05,0.9803223780786796,0.39233169680707947,0.0005522519472943347,96.0
3,nominal,13,0.5,200,0.9763790914464288,0.9704738643080357,8.684636698304983e-05,0.9803223780786796,0.39233169680707947,0.0005522519472943347,96.0
3,nominal,13,0.75,200,0.9690198792426991,0.9612748490533738,0.0002026739474993549,0.9803223780786796,0.39233169680707947,0.0005522519472943347,96.0
3,nominal,13,1.0,200,0.9547321487165288,0.9434151858956611,0.00040659007316854075,0.9803223780786796,0.39233169680707947,0.0005522519472943347,96.0
3,nominal,13,1.25,200,0.941505670791894,0.9268820884898672,0.0006517442086056574,0.9803223780786796,0.39233169680707947,0.0005522519472943347,96.0
3,nominal,13,1.5,200,0.9229832970921177,0.903729121365147,0.0013883669709743862,0.9803223780786796,0.39233169680707947,0.0005522519472943347,96.0
3,nominal,13,2.0,200,0.8810295038451463,0.8512868798064329,0.0026920345121403235,0.9803223780786796,0.39233169680707947,0.0005522519472943347,96.0
3,nominal,13,2.5,200,0.8280843736710427,0.7851054670888032,0.005076969473746775,0.9803223780786796,0.39233169680707947,0.0005522519472943347,96.0
3,nominal,13,3.0,200,0.7732376315111118,0.7165470393888895,0.009464068521562634,0.9803223780786796,0.39233169680707947,0.0005522519472943347,96.0
3,nominal,13,3.5,200,0.7110157819171232,0.6387697273964039,0.010204831335169536,0.9803223780786796,0.39233169680707947,0.0005522519472943347,96.0
3,nominal,14,0.1,200,0.9841253579396891,0.9801566974246114,2.989788023141633e-06,0.9803433252050966,0.3803535039449954,0.0005804289117171803,96.0
3,nominal,14,0.25,200,0.9826475937947112,0.9783094922433889,1.7354674317885326e-05,0.9803433252050966,0.3803535039449954,0.0005804289117171803,96.0
3,nominal,14,0.5,200,0.9763903056545463,0.9704878820681828,7.387381245889415e-05,0.9803433252050966,0.3803535039449954,0.0005804289117171803,96.0
3,nominal,14,0.75,200,0.968688928709593,0.9608611608869915,0.00017920957559681996,0.9803433252050966,0.3803535039449954,0.0005804289117171803,96.0
3,nominal,14,1.0,200,0.9562136088088193,0.9452670110110242,0.00041354325686019733,0.9803433252050966,0.3803535039449954,0.0005804289117171803,96.0
3,nominal,14,1.25,200,0.9415808170021859,0.9269760212527324,0.0007756319557185155,0.9803433252050966,0.3803535039449954,0.0005804289117171803,96.0
3,nominal,14,1.5,200,0.9219968478894581,0.9024960598618226,0.0014546295460864309,0.9803433252050966,0.3803535039449954,0.0005804289117171803,96.0
3,nominal,14,2.0,200,0.8815796974330955,0.8519746217913695,0.0028526844510885375,0.9803433252050966,0.3803535039449954,0.0005804289117171803,96.0
3,nominal,14,2.5,200,0.8282739848680223,0.7853424810850279,0.005759457284403151,0.9803433252050966,0.3803535039449954,0.0005804289117171803,96.0
3,nominal,14,3.0,200,0.7731191134796976,0.7163988918496219,0.00959350775955246,0.9803433252050966,0.3803535039449954,0.0005804289117171803,96.0
3,nominal,14,3.5,200,0.7151302536045385,0.6439128170056727,0.011228006563269792,0.9803433252050966,0.3803535039449954,0.0005804289117171803,96.0
3,nominal,15,0.1,200,0.98472077692234,0.980900971152925,3.1038243322441433e-06,0.9811456202295807,0.3957712539152516,0.0006274951723738786,96.0
3,nominal,15,0.25,200,0.9831820591522247,0.978977573940281,1.7599324961732638e-05,0.9811456202295807,0.3957712539152516,0.0006274951723738786,96.0
3,nominal,15,0.5,200,0.9770992505933593,0.9713740632416992,8.499229078325101e-05,0.9811456202295807,0.3957712539152516,0.0006274951723738786,96.0
3,nominal,15,0.75,200,0.9696836000337736,0.9621045000422173,0.0001979898726549513,0.9811456202295807,0.3957712539152516,0.0006274951723738786,96.0
3,nominal,15,1.0,200,0.9556028844752226,0.9445036055940281,0.00038716635762197455,0.9811456202295807,0.3957712539152516,0.0006274951723738786,96.0
3,nominal,15,1.25,200,0.9421145924702401,0.9276432405878003,0.00066190882238654,0.9811456202295807,0.3957712539152516,0.0006274951723738786,96.0
3,nominal,15,1.5,200,0.9233414963316318,0.9041768704145394,0.0014004034010811086,0.9811456202295807,0.3957712539152516,0.0006274951723738786,96.0
3,nominal,15,2.0,200,0.8824607040004833,0.8530758800006041,0.002654427525162916,0.9811456202295807,0.3957712539152516,0.0006274951723738786,96.0
3,nominal,15,2.5,200,0.8290052313222529,0.7862565391528161,0.00506712930284638,0.9811456202295807,0.3957712539152516,0.0006274951723738786,96.0
3,nominal,15,3.0,200,0.773941970682911,0.7174274633536387,0.009317538343831507,0.9811456202295807,0.3957712539152516,0.0006274951723738786,96.0
3,nominal,15,3.5,200,0.7119588066724841,0.639948508340605,0.010192026239889107,0.9811456202295807,0.3957712539152516,0.0006274951723738786,96.0
3,nominal,16,0.1,200,0.9842690426396591,0.9803363032995737,3.095866641086808e-06,0.9805507415314406,0.3942407497207232,0.0006164223911065831,94.0
3,nominal,16,0.25,200,0.9828622406632537,0.9785778008290671,1.849069694288671e-05,0.9805507415314406,0.3942407497207232,0.0006164223911065831,94.0
3,nominal,16,0.5,200,0.9765181356732049,0.9706476695915062,7.300792921350814e-05,0.9805507415314406,0.3942407497207232,0.0006164223911065831,94.0
3,nominal,16,0.75,200,0.969584374125682,0.9619804676571022,0.00017482801561724909,0.9805507415314406,0.3942407497207232,0.0006164223911065831,94.0
3,nominal,16,1.0,200,0.9573117114005925,0.9466396392507405,0.0003671809674041029,0.9805507415314406,0.3942407497207232,0.0006164223911065831,94.0
3,nominal,16,1.25,200,0.9432188985613789,0.9290236232017236,0.0007485729736992377,0.9805507415314406,0.3942407497207232,0.0006164223911065831,94.0
3,nominal,16,1.5,200,0.9251170274411051,0.9063962843013814,0.0013207304012901394,0.9805507415314406,0.3942407497207232,0.0006164223911065831,94.0
3,nominal,16,2.0,200,0.8822749672397561,0.8528437090496948,0.0033821532306357537,0.9805507415314406,0.3942407497207232,0.0006164223911065831,94.0
3,nominal,16,2.5,200,0.8328279621535244,0.7910349526919055,0.005336793174363519,0.9805507415314406,0.3942407497207232,0.0006164223911065831,94.0
3,nominal,16,3.0,200,0.776166502508516,0.7202081281356452,0.00895612324495822,0.9805507415314406,0.3942407497207232,0.0006164223911065831,94.0
3,nominal,16,3.5,200,0.7178920509744852,0.6473650637181063,0.010336341783626794,0.9805507415314406,0.3942407497207232,0.0006164223911065831,94.0
3,nominal,17,0.1,200,0.9855318960267511,0.9819148700334389,2.709803469608738e-06,0.9821513308248266,0.3992544952699063,0.0006249392985065694,92.0
3,nominal,17,0.25,200,0.9840736134405808,0.9800920168007259,1.562159924416002e-05,0.9821513308248266,0.3992544952699063,0.0006249392985065694,92.0
3,nominal,17,0.5,200,0.9780767203530136,0.9725959004412672,7.094599195649597e-05,0.9821513308248266,0.3992544952699063,0.0006249392985065694,92.0
3,nominal,17,0.75,200,0.9718547869277696,0.9648184836597121,0.00016743722850718061,0.9821513308248266,0.3992544952699063,0.0006249392985065694,92.0
3,nominal,17,1.0,200,0.958055930798325,0.9475699134979061,0.0003690095843091605,0.9821513308248266,0.3992544952699063,0.0006249392985065694,92.0
3,nominal,17,1.25,200,0.9438983989405121,0.9298729986756402,0.0006309575905617073,0.9821513308248266,0.3992544952699063,0.0006249392985065694,92.0
3,nominal,17,1.5,200,0.9266901219398993,0.908362652424874,0.001212733683860581,0.9821513308248266,0.3992544952699063,0.0006249392985065694,92.0
3,nominal,17,2.0,200,0.8870515678189034,0.8588144597736291,0.0026012709130706223,0.9821513308248266,0.3992544952699063,0.0006249392985065694,92.0
3,nominal,17,2.5,200,0.8383240393467504,0.7979050491834377,0.005212860071072756,0.9821513308248266,0.3992544952699063,0.0006249392985065694,92.0
3,nominal,17,3.0,200,0.7783594380724327,0.7229492975905409,0.008219259538986046,0.9821513308248266,0.3992544952699063,0.0006249392985065694,92.0
3,nominal,17,3.5,200,0.7191547118155746,0.6489433897694683,0.0104274430208443,0.9821513308248266,0.3992544952699063,0.0006249392985065694,92.0
3,nominal,18,0.1,200,0.984169234859934,0.9802115435749172,2.9684804016513255e-06,0.9804348801075625,0.3834026721636934,0.000643364919572009,92.0
3,nominal,18,0.25,200,0.98278709047832,0.9784838630979001,1.8680592399571083e-05,0.9804348801075625,0.3834026721636934,0.000643364919572009,92.0
3,nominal,18,0.5,200,0.976737737033988,0.9709221712924847,7.652689585795255e-05,0.9804348801075625,0.3834026721636934,0.000643364919572009,92.0
3,nominal,18,0.75,200,0.9691310496472622,0.9614138120590777,0.0001854405904343212,0.9804348801075625,0.3834026721636934,0.000643364919572009,92.0
3,nominal,18,1.0,200,0.9565497281716916,0.9456871602146149,0.0004625499371665119,0.9804348801075625,0.3834026721636934,0.000643364919572009,92.0
3,nominal,18,1.25,200,0.9438215076823835,0.9297768846029792,0.0006167343726617483,0.9804348801075625,0.3834026721636934,0.000643364919572009,92.0
3,nominal,18,1.5,200,0.9260182272158357,0.9075227840197946,0.0013121473806551025,0.9804348801075625,0.3834026721636934,0.000643364919572009,92.0
3,nominal,18,2.0,200,0.8825517929576361,0.853189741197045,0.0027684816366613275,0.9804348801075625,0.3834026721636934,0.000643364919572009,92.0
3,nominal,18,2.5,200,0.8368816787613389,0.7961020984516736,0.0059944472766012245,0.9804348801075625,0.3834026721636934,0.000643364919572009,92.0
3,nominal,18,3.0,200,0.7749187362818041,0.718648420352255,0.008896758179048336,0.9804348801075625,0.3834026721636934,0.000643364919572009,92.0
3,nominal,18,3.5,200,0.7236873904837521,0.6546092381046901,0.010317261195719695,0.9804348801075625,0.3834026721636934,0.000643364919572009,92.0
3,nominal,19,0.1,200,0.984651396844326,0.9808142460554076,2.806574202568545e-06,0.9810305464184353,0.38319929847993767,0.0006951680209379247,92.0
3,nominal,19,0.25,200,0.9832807176995847,0.9791008971244807,1.6363993282784757e-05,0.9810305464184353,0.38319929847993767,0.0006951680209379247,92.0
3,nominal,19,0.5,200,0.9770606768324864,0.971325846040608,7.764379312906171e-05,0.9810305464184353,0.38319929847993767,0.0006951680209379247,92.0
3,nominal,19,0.75,200,0.9705654947054813,0.9632068683818514,0.00017151987602494794,0.9810305464184353,0.38319929847993767,0.0006951680209379247,92.0
3,nominal,19,1.0,200,0.957471470035679,0.9468393375445987,0.0004190258628403599,0.9810305464184353,0.38319929847993767,0.0006951680209379247,92.0
3,nominal,19,1.25,200,0.9432706174446714,0.929088271805839,0.0006385825040822446,0.9810305464184353,0.38319929847993767,0.0006951680209379247,92.0
3,nominal,19,1.5,200,0.9260343164998899,0.9075428956248622,0.0012509366946617114,0.9810305464184353,0.38319929847993767,0.0006951680209379247,92.0
3,nominal,19,2.0,200,0.885606016430695,0.8570075205383685,0.0026676505419741957,0.9810305464184353,0.38319929847993767,0.0006951680209379247,92.0
3,nominal,19,2.5,200,0.837589267708586,0.7969865846357326,0.005536792123457654,0.9810305464184353,0.38319929847993767,0.0006951680209379247,92.0
3,nominal,19,3.0,200,0.7771636095125394,0.7214545118906741,0.008363546990815788,0.9810305464184353,0.38319929847993767,0.0006951680209379247,92.0
3,nominal,19,3.5,200,0.7203685484092751,0.650460685511594,0.010371795197860151,0.9810305464184353,0.38319929847993767,0.0006951680209379247,92.0
3,nominal,20,0.1,200,0.9872644882874284,0.9840806103592857,2.316688032425825e-06,0.984316547939699,0.38515835009589583,0.0006794464535818305,92.0
3,nominal,20,0.25,200,0.9858225009907848,0.9822781262384811,1.4488919165852126e-05,0.984316547939699,0.38515835009589583,0.0006794464535818305,92.0
3,nominal,20,0.5,200,0.9797973031363818,0.9747466289204771,6.528104774771197e-05,0.984316547939699,0.38515835009589583,0.0006794464535818305,92.0
3,nominal,20,0.75,200,0.9728440186065637,0.9660550232582048,0.0001545348488336777,0.984316547939699,0.38515835009589583,0.0006794464535818305,92.0
3,nominal,20,1.0,200,0.9593243591732099,0.9491554489665124,0.0003841245491676052,0.984316547939699,0.38515835009589583,0.0006794464535818305,92.0
3,nominal,20,1.25,200,0.9462064046505877,0.9327580058132346,0.000547814486443329,0.984316547939699,0.38515835009589583,0.0006794464535818305,92.0
3,nominal,20,1.5,200,0.9288129356688135,0.9110161695860168,0.001171984451502044,0.984316547939699,0.38515835009589583,0.0006794464535818305,92.0
3,nominal,20,2.0,200,0.8858195144772609,0.8572743930965758,0.0026521750644496423,0.984316547939699,0.38515835009589583,0.0006794464535818305,92.0
3,nominal,20,2.5,200,0.8390487682600345,0.7988109603250431,0.005518564225187161,0.984316547939699,0.38515835009589583,0.0006794464535818305,92.0
3,nominal,20,3.0,200,0.7779177471955449,0.7223971839944312,0.008558532786285267,0.984316547939699,0.38515835009589583,0.0006794464535818305,92.0
3,nominal,20,3.5,200,0.722669618038586,0.6533370225482323,0.01009685799795349,0.984316547939699,0.38515835009589583,0.0006794464535818305,92.0
3,nominal,21,0.1,200,0.9829185812161584,0.9786482265201981,3.1913941814362067e-06,0.9788438135838647,0.39229056397121187,0.0006398125939706684,92.0
3,nominal,21,0.25,200,0.9815547586509541,0.9769434483136925,1.8468321080252768e-05,0.9788438135838647,0.39229056397121187,0.0006398125939706684,92.0
3,nominal,21,0.5,200,0.9752515579855807,0.9690644474819758,8.416061615101176e-05,0.9788438135838647,0.39229056397121187,0.0006398125939706684,92.0
3,nominal,21,0.75,200,0.9683837815383474,0.9604797269229343,0.0001933903534186418,0.9788438135838647,0.39229056397121187,0.0006398125939706684,92.0
3,nominal,21,1.0,200,0.9556234306750888,0.9445292883438609,0.0004660744995758609,0.9788438135838647,0.39229056397121187,0.0006398125939706684,92.0
3,nominal,21,1.25,200,0.9419336307895905,0.9274170384869881,0.0006786270628288654,0.9788438135838647,0.39229056397121187,0.0006398125939706684,92.0
3,nominal,21,1.5,200,0.924360203852611,0.9054502548157639,0.001322569511355082,0.9788438135838647,0.39229056397121187,0.0006398125939706684,92.0
3,nominal,21,2.0,200,0.8832557152691966,0.8540696440864957,0.002739705239297045,0.9788438135838647,0.39229056397121187,0.0006398125939706684,92.0
3,nominal,21,2.5,200,0.8360371216488378,0.7950464020610477,0.0058620586220404225,0.9788438135838647,0.39229056397121187,0.0006398125939706684,92.0
3,nominal,21,3.0,200,0.7751331852387393,0.718916481548424,0.008525000514472551,0.9788438135838647,0.39229056397121187,0.0006398125939706684,92.0
3,nominal,21,3.5,200,0.7213268192339951,0.6516585240424939,0.010449261735464265,0.9788438135838647,0.39229056397121187,0.0006398125939706684,92.0
3,nominal,22,0.1,200,0.9896037087039528,0.9870046358799408,1.9071100527668775e-06,0.9872489572276698,0.36768862470258284,0.0006753151532459574,92.0
3,nominal,22,0.25,200,0.9881848835627274,0.9852311044534092,1.1765629585476899e-05,0.9872489572276698,0.36768862470258284,0.0006753151532459574,92.0
3,nominal,22,0.5,200,0.9821913117197166,0.9777391396496456,5.506487961844525e-05,0.9872489572276698,0.36768862470258284,0.0006753151532459574,92.0
3,nominal,22,0.75,200,0.9750222633074137,0.968777829134267,0.0001341620576041595,0.9872489572276698,0.36768862470258284,0.0006753151532459574,92.0
3,nominal,22,1.0,200,0.9618789708162869,0.9523487135203584,0.0003471108992524653,0.9872489572276698,0.36768862470258284,0.0006753151532459574,92.0
3,nominal,22,1.25,200,0.9485870786869711,0.935733848358714,0.0005059923414323845,0.9872489572276698,0.36768862470258284,0.0006753151532459574,92.0
3,nominal,22,1.5,200,0.9309563248891792,0.913695406111474,0.001091325114926383,0.9872489572276698,0.36768862470258284,0.0006753151532459574,92.0
3,nominal,22,2.0,200,0.8882197109589275,0.8602746386986593,0.0025098780870682707,0.9872489572276698,0.36768862470258284,0.0006753151532459574,92.0
3,nominal,22,2.5,200,0.8410610371772572,0.8013262964715716,0.005437695777982081,0.9872489572276698,0.36768862470258284,0.0006753151532459574,92.0
3,nominal,22,3.0,200,0.7792900930202797,0.7241126162753495,0.008366038593050726,0.9872489572276698,0.36768862470258284,0.0006753151532459574,92.0
3,nominal,22,3.5,200,0.7247674967087587,0.6559593708859482,0.009996492295744237,0.9872489572276698,0.36768862470258284,0.0006753151532459574,92.0
3,nominal,23,0.1,200,0.9830005757043683,0.9787507196304606,3.1695854184718583e-06,0.9789507213600634,0.3911026872231341,0.0006990173282933406,98.0
3,nominal,23,0.25,200,0.9814740670597957,0.9768425838247446,1.8347207554281917e-05,0.9789507213600634,0.3911026872231341,0.0006990173282933406,98.0
3,nominal,23,0.5,200,0.97488248404287,0.9686031050535877,9.448468183649891e-05,0.9789507213600634,0.3911026872231341,0.0006990173282933406,98.0
3,nominal,23,0.75,200,0.9674426964918954,0.9593033706148693,0.0001868878509025624,0.9789507213600634,0.3911026872231341,0.0006990173282933406,98.0
3,nominal,23,1.0,200,0.9543156029060331,0.942894503632541,0.00045145571007067605,0.9789507213600634,0.3911026872231341,0.0006990173282933406,98.0
3,nominal,23,1.25,200,0.9394002062330632,0.9242502577913289,0.0008035110273918085,0.9789507213600634,0.3911026872231341,0.0006990173282933406,98.0
3,nominal,23,1.5,200,0.9215230143143913,0.9019037678929892,0.0014226042098274413,0.9789507213600634,0.3911026872231341,0.0006990173282933406,98.0
3,nominal,23,2.0,200,0.8797630862499738,0.8497038578124672,0.003138254127536343,0.9789507213600634,0.3911026872231341,0.0006990173282933406,98.0
3,nominal,23,2.5,200,0.8279251309088522,0.7849064136360653,0.005132275166935789,0.9789507213600634,0.3911026872231341,0.0006990173282933406,98.0
3,nominal,23,3.0,200,0.7665679857887641,0.708209982235955,0.010059320302112509,0.9789507213600634,0.3911026872231341,0.0006990173282933406,98.0
3,nominal,23,3.5,200,0.7019617883382074,0.6274522354227592,0.013186989959445242,0.9789507213600634,0.3911026872231341,0.0006990173282933406,98.0
3,nominal,24,0.1,200,0.9868552134703645,0.9835690168379558,2.3972464060546024e-06,0.9837678949523583,0.3882364116637477,0.0007495902714932835,96.0
3,nominal,24,0.25,200,0.9852956083335997,0.9816195104169997,1.3612268066768737e-05,0.9837678949523583,0.3882364116637477,0.0007495902714932835,96.0
3,nominal,24,0.5,200,0.9790003555458331,0.9737504444322914,6.934007435657146e-05,0.9837678949523583,0.3882364116637477,0.0007495902714932835,96.0
3,nominal,24,0.75,200,0.9714011344308648,0.9642514180385808,0.0001653317996780456,0.9837678949523583,0.3882364116637477,0.0007495902714932835,96.0
3,nominal,24,1.0,200,0.9581827003769672,0.947728375471209,0.00036674394479772296,0.9837678949523583,0.3882364116637477,0.0007495902714932835,96.0
3,nominal,24,1.25,200,0.944163650219436,0.9302045627742949,0.000656396853547984,0.9837678949523583,0.3882364116637477,0.0007495902714932835,96.0
3,nominal,24,1.5,200,0.9247430058148667,0.9059287572685836,0.0013573605457151876,0.9837678949523583,0.3882364116637477,0.0007495902714932835,96.0
3,nominal,24,2.0,200,0.8829265766961152,0.8536582208701441,0.0027850477498904676,0.9837678949523583,0.3882364116637477,0.0007495902714932835,96.0
3,nominal,24,2.5,200,0.8295754888092848,0.7869693610116058,0.005343554005259219,0.9837678949523583,0.3882364116637477,0.0007495902714932835,96.0
3,nominal,24,3.0,200,0.774856163131874,0.7185702039148424,0.00948794336888815,0.9837678949523583,0.3882364116637477,0.0007495902714932835,96.0
3,nominal,24,3.5,200,0.7146483864765099,0.6433104830956371,0.01075917039878304,0.9837678949523583,0.3882364116637477,0.0007495902714932835,96.0
3,nominal,25,0.1,200,0.9843147321924732,0.9803934152405916,2.861265530043512e-06,0.9805898368886458,0.3887902852166465,0.0007559430982199565,98.0
3,nominal,25,0.25,200,0.9827255971138085,0.9784069963922605,1.6952005261601376e-05,0.9805898368886458,0.3887902852166465,0.0007559430982199565,98.0
3,nominal,25,0.5,200,0.9761423278884108,0.9701779098605133,8.932296222653822e-05,0.9805898368886458,0.3887902852166465,0.0007559430982199565,98.0
3,nominal,25,0.75,200,0.9688165350825543,0.9610206688531927,0.0001738408220497939,0.9805898368886458,0.3887902852166465,0.0007559430982199565,98.0
3,nominal,25,1.0,200,0.9551921116414835,0.9439901395518544,0.00042254574347491745,0.9805898368886458,0.3887902852166465,0.0007559430982199565,98.0
3,nominal,25,1.25,200,0.9403010964167509,0.9253763705209386,0.0007677608989760268,0.9805898368886458,0.3887902852166465,0.0007559430982199565,98.0
3,nominal,25,1.5,200,0.9225990022702633,0.9032487528378289,0.0013439741415561108,0.9805898368886458,0.3887902852166465,0.0007559430982199565,98.0
3,nominal,25,2.0,200,0.8804780167524195,0.8505975209405241,0.0031242113262965887,0.9805898368886458,0.3887902852166465,0.0007559430982199565,98.0
3,nominal,25,2.5,200,0.8282355327126768,0.785294415890846,0.00497262903163026,0.9805898368886458,0.3887902852166465,0.0007559430982199565,98.0
3,nominal,25,3.0,200,0.7669657242130814,0.7087071552663514,0.009960586689239484,0.9805898368886458,0.3887902852166465,0.0007559430982199565,98.0
3,nominal,25,3.5,200,0.7013409995290871,0.626676249411359,0.01322984417417169,0.9805898368886458,0.3887902852166465,0.0007559430982199565,98.0
3,nominal,26,0.1,200,0.9892563520631097,0.9865704400788873,1.94391351214895e-06,0.9867914613939812,0.37895159540503975,0.0007203711393610213,92.0
3,nominal,26,0.25,200,0.9877993485384586,0.9847491856730732,1.1007336892199274e-05,0.9867914613939812,0.37895159540503975,0.0007203711393610213,92.0
3,nominal,26,0.5,200,0.9816652778204056,0.9770815972755068,5.522997913173467e-05,0.9867914613939812,0.37895159540503975,0.0007203711393610213,92.0
3,nominal,26,0.75,200,0.974635671263878,0.9682945890798471,0.00013941591650603195,0.9867914613939812,0.37895159540503975,0.0007203711393610213,92.0
3,nominal,26,1.0,200,0.9613802816295426,0.9517253520369282,0.0003405155684966497,0.9867914613939812,0.37895159540503975,0.0007203711393610213,92.0
3,nominal,26,1.25,200,0.9479984952096938,0.9349981190121173,0.0005256108873374353,0.9867914613939812,0.37895159540503975,0.0007203711393610213,92.0
3,nominal,26,1.5,200,0.9300550319117914,0.9125687898897391,0.0011141956835678283,0.9867914613939812,0.37895159540503975,0.0007203711393610213,92.0
3,nominal,26,2.0,200,0.8877734560155011,0.8597168200193763,0.0025169730514697096,0.9867914613939812,0.37895159540503975,0.0007203711393610213,92.0
3,nominal,26,2.5,200,0.8396759062031482,0.7995948827539351,0.005402680319159909,0.9867914613939812,0.37895159540503975,0.0007203711393610213,92.0
3,nominal,26,3.0,200,0.7782219175535863,0.7227773969419828,0.00823002692606911,0.9867914613939812,0.37895159540503975,0.0007203711393610213,92.0
3,nominal,26,3.5,200,0.7233807024793135,0.6542258780991419,0.010065103089889787,0.9867914613939812,0.37895159540503975,0.0007203711393610213,92.0
3,nominal,27,0.1,200,0.9823103133306946,0.9778878916633681,3.280157722761523e-06,0.9780570433535658,0.3963981184927807,0.0007606932820044196,98.0
3,nominal,27,0.25,200,0.9807898270315896,0.975987283789487,1.822836746700881e-05,0.9780570433535658,0.3963981184927807,0.0007606932820044196,98.0
3,nominal,27,0.5,200,0.9741045475814669,0.9676306844768332,9.730865295094944e-05,0.9780570433535658,0.3963981184927807,0.0007606932820044196,98.0
3,nominal,27,0.75,200,0.9666366505162771,0.9582958131453465,0.0001942229204726268,0.9780570433535658,0.3963981184927807,0.0007606932820044196,98.0
3,nominal,27,1.0,200,0.9538722040142341,0.9423402550177926,0.0004454115140691394,0.9780570433535658,0.3963981184927807,0.0007606932820044196,98.0
3,nominal,27,1.25,200,0.9383155987648565,0.9228944984560704,0.0008273320458406083,0.9780570433535658,0.3963981184927807,0.0007606932820044196,98.0
3,nominal,27,1.5,200,0.9204587858261366,0.9005734822826708,0.00147173844864604,0.9780570433535658,0.3963981184927807,0.0007606932820044196,98.0
3,nominal,27,2.0,200,0.8796809909163849,0.849601238645481,0.003150015125718063,0.9780570433535658,0.3963981184927807,0.0007606932820044196,98.0
3,nominal,27,2.5,200,0.827301402957485,0.7841267536968559,0.005207836997158426,0.9780570433535658,0.3963981184927807,0.0007606932820044196,98.0
3,nominal,27,3.0,200,0.7663177350260787,0.7078971687825982,0.010077182822399833,0.9780570433535658,0.3963981184927807,0.0007606932820044196,98.0
3,nominal,27,3.5,200,0.7013955891376266,0.6267444864220333,0.013406800504671352,0.9780570433535658,0.3963981184927807,0.0007606932820044196,98.0
3,nominal,28,0.1,200,0.9886128053571039,0.9857660066963796,2.216511794497902e-06,0.9859898339021654,0.3740422618312544,0.0007842758950430119,94.0
3,nominal,28,0.25,200,0.9871307094497106,0.9839133868121382,1.3237134918929975e-05,0.9859898339021654,0.3740422618312544,0.0007842758950430119,94.0
3,nominal,28,0.5,200,0.9809005840067911,0.976125730008489,5.685133909580666e-05,0.9859898339021654,0.3740422618312544,0.0007842758950430119,94.0
3,nominal,28,0.75,200,0.9741293896346092,0.9676617370432612,0.0001389416796406675,0.9859898339021654,0.3740422618312544,0.0007842758950430119,94.0
3,nominal,28,1.0,200,0.9611177449606931,0.9513971812008662,0.00029391803606755774,0.9859898339021654,0.3740422618312544,0.0007842758950430119,94.0
3,nominal,28,1.25,200,0.9466357721471337,0.933294715183917,0.0006265135964177124,0.9859898339021654,0.3740422618312544,0.0007842758950430119,94.0
3,nominal,28,1.5,200,0.9293109582038451,0.9116386977548062,0.001198533257598602,0.9859898339021654,0.3740422618312544,0.0007842758950430119,94.0
3,nominal,28,2.0,200,0.8863544405084668,0.8579430506355833,0.003174963675406333,0.9859898339021654,0.3740422618312544,0.0007842758950430119,94.0
3,nominal,28,2.5,200,0.8359573151803175,0.7949466439753965,0.004811471680777817,0.9859898339021654,0.3740422618312544,0.0007842758950430119,94.0
3,nominal,28,3.0,200,0.7798954960988383,0.7248693701235479,0.008505820121794388,0.9859898339021654,0.3740422618312544,0.0007842758950430119,94.0
3,nominal,28,3.5,200,0.7194182540266776,0.6492728175333466,0.010289375058438958,0.9859898339021654,0.3740422618312544,0.0007842758950430119,94.0
3,nominal,29,0.1,200,0.9864703475934253,0.9830879344917816,2.442219830229111e-06,0.9832819249350335,0.39502804297817723,0.0008294560529403839,96.0
3,nominal,29,0.25,200,0.9849455119424413,0.9811818899280516,1.4128336301636566e-05,0.9832819249350335,0.39502804297817723,0.0008294560529403839,96.0
3,nominal,29,0.5,200,0.9787745868599753,0.973468233574969,7.141729339445322e-05,0.9832819249350335,0.39502804297817723,0.0008294560529403839,96.0
3,nominal,29,0.75,200,0.9711962914592835,0.9639953643241046,0.00017216914631284176,0.9832819249350335,0.39502804297817723,0.0008294560529403839,96.0
3,nominal,29,1.0,200,0.9577521682534567,0.947190210316821,0.0003685747059670886,0.9832819249350335,0.39502804297817723,0.0008294560529403839,96.0
3,nominal,29,1.25,200,0.9438035335094445,0.9297544168868055,0.0006728260599923253,0.9832819249350335,0.39502804297817723,0.0008294560529403839,96.0
3,nominal,29,1.5,200,0.9246925802821085,0.9058657253526354,0.0013599303942099994,0.9832819249350335,0.39502804297817723,0.0008294560529403839,96.0
3,nominal,29,2.0,200,0.8834622062005135,0.8543277577506418,0.002813716289791216,0.9832819249350335,0.39502804297817723,0.0008294560529403839,96.0
3,nominal,29,2.5,200,0.8301024238082495,0.7876280297603117,0.005298124410700362,0.9832819249350335,0.39502804297817723,0.0008294560529403839,96.0
3,nominal,29,3.0,200,0.775157774173033,0.7189472177162912,0.009427225023660078,0.9832819249350335,0.39502804297817723,0.0008294560529403839,96.0
3,nominal,29,3.5,200,0.7146120692271625,0.6432650865339531,0.010641292932579564,0.9832819249350335,0.39502804297817723,0.0008294560529403839,96.0
3,nominal,30,0.1,200,0.9858812123170555,0.9823515153963194,2.591882805291242e-06,0.9825463675731191,0.39091120457362755,0.0008542768231353357,96.0
3,nominal,30,0.25,200,0.9843246145713324,0.9804057682141653,1.4903988018854834e-05,0.9825463675731191,0.39091120457362755,0.0008542768231353357,96.0
3,nominal,30,0.5,200,0.9780564559898363,0.9725705699872953,7.450764642602425e-05,0.9825463675731191,0.39091120457362755,0.0008542768231353357,96.0
3,nominal,30,0.75,200,0.9704812110423516,0.9631015138029393,0.0001773590332091865,0.9825463675731191,0.39091120457362755,0.0008542768231353357,96.0
3,nominal,30,1.0,200,0.9571456864695181,0.9464321080868976,0.00038469787317001544,0.9825463675731191,0.39091120457362755,0.0008542768231353357,96.0
3,nominal,30,1.25,200,0.9433063763559169,0.9291329704448958,0.0006730261675549687,0.9825463675731191,0.39091120457362755,0.0008542768231353357,96.0
3,nominal,30,1.5,200,0.9240321789249564,0.9050402236561953,0.0013921103680863789,0.9825463675731191,0.39091120457362755,0.0008542768231353357,96.0
3,nominal,30,2.0,200,0.8821779723305365,0.8527224654131703,0.002850392817621797,0.9825463675731191,0.39091120457362755,0.0008542768231353357,96.0
3,nominal,30,2.5,200,0.829057522288057,0.7863219028600709,0.0053573970800369795,0.9825463675731191,0.39091120457362755,0.0008542768231353357,96.0
3,nominal,30,3.0,200,0.7745417045976608,0.7181771307470761,0.009579584897965758,0.9825463675731191,0.39091120457362755,0.0008542768231353357,96.0
3,nominal,30,3.5,200,0.7139874335661263,0.6424842919576578,0.010667430106411545,0.9825463675731191,0.39091120457362755,0.0008542768231353357,96.0
3,nominal,31,0.1,200,0.9865931435429641,0.9832414294287051,2.4442872238561275e-06,0.9834403253082575,0.38976234446249075,0.000875897158660556,96.0
3,nominal,31,0.25,200,0.9850832841587117,0.9813541051983896,1.422433662305788e-05,0.9834403253082575,0.38976234446249075,0.000875897158660556,96.0
3,nominal,31,0.5,200,0.9788942117603764,0.9736177647004705,7.074682260077823e-05,0.9834403253082575,0.38976234446249075,0.000875897158660556,96.0
3,nominal,31,0.75,200,0.971281130398403,0.964101412998004,0.0001688604191804637,0.9834403253082575,0.38976234446249075,0.000875897158660556,96.0
3,nominal,31,1.0,200,0.958037246882129,0.9475465586026612,0.0003657173907102907,0.9834403253082575,0.38976234446249075,0.000875897158660556,96.0
3,nominal,31,1.25,200,0.9440228175920439,0.9300285219900546,0.000681763693034717,0.9834403253082575,0.38976234446249075,0.000875897158660556,96.0
3,nominal,31,1.5,200,0.9247158602720948,0.9058948253401187,0.0013733927828801916,0.9834403253082575,0.38976234446249075,0.000875897158660556,96.0
3,nominal,31,2.0,200,0.8837136247727421,0.8546420309659274,0.0028107340717044233,0.9834403253082575,0.38976234446249075,0.000875897158660556,96.0
3,nominal,31,2.5,200,0.8304390878505274,0.7880488598131589,0.005364748236042835,0.9834403253082575,0.38976234446249075,0.000875897158660556,96.0
3,nominal,31,3.0,200,0.7755550818730697,0.7194438523413369,0.009458982155319443,0.9834403253082575,0.38976234446249075,0.000875897158660556,96.0
3,nominal,31,3.5,200,0.7152129357724961,0.6440161697156199,0.010665930988077187,0.9834403253082575,0.38976234446249075,0.000875897158660556,96.0
3,nominal,32,0.1,200,0.9861585495249529,0.982698186906191,2.732584994762532e-06,0.9829059957923387,0.38958220242197206,0.0008413994166983381,94.0
3,nominal,32,0.25,200,0.984694335315524,0.9808679191444049,1.5818211338964595e-05,0.9829059957923387,0.38958220242197206,0.0008413994166983381,94.0
3,nominal,32,0.5,200,0.9785174011016301,0.9731467513770374,6.67013113676735e-05,0.9829059957923387,0.38958220242197206,0.0008413994166983381,94.0
3,nominal,32,0.75,200,0.9719722082200797,0.9649652602750995,0.00016021547464785093,0.9829059957923387,0.38958220242197206,0.0008413994166983381,94.0
3,nominal,32,1.0,200,0.9586743390273661,0.9483429237842076,0.00032974810751070795,0.9829059957923387,0.38958220242197206,0.0008413994166983381,94.0
3,nominal,32,1.25,200,0.9437903852847538,0.9297379816059422,0.0006891353297901348,0.9829059957923387,0.38958220242197206,0.0008413994166983381,94.0
3,nominal,32,1.5,200,0.9270381248352129,0.9087976560440161,0.001289446397715703,0.9829059957923387,0.38958220242197206,0.0008413994166983381,94.0
3,nominal,32,2.0,200,0.8855626558181922,0.8569533197727404,0.0032436431693667524,0.9829059957923387,0.38958220242197206,0.0008413994166983381,94.0
3,nominal,32,2.5,200,0.8344956477126723,0.7931195596408407,0.004809234169013199,0.9829059957923387,0.38958220242197206,0.0008413994166983381,94.0
3,nominal,32,3.0,200,0.779499698832266,0.7243746235403323,0.008454055462059032,0.9829059957923387,0.38958220242197206,0.0008413994166983381,94.0
3,nominal,32,3.5,200,0.7174428001190529,0.6468035001488162,0.010554515397957398,0.9829059957923387,0.38958220242197206,0.0008413994166983381,94.0
3,nominal,33,0.1,200,0.987750847983893,0.9846885599798664,2.280402285801699e-06,0.9849195285213137,0.3946035326874838,0.0008276355219436404,92.0
3,nominal,33,0.25,200,0.9863361893097871,0.9829202366372339,1.3447245059958735e-05,0.9849195285213137,0.3946035326874838,0.0008276355219436404,92.0
3,nominal,33,0.5,200,0.980265962071378,0.9753324525892225,6.32502115219402e-05,0.9849195285213137,0.3946035326874838,0.0008276355219436404,92.0
3,nominal,33,0.75,200,0.973371264969523,0.9667140812119038,0.00015292550854616163,0.9849195285213137,0.3946035326874838,0.0008276355219436404,92.0
3,nominal,33,1.0,200,0.9601524300723169,0.9501905375903958,0.0003726463745829231,0.9849195285213137,0.3946035326874838,0.0008276355219436404,92.0
3,nominal,33,1.25,200,0.946539039695211,0.9331737996190137,0.0005513220167433357,0.9849195285213137,0.3946035326874838,0.0008276355219436404,92.0
3,nominal,33,1.5,200,0.9289802909582164,0.9112253636977705,0.0011515708116305767,0.9849195285213137,0.3946035326874838,0.0008276355219436404,92.0
3,nominal,33,2.0,200,0.8872618696098393,0.8590773370122988,0.0025973798119830398,0.9849195285213137,0.3946035326874838,0.0008276355219436404,92.0
3,nominal,33,2.5,200,0.8397264992702731,0.7996581240878412,0.005485528805045197,0.9849195285213137,0.3946035326874838,0.0008276355219436404,92.0
3,nominal,33,3.0,200,0.7779731854172653,0.7224664817715813,0.008466706606765836,0.9849195285213137,0.3946035326874838,0.0008276355219436404,92.0
3,nominal,33,3.5,200,0.7239046832978095,0.6548808541222618,0.010183194721245896,0.9849195285213137,0.3946035326874838,0.0008276355219436404,92.0
3,nominal,34,0.1,200,0.9868038609468226,0.9835048261835283,2.362429386293322e-06,0.9837117062653574,0.38779502149972034,0.0008779089671694616,96.0
3,nominal,34,0.25,200,0.9853079055186198,0.9816348818982749,1.333029824961612e-05,0.9837117062653574,0.38779502149972034,0.0008779089671694616,96.0
3,nominal,34,0.5,200,0.97909135677554,0.973864195969425,6.914673831473986e-05,0.9837117062653574,0.38779502149972034,0.0008779089671694616,96.0
3,nominal,34,0.75,200,0.9716184044235678,0.9645230055294601,0.0001684009078151883,0.9837117062653574,0.38779502149972034,0.0008779089671694616,96.0
3,nominal,34,1.0,200,0.9583372625739982,0.9479215782174976,0.0003615956022566351,0.9837117062653574,0.38779502149972034,0.0008779089671694616,96.0
3,nominal,34,1.25,200,0.9442222683853718,0.9302778354817146,0.000684293698123534,0.9837117062653574,0.38779502149972034,0.0008779089671694616,96.0
3,nominal,34,1.5,200,0.9248011411479604,0.9060014264349505,0.0013813487013683479,0.9837117062653574,0.38779502149972034,0.0008779089671694616,96.0
3,nominal,34,2.0,200,0.884344921400897,0.8554311517511215,0.002759223092379738,0.9837117062653574,0.38779502149972034,0.0008779089671694616,96.0
3,nominal,34,2.5,200,0.8307006025692134,0.7883757532115166,0.005347170994617841,0.9837117062653574,0.38779502149972034,0.0008779089671694616,96.0
3,nominal,34,3.0,200,0.775826547897017,0.719783184871271,0.009370262261245113,0.9837117062653574,0.38779502149972034,0.0008779089671694616,96.0
3,nominal,34,3.5,200,0.715134563840131,0.6439182048001635,0.01070708248079734,0.9837117062653574,0.38779502149972034,0.0008779089671694616,96.0
3,nominal,35,0.1,200,0.987796865053158,0.9847460813164475,2.1888176225506242e-06,0.9849773387579183,0.3849078869428535,0.0009037284070743798,96.0
3,nominal,35,0.25,200,0.9863108828174214,0.9828886035217768,1.1945341399424323e-05,0.9849773387579183,0.3849078869428535,0.0009037284070743798,96.0
3,nominal,35,0.5,200,0.9801920291701954,0.975240036462744,6.64028873220947e-05,0.9849773387579183,0.3849078869428535,0.0009037284070743798,96.0
3,nominal,35,0.75,200,0.972803648943044,0.9660045611788051,0.00016241632885731643,0.9849773387579183,0.3849078869428535,0.0009037284070743798,96.0
3,nominal,35,1.0,200,0.9591565793143376,0.9489457241429219,0.0003251013727115526,0.9849773387579183,0.3849078869428535,0.0009037284070743798,96.0
3,nominal,35,1.25,200,0.9450262612194766,0.9312828265243455,0.0006491716574336345,0.9849773387579183,0.3849078869428535,0.0009037284070743798,96.0
3,nominal,35,1.5,200,0.925717449398524,0.9071468117481549,0.0013526307101248325,0.9849773387579183,0.3849078869428535,0.0009037284070743798,96.0
3,nominal,35,2.0,200,0.8863453653760142,0.8579317067200176,0.0025781734852649827,0.9849773387579183,0.3849078869428535,0.0009037284070743798,96.0
3,nominal,35,2.5,200,0.8318915878374327,0.7898644847967907,0.00508678636200549,0.9849773387579183,0.3849078869428535,0.0009037284070743798,96.0
3,nominal,35,3.0,200,0.7769504193104656,0.7211880241380819,0.0091300442728716,0.9849773387579183,0.3849078869428535,0.0009037284070743798,96.0
3,nominal,35,3.5,200,0.7150994790194343,0.6438743487742928,0.010421992005665032,0.9849773387579183,0.3849078869428535,0.0009037284070743798,96.0
3,nominal,36,0.1,200,0.9843756501336831,0.9804695626671037,2.9023699676739675e-06,0.9806867183922786,0.39968933610210133,0.0009492240321527061,98.0
3,nominal,36,0.25,200,0.982862339296021,0.9785779241200259,1.7158101972156915e-05,0.9806867183922786,0.39968933610210133,0.0009492240321527061,98.0
3,nominal,36,0.5,200,0.9763303482742919,0.9704129353428647,8.683085176460644e-05,0.9806867183922786,0.39968933610210133,0.0009492240321527061,98.0
3,nominal,36,0.75,200,0.9688541991716779,0.9610677489645973,0.00017644713895679528,0.9806867183922786,0.39968933610210133,0.0009492240321527061,98.0
3,nominal,36,1.0,200,0.9557121947550258,0.9446402434437823,0.00043740863943833857,0.9806867183922786,0.39968933610210133,0.0009492240321527061,98.0
3,nominal,36,1.25,200,0.9409185074014094,0.9261481342517618,0.0007666455404542784,0.9806867183922786,0.39968933610210133,0.0009492240321527061,98.0
3,nominal,36,1.5,200,0.922809557298034,0.9035119466225424,0.0013905798565862298,0.9806867183922786,0.39968933610210133,0.0009492240321527061,98.0
3,nominal,36,2.0,200,0.8808220934909212,0.8510276168636515,0.003184608232755246,0.9806867183922786,0.39968933610210133,0.0009492240321527061,98.0
3,nominal,36,2.5,200,0.8291144000881072,0.786393000110134,0.005067443577372983,0.9806867183922786,0.39968933610210133,0.0009492240321527061,98.0
3,nominal,36,3.0,200,0.7674650127748738,0.7093312659685921,0.010151011754920192,0.9806867183922786,0.39968933610210133,0.0009492240321527061,98.0
3,nominal,36,3.5,200,0.7029321066575739,0.6286651333219673,0.013274580045693237,0.9806867183922786,0.39968933610210133,0.0009492240321527061,98.0
3,nominal,37,0.1,200,0.9883523888346725,0.9854404860433406,2.0943812668997042e-06,0.9856479673258705,0.3880248645411749,0.0009433003264682412,96.0
3,nominal,37,0.25,200,0.9868155252593154,0.9835194065741439,1.1782363510175321e-05,0.9856479673258705,0.3880248645411749,0.0009433003264682412,96.0
3,nominal,37,0.5,200,0.9806199202667376,0.9757749003334217,6.230951047404714e-05,0.9856479673258705,0.3880248645411749,0.0009433003264682412,96.0
3,nominal,37,0.75,200,0.9729858632155324,0.9662323290194155,0.00015461888791352117,0.9856479673258705,0.3880248645411749,0.0009433003264682412,96.0
3,nominal,37,1.0,200,0.9596767371586395,0.9495959214482991,0.0003275174511546446,0.9856479673258705,0.3880248645411749,0.0009433003264682412,96.0
3,nominal,37,1.25,200,0.9455738235327584,0.931967279415948,0.0006354601173539182,0.9856479673258705,0.3880248645411749,0.0009433003264682412,96.0
3,nominal,37,1.5,200,0.9260205240537026,0.9075256550671285,0.0013210433143112199,0.9856479673258705,0.3880248645411749,0.0009433003264682412,96.0
3,nominal,37,2.0,200,0.88511148619639,0.8563893577454873,0.002702417090622899,0.9856479673258705,0.3880248645411749,0.0009433003264682412,96.0
3,nominal,37,2.5,200,0.8311283642511251,0.7889104553139064,0.005198512718912307,0.9856479673258705,0.3880248645411749,0.0009433003264682412,96.0
3,nominal,37,3.0,200,0.7762562036504721,0.7203202545630901,0.009360329085584016,0.9856479673258705,0.3880248645411749,0.0009433003264682412,96.0
3,nominal,37,3.5,200,0.7152579030987392,0.644072378873424,0.01059398521450097,0.9856479673258705,0.3880248645411749,0.0009433003264682412,96.0
3,nominal,38,0.1,200,0.9878150549683815,0.9847688187104768,2.162077074492345e-06,0.9849673722128639,0.3939824818873865,0.0009420022978039008,96.0
3,nominal,38,0.25,200,0.9862413018931332,0.9828016273664163,1.2206366636015476e-05,0.9849673722128639,0.3939824818873865,0.0009420022978039008,96.0
3,nominal,38,0.5,200,0.980029329058991,0.9750366613237387,6.619714014858806e-05,0.9849673722128639,0.3939824818873865,0.0009420022978039008,96.0
3,nominal,38,0.75,200,0.972532187844628,0.9656652348057849,0.00016540622168784887,0.9849673722128639,0.3939824818873865,0.0009420022978039008,96.0
3,nominal,38,1.0,200,0.9587866730186664,0.9484833412733328,0.00034468427831648216,0.9849673722128639,0.3939824818873865,0.0009420022978039008,96.0
3,nominal,38,1.25,200,0.9449714726460926,0.9312143408076154,0.0006190418842608537,0.9849673722128639,0.3939824818873865,0.0009420022978039008,96.0
3,nominal,38,1.5,200,0.92574447154059,0.9071805894257373,0.0013226266564510547,0.9849673722128639,0.3939824818873865,0.0009420022978039008,96.0
3,nominal,38,2.0,200,0.8840799168448907,0.8550998960561134,0.0027267476055716044,0.9849673722128639,0.3939824818873865,0.0009420022978039008,96.0
3,nominal,38,2.5,200,0.8302916590542566,0.7878645738178207,0.0051423384563772205,0.9849673722128639,0.3939824818873865,0.0009420022978039008,96.0
3,nominal,38,3.0,200,0.7755659685414606,0.7194574606768256,0.009445560212856858,0.9849673722128639,0.3939824818873865,0.0009420022978039008,96.0
3,nominal,38,3.5,200,0.7137841629550483,0.6422302036938103,0.010579572417788343,0.9849673722128639,0.3939824818873865,0.0009420022978039008,96.0
3,nominal,39,0.1,200,0.9868593254672451,0.9835741568340564,2.452107742956747e-06,0.9837740308837801,0.38886367443799164,0.0009282292546329565,98.0
3,nominal,39,0.25,200,0.9853067389121417,0.9816334236401772,1.3977476259614662e-05,0.9837740308837801,0.38886367443799164,0.0009282292546329565,98.0
3,nominal,39,0.5,200,0.9787733991608647,0.973466748951081,8.058436229818792e-05,0.9837740308837801,0.38886367443799164,0.0009282292546329565,98.0
3,nominal,39,0.75,200,0.9713273656089028,0.9641592070111286,0.00015402702778303517,0.9837740308837801,0.38886367443799164,0.0009282292546329565,98.0
3,nominal,39,1.0,200,0.9582944772335463,0.9478680965419326,0.0003646216103998469,0.9837740308837801,0.38886367443799164,0.0009282292546329565,98.0
3,nominal,39,1.25,200,0.9427454563018632,0.9284318203773287,0.0007224685621851802,0.9837740308837801,0.38886367443799164,0.0009282292546329565,98.0
3,nominal,39,1.5,200,0.9246108651710068,0.9057635814637583,0.001353284309476782,0.9837740308837801,0.38886367443799164,0.0009282292546329565,98.0
3,nominal,39,2.0,200,0.8848136929459772,0.8560171161824716,0.0029743950090988,0.9837740308837801,0.38886367443799164,0.0009282292546329565,98.0
3,nominal,39,2.5,200,0.8317032845905505,0.7896291057381881,0.004943156602566173,0.9837740308837801,0.38886367443799164,0.0009282292546329565,98.0
3,nominal,39,3.0,200,0.7699257715070882,0.7124072143838603,0.009689497740057578,0.9837740308837801,0.38886367443799164,0.0009282292546329565,98.0
3,nominal,39,3.5,200,0.7035961967218246,0.6294952459022807,0.013307286068298672,0.9837740308837801,0.38886367443799164,0.0009282292546329565,98.0
3,nominal,40,0.1,200,0.9879116294982758,0.9848895368728445,2.2365783123949245e-06,0.9851213807774533,0.3861214555798932,0.00095583022755044,96.0
3,nominal,40,0.25,200,0.9863885575396986,0.9829856969246232,1.2573912324576113e-05,0.9851213807774533,0.3861214555798932,0.00095583022755044,96.0
3,nominal,40,0.5,200,0.9801583440564688,0.9751979300705855,6.843207806789455e-05,0.9851213807774533,0.3861214555798932,0.00095583022755044,96.0
3,nominal,40,0.75,200,0.9728092711151037,0.9660115888938793,0.00016199584857453324,0.9851213807774533,0.3861214555798932,0.00095583022755044,96.0
3,nominal,40,1.0,200,0.9592107009670156,0.9490133762087691,0.00034801551488616725,0.9851213807774533,0.3861214555798932,0.00095583022755044,96.0
3,nominal,40,1.25,200,0.9453188626903245,0.9316485783629054,0.0006310383509936299,0.9851213807774533,0.3861214555798932,0.00095583022755044,96.0
3,nominal,40,1.5,200,0.9260580646151084,0.9075725807688856,0.0013495875320915197,0.9851213807774533,0.3861214555798932,0.00095583022755044,96.0
3,nominal,40,2.0,200,0.8852331206846089,0.856541400855761,0.0026400914820717747,0.9851213807774533,0.3861214555798932,0.00095583022755044,96.0
3,nominal,40,2.5,200,0.8316274847051885,0.7895343558814855,0.00521791852167473,0.9851213807774533,0.3861214555798932,0.00095583022755044,96.0
3,nominal,40,3.0,200,0.776934993065882,0.7211687413323525,0.009358894885121587,0.9851213807774533,0.3861214555798932,0.00095583022755044,96.0
3,nominal,40,3.5,200,0.7155771130232751,0.6444713912790938,0.010638508324711695,0.9851213807774533,0.3861214555798932,0.00095583022755044,96.0
3,nominal,41,0.1,200,0.9859910200727211,0.982488775090901,2.621003687716265e-06,0.9827187965721549,0.39599854842106896,0.0009262412258272915,96.0
3,nominal,41,0.25,200,0.9844466527676293,0.9805583159595365,1.4749087780241726e-05,0.9827187965721549,0.39599854842106896,0.0009262412258272915,96.0
3,nominal,41,0.5,200,0.9781180273301658,0.9726475341627071,7.774053582739734e-05,0.9827187965721549,0.39599854842106896,0.0009262412258272915,96.0
3,nominal,41,0.75,200,0.9708728414283702,0.9635910517854629,0.0001803991790078706,0.9827187965721549,0.39599854842106896,0.0009262412258272915,96.0
3,nominal,41,1.0,200,0.9572811884506077,0.9466014855632596,0.00038634207884128373,0.9827187965721549,0.39599854842106896,0.0009262412258272915,96.0
3,nominal,41,1.25,200,0.9435297333439187,0.9294121666798983,0.0006607298886759889,0.9827187965721549,0.39599854842106896,0.0009262412258272915,96.0
3,nominal,41,1.5,200,0.9242875989768914,0.9053594987211142,0.001416534728040697,0.9827187965721549,0.39599854842106896,0.0009262412258272915,96.0
3,nominal,41,2.0,200,0.8830108354294559,0.8537635442868201,0.0027333210906709594,0.9827187965721549,0.39599854842106896,0.0009262412258272915,96.0
3,nominal,41,2.5,200,0.8297223379060489,0.7871529223825613,0.005332947030886457,0.9827187965721549,0.39599854842106896,0.0009262412258272915,96.0
3,nominal,41,3.0,200,0.7755087132210844,0.7193858915263553,0.009530163291976378,0.9827187965721549,0.39599854842106896,0.0009262412258272915,96.0
3,nominal,41,3.5,200,0.714217954310163,0.6427724428877037,0.010704006626108698,0.9827187965721549,0.39599854842106896,0.0009262412258272915,96.0
3,nominal,42,0.1,200,0.9887438410761364,0.9859298013451704,2.016013712980559e-06,0.9861525004719969,0.3925861758659447,0.0008959102270648849,96.0
3,nominal,42,0.25,200,0.9872188070257846,0.9840235087822304,1.1200397781820125e-05,0.9861525004719969,0.3925861758659447,0.0008959102270648849,96.0
3,nominal,42,0.5,200,0.9810146560516877,0.9762683200646094,6.200293177008908e-05,0.9861525004719969,0.3925861758659447,0.0008959102270648849,96.0
3,nominal,42,0.75,200,0.9735700907390541,0.9669626134238175,0.0001525182902075558,0.9861525004719969,0.3925861758659447,0.0008959102270648849,96.0
3,nominal,42,1.0,200,0.9600863095279539,0.9501078869099423,0.00032780356657930826,0.9861525004719969,0.3925861758659447,0.0008959102270648849,96.0
3,nominal,42,1.25,200,0.9459831233055689,0.9324789041319609,0.0006234317950344027,0.9861525004719969,0.3925861758659447,0.0008959102270648849,96.0
3,nominal,42,1.5,200,0.9265792729998621,0.9082240912498277,0.001312505350288165,0.9861525004719969,0.3925861758659447,0.0008959102270648849,96.0
3,nominal,42,2.0,200,0.8858818733525826,0.8573523416907284,0.00264344158383417,0.9861525004719969,0.3925861758659447,0.0008959102270648849,96.0
3,nominal,42,2.5,200,0.8318196923916873,0.789774615489609,0.005183140005685947,0.9861525004719969,0.3925861758659447,0.0008959102270648849,96.0
3,nominal,42,3.0,200,0.7768184009802651,0.7210230012253313,0.009294984918599472,0.9861525004719969,0.3925861758659447,0.0008959102270648849,96.0
3,nominal,42,3.5,200,0.7157322724401054,0.6446653405501317,0.010714817914581024,0.9861525004719969,0.3925861758659447,0.0008959102270648849,96.0
3,nominal,43,0.1,200,0.9865982374485317,0.9832477968106645,2.504095246229285e-06,0.983475766384685,0.3849276190843476,0.0009441333620936003,98.0
3,nominal,43,0.25,200,0.9850749715017895,0.9813437143772368,1.5111928214591255e-05,0.983475766384685,0.3849276190843476,0.0009441333620936003,98.0
3,nominal,43,0.5,200,0.978606201653054,0.9732577520663174,7.917839269889385e-05,0.983475766384685,0.3849276190843476,0.0009441333620936003,98.0
3,nominal,43,0.75,200,0.9711249070766597,0.9639061338458244,0.000158051176364041,0.983475766384685,0.3849276190843476,0.0009441333620936003,98.0
3,nominal,43,1.0,200,0.9579977358482165,0.9474971698102707,0.00038933953367831854,0.983475766384685,0.3849276190843476,0.0009441333620936003,98.0
3,nominal,43,1.25,200,0.9430330419295011,0.9287913024118762,0.0007205900930420589,0.983475766384685,0.3849276190843476,0.0009441333620936003,98.0
3,nominal,43,1.5,200,0.9249156820064042,0.9061446025080051,0.001337507266999332,0.983475766384685,0.3849276190843476,0.0009441333620936003,98.0
3,nominal,43,2.0,200,0.8835526350202347,0.854440793775293,0.0030442619086095634,0.983475766384685,0.3849276190843476,0.0009441333620936003,98.0
3,nominal,43,2.5,200,0.8314286270251975,0.7892857837814966,0.004963977379465012,0.983475766384685,0.3849276190843476,0.0009441333620936003,98.0
3,nominal,43,3.0,200,0.7696131711486558,0.7120164639358195,0.009892330059718341,0.983475766384685,0.3849276190843476,0.0009441333620936003,98.0
3,nominal,43,3.5,200,0.7043146064503255,0.6303932580629068,0.01316219871939154,0.983475766384685,0.3849276190843476,0.0009441333620936003,98.0
3,nominal,44,0.1,200,0.9860567707030484,0.9825709633788102,2.1805430576040276e-06,0.9828087350279286,0.39508123801998324,0.0009161184686654978,100.0
3,nominal,44,0.25,200,0.9845223472666338,0.9806529340832918,1.640607890116803e-05,0.9828087350279286,0.39508123801998324,0.0009161184686654978,100.0
3,nominal,44,0.5,200,0.977862108289121,0.9723276353614012,6.9902075963665e-05,0.9828087350279286,0.39508123801998324,0.0009161184686654978,100.0
3,nominal,44,0.75,200,0.9703479189128663,0.9629348986410826,0.00017565075251924105,0.9828087350279286,0.39508123801998324,0.0009161184686654978,100.0
3,nominal,44,1.0,200,0.9556491561968619,0.9445614452460773,0.00040544397728081537,0.9828087350279286,0.39508123801998324,0.0009161184686654978,100.0
3,nominal,44,1.25,200,0.9411646516775125,0.9264558145968905,0.0008581502573194282,0.9828087350279286,0.39508123801998324,0.0009161184686654978,100.0
3,nominal,44,1.5,200,0.9224226786320027,0.9030283482900032,0.0013323414253535609,0.9828087350279286,0.39508123801998324,0.0009161184686654978,100.0
3,nominal,44,2.0,200,0.8788260030541979,0.8485325038177473,0.0031838287304794834,0.9828087350279286,0.39508123801998324,0.0009161184686654978,100.0
3,nominal,44,2.5,200,0.8262449985979565,0.7828062482474458,0.005336011109880422,0.9828087350279286,0.39508123801998324,0.0009161184686654978,100.0
3,nominal,44,3.0,200,0.7682008896823095,0.7102511121028868,0.010874839195695723,0.9828087350279286,0.39508123801998324,0.0009161184686654978,100.0
3,nominal,44,3.5,200,0.7027546945956502,0.6284433682445627,0.012465064701940276,0.9828087350279286,0.39508123801998324,0.0009161184686654978,100.0
3,nominal,45,0.1,200,0.9878616534927662,0.9848270668659574,2.040663104042384e-06,0.9850795129662993,0.38146924915050284,0.0008870625350043092,98.0
3,nominal,45,0.25,200,0.9863581628238294,0.9829477035297864,1.2093257227508608e-05,0.9850795129662993,0.38146924915050284,0.0008870625350043092,98.0
3,nominal,45,0.5,200,0.9799180823404252,0.9748976029255314,6.76812299873218e-05,0.9850795129662993,0.38146924915050284,0.0008870625350043092,98.0
3,nominal,45,0.75,200,0.9724807161773698,0.9656008952217121,0.0001372572956298862,0.9850795129662993,0.38146924915050284,0.0008870625350043092,98.0
3,nominal,45,1.0,200,0.9592992311716593,0.9491240389645742,0.00035103947515268964,0.9850795129662993,0.38146924915050284,0.0008870625350043092,98.0
3,nominal,45,1.25,200,0.9443972684315303,0.9304965855394127,0.000667799462050217,0.9850795129662993,0.38146924915050284,0.0008870625350043092,98.0
3,nominal,45,1.5,200,0.925915721191292,0.9073946514891148,0.0012418043926716875,0.9850795129662993,0.38146924915050284,0.0008870625350043092,98.0
3,nominal,45,2.0,200,0.8847299673852032,0.8559124592315038,0.002931781090520262,0.9850795129662993,0.38146924915050284,0.0008870625350043092,98.0
3,nominal,45,2.5,200,0.8322358077807475,0.7902947597259342,0.004799853933172199,0.9850795129662993,0.38146924915050284,0.0008870625350043092,98.0
3,nominal,45,3.0,200,0.7698646991050866,0.7123308738813582,0.009780919123058203,0.9850795129662993,0.38146924915050284,0.0008870625350043092,98.0
3,nominal,45,3.5,200,0.7050352602744395,0.6312940753430495,0.013178934541882785,0.9850795129662993,0.38146924915050284,0.0008870625350043092,98.0
3,nominal,46,0.1,200,0.9851639376836929,0.9814549221046158,3.1367918817123978e-06,0.9817149342649241,0.39693255399718863,0.0010159132007244965,114.0
3,nominal,46,0.25,200,0.9835019376659448,0.979377422082431,1.8660146881692963e-05,0.9817149342649241,0.39693255399718863,0.0010159132007244965,114.0
3,nominal,46,0.5,200,0.975902119076223,0.9698776488452786,8.760924697868148e-05,0.9817149342649241,0.39693255399718863,0.0010159132007244965,114.0
3,nominal,46,0.75,200,0.9665289944880654,0.9581612431100817,0.00021709254598859285,0.9817149342649241,0.39693255399718863,0.0010159132007244965,114.0
3,nominal,46,1.0,200,0.9518185331395366,0.9397731664244211,0.0005496056741786854,0.9817149342649241,0.39693255399718863,0.0010159132007244965,114.0
3,nominal,46,1.25,200,0.9335973148549442,0.9169966435686803,0.0010417016181128733,0.9817149342649241,0.39693255399718863,0.0010159132007244965,114.0
3,nominal,46,1.5,200,0.912206591305046,0.8902582391313075,0.0017139254810820523,0.9817149342649241,0.39693255399718863,0.0010159132007244965,114.0
3,nominal,46,2.0,200,0.8651302215645649,0.8314127769557059,0.0041099451583410515,0.9817149342649241,0.39693255399718863,0.0010159132007244965,114.0
3,nominal,46,2.5,200,0.800970491611216,0.7512131145140201,0.006012695517064817,0.9817149342649241,0.39693255399718863,0.0010159132007244965,114.0
3,nominal,46,3.0,200,0.7435612528178739,0.6794515660223419,0.010276847768832196,0.9817149342649241,0.39693255399718863,0.0010159132007244965,114.0
3,nominal,46,3.5,200,0.6738776038113283,0.5923470047641601,0.015232317224128145,0.9817149342649241,0.39693255399718863,0.0010159132007244965,114.0
3,nominal,47,0.1,200,0.9877833740475819,0.9847292175594774,2.1193920869144994e-06,0.9849789411046926,0.38776577820116914,0.0009679621828809009,98.0
3,nominal,47,0.25,200,0.9862668963284847,0.982833620410606,1.2881619183585666e-05,0.9849789411046926,0.38776577820116914,0.0009679621828809009,98.0
3,nominal,47,0.5,200,0.9799121792632115,0.9748902240790142,6.954078248280857e-05,0.9849789411046926,0.38776577820116914,0.0009679621828809009,98.0
3,nominal,47,0.75,200,0.9723662940488101,0.9654578675610125,0.00014110035274060998,0.9849789411046926,0.38776577820116914,0.0009679621828809009,98.0
3,nominal,47,1.0,200,0.9592040904182175,0.9490051130227719,0.000362765147210206,0.9849789411046926,0.38776577820116914,0.0009679621828809009,98.0
3,nominal,47,1.25,200,0.9444109500479091,0.9305136875598865,0.0006770872054373052,0.9849789411046926,0.38776577820116914,0.0009679621828809009,98.0
3,nominal,47,1.5,200,0.9258481986356284,0.9073102482945355,0.001258989022017275,0.9849789411046926,0.38776577820116914,0.0009679621828809009,98.0
3,nominal,47,2.0,200,0.8846338391903932,0.8557922989879913,0.002967980450236279,0.9849789411046926,0.38776577820116914,0.0009679621828809009,98.0
3,nominal,47,2.5,200,0.8321940239227774,0.7902425299034718,0.004879095199706489,0.9849789411046926,0.38776577820116914,0.0009679621828809009,98.0
3,nominal,47,3.0,200,0.7697836260469461,0.7122295325586826,0.009888442016214118,0.9849789411046926,0.38776577820116914,0.0009679621828809009,98.0
3,nominal,47,3.5,200,0.7048341952486841,0.6310427440608549,0.01317520552462469,0.9849789411046926,0.38776577820116914,0.0009679621828809009,98.0
3,nominal,48,0.1,200,0.9852678421152657,0.9815848026440821,2.752498497163135e-06,0.9818441502900668,0.3966779967399072,0.0010408582471967771,104.0
3,nominal,48,0.25,200,0.9838196624775375,0.9797745780969217,1.6188354472157263e-05,0.9818441502900668,0.3966779967399072,0.0010408582471967771,104.0
3,nominal,48,0.5,200,0.9771615641014262,0.9714519551267827,6.644524496035493e-05,0.9818441502900668,0.3966779967399072,0.0010408582471967771,104.0
3,nominal,48,0.75,200,0.9679186658750709,0.9598983323438387,0.0001990675833245783,0.9818441502900668,0.3966779967399072,0.0010408582471967771,104.0
3,nominal,48,1.0,200,0.9540524685210354,0.9425655856512941,0.0004574198865256489,0.9818441502900668,0.3966779967399072,0.0010408582471967771,104.0
3,nominal,48,1.25,200,0.9399323834527522,0.9249154793159403,0.0008220090363442515,0.9818441502900668,0.3966779967399072,0.0010408582471967771,104.0
3,nominal,48,1.5,200,0.9190454242896338,0.8988067803620422,0.0015980688323691374,0.9818441502900668,0.3966779967399072,0.0010408582471967771,104.0
3,nominal,48,2.0,200,0.8725521403212597,0.8406901754015744,0.0037546204117848993,0.9818441502900668,0.3966779967399072,0.0010408582471967771,104.0
3,nominal,48,2.5,200,0.8207467613957604,0.7759334517447003,0.0050161102315661775,0.9818441502900668,0.3966779967399072,0.0010408582471967771,104.0
3,nominal,48,3.0,200,0.7584381690677162,0.6980477113346452,0.010878031644913919,0.9818441502900668,0.3966779967399072,0.0010408582471967771,104.0
3,nominal,48,3.5,200,0.6945357841293989,0.6181697301617486,0.011441502610880673,0.9818441502900668,0.3966779967399072,0.0010408582471967771,104.0
3,nominal,49,0.1,200,0.9877024850885034,0.9846281063606293,2.0556474082194322e-06,0.9848441068296985,0.3954118734619192,0.0009960605945193977,98.0
3,nominal,49,0.25,200,0.9861403382808245,0.9826754228510305,1.0539530571643502e-05,0.9848441068296985,0.3954118734619192,0.0009960605945193977,98.0
3,nominal,49,0.5,200,0.9797357442018124,0.9746696802522653,6.669432060836024e-05,0.9848441068296985,0.3954118734619192,0.0009960605945193977,98.0
3,nominal,49,0.75,200,0.9720810625172108,0.9651013281465134,0.00013605394033812214,0.9848441068296985,0.3954118734619192,0.0009960605945193977,98.0
3,nominal,49,1.0,200,0.9590412980049227,0.9488016225061534,0.00034248873946592833,0.9848441068296985,0.3954118734619192,0.0009960605945193977,98.0
3,nominal,49,1.25,200,0.943958424858162,0.9299480310727026,0.0006802796743530005,0.9848441068296985,0.3954118734619192,0.0009960605945193977,98.0
3,nominal,49,1.5,200,0.9251399789029527,0.9064249736286909,0.0012498395177697524,0.9848441068296985,0.3954118734619192,0.0009960605945193977,98.0
3,nominal,49,2.0,200,0.8842256232438719,0.85528202905484,0.0030098511802571348,0.9848441068296985,0.3954118734619192,0.0009960605945193977,98.0
3,nominal,49,2.5,200,0.8304904847259502,0.7881131059074378,0.004957184990708853,0.9848441068296985,0.3954118734619192,0.0009960605945193977,98.0
3,nominal,49,3.0,200,0.7685212609005861,0.7106515761257327,0.009828283951756016,0.9848441068296985,0.3954118734619192,0.0009960605945193977,98.0
3,nominal,49,3.5,200,0.703037984598006,0.6287974807475075,0.013248751365425946,0.9848441068296985,0.3954118734619192,0.0009960605945193977,98.0
3,nominal,50,0.1,200,0.9851533775484992,0.9814417219356238,2.983825170722092e-06,0.9816817038175492,0.39870771353312984,0.001096655199295343,110.0
3,nominal,50,0.25,200,0.9835869007128335,0.9794836258910417,1.577987847031134e-05,0.9816817038175492,0.39870771353312984,0.001096655199295343,110.0
3,nominal,50,0.5,200,0.9761590359966512,0.9701987949958137,7.458085183629964e-05,0.9816817038175492,0.39870771353312984,0.001096655199295343,110.0
3,nominal,50,0.75,200,0.967415407642196,0.959269259552745,0.00017856076756134727,0.9816817038175492,0.39870771353312984,0.001096655199295343,110.0
3,nominal,50,1.0,200,0.9516934463575666,0.9396168079469578,0.0005257889181345052,0.9816817038175492,0.39870771353312984,0.001096655199295343,110.0
3,nominal,50,1.25,200,0.9365252341549912,0.9206565426937388,0.0007793669104827266,0.9816817038175492,0.39870771353312984,0.001096655199295343,110.0
3,nominal,50,1.5,200,0.914617329310255,0.8932716616378186,0.0015127112849772115,0.9816817038175492,0.39870771353312984,0.001096655199295343,110.0
3,nominal,50,2.0,200,0.8654961276903009,0.8318701596128758,0.004157422048530648,0.9816817038175492,0.39870771353312984,0.001096655199295343,110.0
3,nominal,50,2.5,200,0.8093540687513082,0.7616925859391352,0.0054989559249638605,0.9816817038175492,0.39870771353312984,0.001096655199295343,110.0
3,nominal,50,3.0,200,0.7471560481935084,0.6839450602418856,0.010545616155814888,0.9816817038175492,0.39870771353312984,0.001096655199295343,110.0
3,nominal,50,3.5,200,0.6793481958868023,0.5991852448585027,0.01385170310316148,0.9816817038175492,0.39870771353312984,0.001096655199295343,110.0
3,nominal,51,0.1,200,0.9880035338966998,0.9850044173708745,1.8568687791753194e-06,0.9852176886737394,0.3893299773245659,0.0010759622658605222,100.0
3,nominal,51,0.25,200,0.9864446914042445,0.9830558642553054,1.297330824605174e-05,0.9852176886737394,0.3893299773245659,0.0010759622658605222,100.0
3,nominal,51,0.5,200,0.9798602462546218,0.9748253078182769,5.979625224893489e-05,0.9852176886737394,0.3893299773245659,0.0010759622658605222,100.0
3,nominal,51,0.75,200,0.9720770303535815,0.9650962879419768,0.00014605272411370758,0.9852176886737394,0.3893299773245659,0.0010759622658605222,100.0
3,nominal,51,1.0,200,0.9577806685646828,0.9472258357058534,0.0003571672408274125,0.9852176886737394,0.3893299773245659,0.0010759622658605222,100.0
3,nominal,51,1.25,200,0.9424161537877016,0.9280201922346271,0.0008036358329720166,0.9852176886737394,0.3893299773245659,0.0010759622658605222,100.0
3,nominal,51,1.5,200,0.9235654650776847,0.9044568313471055,0.001265200782659136,0.9852176886737394,0.3893299773245659,0.0010759622658605222,100.0
3,nominal,51,2.0,200,0.8806152001285977,0.8507690001607472,0.0030782478010517433,0.9852176886737394,0.3893299773245659,0.0010759622658605222,100.0
3,nominal,51,2.5,200,0.8263781140772913,0.782972642596614,0.005241939349061726,0.9852176886737394,0.3893299773245659,0.0010759622658605222,100.0
3,nominal,51,3.0,200,0.7677303796755481,0.7096629745944351,0.010686852026743097,0.9852176886737394,0.3893299773245659,0.0010759622658605222,100.0
3,nominal,51,3.5,200,0.7028674140151039,0.6285842675188799,0.01263247252948244,0.9852176886737394,0.3893299773245659,0.0010759622658605222,100.0
3,nominal,52,0.1,200,0.9859081165696253,0.9823851457120314,2.971992487677344e-06,0.9826035045851705,0.3993560307889773,0.001200315472029094,114.0
3,nominal,52,0.25,200,0.984153481812885,0.9801918522661061,1.5643367953517257e-05,0.9826035045851705,0.3993560307889773,0.001200315472029094,114.0
3,nominal,52,0.5,200,0.9765816270883811,0.9707270338604761,8.255365171815344e-05,0.9826035045851705,0.3993560307889773,0.001200315472029094,114.0
3,nominal,52,0.75,200,0.9669712918838993,0.9587141148548741,0.0002018820256532289,0.9826035045851705,0.3993560307889773,0.001200315472029094,114.0
3,nominal,52,1.0,200,0.9523616378326782,0.9404520472908477,0.0005227619023852827,0.9826035045851705,0.3993560307889773,0.001200315472029094,114.0
3,nominal,52,1.25,200,0.9336841248226616,0.9171051560283269,0.001000724179457284,0.9826035045851705,0.3993560307889773,0.001200315472029094,114.0
3,nominal,52,1.5,200,0.9119055736065219,0.8898819670081524,0.0017024014006756637,0.9826035045851705,0.3993560307889773,0.001200315472029094,114.0
3,nominal,52,2.0,200,0.8643108269589252,0.8303885336986565,0.004277227310600128,0.9826035045851705,0.3993560307889773,0.001200315472029094,114.0
3,nominal,52,2.5,200,0.7987540375687547,0.7484425469609434,0.006045017726182604,0.9826035045851705,0.3993560307889773,0.001200315472029094,114.0
3,nominal,52,3.0,200,0.7413497175078565,0.6766871468848206,0.010619261761782118,0.9826035045851705,0.3993560307889773,0.001200315472029094,114.0
3,nominal,52,3.5,200,0.671687237194883,0.5896090464936036,0.01534677397657744,0.9826035045851705,0.3993560307889773,0.001200315472029094,114.0
3,nominal,53,0.1,200,0.9904375056885704,0.9880468821107129,1.7682289838443223e-06,0.9882785207149889,0.388194117424999,0.0010849589111753364,94.0
3,nominal,53,0.25,200,0.9889461767165209,0.986182720895651,1.1355942238913467e-05,0.9882785207149889,0.388194117424999,0.0010849589111753364,94.0
3,nominal,53,0.5,200,0.9828531414268785,0.9785664267835982,5.0457896925623564e-05,0.9882785207149889,0.388194117424999,0.0010849589111753364,94.0
3,nominal,53,0.75,200,0.9759909594293424,0.969988699286678,0.00011930892361980659,0.9882785207149889,0.388194117424999,0.0010849589111753364,94.0
3,nominal,53,1.0,200,0.9626703373099205,0.9533379216374006,0.0002705157412069684,0.9882785207149889,0.388194117424999,0.0010849589111753364,94.0
3,nominal,53,1.25,200,0.9484222849150044,0.9355278561437557,0.0005609798332062096,0.9882785207149889,0.388194117424999,0.0010849589111753364,94.0
3,nominal,53,1.5,200,0.9313545373689565,0.9141931717111956,0.0011338135804604983,0.9882785207149889,0.388194117424999,0.0010849589111753364,94.0
3,nominal,53,2.0,200,0.8876539597408094,0.8595674496760114,0.0030958175341916283,0.9882785207149889,0.388194117424999,0.0010849589111753364,94.0
3,nominal,53,2.5,200,0.8376150340117037,0.7970187925146294,0.00458301277637437,0.9882785207149889,0.388194117424999,0.0010849589111753364,94.0
3,nominal,53,3.0,200,0.7812110888297369,0.726513861037171,0.008343926430015273,0.9882785207149889,0.388194117424999,0.0010849589111753364,94.0
3,nominal,53,3.5,200,0.7200637909560821,0.6500797386951024,0.010269601674853624,0.9882785207149889,0.388194117424999,0.0010849589111753364,94.0
3,nominal,54,0.1,200,0.9903723982326821,0.9879654977908525,1.7860325156970804e-06,0.9882112104885887,0.38373718522885086,0.0010304480118119605,92.0
3,nominal,54,0.25,200,0.9889451257395404,0.9861814071744253,1.0535672417292111e-05,0.9882112104885887,0.38373718522885086,0.0010304480118119605,92.0
3,nominal,54,0.5,200,0.9829709671520871,0.9787137089401088,5.2081048397201846e-05,0.9882112104885887,0.38373718522885086,0.0010304480118119605,92.0
3,nominal,54,0.75,200,0.9760303586637442,0.9700379483296797,0.00012810728130711524,0.9882112104885887,0.38373718522885086,0.0010304480118119605,92.0
3,nominal,54,1.0,200,0.962788574195775,0.9534857177447187,0.00032110552806069356,0.9882112104885887,0.38373718522885086,0.0010304480118119605,92.0
3,nominal,54,1.25,200,0.9490490677882065,0.9363113347352577,0.0005062144173095803,0.9882112104885887,0.38373718522885086,0.0010304480118119605,92.0
3,nominal,54,1.5,200,0.9314370393720955,0.9142962992151191,0.0010587480062882102,0.9882112104885887,0.38373718522885086,0.0010304480118119605,92.0
3,nominal,54,2.0,200,0.88961902630593,0.8620237828824127,0.002462790728676736,0.9882112104885887,0.38373718522885086,0.0010304480118119605,92.0
3,nominal,54,2.5,200,0.8419049458875891,0.8023811823594863,0.005298207431102356,0.9882112104885887,0.38373718522885086,0.0010304480118119605,92.0
3,nominal,54,3.0,200,0.7795833535208003,0.7244791919010006,0.008304881804245039,0.9882112104885887,0.38373718522885086,0.0010304480118119605,92.0
3,nominal,54,3.5,200,0.725177714308625,0.6564721428857812,0.010072756912204018,0.9882112104885887,0.38373718522885086,0.0010304480118119605,92.0
3,nominal,55,0.1,200,0.9863103040560333,0.9828878800700416,2.7160262426290906e-06,0.9831025752648286,0.39698693442623517,0.0010681586597161043,94.0
3,nominal,55,0.25,200,0.9848222021580653,0.9810277526975812,1.5707508721920293e-05,0.9831025752648286,0.39698693442623517,0.0010681586597161043,94.0
3,nominal,55,0.5,200,0.9785371944294315,0.9731714930367894,6.581244417682412e-05,0.9831025752648286,0.39698693442623517,0.0010681586597161043,94.0
3,nominal,55,0.75,200,0.9720808755337865,0.965101094417233,0.00015948229242383706,0.9831025752648286,0.39698693442623517,0.0010681586597161043,94.0
3,nominal,55,1.0,200,0.958845176670646,0.9485564708383072,0.0003301870778347018,0.9831025752648286,0.39698693442623517,0.0010681586597161043,94.0
3,nominal,55,1.25,200,0.9440267199771534,0.9300333999714419,0.0006815319889575595,0.9831025752648286,0.39698693442623517,0.0010681586597161043,94.0
3,nominal,55,1.5,200,0.9272427229852008,0.909053403731501,0.001283416573188516,0.9831025752648286,0.39698693442623517,0.0010681586597161043,94.0
3,nominal,55,2.0,200,0.8850560786864078,0.8563200983580096,0.0032875610456022685,0.9831025752648286,0.39698693442623517,0.0010681586597161043,94.0
3,nominal,55,2.5,200,0.8343345155290989,0.7929181444113738,0.004865286294688339,0.9831025752648286,0.39698693442623517,0.0010681586597161043,94.0
3,nominal,55,3.0,200,0.7791833134997876,0.7239791418747344,0.008588102096557354,0.9831025752648286,0.39698693442623517,0.0010681586597161043,94.0
3,nominal,55,3.5,200,0.717864070704688,0.6473300883808599,0.010519948514554765,0.9831025752648286,0.39698693442623517,0.0010681586597161043,94.0
3,nominal,56,0.1,200,0.9870771993546843,0.9838464991933552,2.5509589135562073e-06,0.9840698928294228,0.3933104263253741,0.0010831965261173073,94.0
3,nominal,56,0.25,200,0.9855866320213796,0.9819832900267242,1.4254030647915185e-05,0.9840698928294228,0.3933104263253741,0.0010831965261173073,94.0
3,nominal,56,0.5,200,0.9794449931185837,0.9743062413982294,6.117655865713216e-05,0.9840698928294228,0.3933104263253741,0.0010831965261173073,94.0
3,nominal,56,0.75,200,0.9728090796693231,0.9660113495866537,0.00015334354480403542,0.9840698928294228,0.3933104263253741,0.0010831965261173073,94.0
3,nominal,56,1.0,200,0.9597443006120661,0.9496803757650827,0.00030979759837933296,0.9840698928294228,0.3933104263253741,0.0010831965261173073,94.0
3,nominal,56,1.25,200,0.9444872922417314,0.9306091153021641,0.0006714781216670635,0.9840698928294228,0.3933104263253741,0.0010831965261173073,94.0
3,nominal,56,1.5,200,0.9277386213761096,0.9096732767201371,0.0012619249554500058,0.9840698928294228,0.3933104263253741,0.0010831965261173073,94.0
3,nominal,56,2.0,200,0.8864838988003045,0.8581048735003808,0.0031604897903561914,0.9840698928294228,0.3933104263253741,0.0010831965261173073,94.0
3,nominal,56,2.5,200,0.8349619593320785,0.793702449165098,0.004800129977696207,0.9840698928294228,0.3933104263253741,0.0010831965261173073,94.0
3,nominal,56,3.0,200,0.779737268826274,0.7246715860328424,0.008521776702555056,0.9840698928294228,0.3933104263253741,0.0010831965261173073,94.0
3,nominal,56,3.5,200,0.7180220216161317,0.6475275270201644,0.010581939068507497,0.9840698928294228,0.3933104263253741,0.0010831965261173073,94.0
3,nominal,57,0.1,200,0.9869835360972434,0.9837294201215541,2.4149670275001464e-06,0.9839525665214273,0.3856613336622592,0.0011628992805616184,98.0
3,nominal,57,0.25,200,0.985438517110967,0.9817981463887087,1.4092721630806814e-05,0.9839525665214273,0.3856613336622592,0.0011628992805616184,98.0
3,nominal,57,0.5,200,0.9790028244395605,0.9737535305494507,7.63262065559552e-05,0.9839525665214273,0.3856613336622592,0.0011628992805616184,98.0
3,nominal,57,0.75,200,0.9714439852766195,0.9643049815957744,0.00015142137355683572,0.9839525665214273,0.3856613336622592,0.0011628992805616184,98.0
3,nominal,57,1.0,200,0.9582081934542235,0.9477602418177792,0.0003897929792198339,0.9839525665214273,0.3856613336622592,0.0011628992805616184,98.0
3,nominal,57,1.25,200,0.9433919548259984,0.9292399435324975,0.000708968078593,0.9839525665214273,0.3856613336622592,0.0011628992805616184,98.0
3,nominal,57,1.5,200,0.9250093918667937,0.9062617398334919,0.0013184859091343443,0.9839525665214273,0.3856613336622592,0.0011628992805616184,98.0
3,nominal,57,2.0,200,0.8836351432428693,0.8545439290535868,0.0030566587851131675,0.9839525665214273,0.3856613336622592,0.0011628992805616184,98.0
3,nominal,57,2.5,200,0.8312767470301301,0.7890959337876624,0.00498699832152259,0.9839525665214273,0.3856613336622592,0.0011628992805616184,98.0
3,nominal,57,3.0,200,0.7692923240459695,0.7116154050574616,0.009942019995199305,0.9839525665214273,0.3856613336622592,0.0011628992805616184,98.0
3,nominal,57,3.5,200,0.7038040592519322,0.6297550740649153,0.013260025817815779,0.9839525665214273,0.3856613336622592,0.0011628992805616184,98.0
3,nominal,58,0.1,200,0.9878159603470256,0.9847699504337819,2.2332134007899564e-06,0.9850116160518231,0.39487603169034297,0.001113513551744538,96.0
3,nominal,58,0.25,200,0.9863492060409365,0.9829365075511706,1.308955573576681e-05,0.9850116160518231,0.39487603169034297,0.001113513551744538,96.0
3,nominal,58,0.5,200,0.9802811909836147,0.9753514887295183,6.615506573749113e-05,0.9850116160518231,0.39487603169034297,0.001113513551744538,96.0
3,nominal,58,0.75,200,0.9727694876166638,0.9659618595208298,0.00015895700561989066,0.9850116160518231,0.39487603169034297,0.001113513551744538,96.0
3,nominal,58,1.0,200,0.9595266299772462,0.9494082874715578,0.0003513876692115218,0.9850116160518231,0.39487603169034297,0.001113513551744538,96.0
3,nominal,58,1.25,200,0.9455272263608205,0.9319090329510255,0.000652456112897607,0.9850116160518231,0.39487603169034297,0.001113513551744538,96.0
3,nominal,58,1.5,200,0.9262302250109391,0.9077877812636737,0.0013410771275027783,0.9850116160518231,0.39487603169034297,0.001113513551744538,96.0
3,nominal,58,2.0,200,0.885984178804193,0.8574802235052417,0.002683262559745758,0.9850116160518231,0.39487603169034297,0.001113513551744538,96.0
3,nominal,58,2.5,200,0.8326205262442106,0.7907756578052632,0.00520673971996044,0.9850116160518231,0.39487603169034297,0.001113513551744538,96.0
3,nominal,58,3.0,200,0.7773534768814491,0.7216918461018111,0.009263133076601728,0.9850116160518231,0.39487603169034297,0.001113513551744538,96.0
3,nominal,58,3.5,200,0.7168138280832517,0.6460172851040643,0.010600577716226061,0.9850116160518231,0.39487603169034297,0.001113513551744538,96.0
3,nominal,59,0.1,200,0.9880472901991312,0.9850591127489138,2.200484156748444e-06,0.9853289923021988,0.3861779954289115,0.0011673897250847397,98.0
3,nominal,59,0.25,200,0.986574303804186,0.9832178797552322,1.4448191230319761e-05,0.9853289923021988,0.3861779954289115,0.0011673897250847397,98.0
3,nominal,59,0.5,200,0.980244048677632,0.9753050608470397,7.136385709527629e-05,0.9853289923021988,0.3861779954289115,0.0011673897250847397,98.0
3,nominal,59,0.75,200,0.972682227916645,0.9658527848958063,0.00014204901332642581,0.9853289923021988,0.3861779954289115,0.0011673897250847397,98.0
3,nominal,59,1.0,200,0.9596611004829267,0.9495763756036584,0.00037198176693258836,0.9853289923021988,0.3861779954289115,0.0011673897250847397,98.0
3,nominal,59,1.25,200,0.9449188573027393,0.9311485716284238,0.0006675599495292152,0.9853289923021988,0.3861779954289115,0.0011673897250847397,98.0
3,nominal,59,1.5,200,0.9265908981828317,0.9082386227285397,0.00129534552349986,0.9853289923021988,0.3861779954289115,0.0011673897250847397,98.0
3,nominal,59,2.0,200,0.8858556416152457,0.857319552019057,0.002858854047336633,0.9853289923021988,0.3861779954289115,0.0011673897250847397,98.0
3,nominal,59,2.5,200,0.8346955649653419,0.7933694562066773,0.004812084360964642,0.9853289923021988,0.3861779954289115,0.0011673897250847397,98.0
3,nominal,59,3.0,200,0.7716535243750106,0.714566905468763,0.009724163049764721,0.9853289923021988,0.3861779954289115,0.0011673897250847397,98.0
3,nominal,59,3.5,200,0.7067698808736054,0.6334623510920063,0.013102761240887446,0.9853289923021988,0.3861779954289115,0.0011673897250847397,98.0
3,nominal,60,0.1,200,0.9899942479186704,0.9874928098983381,1.9329234165679534e-06,0.9877436129012964,0.386576036036895,0.0011404890806134143,94.0
3,nominal,60,0.25,200,0.9885181604403801,0.9856477005504751,1.1899651848891026e-05,0.9877436129012964,0.386576036036895,0.0011404890806134143,94.0
3,nominal,60,0.5,200,0.982387932497168,0.9779849156214598,5.049603849069957e-05,0.9877436129012964,0.386576036036895,0.0011404890806134143,94.0
3,nominal,60,0.75,200,0.9756452543453453,0.9695565679316815,0.00012496353506973298,0.9877436129012964,0.386576036036895,0.0011404890806134143,94.0
3,nominal,60,1.0,200,0.9625718886600684,0.9532148608250853,0.00027783769752042143,0.9877436129012964,0.386576036036895,0.0011404890806134143,94.0
3,nominal,60,1.25,200,0.9480874930143213,0.9351093662679015,0.000576535452043013,0.9877436129012964,0.386576036036895,0.0011404890806134143,94.0
3,nominal,60,1.5,200,0.9309499292310179,0.9136874115387722,0.001153257503202784,0.9877436129012964,0.386576036036895,0.0011404890806134143,94.0
3,nominal,60,2.0,200,0.8882464086611102,0.8603080108263877,0.003067829453925931,0.9877436129012964,0.386576036036895,0.0011404890806134143,94.0
3,nominal,60,2.5,200,0.8379679849712347,0.7974599812140433,0.004649130248308011,0.9877436129012964,0.386576036036895,0.0011404890806134143,94.0
3,nominal,60,3.0,200,0.7817562695527581,0.7271953369409477,0.008387779588427412,0.9877436129012964,0.386576036036895,0.0011404890806134143,94.0
3,nominal,60,3.5,200,0.7207406555175414,0.6509258193969266,0.010301622990038183,0.9877436129012964,0.386576036036895,0.0011404890806134143,94.0
3,nominal,61,0.1,200,0.9865196491972619,0.9831495614965771,2.5312447129749256e-06,0.9834047012558439,0.3933378029906527,0.001206343787046309,98.0
3,nominal,61,0.25,200,0.9850768582744215,0.9813460728430269,1.5255274074515608e-05,0.9834047012558439,0.3933378029906527,0.001206343787046309,98.0
3,nominal,61,0.5,200,0.9786094804755123,0.9732618505943903,7.450817621305912e-05,0.9834047012558439,0.3933378029906527,0.001206343787046309,98.0
3,nominal,61,0.75,200,0.9709945020914135,0.963743127614267,0.000157531666669816,0.9834047012558439,0.3933378029906527,0.001206343787046309,98.0
3,nominal,61,1.0,200,0.958266991589322,0.9478337394866527,0.000403612065355006,0.9834047012558439,0.3933378029906527,0.001206343787046309,98.0
3,nominal,61,1.25,200,0.9434856154114204,0.9293570192642753,0.0007078806388926207,0.9834047012558439,0.3933378029906527,0.001206343787046309,98.0
3,nominal,61,1.5,200,0.9251522222267475,0.9064402777834343,0.001347888525566031,0.9834047012558439,0.3933378029906527,0.001206343787046309,98.0
3,nominal,61,2.0,200,0.883238386471994,0.8540479830899926,0.0030316867861010567,0.9834047012558439,0.3933378029906527,0.001206343787046309,98.0
3,nominal,61,2.5,200,0.8322509012323032,0.790313626540379,0.0049536654879384166,0.9834047012558439,0.3933378029906527,0.001206343787046309,98.0
3,nominal,61,3.0,200,0.7697459616311619,0.7121824520389524,0.00998846276088975,0.9834047012558439,0.3933378029906527,0.001206343787046309,98.0
3,nominal,61,3.5,200,0.7060820223349817,0.6326025279187271,0.013160733615701987,0.9834047012558439,0.3933378029906527,0.001206343787046309,98.0
3,nominal,62,0.1,200,0.9869703199243844,0.9837128999054804,2.0157757853857943e-06,0.9839797810870624,0.38947480107494814,0.00118844053774247,100.0
3,nominal,62,0.25,200,0.9855566126266887,0.9819457657833606,1.5315227226654506e-05,0.9839797810870624,0.38947480107494814,0.00118844053774247,100.0
3,nominal,62,0.5,200,0.9789498237097526,0.9736872796371909,6.358902060497391e-05,0.9839797810870624,0.38947480107494814,0.00118844053774247,100.0
3,nominal,62,0.75,200,0.971683647501397,0.9646045593767463,0.00014892038486559938,0.9839797810870624,0.38947480107494814,0.00118844053774247,100.0
3,nominal,62,1.0,200,0.9575299707526537,0.9469124634408171,0.0003720927281428252,0.9839797810870624,0.38947480107494814,0.00118844053774247,100.0
3,nominal,62,1.25,200,0.9421944409145095,0.9277430511431368,0.0008416453496496018,0.9839797810870624,0.38947480107494814,0.00118844053774247,100.0
3,nominal,62,1.5,200,0.9232158966126971,0.9040198707658712,0.0013181054076790515,0.9839797810870624,0.38947480107494814,0.00118844053774247,100.0
3,nominal,62,2.0,200,0.8820473751235846,0.8525592189044802,0.0029974936954377134,0.9839797810870624,0.38947480107494814,0.00118844053774247,100.0
3,nominal,62,2.5,200,0.8288522246261909,0.7860652807827384,0.005212160907326006,0.9839797810870624,0.38947480107494814,0.00118844053774247,100.0
3,nominal,62,3.0,200,0.7700491538959189,0.7125614423698985,0.010328290253677052,0.9839797810870624,0.38947480107494814,0.00118844053774247,100.0
3,nominal,62,3.5,200,0.7052483026741855,0.6315603783427318,0.012184008200980508,0.9839797810870624,0.38947480107494814,0.00118844053774247,100.0
3,nominal,63,0.1,200,0.9866485564684917,0.9833106955856143,2.412975451183186e-06,0.983612529623479,0.3932531058935772,0.0012036098182997253,102.0
3,nominal,63,0.25,200,0.9852325679273506,0.981540709909188,1.4810058791164234e-05,0.983612529623479,0.3932531058935772,0.0012036098182997253,102.0
3,nominal,63,0.5,200,0.9784711019145924,0.9730888773932405,7.536890446406126e-05,0.983612529623479,0.3932531058935772,0.0012036098182997253,102.0
3,nominal,63,0.75,200,0.9709184697241695,0.9636480871552118,0.00017072472985469908,0.983612529623479,0.3932531058935772,0.0012036098182997253,102.0
3,nominal,63,1.0,200,0.9577464640933111,0.9471830801166388,0.0004084332380876614,0.983612529623479,0.3932531058935772,0.0012036098182997253,102.0
3,nominal,63,1.25,200,0.9424071051772703,0.9280088814715879,0.0007525044974251963,0.983612529623479,0.3932531058935772,0.0012036098182997253,102.0
3,nominal,63,1.5,200,0.9232269085802152,0.904033635725269,0.0016878532688532942,0.983612529623479,0.3932531058935772,0.0012036098182997253,102.0
3,nominal,63,2.0,200,0.8790961499065002,0.8488701873831254,0.002952971721605233,0.983612529623479,0.3932531058935772,0.0012036098182997253,102.0
3,nominal,63,2.5,200,0.822161657065327,0.7777020713316586,0.005512262529640147,0.983612529623479,0.3932531058935772,0.0012036098182997253,102.0
3,nominal,63,3.0,200,0.7606442874742404,0.7008053593428005,0.009707002812602342,0.983612529623479,0.3932531058935772,0.0012036098182997253,102.0
3,nominal,63,3.5,200,0.6957201242386719,0.6196501552983397,0.012013344454450799,0.983612529623479,0.3932531058935772,0.0012036098182997253,102.0
3,nominal,64,0.1,200,0.9870889348978417,0.9838611686223022,2.133500967580386e-06,0.9841211227965931,0.3954584199737581,0.0011771992354140059,100.0
3,nominal,64,0.25,200,0.9856105925476287,0.982013240684536,1.677777312018628e-05,0.9841211227965931,0.3954584199737581,0.0011771992354140059,100.0
3,nominal,64,0.5,200,0.9789540594783355,0.9736925743479192,6.657260185174537e-05,0.9841211227965931,0.3954584199737581,0.0011771992354140059,100.0
3,nominal,64,0.75,200,0.9716567545010751,0.9645709431263438,0.00016296475953821513,0.9841211227965931,0.3954584199737581,0.0011771992354140059,100.0
3,nominal,64,1.0,200,0.9570087563065045,0.9462609453831304,0.00038346226844182015,0.9841211227965931,0.3954584199737581,0.0011771992354140059,100.0
3,nominal,64,1.25,200,0.942288625257196,0.9278607815714949,0.000850308773121502,0.9841211227965931,0.3954584199737581,0.0011771992354140059,100.0
3,nominal,64,1.5,200,0.9238076232746977,0.9047595290933722,0.0013248019558511337,0.9841211227965931,0.3954584199737581,0.0011771992354140059,100.0
3,nominal,64,2.0,200,0.8809412746274629,0.8511765932843289,0.0030871742187214223,0.9841211227965931,0.3954584199737581,0.0011771992354140059,100.0
3,nominal,64,2.5,200,0.8284076117056604,0.7855095146320753,0.005209152749144557,0.9841211227965931,0.3954584199737581,0.0011771992354140059,100.0
3,nominal,64,3.0,200,0.7700183808781771,0.7125229760977212,0.010588057960802793,0.9841211227965931,0.3954584199737581,0.0011771992354140059,100.0
3,nominal,64,3.5,200,0.7044937331203882,0.6306171664004853,0.012296358402242897,0.9841211227965931,0.3954584199737581,0.0011771992354140059,100.0
3,nominal,65,0.1,200,0.9876854618377382,0.9846068272971723,1.9501844596155673e-06,0.9848504886177241,0.38477917596992417,0.0011902194657529086,100.0
3,nominal,65,0.25,200,0.9862149422425951,0.982768677803244,1.540087557135569e-05,0.9848504886177241,0.38477917596992417,0.0011902194657529086,100.0
3,nominal,65,0.5,200,0.979590545547099,0.9744881819338734,6.337818513914654e-05,0.9848504886177241,0.38477917596992417,0.0011902194657529086,100.0
3,nominal,65,0.75,200,0.972145300952036,0.965181626190045,0.00015292984943036058,0.9848504886177241,0.38477917596992417,0.0011902194657529086,100.0
3,nominal,65,1.0,200,0.9578255713765075,0.9472819642206344,0.00037803339711683996,0.9848504886177241,0.38477917596992417,0.0011902194657529086,100.0
3,nominal,65,1.25,200,0.9428799735253762,0.9285999669067199,0.0008404318808136216,0.9848504886177241,0.38477917596992417,0.0011902194657529086,100.0
3,nominal,65,1.5,200,0.9241408914744391,0.9051761143430488,0.0012956540940876732,0.9848504886177241,0.38477917596992417,0.0011902194657529086,100.0
3,nominal,65,2.0,200,0.8811178729043228,0.8513973411304032,0.003049782467070108,0.9848504886177241,0.38477917596992417,0.0011902194657529086,100.0
3,nominal,65,2.5,200,0.8285310971619588,0.7856638714524483,0.005272064042354486,0.9848504886177241,0.38477917596992417,0.0011902194657529086,100.0
3,nominal,65,3.0,200,0.7698239426897199,0.7122799283621498,0.010546495247718127,0.9848504886177241,0.38477917596992417,0.0011902194657529086,100.0
3,nominal,65,3.5,200,0.7051203878653356,0.6314004848316693,0.012388420140343838,0.9848504886177241,0.38477917596992417,0.0011902194657529086,100.0
3,nominal,66,0.1,200,0.987423610211423,0.9842795127642789,2.287478006285823e-06,0.9845322450683615,0.39893035352212936,0.0012089265079799202,102.0
3,nominal,66,0.25,200,0.9859405620124317,0.9824257025155398,1.3342992439355352e-05,0.9845322450683615,0.39893035352212936,0.0012089265079799202,102.0
3,nominal,66,0.5,200,0.9791417005389755,0.9739271256737193,6.579712628187236e-05,0.9845322450683615,0.39893035352212936,0.0012089265079799202,102.0
3,nominal,66,0.75,200,0.971369957974946,0.9642124474686824,0.00016748291399580576,0.9845322450683615,0.39893035352212936,0.0012089265079799202,102.0
3,nominal,66,1.0,200,0.9582452211418642,0.9478065264273299,0.00038272137210207375,0.9845322450683615,0.39893035352212936,0.0012089265079799202,102.0
3,nominal,66,1.25,200,0.9426649563815399,0.928331195476925,0.0007285989068132906,0.9845322450683615,0.39893035352212936,0.0012089265079799202,102.0
3,nominal,66,1.5,200,0.9234868025268312,0.9043585031585392,0.0016290514647287265,0.9845322450683615,0.39893035352212936,0.0012089265079799202,102.0
3,nominal,66,2.0,200,0.8776702913083416,0.8470878641354269,0.002988092010558255,0.9845322450683615,0.39893035352212936,0.0012089265079799202,102.0
3,nominal,66,2.5,200,0.8202960169417376,0.7753700211771721,0.005597432127546299,0.9845322450683615,0.39893035352212936,0.0012089265079799202,102.0
3,nominal,66,3.0,200,0.7592417160807733,0.6990521451009664,0.009936624120041088,0.9845322450683615,0.39893035352212936,0.0012089265079799202,102.0
3,nominal,66,3.5,200,0.694248496811595,0.6178106210144935,0.012108793298274736,0.9845322450683615,0.39893035352212936,0.0012089265079799202,102.0
3,nominal,67,0.1,200,0.9877622783700428,0.9847028479625533,2.2851425455478033e-06,0.9849306981270625,0.3937755163536717,0.001158934483806122,98.0
3,nominal,67,0.25,200,0.9862299979639261,0.9827874974549075,1.3360796278353241e-05,0.9849306981270625,0.3937755163536717,0.001158934483806122,98.0
3,nominal,67,0.5,200,0.9797532137273977,0.9746915171592471,7.404381233428206e-05,0.9849306981270625,0.3937755163536717,0.001158934483806122,98.0
3,nominal,67,0.75,200,0.972278507720467,0.9653481346505837,0.00014482008780082055,0.9849306981270625,0.3937755163536717,0.001158934483806122,98.0
3,nominal,67,1.0,200,0.9590752789778201,0.948844098722275,0.0003724265510995603,0.9849306981270625,0.3937755163536717,0.001158934483806122,98.0
3,nominal,67,1.25,200,0.9440869352585589,0.9301086690731986,0.000688640356583063,0.9849306981270625,0.3937755163536717,0.001158934483806122,98.0
3,nominal,67,1.5,200,0.9257045564326383,0.9071306955407978,0.0013096777547137632,0.9849306981270625,0.3937755163536717,0.001158934483806122,98.0
3,nominal,67,2.0,200,0.8849574455684558,0.8561968069605694,0.003015470611811175,0.9849306981270625,0.3937755163536717,0.001158934483806122,98.0
3,nominal,67,2.5,200,0.8324797707925286,0.7905997134906607,0.004889388316621306,0.9849306981270625,0.3937755163536717,0.001158934483806122,98.0
3,nominal,67,3.0,200,0.7702671464348885,0.7128339330436105,0.009767920058594668,0.9849306981270625,0.3937755163536717,0.001158934483806122,98.0
3,nominal,67,3.5,200,0.7045579768669504,0.630697471083688,0.013236854961036451,0.9849306981270625,0.3937755163536717,0.001158934483806122,98.0
3,nominal,68,0.1,200,0.9897439716039916,0.9871799645049891,1.9430162612329848e-06,0.9874368460229702,0.3843499748414282,0.0012052312398663507,96.0
3,nominal,68,0.25,200,0.9882330606978637,0.9852913258723297,1.1526029062103064e-05,0.9874368460229702,0.3843499748414282,0.0012052312398663507,96.0
3,nominal,68,0.5,200,0.9821780371484226,0.977722546435528,5.977782192779493e-05,0.9874368460229702,0.3843499748414282,0.0012052312398663507,96.0
3,nominal,68,0.75,200,0.9745579481472468,0.9681974351840585,0.00014509022686805755,0.9874368460229702,0.3843499748414282,0.0012052312398663507,96.0
3,nominal,68,1.0,200,0.9611990434826265,0.951498804353283,0.00032192439781312464,0.9874368460229702,0.3843499748414282,0.0012052312398663507,96.0
3,nominal,68,1.25,200,0.9474604797541787,0.9343255996927232,0.0005797588525023309,0.9874368460229702,0.3843499748414282,0.0012052312398663507,96.0
3,nominal,68,1.5,200,0.9280239564234254,0.9100299455292817,0.00127630613738751,0.9874368460229702,0.3843499748414282,0.0012052312398663507,96.0
3,nominal,68,2.0,200,0.8869093160103813,0.8586366450129765,0.0025881852671747864,0.9874368460229702,0.3843499748414282,0.0012052312398663507,96.0
3,nominal,68,2.5,200,0.8337886262006269,0.7922357827507837,0.005004666533552317,0.9874368460229702,0.3843499748414282,0.0012052312398663507,96.0
3,nominal,68,3.0,200,0.7784957808959952,0.7231197261199941,0.009289548831969245,0.9874368460229702,0.3843499748414282,0.0012052312398663507,96.0
3,nominal,68,3.5,200,0.7172168732842259,0.6465210916052824,0.010367171747874404,0.9874368460229702,0.3843499748414282,0.0012052312398663507,96.0
3,nominal,69,0.1,200,0.9886752556489443,0.9858440695611803,2.04904752987756e-06,0.9860898406852674,0.385898290899287,0.0011884603956777335,96.0
3,nominal,69,0.25,200,0.987176351525374,0.9839704394067172,1.122122741152034e-05,0.9860898406852674,0.385898290899287,0.0011884603956777335,96.0
3,nominal,69,0.5,200,0.9810529565019387,0.9763161956274231,6.149806689501031e-05,0.9860898406852674,0.385898290899287,0.0011884603956777335,96.0
3,nominal,69,0.75,200,0.9736071477218644,0.9670089346523305,0.00015349113182328876,0.9860898406852674,0.385898290899287,0.0011884603956777335,96.0
3,nominal,69,1.0,200,0.9602237329416223,0.9502796661770277,0.0003231277951293843,0.9860898406852674,0.385898290899287,0.0011884603956777335,96.0
3,nominal,69,1.25,200,0.9460878699548098,0.9326098374435122,0.0006246847648760239,0.9860898406852674,0.385898290899287,0.0011884603956777335,96.0
3,nominal,69,1.5,200,0.9266223944385061,0.9082779930481325,0.0013259437917087912,0.9860898406852674,0.385898290899287,0.0011884603956777335,96.0
3,nominal,69,2.0,200,0.8868106134722844,0.8585132668403554,0.0025705183037450295,0.9860898406852674,0.385898290899287,0.0011884603956777335,96.0
3,nominal,69,2.5,200,0.8325061512291168,0.790632689036396,0.005061552869288315,0.9860898406852674,0.385898290899287,0.0011884603956777335,96.0
3,nominal,69,3.0,200,0.7775551983941806,0.7219439979927258,0.00921213845627929,0.9860898406852674,0.385898290899287,0.0011884603956777335,96.0
3,nominal,69,3.5,200,0.7161733197793292,0.6452166497241615,0.010473860621146278,0.9860898406852674,0.385898290899287,0.0011884603956777335,96.0
3,nominal,70,0.1,200,0.9863619632424983,0.9829524540531227,2.5103542189748878e-06,0.9831886616528982,0.3993510633363598,0.0011743224429681255,96.0
3,nominal,70,0.25,200,0.9848576686553259,0.9810720858191573,1.4106261342834857e-05,0.9831886616528982,0.3993510633363598,0.0011743224429681255,96.0
3,nominal,70,0.5,200,0.978618445255369,0.9732730565692109,7.154789078830919e-05,0.9831886616528982,0.3993510633363598,0.0011743224429681255,96.0
3,nominal,70,0.75,200,0.971239850123764,0.964049812654705,0.00017321267422214744,0.9831886616528982,0.3993510633363598,0.0011743224429681255,96.0
3,nominal,70,1.0,200,0.9580909426961988,0.9476136783702483,0.00038324253755300916,0.9831886616528982,0.3993510633363598,0.0011743224429681255,96.0
3,nominal,70,1.25,200,0.9440915621337633,0.930114452667204,0.0006738965820557566,0.9831886616528982,0.3993510633363598,0.0011743224429681255,96.0
3,nominal,70,1.5,200,0.9246520159606497,0.9058150199508118,0.0014091112677560597,0.9831886616528982,0.3993510633363598,0.0011743224429681255,96.0
3,nominal,70,2.0,200,0.8840937270221005,0.8551171587776255,0.002730836443506404,0.9831886616528982,0.3993510633363598,0.0011743224429681255,96.0
3,nominal,70,2.5,200,0.8306607241630322,0.78832590520379,0.005319990135808266,0.9831886616528982,0.3993510633363598,0.0011743224429681255,96.0
3,nominal,70,3.0,200,0.776143892445428,0.7201798655567848,0.009475787482589025,0.9831886616528982,0.3993510633363598,0.0011743224429681255,96.0
3,nominal,70,3.5,200,0.7155720470216966,0.6444650587771207,0.010686502164759484,0.9831886616528982,0.3993510633363598,0.0011743224429681255,96.0
3,nominal,71,0.1,200,0.9869602692317212,0.9837003365396516,2.0307173416957618e-06,0.9839326357547967,0.39362570432628463,0.0012265287371767838,100.0
3,nominal,71,0.25,200,0.9854664381434564,0.9818330476793206,1.4319859258109394e-05,0.9839326357547967,0.39362570432628463,0.0012265287371767838,100.0
3,nominal,71,0.5,200,0.9788054385555814,0.9735067981944769,6.320809533251086e-05,0.9839326357547967,0.39362570432628463,0.0012265287371767838,100.0
3,nominal,71,0.75,200,0.9712372135873857,0.964046516984232,0.0001540771756970323,0.9839326357547967,0.39362570432628463,0.0012265287371767838,100.0
3,nominal,71,1.0,200,0.956853468783778,0.9460668359797224,0.00038265773957962715,0.9839326357547967,0.39362570432628463,0.0012265287371767838,100.0
3,nominal,71,1.25,200,0.9417149487526686,0.9271436859408358,0.0008479993811803444,0.9839326357547967,0.39362570432628463,0.0012265287371767838,100.0
3,nominal,71,1.5,200,0.9227605207905886,0.9034506509882355,0.001327219117009647,0.9839326357547967,0.39362570432628463,0.0012265287371767838,100.0
3,nominal,71,2.0,200,0.879766017290918,0.8497075216136474,0.0030651761950777965,0.9839326357547967,0.39362570432628463,0.0012265287371767838,100.0
3,nominal,71,2.5,200,0.826640233647596,0.7833002920594951,0.005323187675691366,0.9839326357547967,0.39362570432628463,0.0012265287371767838,100.0
3,nominal,71,3.0,200,0.7682268542286244,0.7102835677857804,0.01065252586203993,0.9839326357547967,0.39362570432628463,0.0012265287371767838,100.0
3,nominal,71,3.5,200,0.7037015865092648,0.629626983136581,0.01253068499434559,0.9839326357547967,0.39362570432628463,0.0012265287371767838,100.0
3,nominal,72,0.1,200,0.9870219345780783,0.9837774182225979,2.2919113173592727e-06,0.9840186635496919,0.3932561646149264,0.0012489784583981298,102.0
3,nominal,72,0.25,200,0.9854549378360633,0.9818186722950791,1.2949704661045632e-05,0.9840186635496919,0.3932561646149264,0.0012489784583981298,102.0
3,nominal,72,0.5,200,0.9787196425586636,0.9733995531983293,7.072523160540259e-05,0.9840186635496919,0.3932561646149264,0.0012489784583981298,102.0
3,nominal,72,0.75,200,0.9708940770529865,0.9636175963162331,0.0001637682310381713,0.9840186635496919,0.3932561646149264,0.0012489784583981298,102.0
3,nominal,72,1.0,200,0.9576878591015707,0.9471098238769631,0.0003865840915930282,0.9840186635496919,0.3932561646149264,0.0012489784583981298,102.0
3,nominal,72,1.25,200,0.9419798730829273,0.9274748413536591,0.0007566989063395902,0.9840186635496919,0.3932561646149264,0.0012489784583981298,102.0
3,nominal,72,1.5,200,0.9225614551424596,0.9032018189280744,0.0016604776155438841,0.9840186635496919,0.3932561646149264,0.0012489784583981298,102.0
3,nominal,72,2.0,200,0.8776129492861442,0.8470161866076802,0.0029878341761536086,0.9840186635496919,0.3932561646149264,0.0012489784583981298,102.0
3,nominal,72,2.5,200,0.8196680616003023,0.7745850770003778,0.0055253398126588445,0.9840186635496919,0.3932561646149264,0.0012489784583981298,102.0
3,nominal,72,3.0,200,0.7584503383036667,0.6980629228795833,0.009787703238114183,0.9840186635496919,0.3932561646149264,0.0012489784583981298,102.0
3,nominal,72,3.5,200,0.6932450083899568,0.616556260487446,0.012083023528634272,0.9840186635496919,0.3932561646149264,0.0012489784583981298,102.0
3,nominal,73,0.1,200,0.9896327210056898,0.9870409012571123,1.676298527206935e-06,0.9872623820499224,0.3805259839180535,0.0011993656051010567,100.0
3,nominal,73,0.25,200,0.9880698723883162,0.985087340485395,1.1699871610791811e-05,0.9872623820499224,0.3805259839180535,0.0011993656051010567,100.0
3,nominal,73,0.5,200,0.9814801759776757,0.9768502199720944,5.222017053235866e-05,0.9872623820499224,0.3805259839180535,0.0011993656051010567,100.0
3,nominal,73,0.75,200,0.9738888447746241,0.9673610559682799,0.0001332078642160443,0.9872623820499224,0.3805259839180535,0.0011993656051010567,100.0
3,nominal,73,1.0,200,0.9593378560854897,0.949172320106862,0.00032919938277041044,0.9872623820499224,0.3805259839180535,0.0011993656051010567,100.0
3,nominal,73,1.25,200,0.9441106152929866,0.9301382691162334,0.0007916812849895086,0.9872623820499224,0.3805259839180535,0.0011993656051010567,100.0
3,nominal,73,1.5,200,0.9251535038137075,0.9064418797671343,0.0012363129582692745,0.9872623820499224,0.3805259839180535,0.0011993656051010567,100.0
3,nominal,73,2.0,200,0.8824345836980506,0.8530432296225634,0.002971464286264305,0.9872623820499224,0.3805259839180535,0.0011993656051010567,100.0
3,nominal,73,2.5,200,0.828362337593163,0.7854529219914536,0.005041360790354085,0.9872623820499224,0.3805259839180535,0.0011993656051010567,100.0
3,nominal,73,3.0,200,0.7697728489050482,0.7122160611313103,0.010478656798196128,0.9872623820499224,0.3805259839180535,0.0011993656051010567,100.0
3,nominal,73,3.5,200,0.7039102930259884,0.6298878662824854,0.012347119066137023,0.9872623820499224,0.3805259839180535,0.0011993656051010567,100.0
3,nominal,74,0.1,200,0.9880483923300908,0.9850604904126135,1.9479317632216475e-06,0.9852788490049429,0.3960012918351478,0.0012487902939997406,100.0
3,nominal,74,0.25,200,0.9864921899153027,0.9831152373941282,1.4194432713683287e-05,0.9852788490049429,0.3960012918351478,0.0012487902939997406,100.0
3,nominal,74,0.5,200,0.9798395467860463,0.9747994334825575,5.883240848379107e-05,0.9852788490049429,0.3960012918351478,0.0012487902939997406,100.0
3,nominal,74,0.75,200,0.9723091864990459,0.965386483123807,0.00015140126079648498,0.9852788490049429,0.3960012918351478,0.0012487902939997406,100.0
3,nominal,74,1.0,200,0.9576600924223483,0.9470751155279353,0.0003587791367120935,0.9852788490049429,0.3960012918351478,0.0012487902939997406,100.0
3,nominal,74,1.25,200,0.9428121564322869,0.9285151955403584,0.0008385469167715056,0.9852788490049429,0.3960012918351478,0.0012487902939997406,100.0
3,nominal,74,1.5,200,0.9240004825437973,0.9050006031797467,0.0012860441897526301,0.9852788490049429,0.3960012918351478,0.0012487902939997406,100.0
3,nominal,74,2.0,200,0.8808089059801362,0.85101113247517,0.0030681785683026657,0.9852788490049429,0.3960012918351478,0.0012487902939997406,100.0
3,nominal,74,2.5,200,0.8274603953705326,0.7843254942131653,0.005122041001246819,0.9852788490049429,0.3960012918351478,0.0012487902939997406,100.0
3,nominal,74,3.0,200,0.7693464519530075,0.7116830649412593,0.010611319347970227,0.9852788490049429,0.3960012918351478,0.0012487902939997406,100.0
3,nominal,74,3.5,200,0.7032991008659175,0.6291238760823967,0.012328684866320869,0.9852788490049429,0.3960012918351478,0.0012487902939997406,100.0
3,nominal,75,0.1,200,0.9884827028305816,0.9856033785382268,1.8820150063463602e-06,0.9858263394906993,0.3875740053997258,0.0012309624846242927,100.0
3,nominal,75,0.25,200,0.9869456810378985,0.9836821012973732,1.326828071337219e-05,0.9858263394906993,0.3875740053997258,0.0012309624846242927,100.0
3,nominal,75,0.5,200,0.9803094358435788,0.9753867948044734,5.797118864609269e-05,0.9858263394906993,0.3875740053997258,0.0012309624846242927,100.0
3,nominal,75,0.75,200,0.9727603021174027,0.9659503776467534,0.00014441779177872736,0.9858263394906993,0.3875740053997258,0.0012309624846242927,100.0
3,nominal,75,1.0,200,0.9582782816509984,0.9478478520637479,0.0003523550544313172,0.9858263394906993,0.3875740053997258,0.0012309624846242927,100.0
3,nominal,75,1.25,200,0.9430200591178427,0.928775073897303,0.0008206457456316784,0.9858263394906993,0.3875740053997258,0.0012309624846242927,100.0
3,nominal,75,1.5,200,0.9241345469784087,0.9051681837230106,0.0012875293409618932,0.9858263394906993,0.3875740053997258,0.0012309624846242927,100.0
3,nominal,75,2.0,200,0.8815580006268992,0.851947500783624,0.003043412900659891,0.9858263394906993,0.3875740053997258,0.0012309624846242927,100.0
3,nominal,75,2.5,200,0.8275476639954026,0.784434579994253,0.005152336061252887,0.9858263394906993,0.3875740053997258,0.0012309624846242927,100.0
3,nominal,75,3.0,200,0.7691387841658435,0.7114234802073044,0.010562549429928713,0.9858263394906993,0.3875740053997258,0.0012309624846242927,100.0
3,nominal,75,3.5,200,0.7036253609994843,0.6295317012493552,0.012435948613923976,0.9858263394906993,0.3875740053997258,0.0012309624846242927,100.0
3,nominal,76,0.1,200,0.9883517976526943,0.9854397470658676,2.1574480149065906e-06,0.9856562348693063,0.3854174979727751,0.0011922243557856535,98.0
3,nominal,76,0.25,200,0.986819622772094,0.9835245284651175,1.2500750823701266e-05,0.9856562348693063,0.3854174979727751,0.0011922243557856535,98.0
3,nominal,76,0.5,200,0.9803160998517426,0.9753951248146783,6.961301758609404e-05,0.9856562348693063,0.3854174979727751,0.0011922243557856535,98.0
3,nominal,76,0.75,200,0.9727562661021791,0.9659453326277239,0.00014177070512332582,0.9856562348693063,0.3854174979727751,0.0011922243557856535,98.0
3,nominal,76,1.0,200,0.9596904376570103,0.9496130470712629,0.00035872796124367465,0.9856562348693063,0.3854174979727751,0.0011922243557856535,98.0
3,nominal,76,1.25,200,0.944449653107323,0.9305620663841535,0.0006728024309042364,0.9856562348693063,0.3854174979727751,0.0011922243557856535,98.0
3,nominal,76,1.5,200,0.9262007024200763,0.9077508780250956,0.001286643104119661,0.9856562348693063,0.3854174979727751,0.0011922243557856535,98.0
3,nominal,76,2.0,200,0.8849705273940858,0.8562131592426071,0.0030168805647059205,0.9856562348693063,0.3854174979727751,0.0011922243557856535,98.0
3,nominal,76,2.5,200,0.8327498107804265,0.790937263475533,0.004837303205879351,0.9856562348693063,0.3854174979727751,0.0011922243557856535,98.0
3,nominal,76,3.0,200,0.7703706435874627,0.7129633044843281,0.009862765621586778,0.9856562348693063,0.3854174979727751,0.0011922243557856535,98.0
3,nominal,76,3.5,200,0.7049444096002135,0.6311805120002667,0.013309340191126612,0.9856562348693063,0.3854174979727751,0.0011922243557856535,98.0
3,nominal,77,0.1,200,0.9888702096510027,0.9860877620637533,2.090021315661054e-06,0.9863485372036382,0.3870013556529597,0.0011787811275244333,96.0
3,nominal,77,0.25,200,0.9873770817333949,0.9842213521667437,1.2160207450341067e-05,0.9863485372036382,0.3870013556529597,0.0011787811275244333,96.0
3,nominal,77,0.5,200,0.9812569863785119,0.9765712329731399,6.262357824691908e-05,0.9863485372036382,0.3870013556529597,0.0011787811275244333,96.0
3,nominal,77,0.75,200,0.9737152402933367,0.9671440503666708,0.0001491592374780572,0.9863485372036382,0.3870013556529597,0.0011787811275244333,96.0
3,nominal,77,1.0,200,0.9605717308329802,0.950714663541225,0.00033304135175352546,0.9863485372036382,0.3870013556529597,0.0011787811275244333,96.0
3,nominal,77,1.25,200,0.9466531208082455,0.9333164010103068,0.0006115174629011586,0.9863485372036382,0.3870013556529597,0.0011787811275244333,96.0
3,nominal,77,1.5,200,0.9270966604200179,0.9088708255250225,0.001325961217081028,0.9863485372036382,0.3870013556529597,0.0011787811275244333,96.0
3,nominal,77,2.0,200,0.8865869323891472,0.8582336654864341,0.0025971570540531497,0.9863485372036382,0.3870013556529597,0.0011787811275244333,96.0
3,nominal,77,2.5,200,0.8333187020995855,0.7916483776244817,0.005145121056631566,0.9863485372036382,0.3870013556529597,0.0011787811275244333,96.0
3,nominal,77,3.0,200,0.7783680280126778,0.7229600350158472,0.009334763515793694,0.9863485372036382,0.3870013556529597,0.0011787811275244333,96.0
3,nominal,77,3.5,200,0.7174849783925328,0.6468562229906658,0.010486840674500652,0.9863485372036382,0.3870013556529597,0.0011787811275244333,96.0
3,nominal,78,0.1,200,0.9885517230584073,0.9856896538230092,2.144565122945285e-06,0.985946270083462,0.38534236185653825,0.0011942839561167365,98.0
3,nominal,78,0.25,200,0.9870517851874916,0.9838147314843646,1.3482993221704906e-05,0.985946270083462,0.38534236185653825,0.0011942839561167365,98.0
3,nominal,78,0.5,200,0.9807358180172016,0.975919772521502,6.816344855023364e-05,0.985946270083462,0.38534236185653825,0.0011942839561167365,98.0
3,nominal,78,0.75,200,0.9730417542345411,0.9663021927931762,0.00014057416191526912,0.985946270083462,0.38534236185653825,0.0011942839561167365,98.0
3,nominal,78,1.0,200,0.9600619724808941,0.9500774656011174,0.00037087424079098523,0.985946270083462,0.38534236185653825,0.0011942839561167365,98.0
3,nominal,78,1.25,200,0.9453121832754804,0.9316402290943503,0.0006585611090157166,0.985946270083462,0.38534236185653825,0.0011942839561167365,98.0
3,nominal,78,1.5,200,0.9269318107027875,0.9086647633784842,0.0012898656160577667,0.985946270083462,0.38534236185653825,0.0011942839561167365,98.0
3,nominal,78,2.0,200,0.8852712334507221,0.8565890418134023,0.0030237602789934394,0.985946270083462,0.38534236185653825,0.0011942839561167365,98.0
3,nominal,78,2.5,200,0.8338260251734708,0.7922825314668384,0.0048374765453597195,0.985946270083462,0.38534236185653825,0.0011942839561167365,98.0
3,nominal,78,3.0,200,0.7709606621684136,0.7137008277105171,0.009938544324733426,0.985946270083462,0.38534236185653825,0.0011942839561167365,98.0
3,nominal,78,3.5,200,0.7062225388178254,0.6327781735222817,0.013082518294620602,0.985946270083462,0.38534236185653825,0.0011942839561167365,98.0
3,nominal,79,0.1,200,0.9897051231949743,0.9871314039937178,1.9311524698162226e-06,0.9873855551515186,0.37717419852573814,0.0011918975849806307,98.0
3,nominal,79,0.25,200,0.9882148474818655,0.9852685593523318,1.170547563478553e-05,0.9873855551515186,0.37717419852573814,0.0011918975849806307,98.0
3,nominal,79,0.5,200,0.9818214332792894,0.9772767915991116,6.22432681355774e-05,0.9873855551515186,0.37717419852573814,0.0011918975849806307,98.0
3,nominal,79,0.75,200,0.9741474016505891,0.9676842520632359,0.00013130252847894287,0.9873855551515186,0.37717419852573814,0.0011918975849806307,98.0
3,nominal,79,1.0,200,0.9612477580327587,0.9515596975409486,0.000347028066778911,0.9873855551515186,0.37717419852573814,0.0011918975849806307,98.0
3,nominal,79,1.25,200,0.9462833795136778,0.932854224392097,0.0006343737601988098,0.9873855551515186,0.37717419852573814,0.0011918975849806307,98.0
3,nominal,79,1.5,200,0.9279005686259023,0.9098757107823778,0.0012525257863839324,0.9873855551515186,0.37717419852573814,0.0011918975849806307,98.0
3,nominal,79,2.0,200,0.8861151444004997,0.8576439305006244,0.00299497403466022,0.9873855551515186,0.37717419852573814,0.0011918975849806307,98.0
3,nominal,79,2.5,200,0.8345101050518565,0.7931376313148206,0.004733811875601105,0.9873855551515186,0.37717419852573814,0.0011918975849806307,98.0
3,nominal,79,3.0,200,0.7714543729014421,0.7143179661268029,0.009853764759484105,0.9873855551515186,0.37717419852573814,0.0011918975849806307,98.0
3,nominal,79,3.5,200,0.7069636686312771,0.6337045857890965,0.013068554691747438,0.9873855551515186,0.37717419852573814,0.0011918975849806307,98.0
3,nominal,80,0.1,200,0.9897733410011448,0.9872166762514308,1.85199747452844e-06,0.9874972556997842,0.37669690243654297,0.0011713842830106535,98.0
3,nominal,80,0.25,200,0.988304501263767,0.9853806265797087,1.1598375073756702e-05,0.9874972556997842,0.37669690243654297,0.0011713842830106535,98.0
3,nominal,80,0.5,200,0.9819441375039187,0.9774301718798981,6.0141016814536545e-05,0.9874972556997842,0.37669690243654297,0.0011713842830106535,98.0
3,nominal,80,0.75,200,0.9743480600627497,0.9679350750784371,0.0001263745587830471,0.9874972556997842,0.37669690243654297,0.0011713842830106535,98.0
3,nominal,80,1.0,200,0.9613034784421615,0.9516293480527014,0.00034756568688927445,0.9874972556997842,0.37669690243654297,0.0011713842830106535,98.0
3,nominal,80,1.25,200,0.9466389907596096,0.933298738449512,0.0006190344557178143,0.9874972556997842,0.37669690243654297,0.0011713842830106535,98.0
3,nominal,80,1.5,200,0.928161084030172,0.9102013550377147,0.001222063847484327,0.9874972556997842,0.37669690243654297,0.0011713842830106535,98.0
3,nominal,80,2.0,200,0.8863019885619265,0.8578774857024081,0.0029431986734086407,0.9874972556997842,0.37669690243654297,0.0011713842830106535,98.0
3,nominal,80,2.5,200,0.8350512300982338,0.793814037622792,0.004655346984042946,0.9874972556997842,0.37669690243654297,0.0011713842830106535,98.0
3,nominal,80,3.0,200,0.7716259080534439,0.7145323850668049,0.009800505209667772,0.9874972556997842,0.37669690243654297,0.0011713842830106535,98.0
3,nominal,80,3.5,200,0.7074959182828101,0.6343698978535126,0.013022205585595508,0.9874972556997842,0.37669690243654297,0.0011713842830106535,98.0
3,nominal,81,0.1,200,0.9897556227796269,0.9871945284745337,1.8291071211736137e-06,0.987442592738229,0.3920848003527753,0.0011660569229128446,96.0
3,nominal,81,0.25,200,0.9882269206822714,0.985283650852839,1.0743803365000441e-05,0.987442592738229,0.3920848003527753,0.0011660569229128446,96.0
3,nominal,81,0.5,200,0.9821451088298828,0.9776813860373533,5.581449201595964e-05,0.987442592738229,0.3920848003527753,0.0011660569229128446,96.0
3,nominal,81,0.75,200,0.9744043347517263,0.9680054184396579,0.00014295356878810182,0.987442592738229,0.3920848003527753,0.0011660569229128446,96.0
3,nominal,81,1.0,200,0.9613767237979669,0.9517209047474586,0.0003271801842147386,0.987442592738229,0.3920848003527753,0.0011660569229128446,96.0
3,nominal,81,1.25,200,0.9474647004432211,0.9343308755540263,0.0005821776245070375,0.987442592738229,0.3920848003527753,0.0011660569229128446,96.0
3,nominal,81,1.5,200,0.927772824831121,0.9097160310389013,0.0012718649723133819,0.987442592738229,0.3920848003527753,0.0011660569229128446,96.0
3,nominal,81,2.0,200,0.8863048070208512,0.8578810087760638,0.002659779164859497,0.987442592738229,0.3920848003527753,0.0011660569229128446,96.0
3,nominal,81,2.5,200,0.8329003545519943,0.7911254431899928,0.005062426330194334,0.987442592738229,0.3920848003527753,0.0011660569229128446,96.0
3,nominal,81,3.0,200,0.7773337278135177,0.7216671597668969,0.009408738805961181,0.987442592738229,0.3920848003527753,0.0011660569229128446,96.0
3,nominal,81,3.5,200,0.7168458441582252,0.6460573051977815,0.010548650395048988,0.987442592738229,0.3920848003527753,0.0011660569229128446,96.0
3,nominal,82,0.1,200,0.9893505082207862,0.9866881352759824,1.914870410549649e-06,0.9869246661879577,0.3927261500403316,0.0011701046081854136,96.0
3,nominal,82,0.25,200,0.9878335967756642,0.98479199596958,1.1010388251491195e-05,0.9869246661879577,0.3927261500403316,0.0011701046081854136,96.0
3,nominal,82,0.5,200,0.9817387833314335,0.9771734791642918,5.720435801480976e-05,0.9869246661879577,0.3927261500403316,0.0011701046081854136,96.0
3,nominal,82,0.75,200,0.9740048628246637,0.9675060785308297,0.00014641794922814393,0.9869246661879577,0.3927261500403316,0.0011701046081854136,96.0
3,nominal,82,1.0,200,0.960984562803763,0.9512307035047036,0.0003261228313123593,0.9869246661879577,0.3927261500403316,0.0011701046081854136,96.0
3,nominal,82,1.25,200,0.9469381416549596,0.9336726770686995,0.000608734911846798,0.9869246661879577,0.3927261500403316,0.0011701046081854136,96.0
3,nominal,82,1.5,200,0.9272358057058252,0.9090447571322815,0.0012952299101852422,0.9869246661879577,0.3927261500403316,0.0011701046081854136,96.0
3,nominal,82,2.0,200,0.8862613583800766,0.8578266979750958,0.0026866754720672008,0.9869246661879577,0.3927261500403316,0.0011701046081854136,96.0
3,nominal,82,2.5,200,0.8325593282059836,0.7906991602574791,0.0051188504425400535,0.9869246661879577,0.3927261500403316,0.0011701046081854136,96.0
3,nominal,82,3.0,200,0.7771234864089587,0.7214043580111982,0.009398188675242131,0.9869246661879577,0.3927261500403316,0.0011701046081854136,96.0
3,nominal,82,3.5,200,0.716585770726049,0.6457322134075614,0.01056061735069206,0.9869246661879577,0.3927261500403316,0.0011701046081854136,96.0
3,nominal,83,0.1,200,0.9887527532219835,0.9859409415274792,2.029935534514707e-06,0.9861793293743717,0.39752071825532476,0.0011735126377438385,96.0
3,nominal,83,0.25,200,0.9872506452822751,0.9840633066028439,1.1607292404635784e-05,0.9861793293743717,0.39752071825532476,0.0011735126377438385,96.0
3,nominal,83,0.5,200,0.9811406907702026,0.9764258634627531,5.9476166231386814e-05,0.9861793293743717,0.39752071825532476,0.0011735126377438385,96.0
3,nominal,83,0.75,200,0.9734449598041245,0.9668061997551552,0.00014993672128476806,0.9861793293743717,0.39752071825532476,0.0011735126377438385,96.0
3,nominal,83,1.0,200,0.9605007181177492,0.9506258976471865,0.00033431037409358157,0.9861793293743717,0.39752071825532476,0.0011735126377438385,96.0
3,nominal,83,1.25,200,0.9463972218525062,0.9329965273156324,0.0006284268304193846,0.9861793293743717,0.39752071825532476,0.0011735126377438385,96.0
3,nominal,83,1.5,200,0.9266877902005437,0.9083597377506797,0.0013224837826825856,0.9861793293743717,0.39752071825532476,0.0011735126377438385,96.0
3,nominal,83,2.0,200,0.8860434615038324,0.8575543268797907,0.002697825455688583,0.9861793293743717,0.39752071825532476,0.0011735126377438385,96.0
3,nominal,83,2.5,200,0.8323471092001553,0.7904338865001941,0.005180724209226817,0.9861793293743717,0.39752071825532476,0.0011735126377438385,96.0
3,nominal,83,3.0,200,0.7770138487096894,0.7212673108871115,0.009411481938034122,0.9861793293743717,0.39752071825532476,0.0011735126377438385,96.0
3,nominal,83,3.5,200,0.7166734665883787,0.6458418332354734,0.010591835650204771,0.9861793293743717,0.39752071825532476,0.0011735126377438385,96.0
3,nominal,84,0.1,200,0.9892230835166089,0.9865288543957611,1.9798364136040026e-06,0.9867670624455587,0.38903931156559723,0.0011903884173172761,96.0
3,nominal,84,0.25,200,0.9877093066536823,0.9846366333171025,1.1366070171588425e-05,0.9867670624455587,0.38903931156559723,0.0011903884173172761,96.0
3,nominal,84,0.5,200,0.9815937457845602,0.9769921822307002,5.890515708871313e-05,0.9867670624455587,0.38903931156559723,0.0011903884173172761,96.0
3,nominal,84,0.75,200,0.9739106674717881,0.9673883343397351,0.0001482657022859964,0.9867670624455587,0.38903931156559723,0.0011903884173172761,96.0
3,nominal,84,1.0,200,0.9608501192860857,0.9510626491076073,0.0003290025427283147,0.9867670624455587,0.38903931156559723,0.0011903884173172761,96.0
3,nominal,84,1.25,200,0.9468260835876463,0.9335326044845579,0.0006130383520607618,0.9867670624455587,0.38903931156559723,0.0011903884173172761,96.0
3,nominal,84,1.5,200,0.9271548885653544,0.908943610706693,0.0013134089229307972,0.9867670624455587,0.38903931156559723,0.0011903884173172761,96.0
3,nominal,84,2.0,200,0.886336381450216,0.8579204768127698,0.0026787733905081564,0.9867670624455587,0.38903931156559723,0.0011903884173172761,96.0
3,nominal,84,2.5,200,0.8326907430409058,0.7908634288011324,0.0051420559647706796,0.9867670624455587,0.38903931156559723,0.0011903884173172761,96.0
3,nominal,84,3.0,200,0.7774378064631162,0.7217972580788953,0.00942389911847225,0.9867670624455587,0.38903931156559723,0.0011903884173172761,96.0
3,nominal,84,3.5,200,0.7167486821722429,0.6459358527153034,0.01053574525943062,0.9867670624455587,0.38903931156559723,0.0011903884173172761,96.0
3,nominal,85,0.1,200,0.9886257851610266,0.9857822314512831,2.0966872395089797e-06,0.9860338566388811,0.39694717609520147,0.0011702264344719943,96.0
3,nominal,85,0.25,200,0.9871072096275324,0.9838840120344153,1.1470082708235523e-05,0.9860338566388811,0.39694717609520147,0.0011702264344719943,96.0
3,nominal,85,0.5,200,0.9809538748002562,0.97619234350032,6.299361409899209e-05,0.9860338566388811,0.39694717609520147,0.0011702264344719943,96.0
3,nominal,85,0.75,200,0.9735026834557643,0.9668783543197053,0.00015634669654666946,0.9860338566388811,0.39694717609520147,0.0011702264344719943,96.0
3,nominal,85,1.0,200,0.9601248290255054,0.9501560362818818,0.00032979551706781724,0.9860338566388811,0.39694717609520147,0.0011702264344719943,96.0
3,nominal,85,1.25,200,0.9461161171373164,0.9326451464216455,0.0006151700399687142,0.9860338566388811,0.39694717609520147,0.0011702264344719943,96.0
3,nominal,85,1.5,200,0.92658352726832,0.9082294090854,0.0013410858972729485,0.9860338566388811,0.39694717609520147,0.0011702264344719943,96.0
3,nominal,85,2.0,200,0.8864257065226898,0.8580321331533625,0.002587079453251544,0.9860338566388811,0.39694717609520147,0.0011702264344719943,96.0
3,nominal,85,2.5,200,0.832285859047574,0.7903573238094674,0.005054828085621564,0.9860338566388811,0.39694717609520147,0.0011702264344719943,96.0
3,nominal,85,3.0,200,0.7773733914270404,0.7217167392838006,0.009349974318721343,0.9860338566388811,0.39694717609520147,0.0011702264344719943,96.0
3,nominal,85,3.5,200,0.7158266897262453,0.6447833621578066,0.01042163466779457,0.9860338566388811,0.39694717609520147,0.0011702264344719943,96.0
3,nominal,86,0.1,200,0.9886005846899812,0.9857507308624764,2.0682523572573113e-06,0.9859961147899187,0.39943381196666206,0.0011911632624877222,96.0
3,nominal,86,0.25,200,0.9870503248214728,0.9838129060268409,1.1483010618157708e-05,0.9859961147899187,0.39943381196666206,0.0011911632624877222,96.0
3,nominal,86,0.5,200,0.9808322541177777,0.9760403176472221,6.03300013478347e-05,0.9859961147899187,0.39943381196666206,0.0011911632624877222,96.0
3,nominal,86,0.75,200,0.9732100314293091,0.9665125392866364,0.00015152383320681732,0.9859961147899187,0.39943381196666206,0.0011911632624877222,96.0
3,nominal,86,1.0,200,0.9602117465794002,0.9502646832242506,0.0003359299980232079,0.9859961147899187,0.39943381196666206,0.0011911632624877222,96.0
3,nominal,86,1.25,200,0.946173571133798,0.9327169639172476,0.0006080988290569999,0.9859961147899187,0.39943381196666206,0.0011911632624877222,96.0
3,nominal,86,1.5,200,0.9263459486578299,0.9079324358222876,0.001333605586267453,0.9859961147899187,0.39943381196666206,0.0011911632624877222,96.0
3,nominal,86,2.0,200,0.8853311578168683,0.8566639472710853,0.002651109380881991,0.9859961147899187,0.39943381196666206,0.0011911632624877222,96.0
3,nominal,86,2.5,200,0.8314322372679069,0.7892902965848836,0.005139024892960347,0.9859961147899187,0.39943381196666206,0.0011911632624877222,96.0
3,nominal,86,3.0,200,0.7766999667508445,0.7208749584385555,0.009508947089250055,0.9859961147899187,0.39943381196666206,0.0011911632624877222,96.0
3,nominal,86,3.5,200,0.7159380580363623,0.6449225725454528,0.010552648896578885,0.9859961147899187,0.39943381196666206,0.0011911632624877222,96.0
3,nominal,87,0.1,200,0.98790346933827,0.9848793366728372,2.196391091209887e-06,0.9850782011544176,0.3942185472572459,0.001210546103121627,98.0
3,nominal,87,0.25,200,0.9863748590884285,0.9829685738605355,1.1697985701734094e-05,0.9850782011544176,0.3942185472572459,0.001210546103121627,98.0
3,nominal,87,0.5,200,0.979806285335722,0.9747578566696524,6.745470487070662e-05,0.9850782011544176,0.3942185472572459,0.001210546103121627,98.0
3,nominal,87,0.75,200,0.9721253805398904,0.9651567256748631,0.00014478289612929074,0.9850782011544176,0.3942185472572459,0.001210546103121627,98.0
3,nominal,87,1.0,200,0.9593224860219549,0.9491531075274436,0.00036183065013322286,0.9850782011544176,0.3942185472572459,0.001210546103121627,98.0
3,nominal,87,1.25,200,0.9439083179786565,0.9298853974733202,0.0006807270904594766,0.9850782011544176,0.3942185472572459,0.001210546103121627,98.0
3,nominal,87,1.5,200,0.9256034878420767,0.9070043598025959,0.0012971109297431783,0.9850782011544176,0.3942185472572459,0.001210546103121627,98.0
3,nominal,87,2.0,200,0.883799246615621,0.8547490582695264,0.0031154489968913384,0.9850782011544176,0.3942185472572459,0.001210546103121627,98.0
3,nominal,87,2.5,200,0.8316375743544744,0.7895469679430928,0.004868588515753702,0.9850782011544176,0.3942185472572459,0.001210546103121627,98.0
3,nominal,87,3.0,200,0.7691733436929272,0.711466679616159,0.010042823294083049,0.9850782011544176,0.3942185472572459,0.001210546103121627,98.0
3,nominal,87,3.5,200,0.7045230838791307,0.6306538548489132,0.013340693605075053,0.9850782011544176,0.3942185472572459,0.001210546103121627,98.0
3,nominal,88,0.1,200,0.9890009960872495,0.9862512451090615,1.9242959354121443e-06,0.9865039491833597,0.38719457724063006,0.0011816296578069157,96.0
3,nominal,88,0.25,200,0.9874736275875327,0.984342034484416,1.0062855222525303e-05,0.9865039491833597,0.38719457724063006,0.0011816296578069157,96.0
3,nominal,88,0.5,200,0.9812975840410307,0.9766219800512883,5.80203956714123e-05,0.9865039491833597,0.38719457724063006,0.0011816296578069157,96.0
3,nominal,88,0.75,200,0.9738646286696181,0.9673307858370227,0.00014951413205842944,0.9865039491833597,0.38719457724063006,0.0011816296578069157,96.0
3,nominal,88,1.0,200,0.9606251966508206,0.9507814958135257,0.00031961253968281074,0.9865039491833597,0.38719457724063006,0.0011816296578069157,96.0
3,nominal,88,1.25,200,0.946449607038551,0.9330620087981888,0.0006054036412769793,0.9865039491833597,0.38719457724063006,0.0011816296578069157,96.0
3,nominal,88,1.5,200,0.9267882007616817,0.908485250952102,0.0013245915468597224,0.9865039491833597,0.38719457724063006,0.0011816296578069157,96.0
3,nominal,88,2.0,200,0.8868501852401437,0.8585627315501796,0.002535783334466595,0.9865039491833597,0.38719457724063006,0.0011816296578069157,96.0
3,nominal,88,2.5,200,0.8323063112381501,0.7903828890476875,0.005082690553020975,0.9865039491833597,0.38719457724063006,0.0011816296578069157,96.0
3,nominal,88,3.0,200,0.7775797538333644,0.7219746922917054,0.009310250622928113,0.9865039491833597,0.38719457724063006,0.0011816296578069157,96.0
3,nominal,88,3.5,200,0.7161862836272378,0.6452328545340476,0.010544348536431093,0.9865039491833597,0.38719457724063006,0.0011816296578069157,96.0
3,nominal,89,0.1,200,0.9888952142374943,0.9861190177968675,1.9749678483302204e-06,0.9863632471710778,0.3891472093202859,0.001178918442561612,96.0
3,nominal,89,0.25,200,0.9873679199255755,0.9842098999069694,1.0485954058272531e-05,0.9863632471710778,0.3891472093202859,0.001178918442561612,96.0
3,nominal,89,0.5,200,0.9812150262519158,0.9765187828148946,5.960608155358925e-05,0.9863632471710778,0.3891472093202859,0.001178918442561612,96.0
3,nominal,89,0.75,200,0.9737644354837727,0.9672055443547157,0.00015248254971618886,0.9863632471710778,0.3891472093202859,0.001178918442561612,96.0
3,nominal,89,1.0,200,0.960399299247582,0.9504991240594773,0.00031947809096162955,0.9863632471710778,0.3891472093202859,0.001178918442561612,96.0
3,nominal,89,1.25,200,0.9462885534130632,0.9328606917663288,0.0006113257819922945,0.9863632471710778,0.3891472093202859,0.001178918442561612,96.0
3,nominal,89,1.5,200,0.9267182106600149,0.9083977633250186,0.0013307204586783567,0.9863632471710778,0.3891472093202859,0.001178918442561612,96.0
3,nominal,89,2.0,200,0.8867877473160715,0.8584846841450892,0.002557882462500922,0.9863632471710778,0.3891472093202859,0.001178918442561612,96.0
3,nominal,89,2.5,200,0.8323371160682618,0.7904213950853272,0.00506580024875472,0.9863632471710778,0.3891472093202859,0.001178918442561612,96.0
3,nominal,89,3.0,200,0.7776105834065414,0.7220132292581769,0.009321824238101043,0.9863632471710778,0.3891472093202859,0.001178918442561612,96.0
3,nominal,89,3.5,200,0.7158776846886339,0.6448471058607923,0.010458965834458536,0.9863632471710778,0.3891472093202859,0.001178918442561612,96.0
3,nominal,90,0.1,200,0.9893712487088717,0.9867140608860894,1.9990800298486338e-06,0.9869496466910983,0.3941033446799146,0.0011708553232813476,94.0
3,nominal,90,0.25,200,0.9878283578919075,0.984785447364884,1.1110287110909478e-05,0.9869496466910983,0.3941033446799146,0.0011708553232813476,94.0
3,nominal,90,0.5,200,0.9817201356786805,0.9771501695983505,5.2665866365334804e-05,0.9869496466910983,0.3941033446799146,0.0011708553232813476,94.0
3,nominal,90,0.75,200,0.9747950414290387,0.9684938017862984,0.00013003432101806704,0.9869496466910983,0.3941033446799146,0.0011708553232813476,94.0
3,nominal,90,1.0,200,0.9616178294035986,0.9520222867544982,0.0002803927157873234,0.9869496466910983,0.3941033446799146,0.0011708553232813476,94.0
3,nominal,90,1.25,200,0.9471010266622181,0.9338762833277724,0.0006026877482663527,0.9869496466910983,0.3941033446799146,0.0011708553232813476,94.0
3,nominal,90,1.5,200,0.9298585540708135,0.9123231925885165,0.0011987273779160872,0.9869496466910983,0.3941033446799146,0.0011708553232813476,94.0
3,nominal,90,2.0,200,0.8874813385406655,0.8593516731758316,0.0031047174349485163,0.9869496466910983,0.3941033446799146,0.0011708553232813476,94.0
3,nominal,90,2.5,200,0.8360848942198325,0.7951061177747902,0.0046864723512024765,0.9869496466910983,0.3941033446799146,0.0011708553232813476,94.0
3,nominal,90,3.0,200,0.779968147308174,0.7249601841352172,0.008639155176142438,0.9869496466910983,0.3941033446799146,0.0011708553232813476,94.0
3,nominal,90,3.5,200,0.71881713438595,0.6485214179824373,0.0106091227683612,0.9869496466910983,0.3941033446799146,0.0011708553232813476,94.0
3,nominal,91,0.1,200,0.9902057758198932,0.9877572197748665,1.7557807152138134e-06,0.9880189283504506,0.3856055559920134,0.0011660685615358338,94.0
3,nominal,91,0.25,200,0.9886476187395478,0.9858095234244345,1.0273259856133605e-05,0.9880189283504506,0.3856055559920134,0.0011660685615358338,94.0
3,nominal,91,0.5,200,0.9826083046984927,0.9782603808731158,4.9461793340566194e-05,0.9880189283504506,0.3856055559920134,0.0011660685615358338,94.0
3,nominal,91,0.75,200,0.975604921471799,0.9695061518397488,0.0001206822991471088,0.9880189283504506,0.3856055559920134,0.0011660685615358338,94.0
3,nominal,91,1.0,200,0.9622645946287742,0.9528307432859677,0.0002672799150844824,0.9880189283504506,0.3856055559920134,0.0011660685615358338,94.0
3,nominal,91,1.25,200,0.9481980289441829,0.9352475361802287,0.0005617939116565023,0.9880189283504506,0.3856055559920134,0.0011660685615358338,94.0
3,nominal,91,1.5,200,0.9308940859854697,0.9136176074818372,0.0011713075270905597,0.9880189283504506,0.3856055559920134,0.0011660685615358338,94.0
3,nominal,91,2.0,200,0.8879936622900619,0.8599920778625771,0.003071415339782936,0.9880189283504506,0.3856055559920134,0.0011660685615358338,94.0
3,nominal,91,2.5,200,0.8370132996703271,0.7962666245879089,0.004587907178942239,0.9880189283504506,0.3856055559920134,0.0011660685615358338,94.0
3,nominal,91,3.0,200,0.7803802920427092,0.7254753650533865,0.008638372490126712,0.9880189283504506,0.3856055559920134,0.0011660685615358338,94.0
3,nominal,91,3.5,200,0.7196351821683795,0.6495439777104743,0.010614191109758975,0.9880189283504506,0.3856055559920134,0.0011660685615358338,94.0
3,nominal,92,0.1,200,0.9870329561662392,0.9837911952077991,2.2961396158416007e-06,0.9839738616921193,0.3999362031107694,0.001169375876971369,98.0
3,nominal,92,0.25,200,0.9854875293006149,0.9818594116257683,1.183151105391136e-05,0.9839738616921193,0.3999362031107694,0.001169375876971369,98.0
3,nominal,92,0.5,200,0.9788218162532051,0.9735272703165065,7.154932213828958e-05,0.9839738616921193,0.3999362031107694,0.001169375876971369,98.0
3,nominal,92,0.75,200,0.9713238246790961,0.9641547808488699,0.00014966370499548462,0.9839738616921193,0.3999362031107694,0.001169375876971369,98.0
3,nominal,92,1.0,200,0.9583641256609096,0.9479551570761368,0.00035898044589939034,0.9839738616921193,0.3999362031107694,0.001169375876971369,98.0
3,nominal,92,1.25,200,0.942743489383409,0.9284293617292607,0.0006990808225860065,0.9839738616921193,0.3999362031107694,0.001169375876971369,98.0
3,nominal,92,1.5,200,0.9245329324975284,0.9056661656219103,0.0013114413333170788,0.9839738616921193,0.3999362031107694,0.001169375876971369,98.0
3,nominal,92,2.0,200,0.8833620777800046,0.8542025972250056,0.0031279490383023458,0.9839738616921193,0.3999362031107694,0.001169375876971369,98.0
3,nominal,92,2.5,200,0.8306239267262608,0.788279908407826,0.004865309261186223,0.9839738616921193,0.3999362031107694,0.001169375876971369,98.0
3,nominal,92,3.0,200,0.7685818280066203,0.7107272850082754,0.009953521293213898,0.9839738616921193,0.3999362031107694,0.001169375876971369,98.0
3,nominal,92,3.5,200,0.703314890469958,0.6291436130874473,0.01345610338799538,0.9839738616921193,0.3999362031107694,0.001169375876971369,98.0
3,nominal,93,0.1,200,0.9879137040226447,0.9848921300283058,2.178436228699234e-06,0.9850990205293838,0.397093947798253,0.0011493496876388667,98.0
3,nominal,93,0.25,200,0.9863957057574538,0.9829946321968172,1.1726066767506735e-05,0.9850990205293838,0.397093947798253,0.0011493496876388667,98.0
3,nominal,93,0.5,200,0.9798104873348692,0.9747631091685863,6.791590584873061e-05,0.9850990205293838,0.397093947798253,0.0011493496876388667,98.0
3,nominal,93,0.75,200,0.9722250205033746,0.965281275629218,0.00014402351915996782,0.9850990205293838,0.397093947798253,0.0011493496876388667,98.0
3,nominal,93,1.0,200,0.9593564361249091,0.9491955451561361,0.0003589743101408356,0.9850990205293838,0.397093947798253,0.0011493496876388667,98.0
3,nominal,93,1.25,200,0.9439714605204399,0.9299643256505499,0.0006780195791335249,0.9850990205293838,0.397093947798253,0.0011493496876388667,98.0
3,nominal,93,1.5,200,0.9256469112493904,0.9070586390617376,0.0012930984239557844,0.9850990205293838,0.397093947798253,0.0011493496876388667,98.0
3,nominal,93,2.0,200,0.8841481776515133,0.8551852220643916,0.0030884657736864594,0.9850990205293838,0.397093947798253,0.0011493496876388667,98.0
3,nominal,93,2.5,200,0.831963921460904,0.7899549018261303,0.004834278163517263,0.9850990205293838,0.397093947798253,0.0011493496876388667,98.0
3,nominal,93,3.0,200,0.7694283960496482,0.7117854950620602,0.00999880426817361,0.9850990205293838,0.397093947798253,0.0011493496876388667,98.0
3,nominal,93,3.5,200,0.7047428023564071,0.6309285029455087,0.013344350300463013,0.9850990205293838,0.397093947798253,0.0011493496876388667,98.0
3,nominal,94,0.1,200,0.9884999363885769,0.9856249204857211,1.975215671530085e-06,0.9858684178602412,0.3964681972126021,0.0011217763257468946,96.0
3,nominal,94,0.25,200,0.986974526112228,0.9837181576402849,1.0490170235432531e-05,0.9858684178602412,0.3964681972126021,0.0011217763257468946,96.0
3,nominal,94,0.5,200,0.980769713978058,0.9759621424725725,5.700282837318916e-05,0.9858684178602412,0.3964681972126021,0.0011217763257468946,96.0
3,nominal,94,0.75,200,0.9731998198155352,0.9664997747694188,0.00014808259288379591,0.9858684178602412,0.3964681972126021,0.0011217763257468946,96.0
3,nominal,94,1.0,200,0.9603153861948777,0.9503942327435972,0.00032770853490632476,0.9858684178602412,0.3964681972126021,0.0011217763257468946,96.0
3,nominal,94,1.25,200,0.9459926173728391,0.9324907717160487,0.0006241271832541403,0.9858684178602412,0.3964681972126021,0.0011217763257468946,96.0
3,nominal,94,1.5,200,0.9260897255137316,0.9076121568921646,0.0013315441675775081,0.9858684178602412,0.3964681972126021,0.0011217763257468946,96.0
3,nominal,94,2.0,200,0.8858385764882905,0.857298220610363,0.002632260773705093,0.9858684178602412,0.3964681972126021,0.0011217763257468946,96.0
3,nominal,94,2.5,200,0.8313839627983471,0.789229953497934,0.005203349066015848,0.9858684178602412,0.3964681972126021,0.0011217763257468946,96.0
3,nominal,94,3.0,200,0.7764582538259472,0.7205728172824343,0.009397349665505105,0.9858684178602412,0.3964681972126021,0.0011217763257468946,96.0
3,nominal,94,3.5,200,0.716095393301204,0.6451192416265049,0.010736913411335376,0.9858684178602412,0.3964681972126021,0.0011217763257468946,96.0
3,nominal,95,0.1,200,0.9898241713040279,0.9872802141300349,1.95111690020191e-06,0.9875139110601673,0.39339484234077277,0.0011071389187118621,94.0
3,nominal,95,0.25,200,0.9883637880784839,0.9854547350981051,1.1244692395688244e-05,0.9875139110601673,0.39339484234077277,0.0011071389187118621,94.0
3,nominal,95,0.5,200,0.9822891094789029,0.9778613868486283,4.9784455384796044e-05,0.9875139110601673,0.39339484234077277,0.0011071389187118621,94.0
3,nominal,95,0.75,200,0.9754295703442093,0.9692869629302616,0.00012497646424738007,0.9875139110601673,0.39339484234077277,0.0011071389187118621,94.0
3,nominal,95,1.0,200,0.9626269217408446,0.9532836521760557,0.0002757278142329247,0.9875139110601673,0.39339484234077277,0.0011071389187118621,94.0
3,nominal,95,1.25,200,0.9478214902015965,0.9347768627519953,0.0006004319034745773,0.9875139110601673,0.39339484234077277,0.0011071389187118621,94.0
3,nominal,95,1.5,200,0.9303513711520908,0.9129392139401132,0.0011779279339952527,0.9875139110601673,0.39339484234077277,0.0011071389187118621,94.0
3,nominal,95,2.0,200,0.8889088115441748,0.8611360144302185,0.003051428149490455,0.9875139110601673,0.39339484234077277,0.0011071389187118621,94.0
3,nominal,95,2.5,200,0.8373497064270041,0.7966871330337552,0.004726131671961687,0.9875139110601673,0.39339484234077277,0.0011071389187118621,94.0
3,nominal,95,3.0,200,0.7811401860294667,0.7264252325368336,0.00849149305010686,0.9875139110601673,0.39339484234077277,0.0011071389187118621,94.0
3,nominal,95,3.5,200,0.7198237178080151,0.6497796472600189,0.010460030087206916,0.9875139110601673,0.39339484234077277,0.0011071389187118621,94.0
3,nominal,96,0.1,200,0.9904344461607973,0.9880430577009967,1.7288384830245794e-06,0.9882896789450369,0.39855995910807396,0.0011391326217771482,92.0
3,nominal,96,0.25,200,0.989029108125045,0.986286385156306,1.018160356087754e-05,0.9882896789450369,0.39855995910807396,0.0011391326217771482,92.0
3,nominal,96,0.5,200,0.9830221594982658,0.9787776993728321,5.102054582918335e-05,0.9882896789450369,0.39855995910807396,0.0011391326217771482,92.0
3,nominal,96,0.75,200,0.9760113695491818,0.970014211936477,0.00012762376934388373,0.9882896789450369,0.39855995910807396,0.0011391326217771482,92.0
3,nominal,96,1.0,200,0.9631059992634203,0.9538824990792754,0.0003213436556252133,0.9882896789450369,0.39855995910807396,0.0011391326217771482,92.0
3,nominal,96,1.25,200,0.9491606520904494,0.9364508151130616,0.0005009875297453698,0.9882896789450369,0.39855995910807396,0.0011391326217771482,92.0
3,nominal,96,1.5,200,0.9312091496884337,0.914011437110542,0.0010655460591181265,0.9882896789450369,0.39855995910807396,0.0011391326217771482,92.0
3,nominal,96,2.0,200,0.8896277310847331,0.8620346638559161,0.00247096848493003,0.9882896789450369,0.39855995910807396,0.0011391326217771482,92.0
3,nominal,96,2.5,200,0.8420704792108844,0.8025880990136054,0.005249419075699021,0.9882896789450369,0.39855995910807396,0.0011391326217771482,92.0
3,nominal,96,3.0,200,0.7788441637580605,0.7235552046975755,0.008508700485774161,0.9882896789450369,0.39855995910807396,0.0011391326217771482,92.0
3,nominal,96,3.5,200,0.7253959701755935,0.6567449627194921,0.010213647736169557,0.9882896789450369,0.39855995910807396,0.0011391326217771482,92.0
3,nominal,97,0.1,200,0.9903088577992811,0.9878860722491012,1.6711250259415362e-06,0.9881322609257871,0.3770295285308887,0.0011740727548286297,96.0
3,nominal,97,0.25,200,0.9887880045534546,0.9859850056918182,8.894721871784523e-06,0.9881322609257871,0.3770295285308887,0.0011740727548286297,96.0
3,nominal,97,0.5,200,0.9826816663274773,0.9783520829093465,5.043738583101632e-05,0.9881322609257871,0.3770295285308887,0.0011740727548286297,96.0
3,nominal,97,0.75,200,0.9750194581480756,0.9687743226850946,0.00013455266036585948,0.9881322609257871,0.3770295285308887,0.0011740727548286297,96.0
3,nominal,97,1.0,200,0.9620221988622163,0.9525277485777705,0.0002921530591854704,0.9881322609257871,0.3770295285308887,0.0011740727548286297,96.0
3,nominal,97,1.25,200,0.9476644582018934,0.9345805727523665,0.0005907465135144029,0.9881322609257871,0.3770295285308887,0.0011740727548286297,96.0
3,nominal,97,1.5,200,0.9277736672310604,0.9097170840388256,0.0012782324944084023,0.9881322609257871,0.3770295285308887,0.0011740727548286297,96.0
3,nominal,97,2.0,200,0.8878078480447388,0.8597598100559236,0.0025603081327961828,0.9881322609257871,0.3770295285308887,0.0011740727548286297,96.0
3,nominal,97,2.5,200,0.8330945362418696,0.7913681703023367,0.00506516345876861,0.9881322609257871,0.3770295285308887,0.0011740727548286297,96.0
3,nominal,97,3.0,200,0.7777388273413544,0.7221735341766928,0.009280304686470191,0.9881322609257871,0.3770295285308887,0.0011740727548286297,96.0
3,nominal,97,3.5,200,0.7169766052538227,0.6462207565672784,0.010602809622567353,0.9881322609257871,0.3770295285308887,0.0011740727548286297,96.0
3,nominal,98,0.1,200,0.9896807065559099,0.9871008831948873,1.9719457467883965e-06,0.987332351044945,0.3867833565864557,0.0011766736470053322,94.0
3,nominal,98,0.25,200,0.9881750751744246,0.9852188439680307,1.1199767068956717e-05,0.987332351044945,0.3867833565864557,0.0011766736470053322,94.0
3,nominal,98,0.5,200,0.9820622221022127,0.977577777627766,5.150482426987164e-05,0.987332351044945,0.3867833565864557,0.0011766736470053322,94.0
3,nominal,98,0.75,200,0.9751710536444587,0.9689638170555732,0.00012735659266561018,0.987332351044945,0.3867833565864557,0.0011766736470053322,94.0
3,nominal,98,1.0,200,0.9621747289061358,0.9527184111326699,0.0002788235820210377,0.987332351044945,0.3867833565864557,0.0011766736470053322,94.0
3,nominal,98,1.25,200,0.9475628206760507,0.9344535258450631,0.000602165418752534,0.987332351044945,0.3867833565864557,0.0011766736470053322,94.0
3,nominal,98,1.5,200,0.9301609768006256,0.9127012210007817,0.0011941604561806348,0.987332351044945,0.3867833565864557,0.0011766736470053322,94.0
3,nominal,98,2.0,200,0.8880447051900356,0.8600558814875444,0.003104238735664759,0.987332351044945,0.3867833565864557,0.0011766736470053322,94.0
3,nominal,98,2.5,200,0.8366682217417765,0.7958352771772206,0.004720658537929391,0.987332351044945,0.3867833565864557,0.0011766736470053322,94.0
3,nominal,98,3.0,200,0.7804040499643089,0.725505062455386,0.008620850503858182,0.987332351044945,0.3867833565864557,0.0011766736470053322,94.0
3,nominal,98,3.5,200,0.7192491675345266,0.6490614594181582,0.010547589098544682,0.987332351044945,0.3867833565864557,0.0011766736470053322,94.0
3,nominal,99,0.1,200,0.9903711152573049,0.9879638940716311,1.7632990629610547e-06,0.9882099858456757,0.376787924268279,0.0011529409012238988,94.0
3,nominal,99,0.25,200,0.9888861319241382,0.9861076649051728,1.057564099157931e-05,0.9882099858456757,0.376787924268279,0.0011529409012238988,94.0
3,nominal,99,0.5,200,0.9828227861350879,0.9785284826688597,4.8552628351066334e-05,0.9882099858456757,0.376787924268279,0.0011529409012238988,94.0
3,nominal,99,0.75,200,0.9759261058553304,0.9699076323191628,0.00011807558728243916,0.9882099858456757,0.376787924268279,0.0011529409012238988,94.0
3,nominal,99,1.0,200,0.9628924946797824,0.9536156183497277,0.0002692561840102955,0.9882099858456757,0.376787924268279,0.0011529409012238988,94.0
3,nominal,99,1.25,200,0.948613687247017,0.9357671090587713,0.0005682240735179476,0.9882099858456757,0.376787924268279,0.0011529409012238988,94.0
3,nominal,99,1.5,200,0.9310546158857488,0.913818269857186,0.0011619950952182327,0.9882099858456757,0.376787924268279,0.0011529409012238988,94.0
3,nominal,99,2.0,200,0.8887080621494191,0.8608850776867737,0.0030746431766246014,0.9882099858456757,0.376787924268279,0.0011529409012238988,94.0
3,nominal,99,2.5,200,0.8376287546693368,0.7970359433366707,0.004668422229554537,0.9882099858456757,0.376787924268279,0.0011529409012238988,94.0
3,nominal,99,3.0,200,0.7810547951907401,0.7263184939884249,0.00853154908850871,0.9882099858456757,0.376787924268279,0.0011529409012238988,94.0
3,nominal,99,3.5,200,0.7202060633723302,0.6502575792154127,0.010471767679149398,0.9882099858456757,0.376787924268279,0.0011529409012238988,94.0
3,nominal,100,0.1,200,0.989687350086285,0.987109187607856,1.770480120585103e-06,0.9873875356950235,0.38034199043518324,0.0011882334125043498,96.0
3,nominal,100,0.25,200,0.9881670668964149,0.9852088336205185,9.784387238962479e-06,0.9873875356950235,0.38034199043518324,0.0011882334125043498,96.0
3,nominal,100,0.5,200,0.9820683477196653,0.9775854346495817,5.398726151729592e-05,0.9873875356950235,0.38034199043518324,0.0011882334125043498,96.0
3,nominal,100,0.75,200,0.9744394507348576,0.9680493134185718,0.0001381074255577163,0.9873875356950235,0.38034199043518324,0.0011882334125043498,96.0
3,nominal,100,1.0,200,0.9615297367355411,0.9519121709194264,0.00031680366409620657,0.9873875356950235,0.38034199043518324,0.0011882334125043498,96.0
3,nominal,100,1.25,200,0.947473878906569,0.9343423486332114,0.0005686962490820251,0.9873875356950235,0.38034199043518324,0.0011882334125043498,96.0
3,nominal,100,1.5,200,0.9276900785001438,0.9096125981251797,0.00128291613815526,0.9873875356950235,0.38034199043518324,0.0011882334125043498,96.0
3,nominal,100,2.0,200,0.887044194176843,0.8588052427210536,0.0025432689575745466,0.9873875356950235,0.38034199043518324,0.0011882334125043498,96.0
3,nominal,100,2.5,200,0.8330475669179829,0.7913094586474785,0.005054379875089819,0.9873875356950235,0.38034199043518324,0.0011882334125043498,96.0
3,nominal,100,3.0,200,0.7777026370303077,0.7221282962878846,0.009379682394933546,0.9873875356950235,0.38034199043518324,0.0011882334125043498,96.0
3,nominal,100,3.5,200,0.7174157694079049,0.6467697117598808,0.010567435335753399,0.9873875356950235,0.38034199043518324,0.0011882334125043498,96.0
