method,sigma_mhz,num_samples,average_fidelity,average_gate_fidelity,fidelity_variance
trpo_noise,0.1,60,0.9924587892346495,0.9905734865433116,1.5817390714511833e-06
trpo_noise,0.101,60,0.992311545560784,0.9903894319509801,1.107201323725625e-06
trpo_noise,0.102,60,0.9920355019454725,0.9900443774318404,8.123196412770468e-07
trpo_noise,0.103,60,0.9924038653470177,0.9905048316837719,1.4638282706898015e-06
trpo_noise,0.104,60,0.9922597910100024,0.9903247387625028,1.1952636809353084e-06
trpo_noise,0.105,60,0.9921264514526972,0.9901580643158714,1.7350474089273985e-06
trpo_noise,0.106,60,0.9920947531641485,0.9901184414551858,1.467991565019029e-06
trpo_noise,0.107,60,0.9924410595174318,0.9905513243967897,1.5164883722347994e-06
trpo_noise,0.108,60,0.9923924963773681,0.99049062047171,1.2774859092281173e-06
trpo_noise,0.109,60,0.9925521352843195,0.9906901691053995,1.643228395148067e-06
trpo_noise,0.11,60,0.992182275009867,0.9902278437623335,1.3145457433930098e-06
trpo_noise,0.111,60,0.9921989686725777,0.9902487108407224,1.567629538004009e-06
trpo_noise,0.112,60,0.9923533906568403,0.9904417383210503,1.6701866924718932e-06
trpo_noise,0.113,60,0.9925338712788719,0.9906673390985898,2.0344230916997872e-06
trpo_noise,0.114,60,0.992018693956911,0.9900233674461384,1.4093302557735365e-06
trpo_noise,0.115,60,0.9922586101001944,0.9903232626252427,1.959108151830634e-06
trpo_noise,0.116,60,0.992187135133063,0.9902339189163288,1.8206581576395623e-06
trpo_noise,0.117,60,0.9921433982336929,0.9901792477921164,2.307136617257473e-06
trpo_noise,0.118,60,0.9919342463144597,0.9899178078930747,2.640871307995382e-06
trpo_noise,0.119,60,0.9921307907836301,0.9901634884795377,1.8928074766631066e-06
trpo_noise,0.12,60,0.9922817070131492,0.9903521337664365,1.4819636739931775e-06
trpo_noise,0.121,60,0.9921316634168797,0.9901645792710998,1.9456844319795744e-06
trpo_noise,0.122,60,0.9921884925476196,0.9902356156845245,1.959589812077803e-06
trpo_noise,0.123,60,0.9921535217741,0.9901919022176248,2.3007575213798477e-06
trpo_noise,0.124,60,0.9920315786058226,0.9900394732572785,1.9567565900148022e-06
trpo_noise,0.125,60,0.9920522589193974,0.9900653236492468,2.6168282608820104e-06
trpo_noise,0.126,60,0.9920738303961733,0.9900922879952165,2.371590263112282e-06
trpo_noise,0.127,60,0.9918817385089094,0.9898521731361367,3.6585567900922827e-06
trpo_noise,0.128,60,0.992405298068849,0.9905066225860613,2.4260960448015536e-06
trpo_noise,0.129,60,0.992028917461833,0.9900361468272915,2.176866802839626e-06
trpo_noise,0.13,60,0.9919932580287963,0.9899915725359952,1.9657614050225255e-06
trpo_noise,0.131,60,0.9921128436566917,0.9901410545708648,2.442854910373117e-06
trpo_noise,0.132,60,0.9922457927421846,0.9903072409277308,2.501361954714598e-06
trpo_noise,0.133,60,0.9923025230128175,0.990378153766022,2.561146267464004e-06
trpo_noise,0.134,60,0.9920908428954504,0.9901135536193129,2.2238242297760587e-06
trpo_noise,0.135,60,0.9921983400816219,0.9902479251020271,1.5208880720278477e-06
trpo_noise,0.136,60,0.9918932307168197,0.9898665383960243,3.351262206500243e-06
trpo_noise,0.137,60,0.9920741962731031,0.9900927453413787,2.738685843681688e-06
trpo_noise,0.138,60,0.9917993567257728,0.989749195907216,3.1374284981630344e-06
trpo_noise,0.139,60,0.9922442538836198,0.9903053173545247,2.9845141342521564e-06
trpo_noise,0.14,60,0.9922040167375642,0.9902550209219554,2.2676416840184997e-06
trpo_noise,0.141,60,0.9923085800800641,0.9903857251000799,2.9251302569063407e-06
trpo_noise,0.142,60,0.9921429984852532,0.9901787481065664,3.1474484505171085e-06
trpo_noise,0.143,60,0.9919749745541155,0.9899687181926443,3.4916655166440045e-06
trpo_noise,0.144,60,0.9922186250915538,0.9902732813644424,2.265061548615726e-06
trpo_noise,0.145,60,0.9920179846478675,0.9900224808098341,2.7338374378652413e-06
trpo_noise,0.146,60,0.9921188901058852,0.9901486126323565,2.048035855473916e-06
trpo_noise,0.147,60,0.9922970903003275,0.9903713628754091,3.010841943812297e-06
trpo_noise,0.148,60,0.9917252006923974,0.9896565008654968,3.5488737295378167e-06
trpo_noise,0.149,60,0.9922136949570842,0.9902671186963553,2.234783123027343e-06
trpo_noise,0.15,60,0.9918227553763798,0.9897784442204746,2.5214690697985393e-06
trpo_noise,0.151,60,0.9919798904563635,0.9899748630704543,2.860249130942549e-06
trpo_noise,0.152,60,0.9919308548163666,0.9899135685204582,2.913994159084128e-06
trpo_noise,0.153,60,0.9920543740711514,0.9900679675889392,2.8664109790589365e-06
trpo_noise,0.154,60,0.9919032310051691,0.9898790387564615,3.492863866749498e-06
trpo_noise,0.155,60,0.9920517708444809,0.9900647135556009,2.555125338786166e-06
trpo_noise,0.156,60,0.9919383757198613,0.9899229696498266,3.952815134388585e-06
trpo_noise,0.157,60,0.9916027801910936,0.9895034752388667,2.7977084979706126e-06
trpo_noise,0.158,60,0.9924738027511206,0.9905922534389006,3.5544396261215634e-06
trpo_noise,0.159,60,0.9917650822600486,0.9897063528250606,3.392853958014953e-06
trpo_noise,0.16,60,0.9919143698067807,0.989892962258476,3.0038154385795237e-06
trpo_noise,0.161,60,0.9918657107038462,0.9898321383798075,3.5339024076661153e-06
trpo_noise,0.162,60,0.9921474293706667,0.9901842867133333,2.8941949357238575e-06
trpo_noise,0.163,60,0.9918070209967038,0.9897587762458796,4.2158392430152065e-06
trpo_noise,0.164,60,0.9914740131098525,0.9893425163873154,4.921923168328632e-06
trpo_noise,0.165,60,0.9918715572821775,0.9898394466027217,2.559418371216618e-06
trpo_noise,0.166,60,0.9917857204127323,0.9897321505159152,5.156121873701572e-06
trpo_noise,0.167,60,0.9919428802261587,0.9899286002826982,3.1818189455708157e-06
trpo_noise,0.168,60,0.991594667244545,0.9894933340556812,3.274165126931914e-06
trpo_noise,0.169,60,0.9920581370875132,0.9900726713593914,4.033816910276901e-06
trpo_noise,0.17,60,0.9920384831908688,0.9900481039885862,3.346213419771503e-06
trpo_noise,0.171,60,0.9916312333748287,0.989539041718536,3.3427031875317753e-06
trpo_noise,0.172,60,0.9915000040351143,0.9893750050438929,4.260106373094958e-06
trpo_noise,0.173,60,0.9917861635208738,0.989732704401092,3.781163073659728e-06
trpo_noise,0.174,60,0.9917981217709055,0.9897476522136318,4.121172682867862e-06
trpo_noise,0.175,60,0.9915055119285232,0.9893818899106542,4.649297269186841e-06
trpo_noise,0.176,60,0.9913948980668548,0.9892436225835683,4.38208280673642e-06
trpo_noise,0.177,60,0.9916252923173492,0.9895316153966867,4.824393860354983e-06
trpo_noise,0.178,60,0.9916780442597489,0.9895975553246859,4.052037455931679e-06
trpo_noise,0.179,60,0.9917186288981574,0.9896482861226967,5.113782026861421e-06
trpo_noise,0.18,60,0.9917404179440674,0.989675522430084,6.342848687500201e-06
trpo_noise,0.181,60,0.9916607478454567,0.9895759348068208,5.2614583986716095e-06
trpo_noise,0.182,60,0.9914817434679147,0.9893521793348933,4.867348597857069e-06
trpo_noise,0.183,60,0.991325208466802,0.9891565105835025,5.890048328480657e-06
trpo_noise,0.184,60,0.9912785210167256,0.9890981512709071,5.814528204427563e-06
trpo_noise,0.185,60,0.9915752927473769,0.9894691159342213,3.945898240842063e-06
trpo_noise,0.186,60,0.991730310201147,0.9896628877514335,4.5644538556238085e-06
trpo_noise,0.187,60,0.9919529199597297,0.9899411499496622,5.186320472888084e-06
trpo_noise,0.188,60,0.9918801637829655,0.9898502047287068,6.180460641344295e-06
trpo_noise,0.189,60,0.991425120307569,0.9892814003844612,4.816942953129609e-06
trpo_noise,0.19,60,0.9915238016634622,0.9894047520793275,3.643492718552704e-06
trpo_noise,0.191,60,0.9913284876557583,0.9891606095696979,4.893311531894829e-06
trpo_noise,0.192,60,0.9913548389815322,0.9891935487269152,5.100864295367399e-06
trpo_noise,0.193,60,0.9913285835098379,0.9891607293872972,5.645909086773565e-06
trpo_noise,0.194,60,0.9914970278064061,0.9893712847580078,6.04619081475542e-06
trpo_noise,0.195,60,0.9917919490118948,0.9897399362648684,4.325533560559818e-06
trpo_noise,0.196,60,0.9911939763131736,0.9889924703914672,6.119316138316811e-06
trpo_noise,0.197,60,0.9914221280771406,0.9892776600964255,9.250729850648723e-06
trpo_noise,0.198,60,0.9912139744239576,0.9890174680299471,6.601027204379825e-06
trpo_noise,0.199,60,0.9915394477004086,0.9894243096255105,5.5822228955925125e-06
trpo_noise,0.2,60,0.9911143339800841,0.9888929174751052,5.261843986667265e-06
trpo_noise,0.201,60,0.9913773915480322,0.9892217394350403,6.460024522872693e-06
trpo_noise,0.202,60,0.9917631839720183,0.9897039799650229,3.5986416383862278e-06
trpo_noise,0.203,60,0.9912130925257856,0.9890163656572319,6.073184223394392e-06
trpo_noise,0.204,60,0.9916633265520907,0.9895791581901133,6.7561040327811946e-06
trpo_noise,0.205,60,0.9912804397817343,0.9891005497271677,4.663207020126604e-06
trpo_noise,0.206,60,0.9914778705645024,0.989347338205628,4.927362494574656e-06
trpo_noise,0.207,60,0.9910658781772427,0.9888323477215533,4.993879990345843e-06
trpo_noise,0.208,60,0.9913026635939408,0.989128329492426,5.1781943076172495e-06
trpo_noise,0.209,60,0.9917654354804611,0.9897067943505764,5.531842166419818e-06
trpo_noise,0.21,60,0.991705408582927,0.9896317607286587,7.445356429712974e-06
trpo_noise,0.211,60,0.9914908543452672,0.989363567931584,3.7918556225321584e-06
trpo_noise,0.212,60,0.9912490296047697,0.989061287005962,7.11372052868505e-06
trpo_noise,0.213,60,0.9912023027494357,0.9890028784367944,5.846166705960341e-06
trpo_noise,0.214,60,0.9917687488221816,0.9897109360277273,6.887996877231168e-06
trpo_noise,0.215,60,0.9914720075293406,0.9893400094116758,6.623898580426002e-06
trpo_noise,0.216,60,0.9913149933579369,0.9891437416974213,5.607804667682749e-06
trpo_noise,0.217,60,0.991448301979649,0.9893103774745612,5.516690465294916e-06
trpo_noise,0.218,60,0.991064406288701,0.9888305078608763,7.680547312144916e-06
trpo_noise,0.219,60,0.9909506289847947,0.9886882862309937,7.555331127197668e-06
trpo_noise,0.22,60,0.9909157949296671,0.9886447436620838,8.249257808034244e-06
trpo_noise,0.221,60,0.9912472927127539,0.9890591158909423,9.278441138068547e-06
trpo_noise,0.222,60,0.9915641143351778,0.989455142918972,4.8882765905579155e-06
trpo_noise,0.223,60,0.9913501711377866,0.9891877139222328,4.346434531633724e-06
trpo_noise,0.224,60,0.9913427603583811,0.9891784504479763,6.2645904793915994e-06
trpo_noise,0.225,60,0.9911175254250808,0.988896906781351,5.870749298281216e-06
trpo_noise,0.226,60,0.9909424807709531,0.9886781009636912,6.312471760186558e-06
trpo_noise,0.227,60,0.9909834244624354,0.988729280578044,6.811967653433094e-06
trpo_noise,0.228,60,0.9912646755634473,0.9890808444543094,7.499733293100206e-06
trpo_noise,0.229,60,0.9914750964755812,0.9893438705944764,8.140914029618381e-06
trpo_noise,0.23,60,0.9910788806177632,0.9888486007722037,9.384785764109229e-06
trpo_noise,0.231,60,0.9909913422699965,0.9887391778374958,7.178128713393583e-06
trpo_noise,0.232,60,0.9910734910339258,0.9888418637924073,1.1966981924123454e-05
trpo_noise,0.233,60,0.990696455375272,0.9883705692190897,6.885135089821543e-06
trpo_noise,0.234,60,0.9910186882167686,0.9887733602709609,9.012972700743459e-06
trpo_noise,0.235,60,0.9901799276968799,0.9877249096210999,1.1496654786007854e-05
trpo_noise,0.236,60,0.9911651837834156,0.9889564797292695,1.0173180115339673e-05
trpo_noise,0.237,60,0.991158200174089,0.9889477502176113,7.074991895226105e-06
trpo_noise,0.238,60,0.9912448916790167,0.9890561145987711,6.099799625454313e-06
trpo_noise,0.239,60,0.9912287522234178,0.9890359402792723,8.376043099439803e-06
trpo_noise,0.24,60,0.9907132767486933,0.9883915959358665,7.79130035532079e-06
trpo_noise,0.241,60,0.9907161024364113,0.9883951280455141,9.964749034841647e-06
trpo_noise,0.242,60,0.990771678129592,0.98846459766199,8.559436579243493e-06
trpo_noise,0.243,60,0.9912035127173962,0.989004390896745,6.940708223034555e-06
trpo_noise,0.244,60,0.9909538977457711,0.9886923721822138,7.761826788651039e-06
trpo_noise,0.245,60,0.990776249235365,0.9884703115442058,9.627562205528755e-06
trpo_noise,0.246,60,0.9910560693322904,0.9888200866653627,1.1021933696860449e-05
trpo_noise,0.247,60,0.9907083570967541,0.9883854463709426,8.7511724942366e-06
trpo_noise,0.248,60,0.9907874960473587,0.9884843700591982,6.367383935701652e-06
trpo_noise,0.249,60,0.9911562490940924,0.9889453113676154,8.093992288460144e-06
trpo_noise,0.25,60,0.9906569480169353,0.988321185021169,6.244744385361676e-06
trpo_noise,0.251,60,0.991571528026994,0.9894644100337425,8.320938298297964e-06
trpo_noise,0.252,60,0.990549590922118,0.9881869886526476,1.0381961784276816e-05
trpo_noise,0.253,60,0.9904042868337959,0.9880053585422449,1.1791202361280894e-05
trpo_noise,0.254,60,0.990135499190301,0.9876693739878761,1.2071211008210391e-05
trpo_noise,0.255,60,0.9904681041975728,0.9880851302469662,7.049181641152598e-06
trpo_noise,0.256,60,0.9911854921161098,0.9889818651451373,7.030189245316109e-06
trpo_noise,0.257,60,0.9906233663041528,0.988279207880191,7.63238513740103e-06
trpo_noise,0.258,60,0.9907980399055781,0.9884975498819727,7.4774576222586345e-06
trpo_noise,0.259,60,0.9904764810144265,0.988095601268033,9.460566887164422e-06
trpo_noise,0.26,60,0.9908236378663091,0.9885295473328862,9.200748190289088e-06
trpo_noise,0.261,60,0.9906189474541057,0.9882736843176319,7.007109713695449e-06
trpo_noise,0.262,60,0.9904979958253319,0.988122494781665,7.4302249534151866e-06
trpo_noise,0.263,60,0.9906496551265374,0.9883120689081719,1.05940641277156e-05
trpo_noise,0.264,60,0.9909184129590113,0.9886480161987641,9.286804971659224e-06
trpo_noise,0.265,60,0.990591599213078,0.9882394990163476,9.466102523142987e-06
trpo_noise,0.266,60,0.990632518902504,0.98829064862813,1.209815062029888e-05
trpo_noise,0.267,60,0.9908711807764267,0.9885889759705332,1.07129754255866e-05
trpo_noise,0.268,60,0.9908050668732153,0.9885063335915193,1.4400410736926629e-05
trpo_noise,0.269,60,0.990157390427061,0.9876967380338262,1.018867037540945e-05
trpo_noise,0.27,60,0.990871090291416,0.9885888628642696,9.148182889390482e-06
trpo_noise,0.271,60,0.9908541300659964,0.9885676625824953,8.056468996036704e-06
trpo_noise,0.272,60,0.9906570206309514,0.9883212757886892,8.981323737124267e-06
trpo_noise,0.273,60,0.9906921634550792,0.9883652043188491,8.709871555028354e-06
trpo_noise,0.274,60,0.9906281403003536,0.988285175375442,9.827239900630815e-06
trpo_noise,0.275,60,0.9906946799189129,0.9883683498986413,1.2609839503113263e-05
trpo_noise,0.276,60,0.9906502191370037,0.9883127739212545,1.1918428520800609e-05
trpo_noise,0.277,60,0.9911229277671314,0.9889036597089141,1.3497207343159985e-05
trpo_noise,0.278,60,0.9894920899075897,0.9868651123844872,9.447542219616372e-06
trpo_noise,0.279,60,0.9906885212324106,0.988360651540513,1.0207247744710018e-05
trpo_noise,0.28,60,0.990616870644233,0.9882710883052911,1.3741759590142881e-05
trpo_noise,0.281,60,0.9899235264766969,0.9874044080958713,1.205930454335368e-05
trpo_noise,0.282,60,0.9907853166712361,0.9884816458390451,1.169884623134726e-05
trpo_noise,0.283,60,0.9905283575932189,0.9881604469915235,9.460679903227857e-06
trpo_noise,0.284,60,0.9902222327658206,0.9877777909572756,9.557006291850445e-06
trpo_noise,0.285,60,0.9901326632819372,0.9876658291024213,1.4056742816047337e-05
trpo_noise,0.286,60,0.9896658426357462,0.9870823032946829,1.194491865486907e-05
trpo_noise,0.287,60,0.9894351655306153,0.986793956913269,1.0873593488345861e-05
trpo_noise,0.288,60,0.9904425534983151,0.9880531918728938,8.441237003510993e-06
trpo_noise,0.289,60,0.9904093607779022,0.9880117009723776,1.8253516185399894e-05
trpo_noise,0.29,60,0.9897340720600436,0.9871675900750546,1.2778232600956401e-05
trpo_noise,0.291,60,0.9903239897111583,0.9879049871389477,7.141661168315431e-06
trpo_noise,0.292,60,0.9911936355610319,0.9889920444512897,8.697592534322059e-06
trpo_noise,0.293,60,0.9902520297076939,0.987815037134617,1.1650738510935584e-05
trpo_noise,0.294,60,0.9901103318431727,0.9876379148039658,1.0650755675650093e-05
trpo_noise,0.295,60,0.9898282043459172,0.9872852554323964,1.4251822065192097e-05
trpo_noise,0.296,60,0.9900488931193799,0.9875611163992251,1.5057483654066187e-05
trpo_noise,0.297,60,0.9901941539425704,0.9877426924282128,9.454053566666634e-06
trpo_noise,0.298,60,0.9898942133282784,0.9873677666603482,1.341223090089523e-05
trpo_noise,0.299,60,0.989718730012,0.9871484125149999,1.4050571154781118e-05
trpo_noise,0.3,60,0.9902313438907822,0.9877891798634778,1.2396864102963585e-05
trpo_noise,0.301,60,0.9903819626746865,0.987977453343358,1.5181727350958764e-05
trpo_noise,0.302,60,0.9905024403209087,0.9881280504011359,1.527133389117752e-05
trpo_noise,0.303,60,0.9899786566875047,0.9874733208593809,1.3427110760479083e-05
trpo_noise,0.304,60,0.9896656091253808,0.9870820114067259,1.2538751088906308e-05
trpo_noise,0.305,60,0.9899530223243374,0.9874412779054218,1.435343788047915e-05
trpo_noise,0.306,60,0.989956622619393,0.9874457782742411,1.2835971066346738e-05
trpo_noise,0.307,60,0.9897858372748598,0.9872322965935749,1.840425841990515e-05
trpo_noise,0.308,60,0.9900377558982808,0.987547194872851,1.0607693454748104e-05
trpo_noise,0.309,60,0.9893689303313625,0.986711162914203,1.7130756855373933e-05
trpo_noise,0.31,60,0.9892090245154045,0.9865112806442559,1.5873456904976187e-05
trpo_noise,0.311,60,0.9887874083744288,0.9859842604680361,9.848282439543129e-06
trpo_noise,0.312,60,0.9898905150362473,0.987363143795309,1.4735793853730413e-05
trpo_noise,0.313,60,0.9895583737146705,0.9869479671433381,2.0411827967714814e-05
trpo_noise,0.314,60,0.9899958275650816,0.987494784456352,1.3261596560361566e-05
trpo_noise,0.315,60,0.9895394371153268,0.9869242963941584,1.6699916895177944e-05
trpo_noise,0.316,60,0.989305196419802,0.9866314955247525,1.278649977359806e-05
trpo_noise,0.317,60,0.9895312998694892,0.9869141248368615,1.7091614499781164e-05
trpo_noise,0.318,60,0.9886830284487366,0.9858537855609207,1.9372733419846573e-05
trpo_noise,0.319,60,0.9895059642499349,0.9868824553124181,1.61419275925508e-05
trpo_noise,0.32,60,0.9901462697087663,0.987682837135958,1.3411163828634828e-05
trpo_noise,0.321,60,0.9895922485624686,0.9869903107030857,1.3642719657169193e-05
trpo_noise,0.322,60,0.989888531377709,0.987360664222136,1.4620460312971848e-05
trpo_noise,0.323,60,0.9895614629684752,0.986951828710594,1.4768178305796665e-05
trpo_noise,0.324,60,0.9903087612641059,0.9878859515801324,1.2913684759961437e-05
trpo_noise,0.325,60,0.9890814935682267,0.9863518669602835,1.8840153507772038e-05
trpo_noise,0.326,60,0.9903135214644586,0.9878919018305727,8.506574377243107e-06
trpo_noise,0.327,60,0.98911060437646,0.9863882554705753,1.888678585552154e-05
trpo_noise,0.328,60,0.9893271632088398,0.9866589540110495,2.1552396985343937e-05
trpo_noise,0.329,60,0.9899990891040334,0.9874988613800416,1.594608468545066e-05
trpo_noise,0.33,60,0.989798030629049,0.9872475382863116,1.3964031334096386e-05
trpo_noise,0.331,60,0.9896648832950796,0.9870811041188492,1.2757773073140918e-05
trpo_noise,0.332,60,0.989661964289251,0.9870774553615639,2.0385714022325876e-05
trpo_noise,0.333,60,0.9883303960079668,0.9854129950099584,1.6806745557281962e-05
trpo_noise,0.334,60,0.9889680506963888,0.986210063370486,1.69018617165734e-05
trpo_noise,0.335,60,0.9893622715081151,0.9867028393851437,1.8188670447926078e-05
trpo_noise,0.336,60,0.9897171691144658,0.9871464613930823,1.7344256375490612e-05
trpo_noise,0.337,60,0.9890764044749775,0.9863455055937217,1.5393283265957826e-05
trpo_noise,0.338,60,0.9892491870020432,0.986561483752554,2.0267174043423534e-05
trpo_noise,0.339,60,0.9894287404466002,0.9867859255582502,2.0605212029050225e-05
trpo_noise,0.34,60,0.9895142840001182,0.9868928550001478,1.2355083999773779e-05
trpo_noise,0.341,60,0.9892029707420819,0.9865037134276022,2.0309968107649274e-05
trpo_noise,0.342,60,0.9887071879241045,0.9858839849051309,1.66272132958747e-05
trpo_noise,0.343,60,0.989544995567513,0.9869312444593912,1.7091263031898555e-05
trpo_noise,0.344,60,0.9890956088790595,0.9863695110988241,1.9213684809189343e-05
trpo_noise,0.345,60,0.9883426147704203,0.9854282684630256,2.4329774420584162e-05
trpo_noise,0.346,60,0.9887804293138029,0.9859755366422537,1.8925925901853688e-05
trpo_noise,0.347,60,0.9887794530577617,0.9859743163222021,2.42619599960455e-05
trpo_noise,0.348,60,0.9886435405463552,0.9858044256829441,1.6802039099749967e-05
trpo_noise,0.349,60,0.9889160085776777,0.9861450107220969,1.9083861725490345e-05
trpo_noise,0.35,60,0.9884354489125834,0.9855443111407288,2.1793482996722468e-05
trpo_noise,0.351,60,0.9885094253939375,0.9856367817424221,2.5230513780128096e-05
trpo_noise,0.352,60,0.9898057156039706,0.9872571445049634,1.4672007186865123e-05
trpo_noise,0.353,60,0.989853287938415,0.9873166099230184,1.6942179663033835e-05
trpo_noise,0.354,60,0.9885405480705309,0.9856756850881635,2.395052509614097e-05
trpo_noise,0.355,60,0.9888446333596352,0.986055791699544,1.6988267210295642e-05
trpo_noise,0.356,60,0.9884579867090288,0.9855724833862857,2.0102943718658604e-05
trpo_noise,0.357,60,0.9893339727799131,0.9866674659748911,1.9413104661276972e-05
trpo_noise,0.358,60,0.9898248578283848,0.9872810722854809,1.8572510721749154e-05
trpo_noise,0.359,60,0.9892828579363091,0.9866035724203865,2.8558355070512184e-05
trpo_noise,0.36,60,0.9885331286021469,0.9856664107526836,2.5956662355079614e-05
trpo_noise,0.361,60,0.9886461714570145,0.985807714321268,1.880629718967193e-05
trpo_noise,0.362,60,0.9888128757314503,0.9860160946643131,1.4235840340900991e-05
trpo_noise,0.363,60,0.9890548022910256,0.986318502863782,2.1297206183237523e-05
trpo_noise,0.364,60,0.9889376540175285,0.9861720675219107,1.4616279904952962e-05
trpo_noise,0.365,60,0.9890696434749411,0.9863370543436762,1.9169400484677446e-05
trpo_noise,0.366,60,0.9882246936338108,0.9852808670422634,3.645569659748256e-05
trpo_noise,0.367,60,0.9887909149237072,0.9859886436546338,2.2814620982502418e-05
trpo_noise,0.368,60,0.9880465874302097,0.9850582342877625,2.7637499698981286e-05
trpo_noise,0.369,60,0.9885748259861199,0.9857185324826501,1.8297130648619156e-05
trpo_noise,0.37,60,0.9879357100455579,0.9849196375569474,2.1560795214190538e-05
trpo_noise,0.371,60,0.9887639583558443,0.9859549479448053,3.31192469550858e-05
trpo_noise,0.372,60,0.9884683469950893,0.985585433743862,2.0108926029014335e-05
trpo_noise,0.373,60,0.9872818584385712,0.9841023230482142,2.8258130430526324e-05
trpo_noise,0.374,60,0.9882124080568222,0.9852655100710279,2.4972204853752208e-05
trpo_noise,0.375,60,0.9888696188846453,0.9860870236058065,1.2796659140599113e-05
trpo_noise,0.376,60,0.9888619826710244,0.9860774783387801,2.1176834794988377e-05
trpo_noise,0.377,60,0.987997548259008,0.98499693532376,2.4872673868544145e-05
trpo_noise,0.378,60,0.9883440826567867,0.9854301033209832,3.116492534086417e-05
trpo_noise,0.379,60,0.9880039258892142,0.9850049073615179,2.7460956012041847e-05
trpo_noise,0.38,60,0.9887921513963658,0.9859901892454576,2.0504946914519474e-05
trpo_noise,0.381,60,0.9893319327011206,0.9866649158764004,1.7320207952990067e-05
trpo_noise,0.382,60,0.9878421588516174,0.9848026985645216,3.0849673803889565e-05
trpo_noise,0.383,60,0.9890923220905823,0.9863654026132277,1.8551588347705613e-05
trpo_noise,0.384,60,0.9886742882957418,0.9858428603696773,2.0466526589325076e-05
trpo_noise,0.385,60,0.9890018663402179,0.9862523329252725,2.2542584435101654e-05
trpo_noise,0.386,60,0.988396836445631,0.9854960455570386,2.2719670259035936e-05
trpo_noise,0.387,60,0.989158210668565,0.986447763335706,1.945085762329944e-05
trpo_noise,0.388,60,0.9887125637624206,0.9858907047030255,2.418143159255157e-05
trpo_noise,0.389,60,0.9872166111212746,0.9840207639015931,2.312661002229062e-05
trpo_noise,0.39,60,0.9880843213662592,0.9851054017078241,1.7548484124022367e-05
trpo_noise,0.391,60,0.9878979700436233,0.9848724625545292,2.2963648993972668e-05
trpo_noise,0.392,60,0.9875516339474372,0.9844395424342963,3.5886875857993176e-05
trpo_noise,0.393,60,0.9878710184430735,0.9848387730538416,2.828020815540377e-05
trpo_noise,0.394,60,0.9877782804401178,0.9847228505501473,2.8633694601952384e-05
trpo_noise,0.395,60,0.9880588209556393,0.9850735261945489,1.7907903740779132e-05
trpo_noise,0.396,60,0.9881888721849301,0.9852360902311622,2.4132889476074706e-05
trpo_noise,0.397,60,0.9879543623862376,0.9849429529827968,2.834204036584766e-05
trpo_noise,0.398,60,0.9878896607355703,0.9848620759194628,2.2915269924319533e-05
trpo_noise,0.399,60,0.9873704809466247,0.984213101183281,2.7765862701815546e-05
trpo_noise,0.4,60,0.9879525032024681,0.9849406290030848,2.510663186440552e-05
trpo_noise,0.401,60,0.988382970908845,0.985478713636056,2.7664752349409204e-05
trpo_noise,0.402,60,0.9875092144853564,0.9843865181066956,2.7971019702410168e-05
trpo_noise,0.403,60,0.9890319324915904,0.9862899156144881,2.886268308940387e-05
trpo_noise,0.404,60,0.9884164128203914,0.9855205160254894,2.472635463399086e-05
trpo_noise,0.405,60,0.9881597519819684,0.9851996899774605,2.1073023605542694e-05
trpo_noise,0.406,60,0.9871406282023835,0.9839257852529791,3.0980832142905816e-05
trpo_noise,0.407,60,0.9885568168089574,0.9856960210111967,3.222069208540718e-05
trpo_noise,0.408,60,0.9876574380343399,0.9845717975429252,2.8418586635809016e-05
trpo_noise,0.409,60,0.9881670868707477,0.9852088585884345,2.4447004709006525e-05
trpo_noise,0.41,60,0.9874687550701702,0.9843359438377125,3.9280262826535956e-05
trpo_noise,0.411,60,0.9881672178709939,0.9852090223387424,1.8209819911416235e-05
trpo_noise,0.412,60,0.9877597985394015,0.9846997481742519,2.0235231241585703e-05
trpo_noise,0.413,60,0.9881143720420756,0.9851429650525945,3.081595747010141e-05
trpo_noise,0.414,60,0.9879159418099314,0.9848949272624146,2.880944160645279e-05
trpo_noise,0.415,60,0.9863212837814523,0.982901604726815,3.899575105082728e-05
trpo_noise,0.416,60,0.9876219444146888,0.9845274305183609,2.2683648337871826e-05
trpo_noise,0.417,60,0.988077619008342,0.9850970237604274,2.4932475807610608e-05
trpo_noise,0.418,60,0.9874121952892239,0.9842652441115298,2.7829525617129317e-05
trpo_noise,0.419,60,0.987147984473101,0.9839349805913762,2.276439439386225e-05
trpo_noise,0.42,60,0.9883793554276888,0.985474194284611,1.9563373688271898e-05
trpo_noise,0.421,60,0.9872283360846407,0.984035420105801,2.6110772575537333e-05
trpo_noise,0.422,60,0.9884174976630302,0.9855218720787879,2.2506603467371175e-05
trpo_noise,0.423,60,0.9875235509376155,0.984404438672019,1.870800040022782e-05
trpo_noise,0.424,60,0.9861909718858751,0.9827387148573439,3.736305005006631e-05
trpo_noise,0.425,60,0.9851659092328835,0.981457386541104,4.766192939798214e-05
trpo_noise,0.426,60,0.9874404076002912,0.9843005095003635,2.9546617194046655e-05
trpo_noise,0.427,60,0.9872454538244892,0.9840568172806115,4.686099848889708e-05
trpo_noise,0.428,60,0.9866288309840945,0.9832860387301179,3.408164057424178e-05
trpo_noise,0.429,60,0.9876200397815783,0.984525049726973,2.7232874043116532e-05
trpo_noise,0.43,60,0.9877130627392477,0.9846413284240594,2.3218905302968777e-05
trpo_noise,0.431,60,0.9868337076809767,0.9835421346012211,3.974342218530033e-05
trpo_noise,0.432,60,0.9877834301870156,0.9847292877337694,2.5663373776001796e-05
trpo_noise,0.433,60,0.9866716530442059,0.9833395663052573,3.256274127668234e-05
trpo_noise,0.434,60,0.9875677042005077,0.9844596302506348,3.3248094766917266e-05
trpo_noise,0.435,60,0.9878657350131045,0.9848321687663806,2.546436090934438e-05
trpo_noise,0.436,60,0.9876916086247061,0.9846145107808827,2.8446015868353064e-05
trpo_noise,0.437,60,0.9870685259108488,0.9838356573885608,3.783514073907138e-05
trpo_noise,0.438,60,0.9874267717572277,0.9842834646965348,2.5017948381096394e-05
trpo_noise,0.439,60,0.9872273351496912,0.9840341689371138,2.742188602578873e-05
trpo_noise,0.44,60,0.9873918206379845,0.9842397757974806,2.2364308352755437e-05
trpo_noise,0.441,60,0.9868008379642141,0.9835010474552675,3.278057206766983e-05
trpo_noise,0.442,60,0.9870163588367433,0.9837704485459291,2.3664930031357444e-05
trpo_noise,0.443,60,0.9867344111233749,0.9834180139042188,3.497885749569078e-05
trpo_noise,0.444,60,0.9880923707579172,0.9851154634473963,3.018471651639154e-05
trpo_noise,0.445,60,0.9867120237317348,0.9833900296646685,3.881626494874051e-05
trpo_noise,0.446,60,0.9859339452243916,0.9824174315304892,4.6094582182784284e-05
trpo_noise,0.447,60,0.9858904609495541,0.9823630761869427,3.953704152752356e-05
trpo_noise,0.448,60,0.9861845374424377,0.9827306718030472,4.1692396396800976e-05
trpo_noise,0.449,60,0.9854151408834455,0.9817689261043067,4.221178980348505e-05
trpo_noise,0.45,60,0.9867615832319476,0.9834519790399343,2.5112270375962605e-05
trpo_noise,0.451,60,0.986439827996157,0.9830497849951964,2.9895836069768953e-05
trpo_noise,0.452,60,0.9871454467008512,0.9839318083760641,2.6261482477884083e-05
trpo_noise,0.453,60,0.9862111167684123,0.9827638959605152,3.14959892492268e-05
trpo_noise,0.454,60,0.9875751860380175,0.9844689825475218,4.137263460814926e-05
trpo_noise,0.455,60,0.9880020532253305,0.9850025665316628,2.173382355735209e-05
trpo_noise,0.456,60,0.9872075698928436,0.9840094623660545,3.899883973504563e-05
trpo_noise,0.457,60,0.9863465198917747,0.9829331498647185,4.176836282526029e-05
trpo_noise,0.458,60,0.9864284785021451,0.9830355981276815,2.5113328945991795e-05
trpo_noise,0.459,60,0.9865151324864616,0.9831439156080771,4.1738615673603265e-05
trpo_noise,0.46,60,0.9865174157108456,0.9831467696385566,2.6385857015955397e-05
trpo_noise,0.461,60,0.9865279010137432,0.9831598762671788,3.8246861918910464e-05
trpo_noise,0.462,60,0.9866177930546147,0.9832722413182685,2.9451610385554922e-05
trpo_noise,0.463,60,0.9864446537876997,0.9830558172346244,3.712165732290167e-05
trpo_noise,0.464,60,0.9865452202819107,0.9831815253523887,4.5389913668935366e-05
trpo_noise,0.465,60,0.9859849098663265,0.9824811373329083,4.274881654106488e-05
trpo_noise,0.466,60,0.9862746789045357,0.9828433486306697,2.9836878667893646e-05
trpo_noise,0.467,60,0.9852062173476842,0.9815077716846052,3.0998671033196264e-05
trpo_noise,0.468,60,0.9869469932375794,0.9836837415469741,3.104856809834337e-05
trpo_noise,0.469,60,0.9862567977447487,0.9828209971809361,5.0109983876289736e-05
trpo_noise,0.47,60,0.9851572831495606,0.9814466039369506,4.849626578174778e-05
trpo_noise,0.471,60,0.9869948065468415,0.9837435081835516,3.955759826559504e-05
trpo_noise,0.472,60,0.9874199726554832,0.984274965819354,3.3454823366566125e-05
trpo_noise,0.473,60,0.9860561946127189,0.9825702432658984,3.667466237675999e-05
trpo_noise,0.474,60,0.9859016881186492,0.9823771101483115,4.469121056355513e-05
trpo_noise,0.475,60,0.9861339191952201,0.982667398994025,3.9297241075840056e-05
trpo_noise,0.476,60,0.9852896354660263,0.9816120443325328,4.769692015626922e-05
trpo_noise,0.477,60,0.9851716697318125,0.9814645871647657,4.014698276897511e-05
trpo_noise,0.478,60,0.9865107141432269,0.9831383926790337,3.1312735565105103e-05
trpo_noise,0.479,60,0.9860893912637384,0.9826117390796728,4.681827691198269e-05
trpo_noise,0.48,60,0.9857794136863071,0.9822242671078835,4.7334902395072144e-05
trpo_noise,0.481,60,0.9851280706518808,0.9814100883148508,3.782491333450353e-05
trpo_noise,0.482,60,0.9856337802713369,0.982042225339171,3.83240734337556e-05
trpo_noise,0.483,60,0.9865177428191338,0.983147178523917,4.5664971697618116e-05
trpo_noise,0.484,60,0.9850981299331185,0.9813726624163982,3.31930101651137e-05
trpo_noise,0.485,60,0.984396254374183,0.9804953179677286,7.292673008880526e-05
trpo_noise,0.486,60,0.9853495686173281,0.9816869607716598,3.762815987850339e-05
trpo_noise,0.487,60,0.9855391182071926,0.9819238977589908,4.8224358292773113e-05
trpo_noise,0.488,60,0.9856437026756251,0.9820546283445314,6.747430406173426e-05
trpo_noise,0.489,60,0.9859509190922048,0.9824386488652556,3.963319959314359e-05
trpo_noise,0.49,60,0.9862263569774742,0.9827829462218426,3.609115266499339e-05
trpo_noise,0.491,60,0.9863087692726321,0.98288596159079,3.2099331891876434e-05
trpo_noise,0.492,60,0.9858377638834089,0.982297204854261,4.331929505332963e-05
trpo_noise,0.493,60,0.9860253852614435,0.9825317315768042,3.4962806797009255e-05
trpo_noise,0.494,60,0.9861246281113257,0.9826557851391573,4.217946327048489e-05
trpo_noise,0.495,60,0.9853935659784355,0.9817419574730444,4.5653648218275455e-05
trpo_noise,0.496,60,0.9856711433826878,0.9820889292283596,4.403728416938899e-05
trpo_noise,0.497,60,0.984803885126723,0.9810048564084037,3.658366291978281e-05
trpo_noise,0.498,60,0.9857180715180761,0.9821475893975948,4.628275464081561e-05
trpo_noise,0.499,60,0.9857555994629863,0.9821944993287329,3.2885472060928603e-05
trpo_noise,0.5,60,0.9855051379529267,0.9818814224411583,3.7330084330800654e-05
trpo_noise,0.501,60,0.9867073332100029,0.9833841665125036,3.791835926831849e-05
trpo_noise,0.502,60,0.9844906485886359,0.9806133107357948,2.8053183148484863e-05
trpo_noise,0.503,60,0.986024014724622,0.9825300184057774,3.768394436848081e-05
trpo_noise,0.504,60,0.9862272170043724,0.9827840212554655,4.020272796042547e-05
trpo_noise,0.505,60,0.9847825258586096,0.9809781573232617,4.51193815633818e-05
trpo_noise,0.506,60,0.9857353988453451,0.9821692485566812,5.487329866614823e-05
trpo_noise,0.507,60,0.9831225917901858,0.9789032397377324,5.939121380111313e-05
trpo_noise,0.508,60,0.9853053896973472,0.9816317371216837,4.220193355461654e-05
trpo_noise,0.509,60,0.9853198386192814,0.9816497982741017,5.452100614592287e-05
trpo_noise,0.51,60,0.9844497869971097,0.980562233746387,4.467366401108923e-05
trpo_noise,0.511,60,0.9840776143825842,0.9800970179782305,6.359159065252642e-05
trpo_noise,0.512,60,0.9856415895768548,0.9820519869710684,4.313693772965069e-05
trpo_noise,0.513,60,0.9857022969683955,0.9821278712104945,4.624019348016155e-05
trpo_noise,0.514,60,0.9842344316769989,0.9802930395962488,6.447205528891852e-05
trpo_noise,0.515,60,0.9847782771207453,0.9809728464009317,6.0036555254426536e-05
trpo_noise,0.516,60,0.9855324871599986,0.9819156089499985,4.6366489417905294e-05
trpo_noise,0.517,60,0.9863405871273928,0.9829257339092408,2.7490711676843402e-05
trpo_noise,0.518,60,0.9837369190243948,0.9796711487804936,5.307431843960296e-05
trpo_noise,0.519,60,0.9857056566041135,0.9821320707551418,2.572833681967555e-05
trpo_noise,0.52,60,0.9856834423615336,0.982104302951917,5.6010771136199845e-05
trpo_noise,0.521,60,0.9851125766847368,0.9813907208559213,3.657898361064458e-05
trpo_noise,0.522,60,0.9860070414008739,0.9825088017510919,3.4898717005136284e-05
trpo_noise,0.523,60,0.9868170533761511,0.9835213167201889,4.346180306870596e-05
trpo_noise,0.524,60,0.9851130765645664,0.9813913457057082,3.56231426282703e-05
trpo_noise,0.525,60,0.9842229739090493,0.9802787173863113,4.892524720785066e-05
trpo_noise,0.526,60,0.984168983210071,0.9802112290125885,4.5166382526053396e-05
trpo_noise,0.527,60,0.9844552851308536,0.9805691064135669,4.1295232678983025e-05
trpo_noise,0.528,60,0.9839991355657043,0.9799989194571306,4.905893948589842e-05
trpo_noise,0.529,60,0.9843391975975533,0.9804239969969414,5.156277529754835e-05
trpo_noise,0.53,60,0.9855114503987998,0.9818893129984997,5.4049738911445665e-05
trpo_noise,0.531,60,0.9855057684346442,0.981882210543305,4.641227318780917e-05
trpo_noise,0.532,60,0.9847736900507637,0.9809671125634545,5.7149679398203065e-05
trpo_noise,0.533,60,0.9834632855640848,0.9793291069551062,6.917782290893124e-05
trpo_noise,0.534,60,0.9831764574294021,0.9789705717867526,4.883760044657576e-05
trpo_noise,0.535,60,0.9829317087323486,0.9786646359154356,7.063265328445367e-05
trpo_noise,0.536,60,0.9858242591028441,0.9822803238785554,4.2583408556116986e-05
trpo_noise,0.537,60,0.9841614934301153,0.980201866787644,6.073197077855801e-05
trpo_noise,0.538,60,0.9854201907564614,0.9817752384455767,5.09736083581172e-05
trpo_noise,0.539,60,0.9842503124755876,0.9803128905944843,3.836655102581521e-05
trpo_noise,0.54,60,0.9839577888032965,0.9799472360041205,6.539335974653938e-05
trpo_noise,0.541,60,0.9844734332841274,0.9805917916051594,4.161737337399463e-05
trpo_noise,0.542,60,0.9848255085509067,0.9810318856886332,5.1239161651762216e-05
trpo_noise,0.543,60,0.9834910387501336,0.9793637984376671,6.227861465444961e-05
trpo_noise,0.544,60,0.983714345259703,0.9796429315746286,8.256097284088396e-05
trpo_noise,0.545,60,0.9844348875656719,0.9805436094570898,4.481420953938208e-05
trpo_noise,0.546,60,0.9843490393858622,0.9804362992323278,5.743774958167346e-05
trpo_noise,0.547,60,0.9851707764001753,0.9814634705002191,5.6309176294994823e-05
trpo_noise,0.548,60,0.9845194317757011,0.9806492897196264,4.373617987199959e-05
trpo_noise,0.549,60,0.9833490410372939,0.9791863012966174,5.8998783275698235e-05
trpo_noise,0.55,60,0.9835889447406937,0.9794861809258671,4.621531556237205e-05
trpo_noise,0.551,60,0.9847233949534648,0.9809042436918308,4.8884456916560036e-05
trpo_noise,0.552,60,0.983741293421108,0.9796766167763853,5.179239591395159e-05
trpo_noise,0.553,60,0.98394904628383,0.9799363078547876,6.019397644724375e-05
trpo_noise,0.554,60,0.9838237133273217,0.9797796416591521,5.814350723227053e-05
trpo_noise,0.555,60,0.9837913301786941,0.9797391627233675,8.566154993267231e-05
trpo_noise,0.556,60,0.9836981633683133,0.9796227042103918,7.313776489657354e-05
trpo_noise,0.557,60,0.983906092950901,0.9798826161886262,6.295598170159893e-05
trpo_noise,0.558,60,0.983436539089664,0.97929567386208,4.882785648048924e-05
trpo_noise,0.559,60,0.9840035691522669,0.9800044614403336,5.458491298792317e-05
trpo_noise,0.56,60,0.9828902556014347,0.9786128195017935,5.92879213167144e-05
trpo_noise,0.561,60,0.9837771960646648,0.9797214950808308,4.4345552092640346e-05
trpo_noise,0.562,60,0.984303281004754,0.9803791012559423,6.533687556120168e-05
trpo_noise,0.563,60,0.9834162243988367,0.9792702804985457,6.620339406964409e-05
trpo_noise,0.564,60,0.984835763114909,0.981044703893636,8.03665662460938e-05
trpo_noise,0.565,60,0.9844138573455595,0.9805173216819493,5.720814334408196e-05
trpo_noise,0.566,60,0.9840580011005052,0.9800725013756316,4.9761843974243905e-05
trpo_noise,0.567,60,0.9829351299462522,0.9786689124328152,5.3879184564900266e-05
trpo_noise,0.568,60,0.9835593786785432,0.9794492233481792,5.767463001954513e-05
trpo_noise,0.569,60,0.9832874820686981,0.9791093525858724,3.2983763418573724e-05
trpo_noise,0.57,60,0.9823603617314117,0.9779504521642646,6.605432997323197e-05
trpo_noise,0.571,60,0.9835502992380134,0.9794378740475164,5.023070275782397e-05
trpo_noise,0.572,60,0.9833264852112216,0.979158106514027,4.880448755725572e-05
trpo_noise,0.573,60,0.9830367073755787,0.9787958842194734,5.7700148083650885e-05
trpo_noise,0.574,60,0.9838574417127272,0.9798218021409089,4.774642318702642e-05
trpo_noise,0.575,60,0.9836419049898693,0.9795523812373367,6.597776417711347e-05
trpo_noise,0.576,60,0.9825610883851245,0.9782013604814054,7.913767784219298e-05
trpo_noise,0.577,60,0.9824142482738814,0.9780178103423519,5.0399130348107995e-05
trpo_noise,0.578,60,0.9826056344263701,0.9782570430329625,6.682601944640751e-05
trpo_noise,0.579,60,0.9838632239305213,0.9798290299131515,4.2443940679892135e-05
trpo_noise,0.58,60,0.9832088669225251,0.9790110836531566,6.193527306774021e-05
trpo_noise,0.581,60,0.9829861102002729,0.978732637750341,4.6600210568795745e-05
trpo_noise,0.582,60,0.9818498958158065,0.9773123697697584,6.13889182504084e-05
trpo_noise,0.583,60,0.9808291904667282,0.9760364880834103,7.751964581721859e-05
trpo_noise,0.584,60,0.9824869589406202,0.9781086986757753,6.244686510331871e-05
trpo_noise,0.585,60,0.9829766024049935,0.978720753006242,6.257963541841668e-05
trpo_noise,0.586,60,0.9829172913058202,0.9786466141322755,7.402585852932505e-05
trpo_noise,0.587,60,0.9814045957712827,0.9767557447141036,7.644967124005193e-05
trpo_noise,0.588,60,0.9833478765498885,0.9791848456873605,8.038483249796142e-05
trpo_noise,0.589,60,0.9829288065688602,0.9786610082110754,7.009411792039755e-05
trpo_noise,0.59,60,0.9822212888033214,0.9777766110041519,7.394007057748438e-05
trpo_noise,0.591,60,0.9830046180470721,0.97875577255884,5.4539107409354225e-05
trpo_noise,0.592,60,0.9811760309531536,0.9764700386914419,7.291524057328287e-05
trpo_noise,0.593,60,0.9812032120334939,0.9765040150418671,8.407400261016898e-05
trpo_noise,0.594,60,0.9820860034328434,0.9776075042910538,6.192059328605263e-05
trpo_noise,0.595,60,0.9812614676797633,0.976576834599704,7.892638487336457e-05
trpo_noise,0.596,60,0.9820629394685704,0.9775786743357132,6.304608064488925e-05
trpo_noise,0.597,60,0.9823576775919302,0.9779470969899123,7.067069483254095e-05
trpo_noise,0.598,60,0.9822158816263266,0.9777698520329082,6.816310830951742e-05
trpo_noise,0.599,60,0.9817156964067281,0.9771446205084099,6.012134134828222e-05
trpo_noise,0.6,60,0.9821763732674129,0.9777204665842661,7.334564121052403e-05
trpo_noise,0.601,60,0.9827714357932789,0.9784642947415986,6.242236937143766e-05
trpo_noise,0.602,60,0.9829846352370982,0.9787307940463728,6.383126892277126e-05
trpo_noise,0.603,60,0.9819867359587034,0.9774834199483792,7.754812500517868e-05
trpo_noise,0.604,60,0.9813039825007792,0.9766299781259742,8.041995566887259e-05
trpo_noise,0.605,60,0.9830995951535674,0.978874493941959,6.237611241767569e-05
trpo_noise,0.606,60,0.9818216902468017,0.9772771128085022,8.130439451689977e-05
trpo_noise,0.607,60,0.9834378772522122,0.979297346565265,6.18857861050674e-05
trpo_noise,0.608,60,0.9817889747714201,0.977236218464275,8.922891153047951e-05
trpo_noise,0.609,60,0.9823217642640192,0.9779022053300239,5.8942996780345085e-05
trpo_noise,0.61,60,0.9825994415565159,0.978249301945645,8.186724342412552e-05
trpo_noise,0.611,60,0.9809663320767907,0.9762079150959886,7.40642545979372e-05
trpo_noise,0.612,60,0.9827624031717369,0.9784530039646712,7.417949067596443e-05
trpo_noise,0.613,60,0.9822644430400367,0.9778305538000455,8.87191461374777e-05
trpo_noise,0.614,60,0.9825947780854023,0.9782434726067532,7.334101645506847e-05
trpo_noise,0.615,60,0.9827226674611342,0.9784033343264179,6.121875577327188e-05
trpo_noise,0.616,60,0.9819490984960407,0.9774363731200512,7.515790185522698e-05
trpo_noise,0.617,60,0.982858096893716,0.9785726211171446,5.963446956023102e-05
trpo_noise,0.618,60,0.9813873899999939,0.9767342374999927,8.794255301298937e-05
trpo_noise,0.619,60,0.9808114675677896,0.9760143344597371,6.696960893813428e-05
trpo_noise,0.62,60,0.9813870382476054,0.9767337978095066,8.657601022390096e-05
trpo_noise,0.621,60,0.9822567623535268,0.9778209529419084,5.4694467606269896e-05
trpo_noise,0.622,60,0.9810947049774562,0.9763683812218201,9.040538092299885e-05
trpo_noise,0.623,60,0.9812677003577422,0.9765846254471776,7.459356339190078e-05
trpo_noise,0.624,60,0.9826181610851368,0.9782727013564207,5.228563028620009e-05
trpo_noise,0.625,60,0.982899803975176,0.9786247549689702,4.633269188758519e-05
trpo_noise,0.626,60,0.9796852588283415,0.9746065735354269,8.15066853542682e-05
trpo_noise,0.627,60,0.9813491511623287,0.9766864389529106,6.234365993254594e-05
trpo_noise,0.628,60,0.981895873522279,0.9773698419028486,0.00011211279766317085
trpo_noise,0.629,60,0.9812061677834745,0.9765077097293433,7.912673958770725e-05
trpo_noise,0.63,60,0.9806342347954952,0.975792793494369,0.00010182994875334968
trpo_noise,0.631,60,0.9812377648297194,0.976547206037149,7.790918042764106e-05
trpo_noise,0.632,60,0.9808187133747058,0.9760233917183824,9.676737330039878e-05
trpo_noise,0.633,60,0.9821179702499698,0.9776474628124625,0.00011423838426031889
trpo_noise,0.634,60,0.9799593218084017,0.974949152260502,0.00011018469618047064
trpo_noise,0.635,60,0.9821369822790338,0.9776712278487925,9.883037774044751e-05
trpo_noise,0.636,60,0.9797382890236541,0.9746728612795673,6.679345324442177e-05
trpo_noise,0.637,60,0.9815002119608578,0.976875264951072,9.280495646907416e-05
trpo_noise,0.638,60,0.9821930402401146,0.9777413003001431,5.636911322267886e-05
trpo_noise,0.639,60,0.9808514053015746,0.9760642566269684,7.423306500319683e-05
trpo_noise,0.64,60,0.9785588684129941,0.9731985855162427,0.00012644898396656738
trpo_noise,0.641,60,0.9801831191726557,0.9752288989658198,0.00010812341053969041
trpo_noise,0.642,60,0.9799813493951565,0.9749766867439457,0.00010446033650575986
trpo_noise,0.643,60,0.9828185513387558,0.9785231891734447,8.47979661277125e-05
trpo_noise,0.644,60,0.9804186882301181,0.9755233602876475,7.708526415586694e-05
trpo_noise,0.645,60,0.9809509005911651,0.9761886257389565,6.605848712903897e-05
trpo_noise,0.646,60,0.9804062040950994,0.9755077551188743,7.533718805245132e-05
trpo_noise,0.647,60,0.9809761330344696,0.976220166293087,9.172410368288767e-05
trpo_noise,0.648,60,0.9805803736327974,0.9757254670409968,8.371011502275813e-05
trpo_noise,0.649,60,0.9808700609553676,0.9760875761942093,9.073177779501795e-05
trpo_noise,0.65,60,0.9805438474899625,0.9756798093624529,0.00012241385791648347
trpo_noise,0.651,60,0.9814504762154705,0.9768130952693383,0.00010741367064759408
trpo_noise,0.652,60,0.9803360704036929,0.9754200880046161,9.64677719303826e-05
trpo_noise,0.653,60,0.9800434460277074,0.9750543075346343,8.652216730523581e-05
trpo_noise,0.654,60,0.980992139307198,0.9762401741339974,8.294646464410455e-05
trpo_noise,0.655,60,0.9808212509802301,0.9760265637252876,9.369992893254433e-05
trpo_noise,0.656,60,0.9798581427512236,0.9748226784390296,0.000121102220594406
trpo_noise,0.657,60,0.9794683261051027,0.9743354076313786,0.00013212969368530742
trpo_noise,0.658,60,0.9790445904318075,0.9738057380397592,8.244134011446153e-05
trpo_noise,0.659,60,0.9812248796478592,0.9765310995598242,6.427398104431816e-05
trpo_noise,0.66,60,0.9795044772068664,0.9743805965085831,7.111048600248045e-05
trpo_noise,0.661,60,0.9808474169994459,0.9760592712493075,9.834495960637484e-05
trpo_noise,0.662,60,0.9806625398451534,0.9758281748064418,8.92674019072197e-05
trpo_noise,0.663,60,0.980694180745949,0.9758677259324364,6.837718624049324e-05
trpo_noise,0.664,60,0.9806764866791391,0.9758456083489235,8.755503559270345e-05
trpo_noise,0.665,60,0.9798586059216199,0.974823257402025,6.212042624760202e-05
trpo_noise,0.666,60,0.9794319097144485,0.9742898871430604,0.0001178820287035145
trpo_noise,0.667,60,0.9802755252465936,0.9753444065582416,0.00011026091772127345
trpo_noise,0.668,60,0.9788816083568659,0.9736020104460825,9.620467990250383e-05
trpo_noise,0.669,60,0.9817622600670521,0.9772028250838151,4.895014410001424e-05
trpo_noise,0.67,60,0.9786072541218358,0.9732590676522946,0.00014570685836997355
trpo_noise,0.671,60,0.9801724247843417,0.975215530980427,0.00012094902844285302
trpo_noise,0.672,60,0.9795862210088416,0.9744827762610523,9.501608333944805e-05
trpo_noise,0.673,60,0.979864645224179,0.9748308065302241,9.503075935003121e-05
trpo_noise,0.674,60,0.9788486294562152,0.973560786820269,0.00012007773113093398
trpo_noise,0.675,60,0.9804765949285245,0.9755957436606554,6.951555639779398e-05
trpo_noise,0.676,60,0.9783690323413534,0.9729612904266917,9.875375526733056e-05
trpo_noise,0.677,60,0.9799370021501033,0.9749212526876291,7.99200805671039e-05
trpo_noise,0.678,60,0.9793123701658826,0.9741404627073533,8.488116931229472e-05
trpo_noise,0.679,60,0.9792515358712844,0.9740644198391055,0.00012398632130734762
trpo_noise,0.68,60,0.9814934697903092,0.9768668372378865,9.37147706434121e-05
trpo_noise,0.681,60,0.9794241621911554,0.9742802027389442,8.084076330673239e-05
trpo_noise,0.682,60,0.9807087447486875,0.9758859309358593,9.887717533557243e-05
trpo_noise,0.683,60,0.9771896906619699,0.9714871133274623,0.00015321897055420314
trpo_noise,0.684,60,0.9788622375676148,0.9735777969595186,0.00013647045983422734
trpo_noise,0.685,60,0.9783398123832276,0.9729247654790345,0.00010307566310089571
trpo_noise,0.686,60,0.981543013397009,0.9769287667462611,9.176378445928895e-05
trpo_noise,0.687,60,0.9795701024415081,0.974462628051885,0.00013767129704031378
trpo_noise,0.688,60,0.9793312851835106,0.9741641064793882,9.772826871477469e-05
trpo_noise,0.689,60,0.9770616304205678,0.9713270380257096,0.00015961431106072352
trpo_noise,0.69,60,0.9786774367872646,0.9733467959840809,0.0001137991953348176
trpo_noise,0.691,60,0.9790541866040314,0.9738177332550393,0.00010266731071410066
trpo_noise,0.692,60,0.9801265173332845,0.9751581466666054,9.984878281601238e-05
trpo_noise,0.693,60,0.9794056825022941,0.9742571031278674,0.00012015919671178603
trpo_noise,0.694,60,0.9786851727416285,0.9733564659270357,7.982587143812751e-05
trpo_noise,0.695,60,0.9780302818708155,0.9725378523385191,0.00011521937194081418
trpo_noise,0.696,60,0.9817602315250984,0.977200289406373,5.400776011993328e-05
trpo_noise,0.697,60,0.9807651398019271,0.9759564247524088,9.7580063312918e-05
trpo_noise,0.698,60,0.9781745261004233,0.9727181576255292,0.00010228150927881098
trpo_noise,0.699,60,0.9784432900106617,0.9730541125133271,9.447499005470665e-05
trpo_noise,0.7,60,0.9769714143233963,0.9712142679042451,0.00018487946829537813
trpo_noise,0.701,60,0.9788055740505327,0.973506967563166,0.00010446175770084934
trpo_noise,0.702,60,0.9785581211273282,0.9731976514091604,0.0001282802908662582
trpo_noise,0.703,60,0.9780923484934562,0.9726154356168202,7.916945184572651e-05
trpo_noise,0.704,60,0.9778594984766876,0.9723243730958594,0.00012613963628328292
trpo_noise,0.705,60,0.977470942719755,0.971838678399694,0.00016216968703085876
trpo_noise,0.706,60,0.9776213774033007,0.9720267217541259,0.0001318924155247411
trpo_noise,0.707,60,0.9804809049152923,0.9756011311441152,5.149449850276799e-05
trpo_noise,0.708,60,0.9787861190514694,0.9734826488143365,0.00011420563062192878
trpo_noise,0.709,60,0.9790237819692802,0.9737797274616001,7.747797039993501e-05
trpo_noise,0.71,60,0.9772227992859333,0.9715284991074166,9.683364608554418e-05
trpo_noise,0.711,60,0.9786001271829644,0.9732501589787054,7.532067044223456e-05
trpo_noise,0.712,60,0.9797884823399969,0.9747356029249962,9.25886517581766e-05
trpo_noise,0.713,60,0.976961294273923,0.9712016178424036,0.0001224083672296564
trpo_noise,0.714,60,0.976176831497773,0.9702210393722162,0.00011112154378339559
trpo_noise,0.715,60,0.9775109213694565,0.9718886517118205,8.967737919886553e-05
trpo_noise,0.716,60,0.9786043930819205,0.9732554913524006,7.834683103164359e-05
trpo_noise,0.717,60,0.978948950844832,0.97368618855604,0.00012385137516445543
trpo_noise,0.718,60,0.9776462281076523,0.9720577851345652,9.47270555309168e-05
trpo_noise,0.719,60,0.9769632240654972,0.9712040300818714,0.00014536089040232555
trpo_noise,0.72,60,0.9777872201733978,0.972234025216747,0.00010749109780303187
trpo_noise,0.721,60,0.9763846858271276,0.9704808572839094,0.0001710498584020328
trpo_noise,0.722,60,0.9785448848086319,0.9731811060107897,0.00018462566413334034
trpo_noise,0.723,60,0.9782655080961963,0.9728318851202451,8.195474714965129e-05
trpo_noise,0.724,60,0.9770666672863659,0.9713333341079574,0.0001243275626544969
trpo_noise,0.725,60,0.9786673235013194,0.9733341543766492,0.00011942311736889505
trpo_noise,0.726,60,0.9771394425213185,0.9714243031516482,0.00011774044627635538
trpo_noise,0.727,60,0.9772547032942189,0.9715683791177738,0.00013191042094200318
trpo_noise,0.728,60,0.9770200064130403,0.9712750080163004,0.00017871087620977864
trpo_noise,0.729,60,0.9791209460679628,0.9739011825849536,0.00013346368232151722
trpo_noise,0.73,60,0.9768971247794593,0.9711214059743241,0.0001958430019768586
trpo_noise,0.731,60,0.9770943998051751,0.9713679997564686,0.00013415306916215002
trpo_noise,0.732,60,0.9766322847270225,0.9707903559087783,0.00016188022443074402
trpo_noise,0.733,60,0.9780104088324539,0.9725130110405674,0.00015043555624776923
trpo_noise,0.734,60,0.9778777099609937,0.9723471374512419,9.874653566252492e-05
trpo_noise,0.735,60,0.9775830821375255,0.971978852671907,0.00013141016005741775
trpo_noise,0.736,60,0.9783225047605392,0.9729031309506742,0.00010260247009526033
trpo_noise,0.737,60,0.9760073355297971,0.9700091694122464,0.0001370050009107108
trpo_noise,0.738,60,0.9786720377313313,0.9733400471641639,9.378291255464358e-05
trpo_noise,0.739,60,0.976661918764894,0.9708273984561174,8.579318111739125e-05
trpo_noise,0.74,60,0.9777447435316848,0.9721809294146063,0.00010808494928215876
trpo_noise,0.741,60,0.978551460654394,0.9731893258179926,9.733322440424222e-05
trpo_noise,0.742,60,0.9779469999042129,0.9724337498802662,0.00014948443942016052
trpo_noise,0.743,60,0.9761938451825473,0.9702423064781842,0.00013385405150011812
trpo_noise,0.744,60,0.9750345217106884,0.9687931521383605,0.00013479245708902546
trpo_noise,0.745,60,0.9775184255732109,0.9718980319665137,6.266701990788746e-05
trpo_noise,0.746,60,0.9768889532362679,0.9711111915453349,0.00014673652196687745
trpo_noise,0.747,60,0.9754150634206242,0.9692688292757803,0.0001494929113525575
trpo_noise,0.748,60,0.9748178412309614,0.9685223015387018,0.0001246908666379531
trpo_noise,0.749,60,0.9778953051023738,0.9723691313779673,0.00012057148778756556
trpo_noise,0.75,60,0.9764094608609887,0.9705118260762357,0.00014014582176293208
trpo_noise,0.751,60,0.9782122512550316,0.9727653140687895,0.00014167855666631063
trpo_noise,0.752,60,0.9742948288241398,0.9678685360301745,0.00014301274838447722
trpo_noise,0.753,60,0.9756301353713761,0.9695376692142202,0.00014957526055664713
trpo_noise,0.754,60,0.9774964885781862,0.9718706107227325,0.00013318440220226862
trpo_noise,0.755,60,0.977595389587685,0.9719942369846063,0.0001101669618661573
trpo_noise,0.756,60,0.9774991037432849,0.9718738796791059,8.825037598590496e-05
trpo_noise,0.757,60,0.9762030358254434,0.9702537947818043,0.00017150559253281342
trpo_noise,0.758,60,0.9770878826723177,0.9713598533403973,0.0001375796049524997
trpo_noise,0.759,60,0.9756884933423026,0.9696106166778783,0.00014071963875200437
trpo_noise,0.76,60,0.9766465331049468,0.9708081663811835,0.00010683397575774061
trpo_noise,0.761,60,0.9745400918181768,0.968175114772721,0.00015737744399945598
trpo_noise,0.762,60,0.9759146953535922,0.9698933691919902,0.00012110952586170553
trpo_noise,0.763,60,0.9784269877853081,0.9730337347316352,0.00012907270364507744
trpo_noise,0.764,60,0.9768798256508853,0.9710997820636067,0.00014905631142166523
trpo_noise,0.765,60,0.9766993717624782,0.9708742147030979,0.00015282934620286856
trpo_noise,0.766,60,0.9754101084793568,0.9692626355991958,0.00011345724441965987
trpo_noise,0.767,60,0.9757624170788479,0.9697030213485598,0.00011275517661470467
trpo_noise,0.768,60,0.9765367947710946,0.970670993463868,0.00012697228799882836
trpo_noise,0.769,60,0.9746950365034138,0.9683687956292673,0.00015315421457555553
trpo_noise,0.77,60,0.9774506875878567,0.9718133594848208,8.701701746881949e-05
trpo_noise,0.771,60,0.9752100791651408,0.9690125989564261,0.00011701727443299253
trpo_noise,0.772,60,0.9756417003984478,0.9695521254980598,0.0001416507990109681
trpo_noise,0.773,60,0.9764646711411413,0.9705808389264265,0.00012810484561439232
trpo_noise,0.774,60,0.9747766509302758,0.9684708136628448,0.00016018765963540972
trpo_noise,0.775,60,0.9753645958762936,0.969205744845367,0.00013327081500570241
trpo_noise,0.776,60,0.97866099054725,0.9733262381840626,9.027835539588994e-05
trpo_noise,0.777,60,0.9734691458010737,0.9668364322513423,0.00017323706451103223
trpo_noise,0.778,60,0.9769207127069555,0.971150890883694,0.00010041380313146208
trpo_noise,0.779,60,0.9747826247113225,0.9684782808891532,0.0001517389111051456
trpo_noise,0.78,60,0.9729167819211857,0.966145977401482,0.0002153768368216428
trpo_noise,0.781,60,0.9744990240838258,0.9681237801047822,0.00011229990425530345
trpo_noise,0.782,60,0.976438648245264,0.97054831030658,0.00017141513123282854
trpo_noise,0.783,60,0.9740576381646755,0.9675720477058446,0.00016091183128956498
trpo_noise,0.784,60,0.974128361873095,0.9676604523413687,0.00018765196140558153
trpo_noise,0.785,60,0.9767510727408862,0.9709388409261078,0.00015806418383855085
trpo_noise,0.786,60,0.9752376970825701,0.9690471213532125,0.00012496097153407506
trpo_noise,0.787,60,0.9755695743176602,0.9694619678970752,0.00015977370678809449
trpo_noise,0.788,60,0.9727104981616859,0.9658881227021072,0.00023887584483575644
trpo_noise,0.789,60,0.9745561890624281,0.9681952363280353,0.00015891899671907565
trpo_noise,0.79,60,0.9739620057112955,0.9674525071391193,0.00017409682540505002
trpo_noise,0.791,60,0.9736332669621176,0.9670415837026471,0.00016407864884296827
trpo_noise,0.792,60,0.9755310840940639,0.9694138551175797,0.00011998079993358927
trpo_noise,0.793,60,0.9769772704950415,0.9712215881188015,0.0001190846692860717
trpo_noise,0.794,60,0.9762897183922065,0.9703621479902577,0.00012777595583767098
trpo_noise,0.795,60,0.9742457272423484,0.9678071590529354,0.0001358999470713442
trpo_noise,0.796,60,0.9730109788334587,0.9662637235418233,0.0001663856952805603
trpo_noise,0.797,60,0.9742188480905161,0.9677735601131452,0.0001859286113584119
trpo_noise,0.798,60,0.9732740105053829,0.966592513131729,0.0001861182934100714
trpo_noise,0.799,60,0.975386020763812,0.9692325259547648,0.00011888732840991293
trpo_noise,0.8,60,0.9755774415554366,0.9694718019442957,0.00014356477278780724
trpo_noise,0.801,60,0.9753553074279506,0.9691941342849384,0.00012066086154699209
trpo_noise,0.802,60,0.9743148559155967,0.9678935698944957,0.00016950811511779943
trpo_noise,0.803,60,0.9714294958260908,0.9642868697826135,0.00017147990008842224
trpo_noise,0.804,60,0.9740152590884705,0.9675190738605882,0.00019785842612340157
trpo_noise,0.805,60,0.9729621607444973,0.9662027009306214,0.00018051957023289825
trpo_noise,0.806,60,0.9732815995087496,0.966601999385937,0.0001611558788671489
trpo_noise,0.807,60,0.974083637242255,0.9676045465528185,0.00017056200167343602
trpo_noise,0.808,60,0.9723916237392342,0.9654895296740428,0.00017155118771473748
trpo_noise,0.809,60,0.9743560749203669,0.9679450936504586,0.00013914564424410825
trpo_noise,0.81,60,0.975103679694237,0.9688795996177958,0.0001844771938387072
trpo_noise,0.811,60,0.9747129882451766,0.9683912353064704,0.00021581114733169765
trpo_noise,0.812,60,0.9738943143753268,0.9673678929691586,0.00015964092628140155
trpo_noise,0.813,60,0.9769356674918459,0.9711695843648072,0.00011310265400101956
trpo_noise,0.814,60,0.972900233191168,0.9661252914889601,0.0001256578896508271
trpo_noise,0.815,60,0.9736117350734781,0.9670146688418478,0.00011872109866230179
trpo_noise,0.816,60,0.9714710778170652,0.9643388472713312,0.00022915240908187186
trpo_noise,0.817,60,0.973231002741499,0.9665387534268738,0.00017981768370482922
trpo_noise,0.818,60,0.973867419974193,0.9673342749677413,0.0001536897951177274
trpo_noise,0.819,60,0.972246311742142,0.9653078896776777,0.00016696338260170537
trpo_noise,0.82,60,0.973431872153369,0.966789840191711,0.0001533158693861287
trpo_noise,0.821,60,0.9733896972039207,0.9667371215049008,0.00014862852251729396
trpo_noise,0.822,60,0.9746223838226755,0.9682779797783442,0.0001467385301174144
trpo_noise,0.823,60,0.9738034004804554,0.9672542506005694,0.00014426789213178883
trpo_noise,0.824,60,0.9734929493474556,0.9668661866843195,0.0001805220863535971
trpo_noise,0.825,60,0.9748804924268888,0.9686006155336107,0.00012156758704071866
trpo_noise,0.826,60,0.9735402964378133,0.9669253705472663,0.00019176521787413726
trpo_noise,0.827,60,0.9715962819956628,0.9644953524945786,0.00021544034423176818
trpo_noise,0.828,60,0.9741560241948362,0.9676950302435451,0.00013620182615264653
trpo_noise,0.829,60,0.9721481043404254,0.9651851304255319,0.00017194202959688296
trpo_noise,0.83,60,0.9744622461417315,0.9680778076771646,0.00019294186574218911
trpo_noise,0.831,60,0.973662798176674,0.9670784977208426,0.00017327045185623185
trpo_noise,0.832,60,0.9717188746401416,0.9646485933001772,0.00015164053366217137
trpo_noise,0.833,60,0.9699275640093497,0.9624094550116872,0.00023585244461706416
trpo_noise,0.834,60,0.9750214733954504,0.9687768417443131,0.00013431043051551913
trpo_noise,0.835,60,0.9717870027545475,0.9647337534431847,0.0002135946066077147
trpo_noise,0.836,60,0.9737855049992059,0.9672318812490074,0.00011588174974795965
trpo_noise,0.837,60,0.9712050724364822,0.9640063405456025,0.00020097404051985928
trpo_noise,0.838,60,0.972204549025711,0.9652556862821388,0.00016103143375092877
trpo_noise,0.839,60,0.9722357441547267,0.9652946801934082,0.00013914414208648565
trpo_noise,0.84,60,0.9733129325449396,0.9666411656811748,0.000191643701832174
trpo_noise,0.841,60,0.9741544225541041,0.9676930281926303,0.00014088354532785773
trpo_noise,0.842,60,0.9720345066226781,0.9650431332783477,0.00016479609722162397
trpo_noise,0.843,60,0.9701769560111084,0.9627211950138854,0.00019211223682616245
trpo_noise,0.844,60,0.9729754258767532,0.9662192823459417,0.0001377278926626592
trpo_noise,0.845,60,0.9734530165417393,0.966816270677174,0.00013462719515644383
trpo_noise,0.846,60,0.9737498245989858,0.9671872807487322,0.00010650698128308928
trpo_noise,0.847,60,0.9720714624361819,0.9650893280452273,0.00023520134918153125
trpo_noise,0.848,60,0.9739274953449514,0.9674093691811894,0.00011887686093903022
trpo_noise,0.849,60,0.9737923600712378,0.9672404500890472,0.00014265786457445562
trpo_noise,0.85,60,0.9710802057151728,0.9638502571439658,0.0001584524890192162
trpo_noise,0.851,60,0.9722543132962692,0.9653178916203365,0.00014568485769600353
trpo_noise,0.852,60,0.9712404066363114,0.9640505082953889,0.0001436918089528729
trpo_noise,0.853,60,0.9728208245410376,0.966026030676297,0.00014344338282611859
trpo_noise,0.854,60,0.9712673761538803,0.96408422019235,0.0002005829791412131
trpo_noise,0.855,60,0.9707115042349909,0.9633893802937386,0.00026460279079154337
trpo_noise,0.856,60,0.9696475270486773,0.9620594088108466,0.0002283605846970106
trpo_noise,0.857,60,0.9711379044527491,0.9639223805659362,0.00017107794175120095
trpo_noise,0.858,60,0.9709721347262357,0.9637151684077945,0.00017934815824061887
trpo_noise,0.859,60,0.9700094869830238,0.9625118587287798,0.0002214859435376542
trpo_noise,0.86,60,0.9717247422843424,0.9646559278554278,0.00015782384919518433
trpo_noise,0.861,60,0.9727369940002051,0.9659212425002563,0.0002720387212972943
trpo_noise,0.862,60,0.9695609066203166,0.9619511332753956,0.00021690058831734508
trpo_noise,0.863,60,0.9721966513943413,0.9652458142429267,0.0001538594926970492
trpo_noise,0.864,60,0.9730940027258609,0.9663675034073258,0.00020963817515619248
trpo_noise,0.865,60,0.9724059273621205,0.9655074092026505,0.00015818843639419107
trpo_noise,0.866,60,0.9700957242295793,0.9626196552869744,0.00022680095135143433
trpo_noise,0.867,60,0.9723783713762821,0.9654729642203528,0.00018679675434466394
trpo_noise,0.868,60,0.9727313000362678,0.9659141250453348,0.00015702616177477565
trpo_noise,0.869,60,0.9716929817911254,0.9646162272389068,0.00020896843373767015
trpo_noise,0.87,60,0.9681319212691695,0.960164901586462,0.000229865928441399
trpo_noise,0.871,60,0.9728261299994397,0.9660326624992996,0.00016928885020714958
trpo_noise,0.872,60,0.9736651218679342,0.9670814023349175,0.0001739237561398876
trpo_noise,0.873,60,0.9710086141491163,0.9637607676863952,0.00017050030391484161
trpo_noise,0.874,60,0.968107536392793,0.9601344204909911,0.0003106293548034446
trpo_noise,0.875,60,0.9700832083509351,0.9626040104386688,0.00022397488341202807
trpo_noise,0.876,60,0.9709001449494571,0.9636251811868214,0.00019958888858988315
trpo_noise,0.877,60,0.9700052652970097,0.9625065816212623,0.00013583116291881862
trpo_noise,0.878,60,0.9720971506751606,0.9651214383439505,0.0002025386149862846
trpo_noise,0.879,60,0.9690175193792154,0.9612718992240193,0.0001950468513705113
trpo_noise,0.88,60,0.9704142958490227,0.9630178698112783,0.00023560883369160823
trpo_noise,0.881,60,0.9680312435540863,0.960039054442608,0.0002618776429937333
trpo_noise,0.882,60,0.9690931237021458,0.9613664046276823,0.00024290307581288095
trpo_noise,0.883,60,0.971445493472962,0.9643068668412025,0.00017523851522658802
trpo_noise,0.884,60,0.968997006310789,0.961246257888486,0.00019095883899727036
trpo_noise,0.885,60,0.9695530955440437,0.9619413694300544,0.0002021741942198186
trpo_noise,0.886,60,0.9698698657104246,0.9623373321380306,0.0002308733706885807
trpo_noise,0.887,60,0.9695336926909338,0.9619171158636671,0.0002536518007090581
trpo_noise,0.888,60,0.9700309223642991,0.962538652955374,0.00019315958525943237
trpo_noise,0.889,60,0.9690928168894276,0.9613660211117845,0.0001808687781456288
trpo_noise,0.89,60,0.9697552896291562,0.9621941120364453,0.00026018797713589205
trpo_noise,0.891,60,0.9721555817874803,0.9651944772343503,0.00016170713544914298
trpo_noise,0.892,60,0.9719690132775725,0.9649612665969657,0.00013705065769925318
trpo_noise,0.893,60,0.9710971643356481,0.9638714554195599,0.00016264149647076396
trpo_noise,0.894,60,0.970992104409334,0.9637401305116676,0.0001518535720084682
trpo_noise,0.895,60,0.9672687005973093,0.9590858757466364,0.00027831388578569477
trpo_noise,0.896,60,0.9682465110017472,0.9603081387521839,0.0003478257707665631
trpo_noise,0.897,60,0.9715128433694092,0.9643910542117615,0.00016710471100908928
trpo_noise,0.898,60,0.968684139573428,0.9608551744667849,0.0002029600007859157
trpo_noise,0.899,60,0.970628108194439,0.9632851352430485,0.00021678925141367907
trpo_noise,0.9,60,0.9669899436538714,0.9587374295673391,0.00021387453666915228
trpo_noise,0.901,60,0.9723633040550586,0.9654541300688232,0.00015808357974870724
trpo_noise,0.902,60,0.971817125791591,0.9647714072394885,0.00019792454370755127
trpo_noise,0.903,60,0.9703978843927215,0.9629973554909018,0.00011603832104501967
trpo_noise,0.904,60,0.9697094164083758,0.9621367705104696,0.00021916511268626327
trpo_noise,0.905,60,0.9713437516767005,0.9641796895958757,0.0001795449182857148
trpo_noise,0.906,60,0.9665262989750769,0.9581578737188461,0.00022020853339182908
trpo_noise,0.907,60,0.9694079278637727,0.9617599098297159,0.00021087963003649398
trpo_noise,0.908,60,0.9701464854138815,0.9626831067673519,0.00024022442969888887
trpo_noise,0.909,60,0.9707713803229598,0.9634642254036998,0.00017709367858309452
trpo_noise,0.91,60,0.9672858076753492,0.9591072595941869,0.00015696670904849833
trpo_noise,0.911,60,0.9696132422667714,0.9620165528334642,0.00024896743656143566
trpo_noise,0.912,60,0.9674644624651553,0.9593305780814442,0.00019809655030990535
trpo_noise,0.913,60,0.9691326997856564,0.96141587473207,0.00021084903506726378
trpo_noise,0.914,60,0.9672149023173398,0.9590186278966744,0.0001918387032956632
trpo_noise,0.915,60,0.9708321417465268,0.9635401771831584,0.00023074078807555008
trpo_noise,0.916,60,0.9694478786601093,0.9618098483251364,0.00024246122025185898
trpo_noise,0.917,60,0.9683130703075524,0.9603913378844404,0.00014349129061208538
trpo_noise,0.918,60,0.9696908432297051,0.9621135540371315,0.0001491793833657038
trpo_noise,0.919,60,0.9664148559607701,0.9580185699509628,0.00024212630301209546
trpo_noise,0.92,60,0.970962702159676,0.963703377699595,0.0002036580653414885
trpo_noise,0.921,60,0.9696753213507066,0.9620941516883833,0.00021927319137464573
trpo_noise,0.922,60,0.9678074780017536,0.959759347502192,0.00026898573522934113
trpo_noise,0.923,60,0.9699368481508115,0.9624210601885143,0.0002323574850503679
trpo_noise,0.924,60,0.9705514234468628,0.9631892793085784,0.00021988360823144078
trpo_noise,0.925,60,0.9672792613319641,0.959099076664955,0.0002519949185712305
trpo_noise,0.926,60,0.9697738916773011,0.9622173645966259,0.00020861631599201699
trpo_noise,0.927,60,0.9667345318384,0.9584181647979999,0.00027569899700276285
trpo_noise,0.928,60,0.9693571520649734,0.9616964400812169,0.00018477208615930708
trpo_noise,0.929,60,0.9676348451417612,0.9595435564272015,0.00016778904570649344
trpo_noise,0.93,60,0.9678224382442933,0.9597780478053667,0.00022024750118023966
trpo_noise,0.931,60,0.9677344524022811,0.9596680655028514,0.00039619549144093125
trpo_noise,0.932,60,0.9677058070704574,0.9596322588380717,0.00015527742718396016
trpo_noise,0.933,60,0.9687151202325741,0.9608939002907176,0.00016007561412511432
trpo_noise,0.934,60,0.969262860305181,0.9615785753814764,0.0002798295377239434
trpo_noise,0.935,60,0.9692117604793389,0.9615147005991733,0.0002951565392192681
trpo_noise,0.936,60,0.9663334728655212,0.9579168410819013,0.00028570577681136906
trpo_noise,0.937,60,0.9700805382343595,0.9626006727929491,0.00026741414422676063
trpo_noise,0.938,60,0.9657380794344296,0.9571725992930369,0.00027346142631660064
trpo_noise,0.939,60,0.9662630632334092,0.9578288290417613,0.0002743456129133864
trpo_noise,0.94,60,0.9675362643601464,0.9594203304501828,0.0003057129933310401
trpo_noise,0.941,60,0.9662934669663668,0.9578668337079583,0.0002507167745256286
trpo_noise,0.942,60,0.9700539322866796,0.9625674153583496,0.00015791134245305875
trpo_noise,0.943,60,0.96756155733843,0.9594519466730372,0.00022993101665274071
trpo_noise,0.944,60,0.9644794545996849,0.9555993182496063,0.0002789544268990958
trpo_noise,0.945,60,0.9667059330119536,0.9583824162649421,0.00024186139058057513
trpo_noise,0.946,60,0.967186136379568,0.9589826704744595,0.0001945014114252873
trpo_noise,0.947,60,0.9676406975728,0.959550871966,0.00025582494801455725
trpo_noise,0.948,60,0.9683850757759089,0.960481344719886,0.00022721226368301988
trpo_noise,0.949,60,0.9672723763630118,0.9590904704537646,0.0003042023953000745
trpo_noise,0.95,60,0.9648974239373665,0.9561217799217079,0.00028496101687398764
trpo_noise,0.951,60,0.9655453799983218,0.9569317249979022,0.00022954719459012518
trpo_noise,0.952,60,0.9666926538301122,0.9583658172876403,0.0002626906638952175
trpo_noise,0.953,60,0.965522441214465,0.9569030515180813,0.00029167762965433156
trpo_noise,0.954,60,0.9668481585193913,0.9585601981492391,0.00031050519891615057
trpo_noise,0.955,60,0.9703091178870082,0.9628863973587599,0.00021104162157602448
trpo_noise,0.956,60,0.969108881230476,0.9613861015380947,0.00014458820225697697
trpo_noise,0.957,60,0.9687317489124108,0.9609146861405132,0.00016172278954547156
trpo_noise,0.958,60,0.966622297230149,0.9582778715376862,0.00022634914288356263
trpo_noise,0.959,60,0.9682000549184612,0.9602500686480765,0.00019668117711120326
trpo_noise,0.96,60,0.9645606645897389,0.9557008307371737,0.00032764691081261035
trpo_noise,0.961,60,0.9654111286008922,0.9567639107511153,0.0003038905011046773
trpo_noise,0.962,60,0.9699466759354181,0.9624333449192728,0.00019077649737049598
trpo_noise,0.963,60,0.9663932004252879,0.9579915005316099,0.00026253976527540197
trpo_noise,0.964,60,0.9692529835559637,0.9615662294449544,0.00024458807453025253
trpo_noise,0.965,60,0.9664502185001844,0.9580627731252304,0.0002285473696937451
trpo_noise,0.966,60,0.9632122844037632,0.9540153555047038,0.00038680216102095384
trpo_noise,0.967,60,0.9643675201621633,0.9554594002027043,0.0002573697265708176
trpo_noise,0.968,60,0.9656811490260608,0.957101436282576,0.0003203932159378295
trpo_noise,0.969,60,0.9669879802089707,0.9587349752612134,0.00030450675533249345
trpo_noise,0.97,60,0.9652988079798903,0.9566235099748629,0.00016514160093225244
trpo_noise,0.971,60,0.9647739891031117,0.9559674863788897,0.0003330551465924765
trpo_noise,0.972,60,0.9706942390290408,0.9633677987863007,0.00018849001469898265
trpo_noise,0.973,60,0.9668623004369068,0.9585778755461334,0.00033570792830037253
trpo_noise,0.974,60,0.9653725714688282,0.9567157143360351,0.0002548360819906252
trpo_noise,0.975,60,0.965901215651822,0.9573765195647774,0.00035201064736204216
trpo_noise,0.976,60,0.9655204504222571,0.9569005630278212,0.000326227245641149
trpo_noise,0.977,60,0.9696487517720236,0.9620609397150293,0.00024356668635170994
trpo_noise,0.978,60,0.9674187904532794,0.9592734880665993,0.000260915076981064
trpo_noise,0.979,60,0.964737300836551,0.9559216260456884,0.00021388307814461973
trpo_noise,0.98,60,0.9644929920567877,0.9556162400709846,0.00027617599246690627
trpo_noise,0.981,60,0.9662188594900297,0.9577735743625372,0.0002305681641853428
trpo_noise,0.982,60,0.9671388033415378,0.9589235041769224,0.0003095076766407923
trpo_noise,0.983,60,0.9688912888204014,0.9611141110255017,0.0002568987395966412
trpo_noise,0.984,60,0.9661301995950787,0.9576627494938486,0.00018024240746337478
trpo_noise,0.985,60,0.9650618491553715,0.9563273114442141,0.0002367514613644465
trpo_noise,0.986,60,0.9639338680177458,0.9549173350221823,0.0003116691204914243
trpo_noise,0.987,60,0.9626471254517317,0.9533089068146642,0.0003652911611049066
trpo_noise,0.988,60,0.9649527760471406,0.9561909700589256,0.0002971553747943839
trpo_noise,0.989,60,0.9628158361763527,0.9535197952204407,0.0004130752981351849
trpo_noise,0.99,60,0.9642057783907847,0.9552572229884805,0.0004278228198803917
trpo_noise,0.991,60,0.964901866646128,0.9561273333076596,0.0002394559723171343
trpo_noise,0.992,60,0.9652159207047705,0.9565199008809632,0.00027444930736621046
trpo_noise,0.993,60,0.9642141633419524,0.9552677041774407,0.00029211314340205844
trpo_noise,0.994,60,0.9646621065926415,0.955827633240802,0.00030350803035481764
trpo_noise,0.995,60,0.964544040017516,0.955680050021895,0.0002773300634638298
trpo_noise,0.996,60,0.9649913431836264,0.9562391789795333,0.0002978493682100345
trpo_noise,0.997,60,0.9637463431369426,0.9546829289211781,0.0003664178698097575
trpo_noise,0.998,60,0.9650468697109483,0.9563085871386856,0.000312924368895528
trpo_noise,0.999,60,0.9648341182514891,0.9560426478143617,0.00028971496481368706
trpo_noise,1.0,60,0.965851353107622,0.9573141913845277,0.00028780609131790093
trpo_noise,1.001,60,0.9648572278824212,0.9560715348530268,0.00016147310436227382
trpo_noise,1.002,60,0.9620809028774154,0.9526011285967694,0.0003304542868992525
trpo_noise,1.003,60,0.9641151626232919,0.955143953279115,0.0002308552140674336
trpo_noise,1.004,60,0.9601465464960541,0.9501831831200679,0.0003162750410155641
trpo_noise,1.005,60,0.9642373532963839,0.9552966916204801,0.0002764569518330345
trpo_noise,1.006,60,0.964150514685516,0.9551881433568952,0.0002712182571814876
trpo_noise,1.007,60,0.9640549994453003,0.9550687493066252,0.00037091439511108623
trpo_noise,1.008,60,0.9634298885616215,0.954287360702027,0.00022310728207319494
trpo_noise,1.009,60,0.9627215866421999,0.9534019833027497,0.0003083577790620811
trpo_noise,1.01,60,0.9647659477250049,0.9559574346562563,0.00022489388271407427
trpo_noise,1.011,60,0.9661291356733147,0.9576614195916433,0.00026192590206328945
trpo_noise,1.012,60,0.9647932158439654,0.9559915198049567,0.00027311848762444075
trpo_noise,1.013,60,0.966683500551249,0.9583543756890612,0.00016646342740172303
trpo_noise,1.014,60,0.9651420506271556,0.9564275632839446,0.0002795613008205235
trpo_noise,1.015,60,0.9657634210966765,0.9572042763708455,0.0003432371354104811
trpo_noise,1.016,60,0.9615671095670999,0.951958886958875,0.00024250544492311895
trpo_noise,1.017,60,0.9623373840954612,0.9529217301193265,0.000421550585910315
trpo_noise,1.018,60,0.9643768874974701,0.9554711093718374,0.00022930340504695267
trpo_noise,1.019,60,0.9639012803171925,0.9548766003964908,0.0002420688454880202
trpo_noise,1.02,60,0.9608510983333365,0.9510638729166707,0.0003678298919259677
trpo_noise,1.021,60,0.9634264853200194,0.9542831066500241,0.0002146127515082849
trpo_noise,1.022,60,0.9649506424935915,0.9561883031169895,0.00029798662425997247
trpo_noise,1.023,60,0.9645761202891672,0.9557201503614592,0.00020234867976922513
trpo_noise,1.024,60,0.9644438768250488,0.9555548460313107,0.00037155192043913883
trpo_noise,1.025,60,0.9658691447152518,0.9573364308940645,0.0002648683150614062
trpo_noise,1.026,60,0.9603913906571716,0.9504892383214646,0.00041849655301322145
trpo_noise,1.027,60,0.9631935124487347,0.9539918905609182,0.00037318152796371684
trpo_noise,1.028,60,0.9652973862781024,0.9566217328476277,0.0002801260397768513
trpo_noise,1.029,60,0.963562360251434,0.9544529503142924,0.00031535253829027577
trpo_noise,1.03,60,0.9631667812441201,0.95395847655515,0.00036974954217801163
trpo_noise,1.031,60,0.9623062272829519,0.9528827841036894,0.00024456039228231286
trpo_noise,1.032,60,0.9607176233851483,0.9508970292314353,0.0002722527165831705
trpo_noise,1.033,60,0.9653496473728723,0.9566870592160902,0.0002411128847520936
trpo_noise,1.034,60,0.9643153101928356,0.9553941377410445,0.0003245245595671008
trpo_noise,1.035,60,0.9631980841036285,0.9539976051295352,0.00034815466472235863
trpo_noise,1.036,60,0.9604292286716272,0.950536535839534,0.0004858944047745131
trpo_noise,1.037,60,0.9609059544379419,0.9511324430474273,0.00042539152483672275
trpo_noise,1.038,60,0.9597635014016112,0.9497043767520138,0.00033806445931508315
trpo_noise,1.039,60,0.9622507658204125,0.9528134572755158,0.00023557962624708745
trpo_noise,1.04,60,0.9668936033803149,0.9586170042253936,0.0003145892346782975
trpo_noise,1.041,60,0.9614905326309954,0.9518631657887441,0.0004115927429602674
trpo_noise,1.042,60,0.9586715475475498,0.9483394344344374,0.0004464664878478975
trpo_noise,1.043,60,0.9603009629514692,0.9503762036893366,0.0003746342547378132
trpo_noise,1.044,60,0.962317790976649,0.9528972387208113,0.000288001923191716
trpo_noise,1.045,60,0.9645392032184934,0.9556740040231164,0.0003302749716419745
trpo_noise,1.046,60,0.9617524396919408,0.9521905496149259,0.0003441315432812425
trpo_noise,1.047,60,0.9622440869995039,0.9528051087493796,0.0003423997717525017
trpo_noise,1.048,60,0.961725527387327,0.9521569092341586,0.00029523082047182715
trpo_noise,1.049,60,0.9619975208412864,0.9524969010516079,0.00026198690604997113
trpo_noise,1.05,60,0.9627299017734023,0.953412377216753,0.00031135952646174143
trpo_noise,1.051,60,0.9652266500345092,0.9565333125431366,0.0003262902285121938
trpo_noise,1.052,60,0.9609910828836394,0.9512388536045492,0.0003285813792262561
trpo_noise,1.053,60,0.9636188082608277,0.9545235103260346,0.0002900261791435981
trpo_noise,1.054,60,0.9617456339269363,0.9521820424086707,0.0002601892327126631
trpo_noise,1.055,60,0.9601693135420715,0.9502116419275896,0.000373473234923615
trpo_noise,1.056,60,0.9622335644726889,0.9527919555908607,0.000448851775156974
trpo_noise,1.057,60,0.959772704645788,0.9497158808072349,0.0002888910766551541
trpo_noise,1.058,60,0.9625168202342348,0.9531460252927936,0.00017452578218271904
trpo_noise,1.059,60,0.9620362577098232,0.9525453221372788,0.00029586217948067027
trpo_noise,1.06,60,0.9604480027153415,0.9505600033941769,0.0003501685341038663
trpo_noise,1.061,60,0.9624149969848411,0.9530187462310514,0.00032351253164648506
trpo_noise,1.062,60,0.961532482196375,0.9519156027454689,0.0004970797539072981
trpo_noise,1.063,60,0.9614409467049679,0.9518011833812099,0.0002840879569620626
trpo_noise,1.064,60,0.9596206516766408,0.9495258145958011,0.000288450960951885
trpo_noise,1.065,60,0.9601558584149359,0.9501948230186699,0.0002999894834144786
trpo_noise,1.066,60,0.9623274489723675,0.9529093112154593,0.000411600921196635
trpo_noise,1.067,60,0.9617101583873314,0.9521376979841646,0.00030065166348842287
trpo_noise,1.068,60,0.9588229789249975,0.9485287236562471,0.0003336356896258775
trpo_noise,1.069,60,0.9626271561273317,0.9532839451591648,0.0002816548164918965
trpo_noise,1.07,60,0.9599063006526354,0.9498828758157944,0.0003190518117446431
trpo_noise,1.071,60,0.9563187269537412,0.9453984086921765,0.0004034493888950451
trpo_noise,1.072,60,0.9595613515818244,0.9494516894772804,0.0003563158628200298
trpo_noise,1.073,60,0.9564992197618992,0.945624024702374,0.00036208430744083444
trpo_noise,1.074,60,0.958783754087396,0.9484796926092449,0.00042196659493001255
trpo_noise,1.075,60,0.9618820322926143,0.9523525403657676,0.00024211902276183002
trpo_noise,1.076,60,0.9581469541178962,0.9476836926473702,0.00045238504168673157
trpo_noise,1.077,60,0.9587503705181041,0.9484379631476301,0.000387590200980256
trpo_noise,1.078,60,0.9636807544999713,0.954600943124964,0.00030492452767132155
trpo_noise,1.079,60,0.9562848271713946,0.9453560339642432,0.0003396984412754871
trpo_noise,1.08,60,0.9623427464388418,0.9529284330485521,0.00043520911383735175
trpo_noise,1.081,60,0.960541856097846,0.9506773201223077,0.0003367711478362518
trpo_noise,1.082,60,0.9584161072721411,0.9480201340901764,0.00036187179515659193
trpo_noise,1.083,60,0.959484228486247,0.9493552856078086,0.0005419928449671064
trpo_noise,1.084,60,0.9567085537605403,0.9458856922006754,0.0004934291217102727
trpo_noise,1.085,60,0.9577503888362146,0.9471879860452682,0.00039271083575237947
trpo_noise,1.086,60,0.9590338491706947,0.9487923114633683,0.00039055584151957197
trpo_noise,1.087,60,0.9554632120400486,0.9443290150500608,0.0004752670282579497
trpo_noise,1.088,60,0.9581783123139801,0.9477228903924749,0.0003222010404669091
trpo_noise,1.089,60,0.9573095297209729,0.9466369121512161,0.00030144442628556533
trpo_noise,1.09,60,0.9589329432156601,0.9486661790195752,0.00033310547740630306
trpo_noise,1.091,60,0.9588985594666348,0.9486231993332932,0.00025519497257703137
trpo_noise,1.092,60,0.9563421850660332,0.9454277313325417,0.00044641252516930635
trpo_noise,1.093,60,0.9555304489343248,0.9444130611679058,0.0004822858743468862
trpo_noise,1.094,60,0.9581990731528152,0.9477488414410189,0.00036612218192548306
trpo_noise,1.095,60,0.9596325731571143,0.9495407164463928,0.0003670152077094865
trpo_noise,1.096,60,0.9608107668866753,0.9510134586083441,0.00026577716224002813
trpo_noise,1.097,60,0.9594971269057417,0.9493714086321774,0.0003321114350896132
trpo_noise,1.098,60,0.9590401580055755,0.9488001975069694,0.00037267720102034205
trpo_noise,1.099,60,0.9600607395572318,0.9500759244465397,0.00046670637886163054
trpo_noise,1.1,60,0.9612627640544977,0.951578455068122,0.0004328425505742737
trpo_noise,1.101,60,0.9587898340136777,0.9484872925170971,0.0004650550482560316
trpo_noise,1.102,60,0.957328003992326,0.9466600049904076,0.000357612851781516
trpo_noise,1.103,60,0.9575562698900104,0.9469453373625132,0.00028088054908111066
trpo_noise,1.104,60,0.9583004219702862,0.9478755274628576,0.00033980348757208157
trpo_noise,1.105,60,0.9597475554493358,0.9496844443116695,0.00028726295770260503
trpo_noise,1.106,60,0.9577196740860775,0.947149592607597,0.00048355848995071025
trpo_noise,1.107,60,0.9567557198954031,0.9459446498692542,0.00040832898878327207
trpo_noise,1.108,60,0.95767140849909,0.9470892606238623,0.00030708705214907466
trpo_noise,1.109,60,0.957452404181592,0.94681550522699,0.00043438610148622446
trpo_noise,1.11,60,0.956058234936263,0.9450727936703289,0.0004434706740959707
trpo_noise,1.111,60,0.9614870679824836,0.9518588349781045,0.0002042348167174395
trpo_noise,1.112,60,0.9584634492043445,0.9480793115054305,0.00028035520145468516
trpo_noise,1.113,60,0.9584846699054732,0.9481058373818415,0.000342790975326612
trpo_noise,1.114,60,0.9568431750951426,0.9460539688689283,0.00038026741281411904
trpo_noise,1.115,60,0.9584965438817392,0.948120679852174,0.000302563063521673
trpo_noise,1.116,60,0.9582947895679954,0.947868486959994,0.0004120121801338439
trpo_noise,1.117,60,0.9590462466441001,0.948807808305125,0.00031782755576588234
trpo_noise,1.118,60,0.9587766349798339,0.9484707937247924,0.0002924181739308467
trpo_noise,1.119,60,0.9570605559995258,0.9463256949994076,0.0005507619123143015
trpo_noise,1.12,60,0.9513200164640075,0.9391500205800097,0.0004794864527710434
trpo_noise,1.121,60,0.9553841845596639,0.9442302306995796,0.0003764848573284954
trpo_noise,1.122,60,0.9578838582504989,0.9473548228131237,0.000318895365421437
trpo_noise,1.123,60,0.9555467054058284,0.9444333817572853,0.00046270854007399284
trpo_noise,1.124,60,0.9560997147017336,0.9451246433771668,0.0003888765336952059
trpo_noise,1.125,60,0.9597215818113178,0.9496519772641471,0.00026244198275775476
trpo_noise,1.126,60,0.9595483288394029,0.9494354110492532,0.00047202440030108864
trpo_noise,1.127,60,0.9521534275400285,0.9401917844250357,0.000485822567278642
trpo_noise,1.128,60,0.9570777915495159,0.9463472394368947,0.0003475985070084529
trpo_noise,1.129,60,0.9574926733786765,0.9468658417233455,0.00034630154057223767
trpo_noise,1.13,60,0.9581796289193942,0.9477245361492428,0.00029569594681427234
trpo_noise,1.131,60,0.9563641013244661,0.9454551266555825,0.0005829757144969928
trpo_noise,1.132,60,0.950989166719365,0.938736458399206,0.000513060213683554
trpo_noise,1.133,60,0.9514566455592217,0.939320806949027,0.0005102397120830016
trpo_noise,1.134,60,0.953913105842402,0.9423913823030022,0.0005087074475957828
trpo_noise,1.135,60,0.9545852277268114,0.943231534658514,0.000596011539061301
trpo_noise,1.136,60,0.9584703552595105,0.9480879440743879,0.0004327738717554003
trpo_noise,1.137,60,0.9562437705222149,0.9453047131527686,0.00040648259844068145
trpo_noise,1.138,60,0.9542143752714219,0.9427679690892776,0.0006965329311671518
trpo_noise,1.139,60,0.9584249899086705,0.9480312373858382,0.0003232956732653916
trpo_noise,1.14,60,0.955310309386324,0.944137886732905,0.00033370761945195976
trpo_noise,1.141,60,0.957943509126391,0.9474293864079886,0.00029682649807482605
trpo_noise,1.142,60,0.9554593758071817,0.9443242197589771,0.0002682916123321443
trpo_noise,1.143,60,0.9568510884471533,0.9460638605589416,0.0005062941513331061
trpo_noise,1.144,60,0.956972063955451,0.9462150799443136,0.00033759414881943885
trpo_noise,1.145,60,0.9548895228381625,0.9436119035477032,0.0003474376420180857
trpo_noise,1.146,60,0.9546455855179637,0.9433069818974545,0.00034794386206723257
trpo_noise,1.147,60,0.95825794482626,0.947822431032825,0.00019545344593146865
trpo_noise,1.148,60,0.9546695322984018,0.9433369153730023,0.00029764285581968664
trpo_noise,1.149,60,0.957647469521271,0.9470593369015888,0.00035927326949873096
trpo_noise,1.15,60,0.9558151763226864,0.9447689704033576,0.00045890154098008744
trpo_noise,1.151,60,0.9558472500579566,0.9448090625724457,0.00033997291156537447
trpo_noise,1.152,60,0.9549640905099612,0.9437051131374515,0.0005086614502448618
trpo_noise,1.153,60,0.9575627494071658,0.9469534367589568,0.00027737966072879743
trpo_noise,1.154,60,0.9582944834716973,0.9478681043396215,0.00037627584683021985
trpo_noise,1.155,60,0.9541688745788403,0.9427110932235506,0.0003561563921509815
trpo_noise,1.156,60,0.9584822944185046,0.9481028680231307,0.00028590300667432646
trpo_noise,1.157,60,0.9608716797520874,0.9510895996901092,0.0002641920599989438
trpo_noise,1.158,60,0.9540850805039494,0.9426063506299367,0.00047945713561331
trpo_noise,1.159,60,0.9581822937165492,0.9477278671456861,0.0003752714455313141
trpo_noise,1.16,60,0.9529997571538303,0.9412496964422877,0.0005901536801480431
trpo_noise,1.161,60,0.9538228196574233,0.9422785245717791,0.00046222681779733526
trpo_noise,1.162,60,0.9525947170814955,0.9407433963518693,0.0005667650677737795
trpo_noise,1.163,60,0.9559202222116879,0.9449002777646097,0.0004383792754011862
trpo_noise,1.164,60,0.9549858905350451,0.9437323631688064,0.0004153154429382445
trpo_noise,1.165,60,0.9546256256465345,0.943282032058168,0.0005829379942075972
trpo_noise,1.166,60,0.9564234093962556,0.9455292617453197,0.00036602492103230284
trpo_noise,1.167,60,0.9543426137409343,0.942928267176168,0.00047743011482435043
trpo_noise,1.168,60,0.9528239273518171,0.9410299091897711,0.00037520444320626874
trpo_noise,1.169,60,0.9540789125360049,0.9425986406700061,0.0005458382355781708
trpo_noise,1.17,60,0.9565750463157485,0.9457188078946857,0.0004316058174404496
trpo_noise,1.171,60,0.9524481281832418,0.9405601602290522,0.00027180126089652434
trpo_noise,1.172,60,0.9525949708165025,0.940743713520628,0.0005311397071965037
trpo_noise,1.173,60,0.9582239211587498,0.947779901448437,0.00040988894313498685
trpo_noise,1.174,60,0.956060373441798,0.9450754668022473,0.00038809738960304157
trpo_noise,1.175,60,0.9526986660939829,0.9408733326174785,0.0005075931122544117
trpo_noise,1.176,60,0.9549949948316974,0.9437437435396216,0.00044980385176853193
trpo_noise,1.177,60,0.9543415966094377,0.942926995761797,0.000578187666248969
trpo_noise,1.178,60,0.951465439843107,0.9393317998038839,0.0003823450059427081
trpo_noise,1.179,60,0.9547653123835588,0.9434566404794483,0.0006118310558624953
trpo_noise,1.18,60,0.956451542394686,0.9455644279933575,0.00038590862736987834
trpo_noise,1.181,60,0.9517509529022947,0.9396886911278686,0.0005544339272678097
trpo_noise,1.182,60,0.9554860903042179,0.9443576128802725,0.0005433790478593852
trpo_noise,1.183,60,0.9519441945815782,0.9399302432269728,0.0004098488116536652
trpo_noise,1.184,60,0.9497937342399265,0.9372421677999083,0.0003710015998531311
trpo_noise,1.185,60,0.949764967633789,0.9372062095422362,0.0006592810838245581
trpo_noise,1.186,60,0.9497962391987637,0.9372452989984547,0.0006955507453115832
trpo_noise,1.187,60,0.9533013590208651,0.9416266987760815,0.0005357540549321051
trpo_noise,1.188,60,0.9464992676269142,0.9331240845336425,0.0005623810810208983
trpo_noise,1.189,60,0.9567648045539173,0.9459560056923965,0.0003401906834005809
trpo_noise,1.19,60,0.9509798495431584,0.9387248119289479,0.0006303276174949332
trpo_noise,1.191,60,0.9519596847216474,0.9399496059020591,0.0006876604093473511
trpo_noise,1.192,60,0.9550365241756057,0.9437956552195071,0.0005468052795902907
trpo_noise,1.193,60,0.9509033699069218,0.9386292123836524,0.0004191566826505616
trpo_noise,1.194,60,0.9532218241073824,0.9415272801342278,0.0003810831216177544
trpo_noise,1.195,60,0.956782457182872,0.9459780714785899,0.00034071464174731836
trpo_noise,1.196,60,0.9508723006061714,0.9385903757577145,0.0004138563789259215
trpo_noise,1.197,60,0.9548931992394085,0.9436164990492606,0.00048625056928722584
trpo_noise,1.198,60,0.9561131030042692,0.9451413787553367,0.0005137739526489156
trpo_noise,1.199,60,0.9557897154733624,0.9447371443417026,0.00037238566224821203
trpo_noise,1.2,60,0.9585762634538422,0.9482203293173027,0.0003754906174131481
trpo_noise,1.201,60,0.9561810442219981,0.9452263052774978,0.00048569555447096444
trpo_noise,1.202,60,0.9537794472983017,0.9422243091228774,0.00039618688365455906
trpo_noise,1.203,60,0.9485118059671639,0.9356397574589549,0.0004806514101442619
trpo_noise,1.204,60,0.9485453421784084,0.9356816777230103,0.0007469286684077459
trpo_noise,1.205,60,0.9508172076582584,0.9385215095728231,0.0004931549756187604
trpo_noise,1.206,60,0.9541963268024981,0.9427454085031226,0.0005035725076357318
trpo_noise,1.207,60,0.9556865444239225,0.9446081805299029,0.00048229646213762575
trpo_noise,1.208,60,0.9477683460941955,0.934710432617744,0.0004899853286434113
trpo_noise,1.209,60,0.9526218538510971,0.9407773173138714,0.0004598645641083673
trpo_noise,1.21,60,0.9507831830847024,0.9384789788558779,0.0006739638659866494
trpo_noise,1.211,60,0.9536885015424291,0.9421106269280365,0.0005591249558791405
trpo_noise,1.212,60,0.9490736699708487,0.9363420874635607,0.000447763182886101
trpo_noise,1.213,60,0.9525915122945655,0.9407393903682068,0.0003387019511351414
trpo_noise,1.214,60,0.9546547268129398,0.9433184085161745,0.0003076754256495652
trpo_noise,1.215,60,0.9477797305763869,0.9347246632204836,0.0005903038156120755
trpo_noise,1.216,60,0.9536443369817746,0.9420554212272181,0.0005240108883612852
trpo_noise,1.217,60,0.952197305348348,0.9402466316854348,0.0005256896824054113
trpo_noise,1.218,60,0.9448304937786821,0.9310381172233526,0.0006319933748673058
trpo_noise,1.219,60,0.9502048704228081,0.93775608802851,0.0003667478443698484
trpo_noise,1.22,60,0.9497423364168303,0.9371779205210377,0.0008213495748110381
trpo_noise,1.221,60,0.9535686285301224,0.9419607856626528,0.0006974741779987824
trpo_noise,1.222,60,0.95290522486088,0.9411315310761,0.00038826712619030487
trpo_noise,1.223,60,0.9507166073029005,0.9383957591286254,0.0004726966146977697
trpo_noise,1.224,60,0.9514636577933303,0.9393295722416626,0.0005196467229220885
trpo_noise,1.225,60,0.9445656792902503,0.9307070991128128,0.0009537002551585351
trpo_noise,1.226,60,0.9481446521147355,0.9351808151434191,0.000667965780234485
trpo_noise,1.227,60,0.9546902053280197,0.9433627566600243,0.00046933795098201645
trpo_noise,1.228,60,0.9483601813570955,0.9354502266963693,0.0005078004547223192
trpo_noise,1.229,60,0.9554426900773252,0.9443033625966566,0.0003134189748383379
trpo_noise,1.23,60,0.9521503745716899,0.9401879682146123,0.00032742909640806264
trpo_noise,1.231,60,0.9489987127835665,0.9362483909794582,0.0006506874212468477
trpo_noise,1.232,60,0.9516229228444859,0.9395286535556074,0.0005271598497002851
trpo_noise,1.233,60,0.9506815158434763,0.9383518948043453,0.0006820482476728309
trpo_noise,1.234,60,0.9535108555512241,0.9418885694390301,0.00045704584192962747
trpo_noise,1.235,60,0.9503185814081765,0.9378982267602205,0.0005089264790894356
trpo_noise,1.236,60,0.9491528749404051,0.9364410936755063,0.0006859381592050979
trpo_noise,1.237,60,0.9465410505069465,0.9331763131336827,0.0005767462994947271
trpo_noise,1.238,60,0.9490624329480923,0.9363280411851151,0.0005496116246980769
trpo_noise,1.239,60,0.9460193604063829,0.9325242005079787,0.0006028691402305054
trpo_noise,1.24,60,0.9513231163927408,0.9391538954909261,0.00048443241573365407
trpo_noise,1.241,60,0.9539970130791802,0.9424962663489751,0.0004280712012962003
trpo_noise,1.242,60,0.9491259430280226,0.936407428785028,0.000673725206966327
trpo_noise,1.243,60,0.947822735530709,0.934778419413386,0.0006379662458083224
trpo_noise,1.244,60,0.9501522936242189,0.9376903670302735,0.0005335194450263041
trpo_noise,1.245,60,0.9460948088781183,0.9326185110976478,0.0005717011922704795
trpo_noise,1.246,60,0.9501711644208696,0.937713955526087,0.0007432821160744309
trpo_noise,1.247,60,0.9476307126441637,0.9345383908052048,0.0004449236981416789
trpo_noise,1.248,60,0.9481273241189787,0.935159155148723,0.0005725883025937394
trpo_noise,1.249,60,0.9508586200172943,0.9385732750216179,0.0005561212718585344
trpo_noise,1.25,60,0.9479271440828987,0.9349089301036234,0.0006204321181441763
trpo_noise,1.251,60,0.9506327113440893,0.9382908891801114,0.0006766331404387584
trpo_noise,1.252,60,0.9452772135312145,0.931596516914018,0.0009227926502252404
trpo_noise,1.253,60,0.9498152838747456,0.9372691048434318,0.0005817920626168757
trpo_noise,1.254,60,0.946792750269724,0.9334909378371551,0.0007098090187074654
trpo_noise,1.255,60,0.9459088508853946,0.9323860636067434,0.0005606740427428809
trpo_noise,1.256,60,0.9523329003472409,0.9404161254340512,0.00047375908039312844
trpo_noise,1.257,60,0.9481806888391106,0.935225861048888,0.0005931905923270702
trpo_noise,1.258,60,0.9469120915817394,0.9336401144771741,0.0006533887832440299
trpo_noise,1.259,60,0.9514611985281501,0.9393264981601879,0.0004001338652811871
trpo_noise,1.26,60,0.9527662534485647,0.9409578168107057,0.0003031228639572968
trpo_noise,1.261,60,0.9502137892745509,0.9377672365931887,0.0004831302719953831
trpo_noise,1.262,60,0.950121471836056,0.9376518397950699,0.00044784157510374196
trpo_noise,1.263,60,0.9488041432684956,0.9360051790856194,0.0006209989410814451
trpo_noise,1.264,60,0.9487260754773132,0.9359075943466414,0.000646810312241888
trpo_noise,1.265,60,0.9461112929909252,0.9326391162386563,0.0007374575202341828
trpo_noise,1.266,60,0.9421644387892795,0.9277055484865995,0.0007837592703516277
trpo_noise,1.267,60,0.9474625097403147,0.9343281371753931,0.0009976266808047055
trpo_noise,1.268,60,0.9533163737148969,0.9416454671436211,0.0006375336340467588
trpo_noise,1.269,60,0.9463609567888839,0.9329511959861044,0.0005541193856277056
trpo_noise,1.27,60,0.9484631666068059,0.9355789582585073,0.0006264125707022919
trpo_noise,1.271,60,0.9492676852610757,0.9365846065763442,0.0005225675893229322
trpo_noise,1.272,60,0.9474811807524125,0.9343514759405155,0.0006091427010032561
trpo_noise,1.273,60,0.9450652599315881,0.9313315749144849,0.0007733564275627048
trpo_noise,1.274,60,0.9452115116968071,0.931514389621009,0.0006101070714208262
trpo_noise,1.275,60,0.9483380713448164,0.9354225891810207,0.0005673738548648473
trpo_noise,1.276,60,0.9468602873503681,0.9335753591879598,0.0006268831739879207
trpo_noise,1.277,60,0.9462726101972564,0.9328407627465706,0.000663439329971037
trpo_noise,1.278,60,0.9473424726987455,0.9341780908734317,0.0008728743718332376
trpo_noise,1.279,60,0.9471782023874458,0.933972752984307,0.0005041037778442877
trpo_noise,1.28,60,0.9465822021278876,0.9332277526598595,0.0008148055276467767
trpo_noise,1.281,60,0.9451208450395017,0.9314010562993772,0.0007078795448840925
trpo_noise,1.282,60,0.9468901999307662,0.9336127499134576,0.0005820726008779398
trpo_noise,1.283,60,0.9486868624854172,0.9358585781067712,0.0005563606949059561
trpo_noise,1.284,60,0.9490374759875465,0.9362968449844333,0.0006089801071524976
trpo_noise,1.285,60,0.943301648747386,0.929127060934232,0.0007407506146321091
trpo_noise,1.286,60,0.9495866058664124,0.9369832573330154,0.0004894548012731036
trpo_noise,1.287,60,0.9472546882203702,0.9340683602754625,0.0004132956979108478
trpo_noise,1.288,60,0.9420064980606271,0.9275081225757836,0.0010057248668131791
trpo_noise,1.289,60,0.949635792672985,0.9370447408412315,0.0006221318203174281
trpo_noise,1.29,60,0.9456469929301203,0.9320587411626503,0.0007012760472717897
trpo_noise,1.291,60,0.9456869817956325,0.9321087272445404,0.0006943067393865017
trpo_noise,1.292,60,0.9472331588343693,0.9340414485429618,0.000530616488801364
trpo_noise,1.293,60,0.949234313039721,0.936542891299651,0.0004988836294666035
trpo_noise,1.294,60,0.9425566942567022,0.9281958678208776,0.0006716846520709725
trpo_noise,1.295,60,0.9428553500621828,0.9285691875777285,0.0006029393913662759
trpo_noise,1.296,60,0.9436088241327969,0.929511030165996,0.0010356772752267236
trpo_noise,1.297,60,0.9413814157196104,0.9267267696495127,0.00046071161969991854
trpo_noise,1.298,60,0.945036386759409,0.9312954834492612,0.0004289369286786197
trpo_noise,1.299,60,0.9407722849561138,0.925965356195142,0.0006203587059096753
trpo_noise,1.3,60,0.9482262692766856,0.9352828365958572,0.0005192901250590348
trpo_noise,1.301,60,0.9465577047780784,0.9331971309725978,0.0005241786658418772
trpo_noise,1.302,60,0.946824293892933,0.9335303673661659,0.0006465281056804193
trpo_noise,1.303,60,0.9472469893759854,0.9340587367199817,0.0006063240386059266
trpo_noise,1.304,60,0.9449788388563921,0.9312235485704901,0.0007570745387696201
trpo_noise,1.305,60,0.9422320950750823,0.9277901188438528,0.000788848391156167
trpo_noise,1.306,60,0.9437609941889691,0.9297012427362111,0.0006503886805727966
trpo_noise,1.307,60,0.9470031820019469,0.9337539775024334,0.0004554522175054864
trpo_noise,1.308,60,0.9445043341571222,0.9306304176964025,0.000636418845949303
trpo_noise,1.309,60,0.944405538864255,0.9305069235803186,0.0006085324316049942
trpo_noise,1.31,60,0.9476263316992926,0.9345329146241157,0.0006877507277733002
trpo_noise,1.311,60,0.9428333319980077,0.9285416649975097,0.0005916371028548674
trpo_noise,1.312,60,0.9450963847486975,0.9313704809358718,0.0005321408375613627
trpo_noise,1.313,60,0.9486317997729821,0.9357897497162279,0.0005167821508740569
trpo_noise,1.314,60,0.9423297922963635,0.9279122403704544,0.0008738741124390842
trpo_noise,1.315,60,0.9454660147485177,0.9318325184356469,0.00043898328514413307
trpo_noise,1.316,60,0.9444110585443513,0.9305138231804392,0.0005779547906076629
trpo_noise,1.317,60,0.9455894096289943,0.9319867620362428,0.0005848348006656964
trpo_noise,1.318,60,0.9419972523788314,0.927496565473539,0.0006168751914393658
trpo_noise,1.319,60,0.9486936321219563,0.9358670401524455,0.0007014214232807581
trpo_noise,1.32,60,0.9436521082769318,0.9295651353461647,0.0005101856370429808
trpo_noise,1.321,60,0.9395495130341729,0.9244368912927162,0.0007201336789870635
trpo_noise,1.322,60,0.9418220695879858,0.9272775869849816,0.0005072652442212433
trpo_noise,1.323,60,0.9495061226249213,0.9368826532811515,0.0004858823796851857
trpo_noise,1.324,60,0.9446022085583157,0.9307527606978945,0.0009172456813757488
trpo_noise,1.325,60,0.942113177037779,0.9276414712972237,0.0008613633748651048
trpo_noise,1.326,60,0.9443744771812839,0.9304680964766051,0.0005658110526009011
trpo_noise,1.327,60,0.9461727686874278,0.932715960859285,0.00044546181135850243
trpo_noise,1.328,60,0.9435802371633323,0.9294752964541654,0.0005065741824076002
trpo_noise,1.329,60,0.9402428615401297,0.9253035769251625,0.0005524878737902541
trpo_noise,1.33,60,0.9445253136492422,0.9306566420615527,0.0005447750579341803
trpo_noise,1.331,60,0.9416368979818664,0.9270461224773329,0.0006757959387344978
trpo_noise,1.332,60,0.9422028399988112,0.9277535499985139,0.00047662243464125734
trpo_noise,1.333,60,0.9436972798879601,0.9296215998599499,0.0006631396352636391
trpo_noise,1.334,60,0.9459744221190836,0.9324680276488544,0.0005186251266100772
trpo_noise,1.335,60,0.9424915779102124,0.9281144723877652,0.001108013159615833
trpo_noise,1.336,60,0.9444720447716883,0.9305900559646105,0.00071522198485917
trpo_noise,1.337,60,0.939456655466297,0.9243208193328715,0.000928234542503603
trpo_noise,1.338,60,0.9459839743410744,0.932479967926343,0.0005404924370476573
trpo_noise,1.339,60,0.9447478786578328,0.9309348483222911,0.0005809458618303879
trpo_noise,1.34,60,0.9447204539292433,0.930900567411554,0.0006350518953201373
trpo_noise,1.341,60,0.9451787449744438,0.9314734312180544,0.0006257759361912745
trpo_noise,1.342,60,0.9412139189819411,0.9265173987274262,0.0005298830007858736
trpo_noise,1.343,60,0.9416949391931658,0.927118673991457,0.0007555402789219632
trpo_noise,1.344,60,0.9434207800959249,0.929275975119906,0.0005914879648396219
trpo_noise,1.345,60,0.9408047060163813,0.9260058825204767,0.0007400939961470159
trpo_noise,1.346,60,0.9407749235082475,0.9259686543853093,0.0006247356291279328
trpo_noise,1.347,60,0.945710080535886,0.9321376006698576,0.0006915265518934524
trpo_noise,1.348,60,0.9426674884827473,0.9283343606034341,0.000638645658208057
trpo_noise,1.349,60,0.9411533738920529,0.9264417173650661,0.0005475782666960546
trpo_noise,1.35,60,0.9407847292191761,0.92598091152397,0.0007053168863985543
trpo_noise,1.351,60,0.9433196341405478,0.9291495426756848,0.000988685241607617
trpo_noise,1.352,60,0.9396766887153106,0.9245958608941381,0.000832572720253579
trpo_noise,1.353,60,0.9410633430167161,0.9263291787708953,0.0008584950190901427
trpo_noise,1.354,60,0.9374700961617727,0.9218376202022159,0.0009383030512842952
trpo_noise,1.355,60,0.9408758858389821,0.9260948572987275,0.0010250244756921467
trpo_noise,1.356,60,0.9376087889894124,0.9220109862367653,0.0008865735598815111
trpo_noise,1.357,60,0.946787778544581,0.933484723180726,0.0006642539284358283
trpo_noise,1.358,60,0.9395939933514935,0.9244924916893669,0.0008231612158282643
trpo_noise,1.359,60,0.9365791521953337,0.9207239402441673,0.0010344675007150095
trpo_noise,1.36,60,0.9432457088299426,0.9290571360374283,0.0007153555827182113
trpo_noise,1.361,60,0.9392669330461431,0.9240836663076788,0.0006148194904472548
trpo_noise,1.362,60,0.9431234216498464,0.9289042770623079,0.0005315698286714128
trpo_noise,1.363,60,0.9396505855531591,0.9245632319414487,0.0006515447180723121
trpo_noise,1.364,60,0.9380607732238005,0.9225759665297504,0.0008253572074573156
trpo_noise,1.365,60,0.9466180358863752,0.9332725448579685,0.0005252368969905894
trpo_noise,1.366,60,0.9392027026704011,0.9240033783380012,0.0008033534805302298
trpo_noise,1.367,60,0.9396429457319624,0.9245536821649534,0.0008814969983728522
trpo_noise,1.368,60,0.9373580696544952,0.9216975870681189,0.0008235896240825687
trpo_noise,1.369,60,0.935002995079644,0.9187537438495548,0.0007320316010096373
trpo_noise,1.37,60,0.9366388166828893,0.9207985208536117,0.0012279806506197814
trpo_noise,1.371,60,0.9406943258407559,0.925867907300945,0.0006721716408177522
trpo_noise,1.372,60,0.9436048852411929,0.9295061065514909,0.0006201251975443737
trpo_noise,1.373,60,0.9364839185107251,0.920604898138406,0.000692404650879669
trpo_noise,1.374,60,0.9405437315592489,0.9256796644490607,0.0009385543651870804
trpo_noise,1.375,60,0.9404936651474376,0.9256170814342969,0.0007319963278505968
trpo_noise,1.376,60,0.940458430292202,0.9255730378652525,0.0005595486142313565
trpo_noise,1.377,60,0.9396574686106369,0.9245718357632966,0.000965981622425957
trpo_noise,1.378,60,0.9432278889639154,0.9290348612048941,0.0005450062866006645
trpo_noise,1.379,60,0.9419815026384214,0.9274768782980267,0.0008244774404520684
trpo_noise,1.38,60,0.9343809736174231,0.9179762170217791,0.0011019681895552912
trpo_noise,1.381,60,0.9363925014424681,0.920490626803085,0.0006730288998462089
trpo_noise,1.382,60,0.9339590841397367,0.917448855174671,0.0014629428926700716
trpo_noise,1.383,60,0.9408280886751506,0.9260351108439381,0.0005821301864776077
trpo_noise,1.384,60,0.9328493410497158,0.9160616763121445,0.0006709711039501039
trpo_noise,1.385,60,0.9372874979494057,0.921609372436757,0.000833730777986143
trpo_noise,1.386,60,0.9406967056837829,0.9258708821047283,0.0007298576974933289
trpo_noise,1.387,60,0.9415496693548274,0.9269370866935341,0.0008776809664279837
trpo_noise,1.388,60,0.9383149779686001,0.92289372246075,0.000702583409356365
trpo_noise,1.389,60,0.9378420116676246,0.9223025145845308,0.0009185287013129233
trpo_noise,1.39,60,0.9425921320703445,0.9282401650879304,0.000716878161447627
trpo_noise,1.391,60,0.9355816603900291,0.9194770754875362,0.0009010715858224406
trpo_noise,1.392,60,0.9381561937324,0.9226952421654999,0.0007255235207920356
trpo_noise,1.393,60,0.9381470597320174,0.9226838246650219,0.0006744005841992312
trpo_noise,1.394,60,0.940478842378467,0.9255985529730837,0.0006088270246255746
trpo_noise,1.395,60,0.9365849576993246,0.9207311971241555,0.0009281208209480166
trpo_noise,1.396,60,0.9399620800239064,0.924952600029883,0.0007134832493601243
trpo_noise,1.397,60,0.9357031275865957,0.9196289094832447,0.00099531817414494
trpo_noise,1.398,60,0.9351450429198034,0.9189313036497542,0.0008211213134448152
trpo_noise,1.399,60,0.9385891403707988,0.9232364254634986,0.0007993996456728806
trpo_noise,1.4,60,0.9375399318574849,0.9219249148218561,0.0011297303857401382
trpo_noise,1.401,60,0.9408521907316584,0.926065238414573,0.0005882851776655425
trpo_noise,1.402,60,0.9340890861833512,0.9176113577291887,0.001007768647920262
trpo_noise,1.403,60,0.9412915714304498,0.9266144642880622,0.0006936177977028447
trpo_noise,1.404,60,0.9387225206591435,0.9234031508239293,0.0005516112483002165
trpo_noise,1.405,60,0.9332352448315504,0.916544056039438,0.0011894205392536206
trpo_noise,1.406,60,0.9461237766712144,0.9326547208390181,0.0006330071777361125
trpo_noise,1.407,60,0.9368121681699059,0.9210152102123822,0.0010194853645391013
trpo_noise,1.408,60,0.9362237470869688,0.9202796838587108,0.0007694157976613906
trpo_noise,1.409,60,0.9382887421861092,0.9228609277326363,0.0008686808014953535
trpo_noise,1.41,60,0.9412027625754409,0.9265034532193013,0.0005285797886985557
trpo_noise,1.411,60,0.9375805570943566,0.921975696367946,0.000799133622122384
trpo_noise,1.412,60,0.9393211453504128,0.9241514316880158,0.0007976462486169471
trpo_noise,1.413,60,0.9348781020482566,0.9185976275603204,0.0006781996384063047
trpo_noise,1.414,60,0.9421492136124657,0.9276865170155821,0.0006457380336684556
trpo_noise,1.415,60,0.9415147072123298,0.9268933840154123,0.0005250129213835669
trpo_noise,1.416,60,0.9371612587497552,0.921451573437194,0.0008566450823144218
trpo_noise,1.417,60,0.9346960435910234,0.918370054488779,0.0007788508331411461
trpo_noise,1.418,60,0.9399086681753759,0.9248858352192199,0.0010083056874534027
trpo_noise,1.419,60,0.9355823328214031,0.919477916026754,0.0007435038685685363
trpo_noise,1.42,60,0.9362846268433064,0.920355783554133,0.0006535713176854012
trpo_noise,1.421,60,0.9374626761883459,0.9218283452354324,0.0007872506361993371
trpo_noise,1.422,60,0.9329822897644319,0.9162278622055396,0.0011313378787106212
trpo_noise,1.423,60,0.935778621511577,0.9197232768894712,0.0008651457582456285
trpo_noise,1.424,60,0.9361287145957995,0.9201608932447495,0.0005363488447913366
trpo_noise,1.425,60,0.939062166320057,0.923827707900071,0.0005724689238908932
trpo_noise,1.426,60,0.9332900034139041,0.91661250426738,0.0010260321680499683
trpo_noise,1.427,60,0.9360204946743814,0.9200256183429762,0.0009808394988920798
trpo_noise,1.428,60,0.9341198809329132,0.9176498511661416,0.0008762296789513578
trpo_noise,1.429,60,0.9335364177331549,0.9169205221664435,0.0007830355520099727
trpo_noise,1.43,60,0.9378998297988839,0.9223747872486047,0.000726241580584575
trpo_noise,1.431,60,0.9377862601580236,0.9222328251975294,0.000933015765370293
trpo_noise,1.432,60,0.9308176561118,0.91352207013975,0.0010944472614592062
trpo_noise,1.433,60,0.9362112933019756,0.9202641166274695,0.0008834793922842
trpo_noise,1.434,60,0.9369414482024396,0.9211768102530495,0.000952287131693987
trpo_noise,1.435,60,0.9333015171603288,0.916626896450411,0.0008876740236859088
trpo_noise,1.436,60,0.9351530051699227,0.9189412564624034,0.0006584254934673642
trpo_noise,1.437,60,0.9380223732675529,0.9225279665844413,0.0008978871424850417
trpo_noise,1.438,60,0.9389917399432136,0.923739674929017,0.0005648859582829173
trpo_noise,1.439,60,0.9351270234351987,0.9189087792939986,0.0009324692667297259
trpo_noise,1.44,60,0.9327553935604401,0.9159442419505501,0.000976699456162885
trpo_noise,1.441,60,0.931553242511217,0.914441553139021,0.0008053486436347342
trpo_noise,1.442,60,0.9328758711372687,0.9160948389215859,0.0009616744856171998
trpo_noise,1.443,60,0.9359101273417383,0.9198876591771729,0.000891576801443822
trpo_noise,1.444,60,0.9353357760372009,0.9191697200465011,0.000776847949752139
trpo_noise,1.445,60,0.9303280859379044,0.9129101074223805,0.0008349198472701676
trpo_noise,1.446,60,0.9375220083286845,0.9219025104108558,0.0006470441415648131
trpo_noise,1.447,60,0.9327041134322936,0.915880141790367,0.0008666626071571963
trpo_noise,1.448,60,0.9329000189494789,0.9161250236868487,0.0011155185066102655
trpo_noise,1.449,60,0.9339944398233716,0.9174930497792144,0.0009658222829026376
trpo_noise,1.45,60,0.9316502770093472,0.9145628462616837,0.0009070244633686681
trpo_noise,1.451,60,0.9311434366206065,0.9139292957757579,0.0006908551529865008
trpo_noise,1.452,60,0.9267763838739782,0.9084704798424732,0.001350397349702123
trpo_noise,1.453,60,0.9280869432677115,0.9101086790846392,0.0011276739937417077
trpo_noise,1.454,60,0.9343457148373157,0.9179321435466444,0.0011871949430141892
trpo_noise,1.455,60,0.9377638268873423,0.9222047836091775,0.0008080496314386384
trpo_noise,1.456,60,0.9314083924382062,0.9142604905477575,0.0009911995237212629
trpo_noise,1.457,60,0.9322768844123502,0.9153461055154376,0.0009024875378943018
trpo_noise,1.458,60,0.930516602462032,0.9131457530775402,0.00127412556688598
trpo_noise,1.459,60,0.9345284430495294,0.9181605538119116,0.0008511039740307029
trpo_noise,1.46,60,0.9322062540723423,0.9152578175904277,0.0009126322396709731
trpo_noise,1.461,60,0.9275306731004161,0.9094133413755201,0.001153701102578814
trpo_noise,1.462,60,0.9369362429499812,0.9211703036874767,0.0007704830873660867
trpo_noise,1.463,60,0.9371961195212262,0.9214951494015325,0.0008354775323315785
trpo_noise,1.464,60,0.9305414680271525,0.9131768350339408,0.0014284973873846649
trpo_noise,1.465,60,0.9343405310024949,0.9179256637531185,0.0008260519817345961
trpo_noise,1.466,60,0.9329399328573109,0.9161749160716386,0.0007498307456641926
trpo_noise,1.467,60,0.9357595592974143,0.9196994491217675,0.000803728459272431
trpo_noise,1.468,60,0.932036503817596,0.9150456297719948,0.001114704028007839
trpo_noise,1.469,60,0.9360807852284524,0.9201009815355655,0.000719473204395718
trpo_noise,1.47,60,0.936406412968557,0.9205080162106961,0.0009636258069505927
trpo_noise,1.471,60,0.9324120331064286,0.9155150413830355,0.0010579484507441163
trpo_noise,1.472,60,0.9337351112214564,0.9171688890268204,0.0007753923616359882
trpo_noise,1.473,60,0.9305772074677873,0.9132215093347343,0.0010752797093343408
trpo_noise,1.474,60,0.9270695598489761,0.9088369498112201,0.0012905505671329603
trpo_noise,1.475,60,0.9336227776379158,0.917028472047395,0.0007654721751296139
trpo_noise,1.476,60,0.9307020572492857,0.9133775715616069,0.0014420095774463
trpo_noise,1.477,60,0.9338721831727018,0.9173402289658773,0.0006855152509393947
trpo_noise,1.478,60,0.9344415720498372,0.9180519650622967,0.0008456869616301322
trpo_noise,1.479,60,0.9347444472778879,0.9184305590973599,0.0009280030863821895
trpo_noise,1.48,60,0.9316713876461287,0.9145892345576606,0.001099120123381907
trpo_noise,1.481,60,0.935319923214843,0.9191499040185535,0.000990309015076117
trpo_noise,1.482,60,0.9256502449698658,0.9070628062123323,0.0010396012734549172
trpo_noise,1.483,60,0.9295313657180977,0.9119142071476217,0.0011660678275532993
trpo_noise,1.484,60,0.9358914438015884,0.9198643047519852,0.000636425237056377
trpo_noise,1.485,60,0.9355074492692405,0.9193843115865508,0.0007810917594447428
trpo_noise,1.486,60,0.9343235489872002,0.9179044362340001,0.0012144323505081803
trpo_noise,1.487,60,0.9293003657427937,0.9116254571784924,0.0009843893425328502
trpo_noise,1.488,60,0.9273155168841495,0.9091443961051869,0.0009387462055440778
trpo_noise,1.489,60,0.9293579724243255,0.9116974655304071,0.0009326946117458457
trpo_noise,1.49,60,0.9354403096242216,0.9193003870302767,0.0008511738594204402
trpo_noise,1.491,60,0.9321670767770037,0.9152088459712544,0.0011008012854643063
trpo_noise,1.492,60,0.9310972100959355,0.9138715126199192,0.000843682542573644
trpo_noise,1.493,60,0.9364904375933958,0.9206130469917445,0.0009845129989477655
trpo_noise,1.494,60,0.9308173531580899,0.9135216914476124,0.0006946725159936318
trpo_noise,1.495,60,0.9366994238830625,0.9208742798538282,0.0011655937730764671
trpo_noise,1.496,60,0.9313091741869579,0.9141364677336974,0.001087886604872255
trpo_noise,1.497,60,0.9294868654916901,0.9118585818646124,0.0008634581845718506
trpo_noise,1.498,60,0.9296296486928072,0.9120370608660091,0.000960939217268154
trpo_noise,1.499,60,0.9319027366180678,0.9148784207725846,0.0008017659835262152
trpo_noise,1.5,60,0.9259062621058732,0.9073828276323418,0.001154769692361934
trpo_noise,1.501,60,0.9312218338223084,0.9140272922778855,0.0008407939618670155
trpo_noise,1.502,60,0.9283217184664354,0.9104021480830444,0.0009650807320593847
trpo_noise,1.503,60,0.9327874909870074,0.915984363733759,0.0006180427615988198
trpo_noise,1.504,60,0.933778901367385,0.9172236267092312,0.0010434550807992783
trpo_noise,1.505,60,0.9294455268697146,0.9118069085871434,0.0009348404621506472
trpo_noise,1.506,60,0.9360286553556723,0.92003581919459,0.0007217758922328469
trpo_noise,1.507,60,0.9328601679792012,0.9160752099740015,0.0010671714485028757
trpo_noise,1.508,60,0.92844130399606,0.910551629995075,0.001116962828607212
trpo_noise,1.509,60,0.9262643038793297,0.9078303798491619,0.001088742291589394
trpo_noise,1.51,60,0.9303080705440876,0.9128850881801096,0.0010683676473622866
trpo_noise,1.511,60,0.9286279255795947,0.9107849069744934,0.0012891771820899265
trpo_noise,1.512,60,0.930455728849659,0.9130696610620735,0.0009305539640655397
trpo_noise,1.513,60,0.9256608472342762,0.907076059042845,0.0011134218564922116
trpo_noise,1.514,60,0.9354281787231589,0.9192852234039485,0.000921078298225062
trpo_noise,1.515,60,0.9271868640378408,0.9089835800473007,0.0014569012937100043
trpo_noise,1.516,60,0.9274134377031613,0.9092667971289516,0.0008497929905628455
trpo_noise,1.517,60,0.9264975904236723,0.9081219880295905,0.0008693487617182066
trpo_noise,1.518,60,0.9280625421591853,0.9100781776989815,0.0013109582599582865
trpo_noise,1.519,60,0.9327846049728298,0.9159807562160374,0.0012675100250771922
trpo_noise,1.52,60,0.9301940752859674,0.9127425941074591,0.0010744233371859343
trpo_noise,1.521,60,0.9318871768633953,0.9148589710792441,0.0006777201860914324
trpo_noise,1.522,60,0.9208059910436035,0.9010074888045045,0.001013320179252765
trpo_noise,1.523,60,0.9267984226323975,0.9084980282904966,0.0018918954228089163
trpo_noise,1.524,60,0.9276152433572332,0.9095190541965414,0.0008343665990659932
trpo_noise,1.525,60,0.9254687926145236,0.9068359907681547,0.0012813661576628705
trpo_noise,1.526,60,0.9296519161827596,0.9120648952284492,0.0008669818791959947
trpo_noise,1.527,60,0.9340615466142325,0.9175769332677904,0.0009391971354003684
trpo_noise,1.528,60,0.9303498526386399,0.9129373157983002,0.0012120682250218741
trpo_noise,1.529,60,0.9251468912609115,0.9064336140761393,0.0011842068337062509
trpo_noise,1.53,60,0.9217645523107383,0.9022056903884226,0.0014205432506944674
trpo_noise,1.531,60,0.9321558930538247,0.915194866317281,0.0009754080977356224
trpo_noise,1.532,60,0.9302312434278557,0.9127890542848195,0.0009891159467879062
trpo_noise,1.533,60,0.9314481161813604,0.9143101452267005,0.000919983120834616
trpo_noise,1.534,60,0.9231878974505803,0.9039848718132253,0.001794129478764635
trpo_noise,1.535,60,0.9211804529511289,0.9014755661889109,0.0010431100946310266
trpo_noise,1.536,60,0.925548249073756,0.9069353113421951,0.0010551512689203494
trpo_noise,1.537,60,0.932008287966254,0.9150103599578172,0.000751884918771899
trpo_noise,1.538,60,0.9254203488291651,0.9067754360364566,0.0010694426021289323
trpo_noise,1.539,60,0.9240507246747636,0.9050634058434543,0.0009680063639492243
trpo_noise,1.54,60,0.9271429454967536,0.9089286818709418,0.0013244823810823238
trpo_noise,1.541,60,0.9249962616178113,0.906245327022264,0.0011040093139556783
trpo_noise,1.542,60,0.9233992520838772,0.9042490651048464,0.0012790813396424967
trpo_noise,1.543,60,0.9276693003595888,0.9095866254494857,0.0009448894768660772
trpo_noise,1.544,60,0.9275100906690601,0.9093876133363251,0.0014808453054446806
trpo_noise,1.545,60,0.9300629367289883,0.9125786709112353,0.0009763180411848995
trpo_noise,1.546,60,0.9276050511236544,0.9095063139045678,0.0011939548664154655
trpo_noise,1.547,60,0.9293836516296203,0.9117295645370256,0.0008714803465252904
trpo_noise,1.548,60,0.9217772891898675,0.902221611487334,0.0011337951416778714
trpo_noise,1.549,60,0.919215458577143,0.8990193232214289,0.0011442245809114146
trpo_noise,1.55,60,0.9262854055724884,0.9078567569656105,0.0013821243764352714
trpo_noise,1.551,60,0.9250427874721275,0.9063034843401597,0.0010226889847493668
trpo_noise,1.552,60,0.9274599120171656,0.9093248900214572,0.0009070635217092576
trpo_noise,1.553,60,0.933685846843061,0.9171073085538262,0.0011289934892093278
trpo_noise,1.554,60,0.9228697031814399,0.9035871289768,0.0012039631260090551
trpo_noise,1.555,60,0.9184027326021433,0.8980034157526793,0.0014197234188794085
trpo_noise,1.556,60,0.9261472208314177,0.9076840260392719,0.0011266105770850134
trpo_noise,1.557,60,0.921554872927921,0.9019435911599012,0.001196636788693227
trpo_noise,1.558,60,0.9237748699168427,0.9047185873960533,0.0012223898721960486
trpo_noise,1.559,60,0.9271324610663829,0.9089155763329783,0.0012262706110607584
trpo_noise,1.56,60,0.9242186887254683,0.905273360906835,0.0008377427469403032
trpo_noise,1.561,60,0.9270528036725442,0.9088160045906801,0.0016743682512096183
trpo_noise,1.562,60,0.9203805703229329,0.9004757129036658,0.001330782273572098
trpo_noise,1.563,60,0.9312216166614065,0.9140270208267579,0.0008814566354341119
trpo_noise,1.564,60,0.923169511673709,0.9039618895921362,0.0013381985365973307
trpo_noise,1.565,60,0.9297471269677783,0.9121839087097228,0.0007881240785038401
trpo_noise,1.566,60,0.9220425914796678,0.9025532393495848,0.0009220755424190776
trpo_noise,1.567,60,0.9222373758706202,0.9027967198382749,0.00126848076804545
trpo_noise,1.568,60,0.9256277351888539,0.9070346689860675,0.0011446824279032917
trpo_noise,1.569,60,0.9236301859898127,0.9045377324872657,0.0017200682479424562
trpo_noise,1.57,60,0.9261502643597578,0.9076878304496968,0.000871914510323375
trpo_noise,1.571,60,0.9208624530811229,0.9010780663514034,0.0008250232305749034
trpo_noise,1.572,60,0.9229174677901887,0.9036468347377361,0.0011201906152375838
trpo_noise,1.573,60,0.9248763298952062,0.9060954123690078,0.0009735105647385873
trpo_noise,1.574,60,0.9272985276551604,0.9091231595689505,0.0015509975165969394
trpo_noise,1.575,60,0.9310177875394129,0.9137722344242662,0.0007905176449402473
trpo_noise,1.576,60,0.919674933792493,0.8995936672406162,0.0015760097051303488
trpo_noise,1.577,60,0.9297938884891966,0.9122423606114957,0.0008669349021689051
trpo_noise,1.578,60,0.9186984211990471,0.898373026498809,0.0008226025673508985
trpo_noise,1.579,60,0.923323194081746,0.9041539926021824,0.0012658144319008528
trpo_noise,1.58,60,0.9241588590153328,0.9051985737691658,0.0012274893419691928
trpo_noise,1.581,60,0.9206946781199955,0.9008683476499946,0.0013883357127519686
trpo_noise,1.582,60,0.917335020788263,0.8966687759853287,0.0014628917754374398
trpo_noise,1.583,60,0.9246562796148787,0.9058203495185982,0.0012306788248764814
trpo_noise,1.584,60,0.9221724673824678,0.9027155842280847,0.0009283021941996601
trpo_noise,1.585,60,0.9268926923491257,0.9086158654364074,0.0007715591344546589
trpo_noise,1.586,60,0.9235947554405659,0.9044934443007073,0.0010208698446426295
trpo_noise,1.587,60,0.9223055753527509,0.9028819691909384,0.0013438993484091847
trpo_noise,1.588,60,0.9193182015628363,0.8991477519535456,0.0010136329633163676
trpo_noise,1.589,60,0.9225202237729081,0.9031502797161352,0.0014329846408074375
trpo_noise,1.59,60,0.9191302420096167,0.8989128025120208,0.0017676356216803394
trpo_noise,1.591,60,0.920597185756966,0.9007464821962073,0.001372879249326979
trpo_noise,1.592,60,0.9201538859638018,0.9001923574547523,0.001258306061988026
trpo_noise,1.593,60,0.9202305584622208,0.9002881980777759,0.001649036567940051
trpo_noise,1.594,60,0.9251768879334885,0.9064711099168606,0.0009564714285612674
trpo_noise,1.595,60,0.9208069576442384,0.9010086970552977,0.001515514442478033
trpo_noise,1.596,60,0.9273467417468391,0.9091834271835488,0.0008889198144874356
trpo_noise,1.597,60,0.9187973106231468,0.8984966382789337,0.0015801658950527007
trpo_noise,1.598,60,0.9151634764626935,0.8939543455783668,0.0010929732076599388
trpo_noise,1.599,60,0.9237961099897674,0.9047451374872092,0.0015927926492424356
trpo_noise,1.6,60,0.914153176225307,0.8926914702816336,0.0015292993033860286
trpo_noise,1.601,60,0.9230534662950123,0.9038168328687652,0.001417437713564652
trpo_noise,1.602,60,0.9210956068006535,0.901369508500817,0.0008160496620774374
trpo_noise,1.603,60,0.9201574685756759,0.900196835719595,0.0013902573817437187
trpo_noise,1.604,60,0.9209143595463751,0.9011429494329689,0.0010504563831869893
trpo_noise,1.605,60,0.9229328588685372,0.9036660735856716,0.0013301418641342353
trpo_noise,1.606,60,0.9283828588862403,0.9104785736078005,0.0010896893531184017
trpo_noise,1.607,60,0.9239876296157736,0.9049845370197172,0.001626752753271783
trpo_noise,1.608,60,0.9242717406640297,0.9053396758300373,0.0012875244240938542
trpo_noise,1.609,60,0.9188970142148123,0.8986212677685154,0.0014353086665029322
trpo_noise,1.61,60,0.9162240503435461,0.8952800629294325,0.0013794614978552492
trpo_noise,1.611,60,0.9227615596045404,0.9034519495056752,0.0009771240072032033
trpo_noise,1.612,60,0.9154280034746489,0.8942850043433108,0.001440812741476945
trpo_noise,1.613,60,0.9184147230349091,0.8980184037936362,0.0013519778963417422
trpo_noise,1.614,60,0.9195791693221512,0.899473961652689,0.0012395162249117081
trpo_noise,1.615,60,0.9190398486502194,0.8987998108127742,0.001392454690845685
trpo_noise,1.616,60,0.9261635085832807,0.9077043857291007,0.0009038701715514622
trpo_noise,1.617,60,0.9233526172763273,0.9041907715954091,0.0008599806821790187
trpo_noise,1.618,60,0.9220431701324625,0.9025539626655781,0.001062730337163216
trpo_noise,1.619,60,0.9249749162205891,0.9062186452757363,0.0007882009603057963
trpo_noise,1.62,60,0.9187607036955175,0.8984508796193972,0.0011222736337002345
trpo_noise,1.621,60,0.9190900546610777,0.8988625683263469,0.0017963406581405935
trpo_noise,1.622,60,0.9174092448842122,0.8967615561052648,0.0015348317271332388
trpo_noise,1.623,60,0.9230556852742418,0.903819606592802,0.0008862852869895675
trpo_noise,1.624,60,0.9238561456822723,0.9048201821028405,0.0010525223762391902
trpo_noise,1.625,60,0.9134449246504979,0.8918061558131221,0.0018986494878013218
trpo_noise,1.626,60,0.9154714438451382,0.8943393048064227,0.0012776299770499572
trpo_noise,1.627,60,0.9191072833881013,0.8988841042351264,0.0012869455169307637
trpo_noise,1.628,60,0.9196581732092979,0.8995727165116224,0.0012298226792146392
trpo_noise,1.629,60,0.9209055212671388,0.9011319015839235,0.0011787506158489327
trpo_noise,1.63,60,0.9242046613939545,0.9052558267424431,0.0010931981907049352
trpo_noise,1.631,60,0.9179222586402684,0.8974028233003357,0.0014524595489734844
trpo_noise,1.632,60,0.9156060395624044,0.8945075494530054,0.0014577342560953951
trpo_noise,1.633,60,0.9185586934979505,0.8981983668724383,0.0012968843431491624
trpo_noise,1.634,60,0.9183189683421079,0.8978987104276348,0.0014682296836020917
trpo_noise,1.635,60,0.9205367533064903,0.9006709416331129,0.0011587596037508357
trpo_noise,1.636,60,0.9170163117981005,0.8962703897476254,0.0014437196274010727
trpo_noise,1.637,60,0.9197843682372451,0.8997304602965563,0.0012937292188877163
trpo_noise,1.638,60,0.9258866298555533,0.9073582873194415,0.001391828410794576
trpo_noise,1.639,60,0.9230991531120282,0.9038739413900352,0.0008568519736917662
trpo_noise,1.64,60,0.9232297468783428,0.9040371835979283,0.0013306249216955793
trpo_noise,1.641,60,0.9183259439833134,0.8979074299791419,0.0018025954403339617
trpo_noise,1.642,60,0.9182786995504852,0.8978483744381066,0.0014423413577141712
trpo_noise,1.643,60,0.9145226245418396,0.8931532806772994,0.0013846142169108148
trpo_noise,1.644,60,0.9143326428339584,0.8929158035424481,0.0016377371281151574
trpo_noise,1.645,60,0.9174888932409317,0.8968611165511645,0.0011462170652850234
trpo_noise,1.646,60,0.9219228758366569,0.9024035947958211,0.0012842097393003509
trpo_noise,1.647,60,0.9207986839018327,0.9009983548772907,0.0016362889347871445
trpo_noise,1.648,60,0.9059074589008946,0.8823843236261183,0.0021649488222700835
trpo_noise,1.649,60,0.9189730799181165,0.8987163498976457,0.0013452133064727262
trpo_noise,1.65,60,0.9149291236644616,0.8936614045805766,0.0011770290166288548
trpo_noise,1.651,60,0.9104272566171083,0.8880340707713855,0.0017856148634020743
trpo_noise,1.652,60,0.9160164709907413,0.8950205887384267,0.0013794249512244898
trpo_noise,1.653,60,0.9181251999087714,0.897656499885964,0.0013973222954427862
trpo_noise,1.654,60,0.915789118132623,0.8947363976657788,0.0012605177675879798
trpo_noise,1.655,60,0.9182474196093259,0.8978092745116572,0.0014260205028723825
trpo_noise,1.656,60,0.9169582137828791,0.8961977672285987,0.001294522423385045
trpo_noise,1.657,60,0.9170208920273573,0.8962761150341966,0.0016444656415171993
trpo_noise,1.658,60,0.913290374167508,0.8916129677093851,0.0012997576832190945
trpo_noise,1.659,60,0.9169615603698436,0.8962019504623046,0.0020719077821150403
trpo_noise,1.66,60,0.9175916566574707,0.8969895708218382,0.0011211165662819056
trpo_noise,1.661,60,0.9158748313058336,0.8948435391322921,0.0010249623868139226
trpo_noise,1.662,60,0.9126945022975408,0.890868127871926,0.0015941403501094783
trpo_noise,1.663,60,0.9152257734811488,0.8940322168514357,0.001810074024572503
trpo_noise,1.664,60,0.9214024371158968,0.9017530463948711,0.0011461953923201978
trpo_noise,1.665,60,0.9127700831238541,0.8909626039048174,0.0019557435367982506
trpo_noise,1.666,60,0.9199235688877014,0.8999044611096266,0.0018000786352635775
trpo_noise,1.667,60,0.9175147352261231,0.8968934190326538,0.0011268305132668968
trpo_noise,1.668,60,0.9184548359494148,0.8980685449367684,0.0011941793436734906
trpo_noise,1.669,60,0.9210414790023652,0.9013018487529566,0.0013561082902296415
trpo_noise,1.67,60,0.9161307587180817,0.8951634483976021,0.0011084649367391855
trpo_noise,1.671,60,0.9185982581334315,0.8982478226667895,0.0013860587709481078
trpo_noise,1.672,60,0.9130901644727145,0.891362705590893,0.0016378562565619596
trpo_noise,1.673,60,0.9085538602101446,0.8856923252626808,0.00228354471138299
trpo_noise,1.674,60,0.912478426353607,0.8905980329420087,0.0015796954035806896
trpo_noise,1.675,60,0.9180789091688265,0.8975986364610334,0.0022346108876076898
trpo_noise,1.676,60,0.9175598026404423,0.8969497533005527,0.0013360555339537107
trpo_noise,1.677,60,0.9198419472191692,0.8998024340239614,0.001125470978886335
trpo_noise,1.678,60,0.91117335613528,0.8889666951690999,0.0012875078831036076
trpo_noise,1.679,60,0.9091313151438,0.8864141439297499,0.0014055865704795932
trpo_noise,1.68,60,0.9102136739774963,0.8877670924718702,0.0017312379014201777
trpo_noise,1.681,60,0.9155762941282005,0.8944703676602507,0.0017233145856654392
trpo_noise,1.682,60,0.9127919525498929,0.890989940687366,0.0016310750261518824
trpo_noise,1.683,60,0.9072522967656385,0.884065370957048,0.002453724952406337
trpo_noise,1.684,60,0.9116616810119613,0.8895771012649515,0.0018049172944164587
trpo_noise,1.685,60,0.9133830070760633,0.8917287588450791,0.0023410136049283052
trpo_noise,1.686,60,0.9149759624590772,0.8937199530738464,0.0013463254051649513
trpo_noise,1.687,60,0.9164501212799169,0.8955626515998961,0.0013490929052934744
trpo_noise,1.688,60,0.9125225830024303,0.8906532287530377,0.0014545321303548633
trpo_noise,1.689,60,0.9144107903621974,0.8930134879527466,0.0013189323180579937
trpo_noise,1.69,60,0.9188567534846452,0.8985709418558065,0.001237461371636385
trpo_noise,1.691,60,0.9138012668795135,0.8922515835993919,0.0013836505031564778
trpo_noise,1.692,60,0.9181705490134597,0.8977131862668247,0.00144695169074405
trpo_noise,1.693,60,0.9056660549665096,0.8820825687081368,0.0014666507784985745
trpo_noise,1.694,60,0.921716131486864,0.9021451643585798,0.0009622282794124457
trpo_noise,1.695,60,0.909637197910572,0.8870464973882152,0.0018935441771328575
trpo_noise,1.696,60,0.9112408064853533,0.8890510081066915,0.0017781730201552172
trpo_noise,1.697,60,0.9112709708903122,0.8890887136128903,0.0016571008977109903
trpo_noise,1.698,60,0.9033230219576303,0.8791537774470378,0.0022706343890363475
trpo_noise,1.699,60,0.9120905746029178,0.8901132182536471,0.0017621769209622022
trpo_noise,1.7,60,0.9098674619486307,0.8873343274357882,0.0015767346112322024
trpo_noise,1.701,60,0.9180110926747939,0.8975138658434924,0.0013205445597968192
trpo_noise,1.702,60,0.9121240385087109,0.8901550481358889,0.001364736536924363
trpo_noise,1.703,60,0.9181717152996498,0.8977146441245624,0.0015104841581573493
trpo_noise,1.704,60,0.9114479067000145,0.8893098833750183,0.00181949655817854
trpo_noise,1.705,60,0.9076880772151779,0.8846100965189722,0.0016618685201855567
trpo_noise,1.706,60,0.9061138439075762,0.8826423048844702,0.001653323795894918
trpo_noise,1.707,60,0.918975737805806,0.8987196722572577,0.0010163292730007065
trpo_noise,1.708,60,0.909494288980023,0.8868678612250288,0.001553412932398248
trpo_noise,1.709,60,0.9099100053017422,0.8873875066271778,0.0012787703610738848
trpo_noise,1.71,60,0.909178142020253,0.8864726775253161,0.0015532693264576152
trpo_noise,1.711,60,0.9107024520086249,0.888378065010781,0.0019388016865192507
trpo_noise,1.712,60,0.9104120902131667,0.8880151127664585,0.0016260802528896387
trpo_noise,1.713,60,0.9074332819058392,0.8842916023822986,0.0018892531738359682
trpo_noise,1.714,60,0.9057487665472975,0.8821859581841217,0.0015344008107371428
trpo_noise,1.715,60,0.909611987225405,0.8870149840317564,0.0010059921722511264
trpo_noise,1.716,60,0.9121401744682398,0.8901752180852999,0.0014840568190870964
trpo_noise,1.717,60,0.9073150141673904,0.8841437677092377,0.0015724532022416268
trpo_noise,1.718,60,0.9142963064014169,0.8928703830017709,0.002025627700078442
trpo_noise,1.719,60,0.9056016210402096,0.8820020263002617,0.002872475553347574
trpo_noise,1.72,60,0.9170203989049974,0.8962754986312464,0.0014047069783376287
trpo_noise,1.721,60,0.9153191162019367,0.8941488952524209,0.0015997451739714651
trpo_noise,1.722,60,0.9127715941613247,0.8909644927016557,0.0021517529426534213
trpo_noise,1.723,60,0.9079487425300589,0.8849359281625738,0.002441618915802399
trpo_noise,1.724,60,0.910952502163566,0.8886906277044577,0.001538205276861324
trpo_noise,1.725,60,0.9078161976751029,0.8847702470938785,0.0013679293783580174
trpo_noise,1.726,60,0.9031571860866487,0.8789464826083111,0.0019086324330520952
trpo_noise,1.727,60,0.9136919040856264,0.8921148801070328,0.001483826451739395
trpo_noise,1.728,60,0.9110613608742005,0.8888267010927506,0.0018447461555731143
trpo_noise,1.729,60,0.9188515556309853,0.8985644445387315,0.0013679173809734294
trpo_noise,1.73,60,0.9117228901857768,0.889653612732221,0.0018287099473313652
trpo_noise,1.731,60,0.9113476315656073,0.889184539457009,0.0019186736102436257
trpo_noise,1.732,60,0.9080408399637835,0.8850510499547294,0.0020168700485974833
trpo_noise,1.733,60,0.915115668554368,0.8938945856929598,0.0016405463496059482
trpo_noise,1.734,60,0.910944594749566,0.8886807434369575,0.0020171221066145255
trpo_noise,1.735,60,0.9038777021598282,0.8798471276997852,0.002570245191017501
trpo_noise,1.736,60,0.9143692331714567,0.8929615414643207,0.0012460999094065645
trpo_noise,1.737,60,0.9116175168608462,0.8895218960760578,0.0015270389139742135
trpo_noise,1.738,60,0.9124050705347164,0.8905063381683954,0.0011453951095539627
trpo_noise,1.739,60,0.9101975365887953,0.887746920735994,0.0013670041669084708
trpo_noise,1.74,60,0.9052817071844456,0.8816021339805568,0.0018708728336293827
trpo_noise,1.741,60,0.907717364398544,0.8846467054981801,0.001604139405126403
trpo_noise,1.742,60,0.9102896287711086,0.8878620359638858,0.001998580452897398
trpo_noise,1.743,60,0.9118263604442106,0.8897829505552634,0.001518136025060001
trpo_noise,1.744,60,0.9095624269564297,0.8869530336955372,0.0015329962374878356
trpo_noise,1.745,60,0.9076493451274207,0.8845616814092759,0.0023062976764276527
trpo_noise,1.746,60,0.9067790369899748,0.8834737962374681,0.0014409380973737342
trpo_noise,1.747,60,0.9133454041271485,0.8916817551589357,0.0015276677894681707
trpo_noise,1.748,60,0.9110077047514,0.8887596309392497,0.0009610896553293873
trpo_noise,1.749,60,0.9064576968218554,0.8830721210273192,0.001455324205914454
trpo_noise,1.75,60,0.9103245748292633,0.8879057185365792,0.0019341176117001516
trpo_noise,1.751,60,0.9118947265113434,0.889868408139179,0.0015845082438239635
trpo_noise,1.752,60,0.9107380747603939,0.888422593450492,0.0020793262484786524
trpo_noise,1.753,60,0.9020694266770015,0.877586783346252,0.001526117654896236
trpo_noise,1.754,60,0.9039958788674923,0.8799948485843655,0.001626417130273109
trpo_noise,1.755,60,0.9048841833120438,0.8811052291400548,0.00131182329861133
trpo_noise,1.756,60,0.894933571583535,0.868666964479419,0.002087455705560915
trpo_noise,1.757,60,0.90528406470836,0.8816050808854499,0.0022126990425706495
trpo_noise,1.758,60,0.9081117221897493,0.8851396527371869,0.0014896622833644633
trpo_noise,1.759,60,0.9086761012006502,0.8858451265008128,0.0012851212214599831
trpo_noise,1.76,60,0.9129108169025681,0.8911385211282102,0.0012461307360858813
trpo_noise,1.761,60,0.9041072779406513,0.8801340974258138,0.002358657407289059
trpo_noise,1.762,60,0.9055123631023104,0.881890453877888,0.0014849050759626443
trpo_noise,1.763,60,0.9046618836926932,0.8808273546158664,0.0017804482690109518
trpo_noise,1.764,60,0.9104971446611565,0.8881214308264457,0.001410834186089314
trpo_noise,1.765,60,0.9129724309574219,0.8912155386967774,0.0014806690846007908
trpo_noise,1.766,60,0.9083674560307475,0.8854593200384342,0.002199745420595361
trpo_noise,1.767,60,0.9121941335603779,0.8902426669504724,0.001083801255985379
trpo_noise,1.768,60,0.9103469312189537,0.8879336640236919,0.0019443675275801306
trpo_noise,1.769,60,0.9049841192139791,0.881230149017474,0.0012104481137079732
trpo_noise,1.77,60,0.9106709759460774,0.8883387199325966,0.0017431774584450383
trpo_noise,1.771,60,0.905853873547804,0.8823173419347548,0.0018544995582682729
trpo_noise,1.772,60,0.9080544819875986,0.8850681024844983,0.0014255207368355485
trpo_noise,1.773,60,0.9037708549445203,0.8797135686806502,0.0018805200396548917
trpo_noise,1.774,60,0.9065097282926244,0.8831371603657806,0.0019143687481175673
trpo_noise,1.775,60,0.9101679140965827,0.8877098926207284,0.0014560477033317783
trpo_noise,1.776,60,0.9038830578375464,0.8798538222969332,0.0017166924518302804
trpo_noise,1.777,60,0.9047457847408737,0.8809322309260923,0.002101510568044519
trpo_noise,1.778,60,0.9012236527786321,0.8765295659732899,0.001438087461958242
trpo_noise,1.779,60,0.9013222379984485,0.8766527974980602,0.002312380163516431
trpo_noise,1.78,60,0.9073051793962835,0.8841314742453545,0.0024418799261266594
trpo_noise,1.781,60,0.9016280018936389,0.8770350023670489,0.0020612069299494446
trpo_noise,1.782,60,0.9014105887026034,0.8767632358782543,0.0011500205437557944
trpo_noise,1.783,60,0.9085703589944618,0.8857129487430774,0.0019056234490183962
trpo_noise,1.784,60,0.9042017198143363,0.8802521497679201,0.0021212924311668157
trpo_noise,1.785,60,0.9130124243444435,0.8912655304305546,0.0008847834364175793
trpo_noise,1.786,60,0.914434686921813,0.8930433586522665,0.001324009927246616
trpo_noise,1.787,60,0.9112681241629237,0.8890851552036548,0.001414865940189175
trpo_noise,1.788,60,0.9126018613105829,0.8907523266382282,0.0012803532937659685
trpo_noise,1.789,60,0.9082603630748267,0.8853254538435333,0.0015390013161882014
trpo_noise,1.79,60,0.9147516965196854,0.8934396206496068,0.0014337617808816852
trpo_noise,1.791,60,0.9019135956753243,0.8773919945941553,0.002283832756086496
trpo_noise,1.792,60,0.9104196462121914,0.8880245577652393,0.0016758558697395995
trpo_noise,1.793,60,0.9121887498678714,0.8902359373348393,0.0015134221060423573
trpo_noise,1.794,60,0.9047841198593217,0.880980149824152,0.0018665312162599009
trpo_noise,1.795,60,0.8988014620393217,0.8735018275491517,0.001967582133743211
trpo_noise,1.796,60,0.9091102972532025,0.8863878715665029,0.0018488647674307702
trpo_noise,1.797,60,0.901079583385868,0.8763494792323351,0.0019266802390958562
trpo_noise,1.798,60,0.9008466180383101,0.8760582725478875,0.002014877565064332
trpo_noise,1.799,60,0.9087658342929829,0.8859572928662287,0.001902762588845733
trpo_noise,1.8,60,0.9014264782629671,0.8767830978287087,0.0014272515025509109
trpo_noise,1.801,60,0.8990894295575576,0.8738617869469469,0.0029623360384247815
trpo_noise,1.802,60,0.9199304014059632,0.8999130017574537,0.0011103435501628488
trpo_noise,1.803,60,0.8875605198483622,0.8594506498104526,0.0027692185008301447
trpo_noise,1.804,60,0.9068714051507403,0.8835892564384255,0.0019367170653320975
trpo_noise,1.805,60,0.9040257687413593,0.8800322109266994,0.0017882964533107767
trpo_noise,1.806,60,0.9028194395200742,0.8785242994000926,0.002221271394939317
trpo_noise,1.807,60,0.9061185017109818,0.8826481271387272,0.0014698640626869535
trpo_noise,1.808,60,0.8984925072952376,0.873115634119047,0.0013221800662602924
trpo_noise,1.809,60,0.9014126382545551,0.8767657978181937,0.001825830121204613
trpo_noise,1.81,60,0.9035420836674479,0.8794276045843099,0.0017690531395193512
trpo_noise,1.811,60,0.9036050165700289,0.8795062707125363,0.0019131722212788944
trpo_noise,1.812,60,0.8960585670251593,0.8700732087814492,0.0016178983627769582
trpo_noise,1.813,60,0.9026959830079158,0.8783699787598944,0.0019598454078808415
trpo_noise,1.814,60,0.8966803493156897,0.8708504366446121,0.0027779399817286134
trpo_noise,1.815,60,0.9057280395696969,0.8821600494621212,0.0015975385258093504
trpo_noise,1.816,60,0.8998238399238311,0.8747797999047887,0.001634450670752272
trpo_noise,1.817,60,0.9047148710127602,0.8808935887659503,0.0013077064711714572
trpo_noise,1.818,60,0.9047405296280284,0.8809256620350353,0.002078481135430976
trpo_noise,1.819,60,0.9085650636710003,0.8857063295887503,0.0013916202002276742
trpo_noise,1.82,60,0.9048456296092948,0.8810570370116186,0.0018917109343490055
trpo_noise,1.821,60,0.9020811806814879,0.8776014758518598,0.001851895567447556
trpo_noise,1.822,60,0.9078067780742702,0.8847584725928377,0.0017915624100934998
trpo_noise,1.823,60,0.9039461675228879,0.8799327094036099,0.0014555495440386802
trpo_noise,1.824,60,0.8966791012707575,0.8708488765884468,0.0015086516086069725
trpo_noise,1.825,60,0.8998042937940447,0.8747553672425558,0.0018718355652045996
trpo_noise,1.826,60,0.8974699331819086,0.8718374164773858,0.0029206973684242354
trpo_noise,1.827,60,0.9025416869795301,0.8781771087244125,0.0022787468415478795
trpo_noise,1.828,60,0.9017378133294071,0.8771722666617587,0.001975230386328455
trpo_noise,1.829,60,0.8934741662830561,0.86684270785382,0.0021236284588478814
trpo_noise,1.83,60,0.9083350972365628,0.8854188715457034,0.0014009011010571268
trpo_noise,1.831,60,0.9036534318896069,0.8795667898620084,0.0019618064347659728
trpo_noise,1.832,60,0.9001335487601536,0.8751669359501919,0.0017149049578671738
trpo_noise,1.833,60,0.8941353678999558,0.8676692098749449,0.002033067198429991
trpo_noise,1.834,60,0.8941253710476111,0.8676567138095141,0.001888566119986181
trpo_noise,1.835,60,0.9037593385948158,0.8796991732435198,0.0022464869145344163
trpo_noise,1.836,60,0.8987771955425764,0.8734714944282208,0.003057483298845013
trpo_noise,1.837,60,0.9048149671215857,0.8810187089019819,0.0022085782095975586
trpo_noise,1.838,60,0.9000060250634094,0.8750075313292617,0.0016915592165286713
trpo_noise,1.839,60,0.8986929855703014,0.8733662319628765,0.0017293123905377625
trpo_noise,1.84,60,0.8968845715950411,0.871105714493801,0.0018322005922170137
trpo_noise,1.841,60,0.8991020627883298,0.8738775784854123,0.003415535797400977
trpo_noise,1.842,60,0.9140998951689557,0.8926248689611946,0.0011880401134303838
trpo_noise,1.843,60,0.9024838641813528,0.8781048302266911,0.0013523249416315223
trpo_noise,1.844,60,0.892091599513541,0.8651144993919263,0.0022872676067268024
trpo_noise,1.845,60,0.9006334918636476,0.8757918648295596,0.0017756264682808978
trpo_noise,1.846,60,0.8980383031968167,0.8725478789960207,0.0014884476064280247
trpo_noise,1.847,60,0.8981136328418201,0.8726420410522749,0.0023181150149356585
trpo_noise,1.848,60,0.8976269570417124,0.8720336963021402,0.0022863981187265705
trpo_noise,1.849,60,0.9003541655020373,0.8754427068775466,0.0024252242974594725
trpo_noise,1.85,60,0.8966691164532063,0.8708363955665078,0.002029768156029968
trpo_noise,1.851,60,0.8978299525577754,0.8722874406972192,0.0015382742692313042
trpo_noise,1.852,60,0.8949776330175919,0.8687220412719899,0.0024952729955906843
trpo_noise,1.853,60,0.8985722169483481,0.8732152711854352,0.001697307638561792
trpo_noise,1.854,60,0.8934927484678961,0.8668659355848701,0.00224339415211676
trpo_noise,1.855,60,0.8930259252198379,0.8662824065247977,0.0020917288762535547
trpo_noise,1.856,60,0.9016327714000252,0.8770409642500316,0.0020908886209223027
trpo_noise,1.857,60,0.9047946950866393,0.880993368858299,0.0016379396851566713
trpo_noise,1.858,60,0.9001082400596417,0.8751353000745522,0.001397804516483192
trpo_noise,1.859,60,0.8969160352335882,0.8711450440419849,0.0018735682190532225
trpo_noise,1.86,60,0.9017457057736515,0.8771821322170646,0.0021780821332421717
trpo_noise,1.861,60,0.8939910238371056,0.8674887797963817,0.0021989021244691372
trpo_noise,1.862,60,0.8972190071863251,0.8715237589829063,0.0018798581681141208
trpo_noise,1.863,60,0.9012683386675775,0.8765854233344721,0.0021988432261986776
trpo_noise,1.864,60,0.8977759862680348,0.8722199828350435,0.002389654979160524
trpo_noise,1.865,60,0.901525511340473,0.876906889175591,0.0028862050144740433
trpo_noise,1.866,60,0.9063193404527841,0.8828991755659801,0.0018732958304040698
trpo_noise,1.867,60,0.8953696241370548,0.8692120301713188,0.002999083526231237
trpo_noise,1.868,60,0.8894118032608388,0.8617647540760485,0.0028672417712966086
trpo_noise,1.869,60,0.9033981951823385,0.8792477439779233,0.0019320199079479379
trpo_noise,1.87,60,0.8975467515235018,0.8719334394043773,0.0019468191355142624
trpo_noise,1.871,60,0.8977754359881079,0.8722192949851348,0.0017947358963121053
trpo_noise,1.872,60,0.8943461757876943,0.8679327197346179,0.0028162717476837096
trpo_noise,1.873,60,0.8988347671756828,0.8735434589696035,0.0021019231683943825
trpo_noise,1.874,60,0.8969433307483016,0.871179163435377,0.002272498244912161
trpo_noise,1.875,60,0.8898456927131312,0.8623071158914138,0.0021156813602602334
trpo_noise,1.876,60,0.8953386577329738,0.8691733221662175,0.002838534836807768
trpo_noise,1.877,60,0.9021595574783245,0.8776994468479057,0.0018433791910166836
trpo_noise,1.878,60,0.8972238387115259,0.871529798389407,0.002374983490116125
trpo_noise,1.879,60,0.8928297694851306,0.8660372118564135,0.0032611597944608313
trpo_noise,1.88,60,0.9000630790455472,0.875078848806934,0.00208984389149007
trpo_noise,1.881,60,0.9021343360068347,0.8776679200085433,0.001699241324336153
trpo_noise,1.882,60,0.9000082010832746,0.875010251354093,0.0016649431838952763
trpo_noise,1.883,60,0.9006588460104464,0.8758235575130577,0.0021842265601834197
trpo_noise,1.884,60,0.8891352837501671,0.8614191046877087,0.0028376284288528317
trpo_noise,1.885,60,0.8817986715532161,0.8522483394415203,0.003684819512299967
trpo_noise,1.886,60,0.892795817418119,0.8659947717726486,0.0029215270833864346
trpo_noise,1.887,60,0.8954985275171747,0.8693731593964685,0.0031026732898318038
trpo_noise,1.888,60,0.8970405642635371,0.8713007053294212,0.0014320111887364286
trpo_noise,1.889,60,0.8976451729510654,0.8720564661888317,0.0019668349719519722
trpo_noise,1.89,60,0.8937575589624335,0.8671969487030416,0.001211689194331345
trpo_noise,1.891,60,0.8967047304255985,0.870880913031998,0.002546384637043909
trpo_noise,1.892,60,0.8967335762379804,0.8709169702974755,0.0020300567950158007
trpo_noise,1.893,60,0.8934017342913165,0.8667521678641458,0.0022554776639523446
trpo_noise,1.894,60,0.8983659024837358,0.87295737810467,0.0020765753297348638
trpo_noise,1.895,60,0.9018322318018938,0.8772902897523674,0.0011387201095513556
trpo_noise,1.896,60,0.892378347016642,0.8654729337708024,0.001736958345189686
trpo_noise,1.897,60,0.8946139893102899,0.8682674866378624,0.0020266968746848937
trpo_noise,1.898,60,0.8916946553777962,0.8646183192222454,0.0018474939577108101
trpo_noise,1.899,60,0.8902060120307859,0.862757515038482,0.002625402486778529
trpo_noise,1.9,60,0.898244247661274,0.8728053095765927,0.0016057422492052166
trpo_noise,1.901,60,0.9009824550307354,0.8762280687884193,0.001662640244179512
trpo_noise,1.902,60,0.8894990710617542,0.8618738388271924,0.0021337874412418753
trpo_noise,1.903,60,0.8882788463827013,0.8603485579783766,0.0022328216463098974
trpo_noise,1.904,60,0.8905708193096036,0.8632135241370045,0.00291384944001485
trpo_noise,1.905,60,0.9002637580994046,0.8753296976242558,0.001368342008240714
trpo_noise,1.906,60,0.8905458993587754,0.8631823741984693,0.0029895140838423714
trpo_noise,1.907,60,0.9046631210680783,0.880828901335098,0.001672487061671825
trpo_noise,1.908,60,0.8962863816564607,0.8703579770705758,0.0018441002019271842
trpo_noise,1.909,60,0.8947332455132839,0.8684165568916048,0.002274566979296203
trpo_noise,1.91,60,0.9003455835095425,0.8754319793869282,0.0013950035762426136
trpo_noise,1.911,60,0.8937153211336715,0.8671441514170891,0.002254172961257109
trpo_noise,1.912,60,0.8900280233930844,0.8625350292413555,0.0018941464645174625
trpo_noise,1.913,60,0.8948334819016612,0.8685418523770762,0.002083202642697832
trpo_noise,1.914,60,0.9008752716927492,0.8760940896159363,0.0014166631994539942
trpo_noise,1.915,60,0.8918763395441092,0.8648454244301366,0.0017827635885188432
trpo_noise,1.916,60,0.9014418659699038,0.8768023324623796,0.002224981725076631
trpo_noise,1.917,60,0.8973370542823915,0.8716713178529895,0.0012154476944858056
trpo_noise,1.918,60,0.8897959491836009,0.8622449364795011,0.0025001723972142304
trpo_noise,1.919,60,0.8940520928487917,0.8675651160609894,0.0021914435639742032
trpo_noise,1.92,60,0.8858962869184979,0.857370358648122,0.002539691188982491
trpo_noise,1.921,60,0.8902645825250248,0.8628307281562811,0.002087015438221726
trpo_noise,1.922,60,0.8957394430161263,0.8696743037701574,0.002299481367521364
trpo_noise,1.923,60,0.8995306552062319,0.8744133190077898,0.001817113264755279
trpo_noise,1.924,60,0.8997073085739973,0.8746341357174964,0.0024753041862319784
trpo_noise,1.925,60,0.8929369333477372,0.8661711666846714,0.0019045355420026651
trpo_noise,1.926,60,0.8945140889803427,0.868142611225428,0.001735382465626008
trpo_noise,1.927,60,0.8951667560657622,0.8689584450822025,0.0021330963908176856
trpo_noise,1.928,60,0.8847881435397833,0.8559851794247287,0.0020259388656306584
trpo_noise,1.929,60,0.8890344664293295,0.8612930830366617,0.0022881588659357877
trpo_noise,1.93,60,0.8939994774454694,0.8674993468068369,0.002236638985221498
trpo_noise,1.931,60,0.8865571566950202,0.8581964458687751,0.0029741076994848474
trpo_noise,1.932,60,0.8871504829636854,0.8589381037046068,0.002749622119095968
trpo_noise,1.933,60,0.8949106470931082,0.8686383088663852,0.00216878731430882
trpo_noise,1.934,60,0.8849638319381792,0.8562047899227241,0.0016920329724992556
trpo_noise,1.935,60,0.8907819056288283,0.8634773820360355,0.002247169487314996
trpo_noise,1.936,60,0.8855600574322304,0.8569500717902881,0.0031397796366117938
trpo_noise,1.937,60,0.8981148510870178,0.8726435638587721,0.0022091376268041354
trpo_noise,1.938,60,0.8929121022771611,0.8661401278464514,0.003054843265361867
trpo_noise,1.939,60,0.8915059953395235,0.8643824941744042,0.0032808382986135756
trpo_noise,1.94,60,0.8889525631562152,0.861190703945269,0.003040373936322625
trpo_noise,1.941,60,0.8868290639487235,0.8585363299359041,0.0022219139676248516
trpo_noise,1.942,60,0.8927360436417555,0.8659200545521942,0.002501053927385735
trpo_noise,1.943,60,0.8863804926319289,0.8579756157899107,0.0025567480730319847
trpo_noise,1.944,60,0.8872176717366295,0.8590220896707865,0.0022411025453921156
trpo_noise,1.945,60,0.8911807595619653,0.8639759494524566,0.0024143311188513303
trpo_noise,1.946,60,0.8996084249228699,0.8745105311535872,0.001766060245844312
trpo_noise,1.947,60,0.8898789980845166,0.8623487476056458,0.0019853258816640838
trpo_noise,1.948,60,0.888464956221743,0.8605811952771784,0.0029854541978795693
trpo_noise,1.949,60,0.8883207197375029,0.8604008996718785,0.0023895408634742902
trpo_noise,1.95,60,0.9017171331977942,0.877146416497243,0.0018123908962040503
trpo_noise,1.951,60,0.8903598335905833,0.8629497919882291,0.0014073769010580959
trpo_noise,1.952,60,0.8907278478115576,0.863409809764447,0.0024043695860976122
trpo_noise,1.953,60,0.8870889278171387,0.8588611597714234,0.0023544781161865397
trpo_noise,1.954,60,0.8876575697538656,0.8595719621923318,0.0032876509806749428
trpo_noise,1.955,60,0.8892963048446436,0.8616203810558045,0.0013608693623711724
trpo_noise,1.956,60,0.8837927654716108,0.8547409568395133,0.003099403953160663
trpo_noise,1.957,60,0.887673048448,0.8595913105599997,0.0025474141005056156
trpo_noise,1.958,60,0.891834232400931,0.8647927905011635,0.0021794782990717976
trpo_noise,1.959,60,0.8790443599921286,0.848805449990161,0.0023047332799498985
trpo_noise,1.96,60,0.8858338052458091,0.8572922565572612,0.0020894958062809225
trpo_noise,1.961,60,0.8776913416713916,0.8471141770892394,0.0031525216083279173
trpo_noise,1.962,60,0.8782831766476967,0.847853970809621,0.002686412476182629
trpo_noise,1.963,60,0.8959059151018984,0.8698823938773729,0.0020988457174359325
trpo_noise,1.964,60,0.8929308111989706,0.8661635139987133,0.001666696805240369
trpo_noise,1.965,60,0.8909637015046281,0.863704626880785,0.0026439986763673175
trpo_noise,1.966,60,0.8925963706837248,0.865745463354656,0.0022973815379691356
trpo_noise,1.967,60,0.8994274065809663,0.8742842582262078,0.0016621368034874249
trpo_noise,1.968,60,0.8920768657256887,0.8650960821571108,0.001972012782042934
trpo_noise,1.969,60,0.8843666783793058,0.8554583479741323,0.002786654110910544
trpo_noise,1.97,60,0.8869685865080378,0.8587107331350471,0.0017157626799647774
trpo_noise,1.971,60,0.8824051279189105,0.8530064098986381,0.0024820008317393088
trpo_noise,1.972,60,0.8859377345697403,0.8574221682121755,0.003129238713160372
trpo_noise,1.973,60,0.8823405333142729,0.852925666642841,0.003413442384079609
trpo_noise,1.974,60,0.8910880118378413,0.8638600147973013,0.0019832462983976427
trpo_noise,1.975,60,0.900600138516622,0.8757501731457774,0.0020690636898379917
trpo_noise,1.976,60,0.8935044054914816,0.8668805068643518,0.0025168259448874125
trpo_noise,1.977,60,0.8852287048841387,0.8565358811051733,0.003384475450395163
trpo_noise,1.978,60,0.8829907634078111,0.8537384542597637,0.002842884341456196
trpo_noise,1.979,60,0.8849671113773341,0.8562088892216674,0.0035217812041228734
trpo_noise,1.98,60,0.8842993133931559,0.855374141741445,0.003381104090305963
trpo_noise,1.981,60,0.8890954514185676,0.8613693142732094,0.002655436128738364
trpo_noise,1.982,60,0.8855073621365733,0.8568842026707165,0.0019890643185696503
trpo_noise,1.983,60,0.8872125727747975,0.8590157159684969,0.002270382554625135
trpo_noise,1.984,60,0.8906380737850571,0.8632975922313212,0.003474500162348066
trpo_noise,1.985,60,0.8800622935276081,0.8500778669095103,0.002205869192502349
trpo_noise,1.986,60,0.8903254910325558,0.8629068637906948,0.0018258706902448925
trpo_noise,1.987,60,0.8868632662938496,0.858579082867312,0.0019478598503081036
trpo_noise,1.988,60,0.8853613126779092,0.8567016408473863,0.001522363858997269
trpo_noise,1.989,60,0.8855097706685329,0.856887213335666,0.002039535436641648
trpo_noise,1.99,60,0.8845026413061418,0.8556283016326772,0.003170505230432058
trpo_noise,1.991,60,0.8942435043474646,0.8678043804343307,0.002221519237401406
trpo_noise,1.992,60,0.8910157093144213,0.8637696366430264,0.0015604559877344028
trpo_noise,1.993,60,0.8882726918625221,0.8603408648281526,0.0028237081027276453
trpo_noise,1.994,60,0.8933810804441102,0.8667263505551378,0.0020769130731608807
trpo_noise,1.995,60,0.8831876579099586,0.8539845723874478,0.0025897946773606106
trpo_noise,1.996,60,0.87549368391693,0.8443671048961626,0.0019310155714534734
trpo_noise,1.997,60,0.8908522343772831,0.8635652929716034,0.0020274300702086303
trpo_noise,1.998,60,0.8916685668631121,0.8645857085788902,0.0018108181109607211
trpo_noise,1.999,60,0.8945536945099953,0.8681921181374943,0.0017332251459836248
trpo_noise,2.0,60,0.8817005440021823,0.8521256800027281,0.0021847385556786722
trpo_noise,2.001,60,0.894700772871434,0.8683759660892925,0.001841084389985396
trpo_noise,2.002,60,0.885214939797951,0.8565186747474389,0.0020682413622800256
trpo_noise,2.003,60,0.8904066937518179,0.8630083671897724,0.0024057443995015334
trpo_noise,2.004,60,0.8797389820714884,0.8496737275893602,0.002126774226232522
trpo_noise,2.005,60,0.8793522312730485,0.8491902890913108,0.00274365900381733
trpo_noise,2.006,60,0.8841712021316948,0.8552140026646184,0.003218780638241636
trpo_noise,2.007,60,0.8885909856798794,0.8607387320998492,0.0016419186972215223
trpo_noise,2.008,60,0.8907525281631739,0.8634406602039673,0.0021527976857345314
trpo_noise,2.009,60,0.8828583691343163,0.8535729614178955,0.0033747360193808053
trpo_noise,2.01,60,0.8809143526103687,0.8511429407629607,0.003044238129617342
trpo_noise,2.011,60,0.8851708086983678,0.8564635108729599,0.003512272733347772
trpo_noise,2.012,60,0.878347011531671,0.8479337644145889,0.002672345215535132
trpo_noise,2.013,60,0.8896591700376881,0.8620739625471103,0.003222543841843856
trpo_noise,2.014,60,0.8755422155592648,0.844427769449081,0.0026736744059269106
trpo_noise,2.015,60,0.8876333477533511,0.859541684691689,0.002912394376568819
trpo_noise,2.016,60,0.8787268834404156,0.8484086043005193,0.001217056373406872
trpo_noise,2.017,60,0.8746845796000878,0.8433557245001098,0.0024761241042113593
trpo_noise,2.018,60,0.8849620552765343,0.8562025690956677,0.002735070609485809
trpo_noise,2.019,60,0.8782833438657515,0.8478541798321894,0.0016766314177096952
trpo_noise,2.02,60,0.8715634037111567,0.8394542546389459,0.0031949732408973652
trpo_noise,2.021,60,0.8708147221014564,0.8385184026268205,0.002984140739639559
trpo_noise,2.022,60,0.8880560047842109,0.8600700059802636,0.002201357314879412
trpo_noise,2.023,60,0.8839656819026978,0.8549571023783723,0.0027912133373518013
trpo_noise,2.024,60,0.8834503704388047,0.8543129630485057,0.0026385400309018553
trpo_noise,2.025,60,0.8856898070446813,0.8571122588058516,0.003089935884967623
trpo_noise,2.026,60,0.8856072218641068,0.8570090273301333,0.0030067968907509955
trpo_noise,2.027,60,0.8890137208653979,0.8612671510817473,0.002228665899338469
trpo_noise,2.028,60,0.8804071510054815,0.850508938756852,0.0031449948047118383
trpo_noise,2.029,60,0.8810829741146121,0.8513537176432654,0.002308581407883675
trpo_noise,2.03,60,0.8787217093722186,0.8484021367152733,0.0022223991054732164
trpo_noise,2.031,60,0.8871084872699506,0.858885609087438,0.0019767432684914873
trpo_noise,2.032,60,0.8694040752031502,0.8367550940039375,0.0028407834241236615
trpo_noise,2.033,60,0.8846646569134352,0.8558308211417939,0.0020504669043552386
trpo_noise,2.034,60,0.8883298628919406,0.8604123286149257,0.002599754190452485
trpo_noise,2.035,60,0.8935968811177487,0.866996101397186,0.0017817626767071125
trpo_noise,2.036,60,0.8812937036387979,0.8516171295484974,0.002723051626963854
trpo_noise,2.037,60,0.8822853191458178,0.8528566489322723,0.002542600842592057
trpo_noise,2.038,60,0.8868403364605577,0.8585504205756973,0.001857319889175539
trpo_noise,2.039,60,0.8817007125380578,0.852125890672572,0.00260442901372327
trpo_noise,2.04,60,0.8849163379563866,0.8561454224454833,0.002365242326946757
trpo_noise,2.041,60,0.8756913236161884,0.8446141545202356,0.0021485457292469757
trpo_noise,2.042,60,0.8796210174273906,0.8495262717842381,0.002601351363162954
trpo_noise,2.043,60,0.8911543650993196,0.8639429563741493,0.0026283912821340964
trpo_noise,2.044,60,0.8828040391836546,0.8535050489795677,0.0025160372550191244
trpo_noise,2.045,60,0.8786595282336264,0.8483244102920329,0.002002645693390171
trpo_noise,2.046,60,0.8803378666943203,0.8504223333679006,0.0024995106783684234
trpo_noise,2.047,60,0.883697690669705,0.8546221133371312,0.0028425464955304396
trpo_noise,2.048,60,0.8812794680155096,0.8515993350193867,0.0020009620513922652
trpo_noise,2.049,60,0.8767991153484882,0.8459988941856105,0.002528088704997045
trpo_noise,2.05,60,0.8803900112301273,0.8504875140376591,0.0023926294845469905
trpo_noise,2.051,60,0.8834583542709455,0.8543229428386822,0.001903588601074618
trpo_noise,2.052,60,0.878227831796865,0.8477847897460812,0.002294036512913758
trpo_noise,2.053,60,0.8664897324092551,0.8331121655115689,0.002222663636247581
trpo_noise,2.054,60,0.884235671875739,0.8552945898446734,0.002392361740543821
trpo_noise,2.055,60,0.8837956000148494,0.8547445000185618,0.002971782648432542
trpo_noise,2.056,60,0.8801635218719419,0.8502044023399276,0.002226756173305341
trpo_noise,2.057,60,0.8817178076560191,0.8521472595700241,0.0028825316119251657
trpo_noise,2.058,60,0.8854683815515676,0.8568354769394595,0.0028430319666891673
trpo_noise,2.059,60,0.8802568888502198,0.8503211110627746,0.0020503336166497795
trpo_noise,2.06,60,0.8810686218258003,0.8513357772822505,0.0017405978601562786
trpo_noise,2.061,60,0.8803941667930467,0.8504927084913082,0.0024994505564071455
trpo_noise,2.062,60,0.8847913046054234,0.8559891307567794,0.0025104882744959533
trpo_noise,2.063,60,0.8764569436062873,0.8455711795078591,0.002281602100292198
trpo_noise,2.064,60,0.8761717485551405,0.8452146856939259,0.002718845203336734
trpo_noise,2.065,60,0.8798911181836694,0.8498638977295868,0.002558126316719098
trpo_noise,2.066,60,0.8729645048324864,0.8412056310406081,0.004233972150096101
trpo_noise,2.067,60,0.8821416077502232,0.8526770096877789,0.002690764465503293
trpo_noise,2.068,60,0.8757849340174311,0.8447311675217887,0.001932281442658434
trpo_noise,2.069,60,0.8914724878921714,0.8643406098652143,0.002160065226373479
trpo_noise,2.07,60,0.8762759978162245,0.8453449972702808,0.0027658956734178458
trpo_noise,2.071,60,0.8688749335697019,0.8360936669621272,0.003122733967530954
trpo_noise,2.072,60,0.8810742340888746,0.8513427926110934,0.0022554994612401414
trpo_noise,2.073,60,0.8737396772135473,0.842174596516934,0.002256504846222143
trpo_noise,2.074,60,0.8809354125080076,0.8511692656350093,0.0019959524566394134
trpo_noise,2.075,60,0.8692973172639307,0.8366216465799131,0.0026610858045483495
trpo_noise,2.076,60,0.8832681557318381,0.8540851946647974,0.0024835092551437066
trpo_noise,2.077,60,0.865478836590664,0.8318485457383298,0.0034637720205029517
trpo_noise,2.078,60,0.8807630820891419,0.8509538526114273,0.004234378574573749
trpo_noise,2.079,60,0.8685750279214735,0.8357187849018416,0.0031315802322634894
trpo_noise,2.08,60,0.8664409687066345,0.833051210883293,0.0025724771221027508
trpo_noise,2.081,60,0.8790136289700904,0.8487670362126126,0.0039374586201592785
trpo_noise,2.082,60,0.8752686758191346,0.8440858447739181,0.003418538782340957
trpo_noise,2.083,60,0.8754816616854747,0.8443520771068432,0.00404940131336357
trpo_noise,2.084,60,0.8798372864533086,0.8497966080666359,0.0022523777306735007
trpo_noise,2.085,60,0.8884355418065367,0.8605444272581706,0.0025457563594958954
trpo_noise,2.086,60,0.881141706868573,0.8514271335857164,0.0027062038876393716
trpo_noise,2.087,60,0.8716885297112239,0.83961066213903,0.0024225668963445035
trpo_noise,2.088,60,0.8739200144080176,0.8424000180100218,0.003418571038447379
trpo_noise,2.089,60,0.8786752706922218,0.848344088365277,0.0027036286287951514
trpo_noise,2.09,60,0.8839791412385477,0.8549739265481846,0.0020933742894606224
trpo_noise,2.091,60,0.8763695573343466,0.8454619466679334,0.0028874009049474417
trpo_noise,2.092,60,0.8683576758765906,0.835447094845738,0.003655018481035879
trpo_noise,2.093,60,0.8668368280397323,0.8335460350496654,0.0031689277985818675
trpo_noise,2.094,60,0.8731923420939407,0.8414904276174257,0.003263933981886616
trpo_noise,2.095,60,0.8657205641279786,0.8321507051599735,0.0030924912354825373
trpo_noise,2.096,60,0.8750761833578324,0.8438452291972905,0.0029987574983096833
trpo_noise,2.097,60,0.8813593343152821,0.8516991678941028,0.002814348776450087
trpo_noise,2.098,60,0.8759134545489007,0.8448918181861258,0.0036355199878711653
trpo_noise,2.099,60,0.8686269268350699,0.8357836585438372,0.004790676604257251
trpo_noise,2.1,60,0.8761575948655485,0.8451969935819357,0.0024096358271951503
trpo_noise,2.101,60,0.8695317811502505,0.8369147264378131,0.0027649110358235816
trpo_noise,2.102,60,0.871395210293052,0.8392440128663149,0.0034663267658908118
trpo_noise,2.103,60,0.8686724568794374,0.8358405710992965,0.0023574307014465937
trpo_noise,2.104,60,0.8753303487026557,0.8441629358783197,0.0027253627213126115
trpo_noise,2.105,60,0.8661283296517035,0.8326604120646294,0.003905784327690016
trpo_noise,2.106,60,0.8686049277952441,0.8357561597440551,0.004738063793471989
trpo_noise,2.107,60,0.8805053265520855,0.8506316581901068,0.0019781237726548342
trpo_noise,2.108,60,0.8671371486258093,0.8339214357822613,0.0024357000508529697
trpo_noise,2.109,60,0.8648136776853236,0.8310170971066544,0.004151504956467452
trpo_noise,2.11,60,0.8680357860873209,0.8350447326091509,0.003421056946099924
trpo_noise,2.111,60,0.8819617100554047,0.8524521375692556,0.002705438223543682
trpo_noise,2.112,60,0.8793501015722935,0.8491876269653669,0.0019258987777314906
trpo_noise,2.113,60,0.873905860034547,0.8423823250431838,0.0029496878271177856
trpo_noise,2.114,60,0.8669572030295678,0.8336965037869597,0.003568591336072963
trpo_noise,2.115,60,0.8816898118162778,0.8521122647703475,0.0030402892160137423
trpo_noise,2.116,60,0.8687232106171188,0.8359040132713982,0.0024123693594370944
trpo_noise,2.117,60,0.8531141625031552,0.8163927031289439,0.004041958842885969
trpo_noise,2.118,60,0.8790859472656134,0.8488574340820167,0.0021644749918354276
trpo_noise,2.119,60,0.872966355355186,0.8412079441939824,0.0032937961625428636
trpo_noise,2.12,60,0.8745787779005161,0.8432234723756449,0.003624732408829708
trpo_noise,2.121,60,0.8730282735689627,0.8412853419612035,0.004723387478354073
trpo_noise,2.122,60,0.8720040423550235,0.840005052943779,0.003228485278998145
trpo_noise,2.123,60,0.8730923646204447,0.8413654557755559,0.0035690110607827217
trpo_noise,2.124,60,0.8768887511400116,0.8461109389250144,0.0028324070523522565
trpo_noise,2.125,60,0.87424958683546,0.8428119835443248,0.0021464138229862527
trpo_noise,2.126,60,0.8748901367781375,0.8436126709726718,0.004446646027365508
trpo_noise,2.127,60,0.8755942372960632,0.844492796620079,0.003844352633601394
trpo_noise,2.128,60,0.866299961742892,0.8328749521786151,0.003831535484071382
trpo_noise,2.129,60,0.8652193494785063,0.8315241868481329,0.0049297416674750775
trpo_noise,2.13,60,0.8723182929640665,0.8403978662050829,0.003061039872701926
trpo_noise,2.131,60,0.866612156086138,0.8332651951076723,0.0036678218026092654
trpo_noise,2.132,60,0.8701926049949602,0.8377407562437001,0.0043704659586748145
trpo_noise,2.133,60,0.8693011884876655,0.8366264856095819,0.0032111962332924196
trpo_noise,2.134,60,0.8774845530264974,0.8468556912831218,0.002714644158306734
trpo_noise,2.135,60,0.8735128500527053,0.8418910625658816,0.0032204892602812228
trpo_noise,2.136,60,0.8738015119993353,0.8422518899991689,0.0030373338060577554
trpo_noise,2.137,60,0.8635793451569441,0.8294741814461801,0.004078535068052473
trpo_noise,2.138,60,0.8770137376949892,0.8462671721187366,0.0025774806062779606
trpo_noise,2.139,60,0.8739764628913091,0.8424705786141364,0.0028889189937170764
trpo_noise,2.14,60,0.8687723612015432,0.8359654515019294,0.0028784037468169406
trpo_noise,2.141,60,0.8690102319278653,0.8362627899098314,0.0051259509054591805
trpo_noise,2.142,60,0.8777352356316451,0.8471690445395563,0.002429422082286464
trpo_noise,2.143,60,0.8721996311333883,0.8402495389167352,0.0027942351882900163
trpo_noise,2.144,60,0.86731829391914,0.834147867398925,0.00293215816669737
trpo_noise,2.145,60,0.8711696720178316,0.8389620900222894,0.002656560762635428
trpo_noise,2.146,60,0.8671314965065154,0.8339143706331442,0.0029672541779550672
trpo_noise,2.147,60,0.870708252797742,0.8383853159971775,0.0028594369826436023
trpo_noise,2.148,60,0.871863113344522,0.8398288916806522,0.0026748094197649786
trpo_noise,2.149,60,0.8758719290237331,0.8448399112796662,0.002917502078733423
trpo_noise,2.15,60,0.8798106853019356,0.8497633566274196,0.002386185021673348
trpo_noise,2.151,60,0.8704416549517422,0.8380520686896776,0.003318215999609893
trpo_noise,2.152,60,0.8772204428729602,0.8465255535912003,0.00298910483102299
trpo_noise,2.153,60,0.8744963407334316,0.8431204259167895,0.002302561726454987
trpo_noise,2.154,60,0.8598969763771275,0.8248712204714094,0.0038951986754493396
trpo_noise,2.155,60,0.8733827789433288,0.8417284736791608,0.002142771300033536
trpo_noise,2.156,60,0.8659781351657883,0.8324726689572354,0.0038771761414207882
trpo_noise,2.157,60,0.8610510064129955,0.8263137580162442,0.004057616510300851
trpo_noise,2.158,60,0.8735361885987164,0.8419202357483956,0.003194961133085281
trpo_noise,2.159,60,0.8681260589077976,0.8351575736347471,0.004112764082068319
trpo_noise,2.16,60,0.8712374591155645,0.8390468238944557,0.004217078501375765
trpo_noise,2.161,60,0.8658846350822138,0.8323557938527671,0.0037669930071892923
trpo_noise,2.162,60,0.8655868031154492,0.8319835038943114,0.00308191372210065
trpo_noise,2.163,60,0.8668744723662567,0.8335930904578207,0.003956395439936919
trpo_noise,2.164,60,0.8719670848966168,0.8399588561207706,0.002525878867011101
trpo_noise,2.165,60,0.870384940129503,0.8379811751618786,0.002504601801434155
trpo_noise,2.166,60,0.8645439853798318,0.8306799817247896,0.003357685271601197
trpo_noise,2.167,60,0.8629520125862019,0.8286900157327524,0.0030529968433460277
trpo_noise,2.168,60,0.8601905803379126,0.8252382254223906,0.003398836440039817
trpo_noise,2.169,60,0.8752459755539168,0.844057469442396,0.0024876616725335284
trpo_noise,2.17,60,0.8669699553762634,0.833712444220329,0.00255373828829009
trpo_noise,2.171,60,0.8678213516798711,0.8347766895998386,0.003131525532201197
trpo_noise,2.172,60,0.8642390451401675,0.8302988064252091,0.0038955846783075513
trpo_noise,2.173,60,0.8613462796583363,0.8266828495729205,0.003198414827830413
trpo_noise,2.174,60,0.8753110208240866,0.8441387760301082,0.002638084700497131
trpo_noise,2.175,60,0.871455497222894,0.8393193715286174,0.003193871124245388
trpo_noise,2.176,60,0.8660177103946669,0.8325221379933337,0.0028370046518196796
trpo_noise,2.177,60,0.8665207455260028,0.8331509319075037,0.002954525823624816
trpo_noise,2.178,60,0.8709844404869854,0.8387305506087319,0.0032486205524010106
trpo_noise,2.179,60,0.8536300789856306,0.817037598732038,0.0035912317443676876
trpo_noise,2.18,60,0.866192325303392,0.8327404066292399,0.0027453012218490148
trpo_noise,2.181,60,0.8712598409463145,0.8390748011828936,0.0032898779390614077
trpo_noise,2.182,60,0.8713585094948249,0.839198136868531,0.002288804869414839
trpo_noise,2.183,60,0.8750867788409615,0.843858473551202,0.002831986416834763
trpo_noise,2.184,60,0.8667667872602426,0.8334584840753031,0.0023623610198207352
trpo_noise,2.185,60,0.8716851538743132,0.8396064423428916,0.0025999974497203757
trpo_noise,2.186,60,0.8713860242588439,0.8392325303235548,0.00232483542268008
trpo_noise,2.187,60,0.868489736663897,0.8356121708298713,0.002496657082263977
trpo_noise,2.188,60,0.8564820069905805,0.8206025087382257,0.0033302640888494346
trpo_noise,2.189,60,0.8745569591830432,0.8431961989788038,0.003064168122155125
trpo_noise,2.19,60,0.8587859050145641,0.823482381268205,0.003800745974339234
trpo_noise,2.191,60,0.8635101645224754,0.8293877056530943,0.0034794871050223435
trpo_noise,2.192,60,0.8591157184916626,0.823894648114578,0.005936252436201509
trpo_noise,2.193,60,0.8618028394590816,0.8272535493238521,0.004191205983365389
trpo_noise,2.194,60,0.8664973986408402,0.8331217483010502,0.0027294221390376217
trpo_noise,2.195,60,0.8613871502581587,0.8267339378226986,0.0037726756627766687
trpo_noise,2.196,60,0.8565137514307573,0.8206421892884465,0.005612069020510118
trpo_noise,2.197,60,0.8651081566303085,0.8313851957878856,0.00298964987177536
trpo_noise,2.198,60,0.861372547674712,0.8267156845933901,0.0034106838149699065
trpo_noise,2.199,60,0.8666508870702061,0.8333136088377575,0.0034336891113038058
trpo_noise,2.2,60,0.864077559290609,0.8300969491132613,0.00347778060075174
trpo_noise,2.201,60,0.8645783774875971,0.8307229718594963,0.004425496358469863
trpo_noise,2.202,60,0.8733895193506869,0.8417368991883585,0.004048966803568543
trpo_noise,2.203,60,0.8651608255578896,0.8314510319473618,0.004433801220094132
trpo_noise,2.204,60,0.872657995288731,0.8408224941109135,0.002676526642830663
trpo_noise,2.205,60,0.8640252542691356,0.8300315678364193,0.00316466143538368
trpo_noise,2.206,60,0.8608339439030696,0.826042429878837,0.0020445706804803096
trpo_noise,2.207,60,0.8650162303487829,0.8312702879359783,0.0024016606178812747
trpo_noise,2.208,60,0.8682075375146895,0.8352594218933618,0.0038170801386624474
trpo_noise,2.209,60,0.852631067077304,0.8157888338466301,0.0031784702826817353
trpo_noise,2.21,60,0.8617225320144439,0.8271531650180549,0.0039226018338142
trpo_noise,2.211,60,0.8622646135129117,0.8278307668911392,0.004787395814094532
trpo_noise,2.212,60,0.8608732871778848,0.8260916089723559,0.002912940922999701
trpo_noise,2.213,60,0.8656406405755558,0.8320508007194447,0.0037110684184393727
trpo_noise,2.214,60,0.8632802683959693,0.8291003354949615,0.003125553349410685
trpo_noise,2.215,60,0.8653158053110002,0.8316447566387503,0.002750602772848538
trpo_noise,2.216,60,0.8573914514153915,0.8217393142692396,0.004492850222085159
trpo_noise,2.217,60,0.8713346032388642,0.8391682540485805,0.0023868952311183436
trpo_noise,2.218,60,0.8679495651838534,0.834936956479817,0.0038061894582022892
trpo_noise,2.219,60,0.8577547728650702,0.8221934660813377,0.004165492229123285
trpo_noise,2.22,60,0.8664820117331878,0.8331025146664847,0.002321547845925836
trpo_noise,2.221,60,0.8437197721437312,0.8046497151796638,0.005219308047485729
trpo_noise,2.222,60,0.860097276070341,0.8251215950879264,0.0040227522327890486
trpo_noise,2.223,60,0.8639364595530008,0.829920574441251,0.003180856053179579
trpo_noise,2.224,60,0.8600531570265372,0.825066446283171,0.0038723538964838215
trpo_noise,2.225,60,0.857267532466075,0.821584415582594,0.002881074621865408
trpo_noise,2.226,60,0.8611056927185818,0.8263821158982272,0.0028923137388449757
trpo_noise,2.227,60,0.8659421697235491,0.832427712154436,0.0033376365956742024
trpo_noise,2.228,60,0.868612239930976,0.8357652999137201,0.003579530441641971
trpo_noise,2.229,60,0.8662246305400523,0.8327807881750655,0.0025892147946568575
trpo_noise,2.23,60,0.8486315954641328,0.8107894943301658,0.005321572481583661
trpo_noise,2.231,60,0.8690839872817451,0.8363549841021815,0.003720331639774364
trpo_noise,2.232,60,0.8531905264359679,0.8164881580449601,0.004286260669013098
trpo_noise,2.233,60,0.8622689652184289,0.8278362065230359,0.004957424183764501
trpo_noise,2.234,60,0.8596614113078904,0.8245767641348629,0.003461709777940471
trpo_noise,2.235,60,0.8570567457872411,0.8213209322340513,0.003608251691180863
trpo_noise,2.236,60,0.8517823775025315,0.8147279718781644,0.004155991839774411
trpo_noise,2.237,60,0.8572904413781238,0.8216130517226552,0.003425926639760306
trpo_noise,2.238,60,0.8628173704019025,0.828521713002378,0.0033263850349882582
trpo_noise,2.239,60,0.8703830045428078,0.8379787556785099,0.002733462426280308
trpo_noise,2.24,60,0.8646114051090422,0.8307642563863026,0.0030138277926372303
trpo_noise,2.241,60,0.8688267494898393,0.8360334368622991,0.002443584881346823
trpo_noise,2.242,60,0.849953967517024,0.8124424593962799,0.004955846381843292
trpo_noise,2.243,60,0.8733101480799368,0.8416376850999209,0.0032127765633647915
trpo_noise,2.244,60,0.8514897522953979,0.8143621903692473,0.005598867423292155
trpo_noise,2.245,60,0.8543674848595416,0.817959356074427,0.005396660815096385
trpo_noise,2.246,60,0.850251405600718,0.8128142570008977,0.004853938920103075
trpo_noise,2.247,60,0.8528762808764161,0.8160953510955201,0.0032143117842691523
trpo_noise,2.248,60,0.8555249549678976,0.8194061937098718,0.004170875287949068
trpo_noise,2.249,60,0.861931396684557,0.8274142458556962,0.0041257511005594865
trpo_noise,2.25,60,0.8562003606002186,0.820250450750273,0.004360468239048467
trpo_noise,2.251,60,0.8584927234443017,0.8231159043053768,0.003993345169457705
trpo_noise,2.252,60,0.8588915610313612,0.8236144512892013,0.0038451426645841552
trpo_noise,2.253,60,0.8604859336832998,0.8256074171041247,0.004939092558320973
trpo_noise,2.254,60,0.849909721394514,0.8123871517431424,0.0038093912167535115
trpo_noise,2.255,60,0.8587127700641389,0.8233909625801735,0.0030550362239597814
trpo_noise,2.256,60,0.8618530323429653,0.8273162904287067,0.003032558914665089
trpo_noise,2.257,60,0.8583674451546494,0.8229593064433115,0.00436841560807614
trpo_noise,2.258,60,0.8542661037071717,0.8178326296339643,0.0036229249118946002
trpo_noise,2.259,60,0.8538535847926444,0.8173169809908055,0.0036406266113876845
trpo_noise,2.26,60,0.8651705894569223,0.8314632368211526,0.005019714744557426
trpo_noise,2.261,60,0.8567913070911826,0.820989133863978,0.0032313434307496705
trpo_noise,2.262,60,0.8546822172719685,0.8183527715899606,0.003217196040969401
trpo_noise,2.263,60,0.8435761976672842,0.8044702470841051,0.004022312005986445
trpo_noise,2.264,60,0.8614676031633416,0.826834503954177,0.003609182481293655
trpo_noise,2.265,60,0.8509518122498371,0.8136897653122962,0.0041114822574681575
trpo_noise,2.266,60,0.8595421588642204,0.8244276985802752,0.0037150152909569295
trpo_noise,2.267,60,0.8580187140906586,0.8225233926133231,0.002455344735296548
trpo_noise,2.268,60,0.8629887761626378,0.8287359702032975,0.002940379535560851
trpo_noise,2.269,60,0.8518795184965239,0.8148493981206549,0.003289449888912474
trpo_noise,2.27,60,0.8464584507176153,0.808073063397019,0.0036939648738638056
trpo_noise,2.271,60,0.8577140853189619,0.8221426066487023,0.003648695069068973
trpo_noise,2.272,60,0.8587562089201338,0.8234452611501674,0.00413551559953633
trpo_noise,2.273,60,0.8534982920077184,0.8168728650096478,0.0026529650381747045
trpo_noise,2.274,60,0.8546752396040587,0.8183440495050732,0.0038421441816878
trpo_noise,2.275,60,0.8604451886644944,0.8255564858306177,0.0025944978357633542
trpo_noise,2.276,60,0.8579470901501192,0.8224338626876488,0.0031595469281265796
trpo_noise,2.277,60,0.86627090045255,0.8328386255656873,0.0030209912778497174
trpo_noise,2.278,60,0.8515430166457674,0.8144287708072089,0.0037439217426165623
trpo_noise,2.279,60,0.852399268700168,0.8154990858752101,0.0038107122237131044
trpo_noise,2.28,60,0.8554813935819312,0.8193517419774139,0.004070819747210156
trpo_noise,2.281,60,0.8441041464663631,0.805130183082954,0.0051388571707737885
trpo_noise,2.282,60,0.8556506034885292,0.8195632543606616,0.003672828628432286
trpo_noise,2.283,60,0.8530945439871257,0.816368179983907,0.004159354928783358
trpo_noise,2.284,60,0.8650853604399646,0.8313567005499555,0.0029156527236391164
trpo_noise,2.285,60,0.8503423280972504,0.8129279101215627,0.0023839677725610658
trpo_noise,2.286,60,0.8489446138610983,0.8111807673263731,0.004245625357598476
trpo_noise,2.287,60,0.8610572745929237,0.8263215932411543,0.003574271669247419
trpo_noise,2.288,60,0.8509514115232852,0.8136892644041065,0.0036922295581951117
trpo_noise,2.289,60,0.8550876957070628,0.8188596196338284,0.004338441843538131
trpo_noise,2.29,60,0.855133910881916,0.8189173886023953,0.004255760149317097
trpo_noise,2.291,60,0.8509142367450299,0.8136427959312871,0.0044846815629146514
trpo_noise,2.292,60,0.8622495261666266,0.8278119077082835,0.002712911351678062
trpo_noise,2.293,60,0.8396959644759017,0.7996199555948771,0.004208146862499785
trpo_noise,2.294,60,0.8442773819196381,0.8053467273995476,0.004327302695340732
trpo_noise,2.295,60,0.8508693369034446,0.8135866711293055,0.004000425118379592
trpo_noise,2.296,60,0.8564884325296532,0.8206105406620663,0.003658088162360865
trpo_noise,2.297,60,0.8659313533539138,0.8324141916923921,0.002235818755010873
trpo_noise,2.298,60,0.8580287840350871,0.8225359800438586,0.0049617641889874555
trpo_noise,2.299,60,0.8536593699895931,0.8170742124869914,0.004021080759401358
trpo_noise,2.3,60,0.8517977942017053,0.8147472427521313,0.004813117644738205
trpo_noise,2.301,60,0.8515047252357602,0.8143809065447,0.004275577562885098
trpo_noise,2.302,60,0.8557741957954561,0.8197177447443201,0.004761374269524641
trpo_noise,2.303,60,0.8525325187253856,0.815665648406732,0.0031176873946782793
trpo_noise,2.304,60,0.853432754147968,0.8167909426849601,0.004251072147422688
trpo_noise,2.305,60,0.8486111785335466,0.8107639731669333,0.0033135994622477474
trpo_noise,2.306,60,0.8534188443597943,0.8167735554497426,0.004900830107825936
trpo_noise,2.307,60,0.8543759755770761,0.8179699694713454,0.004817570357628324
trpo_noise,2.308,60,0.8506182391041117,0.8132727988801395,0.0032153224598228777
trpo_noise,2.309,60,0.8546774500275444,0.8183468125344302,0.00476057280143943
trpo_noise,2.31,60,0.8537641443342757,0.8172051804178445,0.004353433640199865
trpo_noise,2.311,60,0.8497964168266425,0.8122455210333032,0.0036361792788062093
trpo_noise,2.312,60,0.8563341635888486,0.8204177044860609,0.00428265719616335
trpo_noise,2.313,60,0.8444763848814208,0.8055954811017761,0.005070968706206681
trpo_noise,2.314,60,0.8482197224471069,0.8102746530588835,0.0026570973726333033
trpo_noise,2.315,60,0.8441623915342312,0.8052029894177889,0.0046417028837904195
trpo_noise,2.316,60,0.849056192523608,0.8113202406545098,0.0036227270633375198
trpo_noise,2.317,60,0.857023558443069,0.8212794480538362,0.0035938772128358025
trpo_noise,2.318,60,0.8496678674041267,0.8120848342551582,0.0039209043167018846
trpo_noise,2.319,60,0.8384558181968157,0.7980697727460194,0.006512461211986318
trpo_noise,2.32,60,0.8582849375549021,0.8228561719436275,0.0038995001469303136
trpo_noise,2.321,60,0.8474161504209324,0.8092701880261656,0.0039374992656971775
trpo_noise,2.322,60,0.859111764066339,0.8238897050829237,0.004200377028523423
trpo_noise,2.323,60,0.8566218741621902,0.8207773427027376,0.003486428242272911
trpo_noise,2.324,60,0.8545307564771716,0.8181634455964643,0.004095736105196194
trpo_noise,2.325,60,0.8532262694598911,0.8165328368248636,0.002855449129702743
trpo_noise,2.326,60,0.8619252619379069,0.8274065774223838,0.002875364803681045
trpo_noise,2.327,60,0.8514992046185939,0.8143740057732426,0.004578898855710708
trpo_noise,2.328,60,0.8425564661386634,0.8031955826733292,0.004054275827605614
trpo_noise,2.329,60,0.8464408550210623,0.8080510687763278,0.004199911618736218
trpo_noise,2.33,60,0.8438191614860817,0.8047739518576018,0.004644273806275676
trpo_noise,2.331,60,0.851497426291262,0.8143717828640775,0.004664728623149497
trpo_noise,2.332,60,0.8483233394939026,0.8104041743673782,0.0027200772507499616
trpo_noise,2.333,60,0.8551665165941862,0.8189581457427325,0.0033866811483361523
trpo_noise,2.334,60,0.846603732670301,0.8082546658378763,0.004064364639240649
trpo_noise,2.335,60,0.8512970276412402,0.8141212845515501,0.003593321193497206
trpo_noise,2.336,60,0.846625300552298,0.8082816256903725,0.004737057111906957
trpo_noise,2.337,60,0.8468662362126258,0.8085827952657824,0.004898411796953273
trpo_noise,2.338,60,0.8521097572731956,0.8151371965914946,0.003313901495899993
trpo_noise,2.339,60,0.8551407120659299,0.818925890082412,0.0028322039251327336
trpo_noise,2.34,60,0.856413449411419,0.8205168117642738,0.00323345718919698
trpo_noise,2.341,60,0.854177085454738,0.8177213568184225,0.00481810059345173
trpo_noise,2.342,60,0.8509466071257166,0.8136832589071458,0.004006673563368909
trpo_noise,2.343,60,0.847415995145823,0.8092699939322787,0.0034860300035726194
trpo_noise,2.344,60,0.8530711438269641,0.8163389297837049,0.004519037816008861
trpo_noise,2.345,60,0.8538713069590296,0.8173391336987871,0.0032646561209105363
trpo_noise,2.346,60,0.8620759189563665,0.8275948986954582,0.003759905241487785
trpo_noise,2.347,60,0.8518759370628737,0.8148449213285918,0.0032147586395410146
trpo_noise,2.348,60,0.8409391839883441,0.80117397998543,0.004963355852765983
trpo_noise,2.349,60,0.8509013635738111,0.8136267044672639,0.004660193326622609
trpo_noise,2.35,60,0.8522583894144891,0.8153229867681113,0.0038365627155968287
trpo_noise,2.351,60,0.8423124475216185,0.802890559402023,0.0033321345692402245
trpo_noise,2.352,60,0.8480142181912673,0.8100177727390842,0.003576682601261301
trpo_noise,2.353,60,0.848496097366575,0.8106201217082188,0.003651232532680737
trpo_noise,2.354,60,0.8511634618949568,0.813954327368696,0.005599739239437838
trpo_noise,2.355,60,0.8458399583603431,0.8072999479504286,0.0031332648774306643
trpo_noise,2.356,60,0.8502550176941641,0.812818772117705,0.0038346750217386773
trpo_noise,2.357,60,0.849778094072267,0.8122226175903341,0.004094279935201404
trpo_noise,2.358,60,0.8490933521388311,0.8113666901735391,0.004191514026424148
trpo_noise,2.359,60,0.8546899978339273,0.8183624972924088,0.003267491561617785
trpo_noise,2.36,60,0.8499959478405714,0.8124949348007141,0.004015167784413234
trpo_noise,2.361,60,0.8525943873618478,0.8157429842023097,0.0029746647248499072
trpo_noise,2.362,60,0.8452811503990919,0.8066014379988646,0.0053885471900465085
trpo_noise,2.363,60,0.8453959669565171,0.8067449586956461,0.004297652151635288
trpo_noise,2.364,60,0.8384808200646141,0.7981010250807674,0.006055287204243211
trpo_noise,2.365,60,0.8393247196111742,0.7991558995139678,0.004547662967876978
trpo_noise,2.366,60,0.8394291558540122,0.7992864448175153,0.005401110469295919
trpo_noise,2.367,60,0.8382591659695162,0.797823957461895,0.0034917341533835782
trpo_noise,2.368,60,0.8507121656270651,0.8133902070338311,0.004307784437635975
trpo_noise,2.369,60,0.8443766443162272,0.8054708053952842,0.004527369876022778
trpo_noise,2.37,60,0.8525444332858346,0.8156805416072932,0.004454525065541408
trpo_noise,2.371,60,0.8560418768453322,0.8200523460566651,0.0038891816185027393
trpo_noise,2.372,60,0.8560356705433283,0.82004458817916,0.0036922178047354027
trpo_noise,2.373,60,0.8509890478041889,0.813736309755236,0.0032784467954244936
trpo_noise,2.374,60,0.8403854160406079,0.8004817700507599,0.005746053274124118
trpo_noise,2.375,60,0.8510132828372641,0.8137666035465801,0.0050466000971378265
trpo_noise,2.376,60,0.8465200148632983,0.8081500185791232,0.005132609345442349
trpo_noise,2.377,60,0.8361430561820085,0.7951788202275105,0.005420832967219046
trpo_noise,2.378,60,0.8374299717255016,0.7967874646568769,0.004841649048106933
trpo_noise,2.379,60,0.8338021392320851,0.7922526740401066,0.004751327102602125
trpo_noise,2.38,60,0.8445351743559348,0.8056689679449185,0.005208516577622286
trpo_noise,2.381,60,0.8500817941935953,0.8126022427419939,0.0042709419975557016
trpo_noise,2.382,60,0.8465315988571416,0.808164498571427,0.0038614045080021336
trpo_noise,2.383,60,0.8570413848593632,0.8213017310742038,0.0035862098978360767
trpo_noise,2.384,60,0.8440677187156522,0.8050846483945655,0.004185631061899428
trpo_noise,2.385,60,0.8294082917166155,0.7867603646457694,0.007853123760484556
trpo_noise,2.386,60,0.8504690286665693,0.8130862858332114,0.0038735700369922055
trpo_noise,2.387,60,0.8380879083662546,0.797609885457818,0.0056501898431368935
trpo_noise,2.388,60,0.842229997286605,0.8027874966082565,0.0030028034746676685
trpo_noise,2.389,60,0.8461548271640003,0.8076935339550003,0.004721679847746091
trpo_noise,2.39,60,0.8392135524474368,0.799016940559296,0.005606420350964456
trpo_noise,2.391,60,0.8512632128995199,0.8140790161243999,0.0038468801138944976
trpo_noise,2.392,60,0.8466415800903277,0.8083019751129097,0.0036255539329887536
trpo_noise,2.393,60,0.8396492244937929,0.7995615306172409,0.0039421625100492805
trpo_noise,2.394,60,0.8471092993022211,0.8088866241277765,0.004253165951641325
trpo_noise,2.395,60,0.8325201008621914,0.7906501260777393,0.005950884947149659
trpo_noise,2.396,60,0.8456876253077298,0.8071095316346621,0.003847613829683537
trpo_noise,2.397,60,0.8340118575222415,0.7925148219028019,0.00606433938746832
trpo_noise,2.398,60,0.8435264293761162,0.8044080367201453,0.003935851806556157
trpo_noise,2.399,60,0.8357943467967002,0.7947429334958753,0.0051873040052951395
trpo_noise,2.4,60,0.8542096757004445,0.8177620946255556,0.0032527059532494167
trpo_noise,2.401,60,0.8362675492628361,0.7953344365785446,0.004909897582698551
trpo_noise,2.402,60,0.8397254207373621,0.7996567759217026,0.005018745906694545
trpo_noise,2.403,60,0.8288324604332863,0.7860405755416078,0.004318336830428349
trpo_noise,2.404,60,0.8348158454840887,0.7935198068551109,0.004899973772644868
trpo_noise,2.405,60,0.847662630550159,0.8095782881876985,0.004312829964316798
trpo_noise,2.406,60,0.8415644785061979,0.8019555981327474,0.003718440349018246
trpo_noise,2.407,60,0.8484885251345532,0.8106106564181919,0.004501957236329305
trpo_noise,2.408,60,0.8443581971798878,0.8054477464748595,0.0050711434973451
trpo_noise,2.409,60,0.8458840716924496,0.8073550896155619,0.005044848994359406
trpo_noise,2.41,60,0.8514274178391141,0.8142842722988927,0.0034557620181074533
trpo_noise,2.411,60,0.8438587729591447,0.8048234661989309,0.0050105638618227625
trpo_noise,2.412,60,0.8376095807450465,0.797011975931308,0.003300267930794997
trpo_noise,2.413,60,0.8500081337881101,0.8125101672351374,0.004201853239317216
trpo_noise,2.414,60,0.83470400433987,0.7933800054248376,0.00363585267907404
trpo_noise,2.415,60,0.8292921192353507,0.7866151490441884,0.006353816208045421
trpo_noise,2.416,60,0.830337489635169,0.787921862043961,0.007210430722997413
trpo_noise,2.417,60,0.8442592358564783,0.8053240448205977,0.0038625689728372576
trpo_noise,2.418,60,0.8565522941132184,0.8206903676415234,0.0042280443982063666
trpo_noise,2.419,60,0.848824911949372,0.8110311399367148,0.0040102835061417855
trpo_noise,2.42,60,0.8319033581371619,0.7898791976714522,0.007067264981686036
trpo_noise,2.421,60,0.8379817476019515,0.7974771845024395,0.004240823574794313
trpo_noise,2.422,60,0.8433672332805027,0.8042090416006279,0.00492530416423518
trpo_noise,2.423,60,0.8372985055405814,0.7966231319257268,0.003558600054505834
trpo_noise,2.424,60,0.8377280509823253,0.7971600637279066,0.0048766896283301405
trpo_noise,2.425,60,0.8208186167949411,0.7760232709936762,0.005554583383318335
trpo_noise,2.426,60,0.8365421427357588,0.7956776784196985,0.004902991414537098
trpo_noise,2.427,60,0.8418750614421926,0.8023438268027409,0.0045780725009926275
trpo_noise,2.428,60,0.8288929242250961,0.7861161552813699,0.005799972174559722
trpo_noise,2.429,60,0.8403922895868358,0.8004903619835446,0.003743662425336934
trpo_noise,2.43,60,0.8430176661948533,0.8037720827435664,0.0061215304181213605
trpo_noise,2.431,60,0.8411873433659509,0.8014841792074386,0.003961519994368233
trpo_noise,2.432,60,0.8395745211141868,0.7994681513927335,0.004720791471786691
trpo_noise,2.433,60,0.8413220257750581,0.8016525322188228,0.004473449063570296
trpo_noise,2.434,60,0.836091808476655,0.7951147605958188,0.004657128741032835
trpo_noise,2.435,60,0.8387364610601562,0.7984205763251954,0.005063670701545239
trpo_noise,2.436,60,0.8405487536357321,0.8006859420446648,0.006372050646118058
trpo_noise,2.437,60,0.8350376675871886,0.7937970844839857,0.005692945160792193
trpo_noise,2.438,60,0.8443018808046873,0.805377351005859,0.0036193857918456513
trpo_noise,2.439,60,0.8394156311529047,0.799269538941131,0.0066328559708545625
trpo_noise,2.44,60,0.8490915839483993,0.8113644799354993,0.003474998812405086
trpo_noise,2.441,60,0.8329592325612218,0.791199040701527,0.004066604767345101
trpo_noise,2.442,60,0.8437969077799808,0.8047461347249761,0.0035097610902114287
trpo_noise,2.443,60,0.8379563607865901,0.7974454509832374,0.0035129643305370282
trpo_noise,2.444,60,0.8451339295083088,0.8064174118853858,0.0053682995021602335
trpo_noise,2.445,60,0.8352800734880996,0.7941000918601244,0.004649495068221136
trpo_noise,2.446,60,0.8400336309356163,0.8000420386695202,0.004699534066426376
trpo_noise,2.447,60,0.8309714331224506,0.7887142914030635,0.00488868699271674
trpo_noise,2.448,60,0.8403815173953121,0.80047689674414,0.004976078920209235
trpo_noise,2.449,60,0.8324420609480403,0.7905525761850505,0.004497265314108346
trpo_noise,2.45,60,0.8433712422970405,0.8042140528713005,0.00456589082112203
trpo_noise,2.451,60,0.8490741200761577,0.811342650095197,0.003183238101441805
trpo_noise,2.452,60,0.8294180006151951,0.7867725007689939,0.006651219586669468
trpo_noise,2.453,60,0.844983350085769,0.806229187607211,0.0043763679504989555
trpo_noise,2.454,60,0.8250780142370044,0.7813475177962553,0.004462926425925785
trpo_noise,2.455,60,0.8290708356047576,0.7863385445059469,0.006552186425111847
trpo_noise,2.456,60,0.8242323872811476,0.7802904841014343,0.0038485941475883277
trpo_noise,2.457,60,0.8405949854803105,0.8007437318503876,0.0045101551832041325
trpo_noise,2.458,60,0.8344288677970838,0.7930360847463547,0.0044918514798186725
trpo_noise,2.459,60,0.838106683989636,0.7976333549870452,0.004881277414771007
trpo_noise,2.46,60,0.8284923338468831,0.7856154173086041,0.004741928958645401
trpo_noise,2.461,60,0.8415787332833047,0.8019734166041309,0.003651388757530022
trpo_noise,2.462,60,0.8472813373817735,0.8091016717272167,0.005606862428620946
trpo_noise,2.463,60,0.8384244797288893,0.7980305996611118,0.00433411055368438
trpo_noise,2.464,60,0.8533613160128081,0.8167016450160101,0.002806794666258733
trpo_noise,2.465,60,0.8294612024752279,0.7868265030940349,0.005567517475268001
trpo_noise,2.466,60,0.8291910954993924,0.7864888693742406,0.0036947646356973503
trpo_noise,2.467,60,0.8409703594543938,0.8012129493179921,0.005057136757366745
trpo_noise,2.468,60,0.8358069701665187,0.7947587127081485,0.0038361159469982122
trpo_noise,2.469,60,0.8431187213520803,0.8038984016901003,0.0056106520466998955
trpo_noise,2.47,60,0.8435917276067704,0.804489659508463,0.0053250759989651175
trpo_noise,2.471,60,0.8328172022632867,0.7910215028291084,0.007332434128067774
trpo_noise,2.472,60,0.8267618243506288,0.7834522804382859,0.004928057732064691
trpo_noise,2.473,60,0.8391441844064893,0.7989302305081115,0.004296681738971807
trpo_noise,2.474,60,0.8280161077461003,0.7850201346826257,0.007565188944260672
trpo_noise,2.475,60,0.8284985839704533,0.7856232299630665,0.004350932991411582
trpo_noise,2.476,60,0.8398033537245878,0.7997541921557348,0.0037384829855937407
trpo_noise,2.477,60,0.8254626499942717,0.7818283124928396,0.003830129309424114
trpo_noise,2.478,60,0.851394797954897,0.8142434974436213,0.0037312959440675667
trpo_noise,2.479,60,0.8220115545575286,0.777514443196911,0.005440524642526676
trpo_noise,2.48,60,0.8324952577544773,0.7906190721930965,0.005829495070284171
trpo_noise,2.481,60,0.8300635675821376,0.7875794594776722,0.005048974015514754
trpo_noise,2.482,60,0.8329705091872729,0.7912131364840912,0.004751672115165104
trpo_noise,2.483,60,0.8343188187459458,0.7928985234324322,0.007275067075668198
trpo_noise,2.484,60,0.8407455580424321,0.8009319475530402,0.004052990532401012
trpo_noise,2.485,60,0.83749153048399,0.7968644131049876,0.005364002589579657
trpo_noise,2.486,60,0.8312191254959196,0.7890239068698996,0.003855607114092467
trpo_noise,2.487,60,0.8384576852954357,0.7980721066192944,0.006517737966822792
trpo_noise,2.488,60,0.8247408266934007,0.7809260333667507,0.006149974867884276
trpo_noise,2.489,60,0.8361287353288219,0.7951609191610276,0.004325930018214441
trpo_noise,2.49,60,0.821148551430261,0.776435689287826,0.005716121012061323
trpo_noise,2.491,60,0.8213723569053628,0.7767154461317033,0.005266884933921348
trpo_noise,2.492,60,0.8278417151169433,0.7848021438961791,0.00515147873152767
trpo_noise,2.493,60,0.827059323223897,0.783824154029871,0.006853195261323924
trpo_noise,2.494,60,0.8262607261654719,0.78282590770684,0.0049091051320014015
trpo_noise,2.495,60,0.8343194262393991,0.792899282799249,0.005556901008462803
trpo_noise,2.496,60,0.8456591273854865,0.8070739092318583,0.004300516263609484
trpo_noise,2.497,60,0.8245775759806089,0.7807219699757612,0.006574932705165026
trpo_noise,2.498,60,0.8383594731128586,0.797949341391073,0.003661903189575059
trpo_noise,2.499,60,0.831698894440504,0.7896236180506299,0.005836532315598881
trpo_noise,2.5,60,0.8444788434107511,0.8055985542634387,0.004324633254271319
trpo_noise,2.501,60,0.8271005094626744,0.783875636828343,0.005217323105185005
trpo_noise,2.502,60,0.8333903490812425,0.7917379363515533,0.0036351775005653603
trpo_noise,2.503,60,0.813364435497185,0.7667055443714812,0.005331458218492679
trpo_noise,2.504,60,0.8322616602017157,0.7903270752521443,0.004046969708791485
trpo_noise,2.505,60,0.8376259802787737,0.7970324753484671,0.003483295441985536
trpo_noise,2.506,60,0.828531424430802,0.7856642805385025,0.004863254505868374
trpo_noise,2.507,60,0.8246397203569078,0.7807996504461344,0.0056952193495296835
trpo_noise,2.508,60,0.814711991486266,0.7683899893578324,0.006477952399347441
trpo_noise,2.509,60,0.8293554407797977,0.7866943009747469,0.005461836429596672
trpo_noise,2.51,60,0.8435904295815398,0.8044880369769244,0.00329002401927939
trpo_noise,2.511,60,0.8126506855588224,0.7658133569485279,0.005196109662906663
trpo_noise,2.512,60,0.8248246989762191,0.7810308737202737,0.005161664037853523
trpo_noise,2.513,60,0.8333897068451566,0.7917371335564456,0.00454244163190677
trpo_noise,2.514,60,0.8161442930306262,0.7701803662882829,0.006263233272765499
trpo_noise,2.515,60,0.828573084867667,0.7857163560845836,0.0052789088998608825
trpo_noise,2.516,60,0.8311319816330617,0.7889149770413268,0.004888995744585043
trpo_noise,2.517,60,0.8348917999111887,0.7936147498889857,0.003674671609688594
trpo_noise,2.518,60,0.830576134935694,0.7882201686696175,0.0055396841800231245
trpo_noise,2.519,60,0.8189275601257361,0.7736594501571702,0.006245398176407153
trpo_noise,2.52,60,0.8353251690897718,0.7941564613622146,0.00593828770218186
trpo_noise,2.521,60,0.8253240013751202,0.7816550017189002,0.0063747787487568736
trpo_noise,2.522,60,0.8181493073164469,0.7726866341455586,0.007338994008691275
trpo_noise,2.523,60,0.8148025095146132,0.7685031368932667,0.004831013927686544
trpo_noise,2.524,60,0.8304711104178101,0.7880888880222623,0.005116196452007374
trpo_noise,2.525,60,0.8378917757185547,0.7973647196481933,0.004665593625642737
trpo_noise,2.526,60,0.819888689225607,0.7748608615320091,0.00794609589252157
trpo_noise,2.527,60,0.8398881207489366,0.7998601509361708,0.004577152921699324
trpo_noise,2.528,60,0.8082453039579832,0.7603066299474793,0.004970236591206653
trpo_noise,2.529,60,0.8294286289587384,0.7867857861984231,0.0068324402402043065
trpo_noise,2.53,60,0.8225352066501537,0.7781690083126921,0.006035139532040425
trpo_noise,2.531,60,0.8321871028267241,0.7902338785334052,0.0057531242832264155
trpo_noise,2.532,60,0.8272418238995766,0.7840522798744709,0.005259662938714156
trpo_noise,2.533,60,0.8404547112284366,0.8005683890355458,0.004026466393251723
trpo_noise,2.534,60,0.8248507117760067,0.7810633897200082,0.00552570585236319
trpo_noise,2.535,60,0.8288540261818332,0.7860675327272916,0.005226768754129798
trpo_noise,2.536,60,0.8223601879902507,0.777950234987813,0.003969854131944415
trpo_noise,2.537,60,0.8342129949104358,0.7927662436380446,0.00379524474380396
trpo_noise,2.538,60,0.8168650652069289,0.771081331508661,0.007860606182488598
trpo_noise,2.539,60,0.8327344114106178,0.7909180142632722,0.0036765883370793026
trpo_noise,2.54,60,0.8287614707289109,0.7859518384111387,0.005390939495889589
trpo_noise,2.541,60,0.818855048458019,0.7735688105725238,0.006537038212554747
trpo_noise,2.542,60,0.840287069312608,0.8003588366407598,0.004707583985895347
trpo_noise,2.543,60,0.8175017883930313,0.7718772354912891,0.006295176095543881
trpo_noise,2.544,60,0.8258923357686028,0.7823654197107535,0.004291142794448682
trpo_noise,2.545,60,0.8277110277029689,0.784638784628711,0.004226883557204464
trpo_noise,2.546,60,0.8172900300764869,0.7716125375956085,0.005150123697098403
trpo_noise,2.547,60,0.8336851569928779,0.7921064462410974,0.004770351459496638
trpo_noise,2.548,60,0.810958759378411,0.7636984492230136,0.004629057927118503
trpo_noise,2.549,60,0.8327975688704786,0.7909969610880981,0.003973806084636018
trpo_noise,2.55,60,0.8205437349619601,0.7756796687024498,0.005113900813191718
trpo_noise,2.551,60,0.812431340314496,0.7655391753931202,0.004713182572708223
trpo_noise,2.552,60,0.8270406877616788,0.7838008597020987,0.004431116216341044
trpo_noise,2.553,60,0.8343366237223411,0.7929207796529264,0.004680862355010735
trpo_noise,2.554,60,0.8220902608013319,0.7776128260016648,0.0049474215657026215
trpo_noise,2.555,60,0.8340443427040765,0.7925554283800954,0.0045902884384415015
trpo_noise,2.556,60,0.8296291414404813,0.7870364268006015,0.004335148407354095
trpo_noise,2.557,60,0.8190230377375234,0.7737787971719041,0.006400299629080926
trpo_noise,2.558,60,0.8275928258349272,0.784491032293659,0.004735887181151614
trpo_noise,2.559,60,0.844214649474219,0.8052683118427735,0.005671442214571806
trpo_noise,2.56,60,0.8328075775172806,0.7910094718966006,0.00426262421692225
trpo_noise,2.561,60,0.8308135984346653,0.7885169980433315,0.004214377286968684
trpo_noise,2.562,60,0.8218775847893728,0.7773469809867157,0.006529967731283671
trpo_noise,2.563,60,0.8212551529914904,0.7765689412393629,0.005111117935539971
trpo_noise,2.564,60,0.8301847713341239,0.7877309641676548,0.004700404097758303
trpo_noise,2.565,60,0.8198439510727962,0.7748049388409954,0.007189749155869745
trpo_noise,2.566,60,0.8254994933609603,0.7818743667012,0.003986653108825521
trpo_noise,2.567,60,0.8259817638055102,0.7824772047568876,0.00520940826993599
trpo_noise,2.568,60,0.81567651311561,0.7695956413945125,0.0051083715183382495
trpo_noise,2.569,60,0.8324519700533802,0.7905649625667253,0.0037952578635661216
trpo_noise,2.57,60,0.823646618163195,0.7795582727039937,0.005320479984036532
trpo_noise,2.571,60,0.8187880354811284,0.7734850443514105,0.006828070009193932
trpo_noise,2.572,60,0.8333603782525846,0.7917004728157303,0.005883086572913482
trpo_noise,2.573,60,0.8302523274446444,0.7878154093058053,0.0036312257126476163
trpo_noise,2.574,60,0.8338387674018604,0.7922984592523253,0.005252422937647497
trpo_noise,2.575,60,0.8329574587611259,0.7911968234514075,0.003350314894567216
trpo_noise,2.576,60,0.823061009871897,0.7788262623398711,0.006392608686959281
trpo_noise,2.577,60,0.8160696527114265,0.770087065889283,0.0054747908083671104
trpo_noise,2.578,60,0.8265978728896592,0.7832473411120741,0.004908738735622281
trpo_noise,2.579,60,0.8329055437578763,0.7911319296973455,0.0046173570665272315
trpo_noise,2.58,60,0.8244626781361095,0.7805783476701367,0.0039466107442038285
trpo_noise,2.581,60,0.8331810600081824,0.7914763250102279,0.006246978833619812
trpo_noise,2.582,60,0.8243918480359703,0.7804898100449628,0.0053228037928632005
trpo_noise,2.583,60,0.8240928265204783,0.7801160331505982,0.004276535479677864
trpo_noise,2.584,60,0.8192667748635899,0.7740834685794872,0.005064768131130163
trpo_noise,2.585,60,0.8175582603664124,0.7719478254580154,0.0037431900340296597
trpo_noise,2.586,60,0.8253741677094415,0.7817177096368018,0.0061756693513925634
trpo_noise,2.587,60,0.8272213163770147,0.7840266454712685,0.006418690675393699
trpo_noise,2.588,60,0.8323783107018898,0.7904728883773622,0.0037829077697014504
trpo_noise,2.589,60,0.8068212763321793,0.7585265954152242,0.00406873985032801
trpo_noise,2.59,60,0.8254449440987923,0.7818061801234903,0.005692922496341076
trpo_noise,2.591,60,0.820523084647085,0.775653855808856,0.005532482221381541
trpo_noise,2.592,60,0.8282160361835385,0.7852700452294232,0.005718973979364716
trpo_noise,2.593,60,0.8283377181591484,0.7854221476989355,0.004461531703093807
trpo_noise,2.594,60,0.8049806536057146,0.7562258170071432,0.006028194896340762
trpo_noise,2.595,60,0.8235425595084372,0.7794281993855463,0.004939290403632303
trpo_noise,2.596,60,0.8292627137145008,0.7865783921431263,0.005037261813673986
trpo_noise,2.597,60,0.8245527946453071,0.7806909933066337,0.0067244900724201554
trpo_noise,2.598,60,0.8138226474223988,0.7672783092779983,0.004732331671553963
trpo_noise,2.599,60,0.8072563969561455,0.7590704961951816,0.006481513634456936
trpo_noise,2.6,60,0.8292434842061909,0.7865543552577386,0.004685537439294663
trpo_noise,2.601,60,0.8307344687235244,0.7884180859044054,0.006046589521870292
trpo_noise,2.602,60,0.8234423902061556,0.7793029877576942,0.006181639323609059
trpo_noise,2.603,60,0.8043712201988085,0.7554640252485105,0.005492347694207541
trpo_noise,2.604,60,0.8095026944545464,0.7618783680681829,0.007433615006783263
trpo_noise,2.605,60,0.8149695787663852,0.7687119734579817,0.005583877564116505
trpo_noise,2.606,60,0.8169765942518613,0.7712207428148264,0.004021014889704559
trpo_noise,2.607,60,0.816462973880806,0.7705787173510075,0.006549564245509394
trpo_noise,2.608,60,0.8105534323970212,0.7631917904962762,0.006885155795769971
trpo_noise,2.609,60,0.8155160902973994,0.7693951128717491,0.008230143072407959
trpo_noise,2.61,60,0.8141676923854679,0.767709615481835,0.005049820790072641
trpo_noise,2.611,60,0.8174060166919367,0.7717575208649208,0.007528613102341321
trpo_noise,2.612,60,0.8075943961966949,0.7594929952458689,0.006678034552994863
trpo_noise,2.613,60,0.8285353547690053,0.7856691934612566,0.006595042164152482
trpo_noise,2.614,60,0.8285545937232552,0.7856932421540691,0.005933860271414961
trpo_noise,2.615,60,0.8109995831034276,0.7637494788792846,0.006256256952299034
trpo_noise,2.616,60,0.8145826188043821,0.7682282735054777,0.0070115963471933575
trpo_noise,2.617,60,0.81653784644569,0.7706723080571126,0.006707108874725329
trpo_noise,2.618,60,0.8287749187465852,0.7859686484332313,0.004700783483418692
trpo_noise,2.619,60,0.8128968398747202,0.7661210498434001,0.004820997463183094
trpo_noise,2.62,60,0.8156657402586988,0.7695821753233731,0.004802978009156536
trpo_noise,2.621,60,0.819466307851715,0.774332884814644,0.0042479407076777545
trpo_noise,2.622,60,0.8263169873078753,0.7828962341348442,0.005072042252622622
trpo_noise,2.623,60,0.8243700771501257,0.7804625964376571,0.004517984061507014
trpo_noise,2.624,60,0.8156253938239924,0.7695317422799904,0.00598053374868482
trpo_noise,2.625,60,0.8024039898060246,0.7530049872575307,0.006502941209451993
trpo_noise,2.626,60,0.8093105970794728,0.761638246349341,0.0063666849546441815
trpo_noise,2.627,60,0.8240008665309031,0.7800010831636288,0.006405118131875235
trpo_noise,2.628,60,0.8095101821103241,0.7618877276379052,0.006704048006143071
trpo_noise,2.629,60,0.8108491618965913,0.7635614523707392,0.005836056077586792
trpo_noise,2.63,60,0.7948389183513537,0.7435486479391922,0.008104708564245909
trpo_noise,2.631,60,0.8331608824902027,0.7914511031127536,0.007407303008266368
trpo_noise,2.632,60,0.8255063440623474,0.7818829300779343,0.004868069363521607
trpo_noise,2.633,60,0.827987710793185,0.7849846384914811,0.003962212344185912
trpo_noise,2.634,60,0.8194785528140067,0.7743481910175082,0.004809855761934149
trpo_noise,2.635,60,0.8235245663853239,0.7794057079816548,0.006668003380942077
trpo_noise,2.636,60,0.8227043428926436,0.7783804286158045,0.003367339370063583
trpo_noise,2.637,60,0.8165890329946244,0.7707362912432804,0.005312210152553689
trpo_noise,2.638,60,0.8025396508262592,0.7531745635328241,0.006382964966213866
trpo_noise,2.639,60,0.8093957166436054,0.7617446458045067,0.006010416106120893
trpo_noise,2.64,60,0.8106158944750853,0.7632698680938567,0.005039150843574024
trpo_noise,2.641,60,0.8197484096462674,0.7746855120578343,0.006176637105483169
trpo_noise,2.642,60,0.8098630857587518,0.7623288571984398,0.004426690335446159
trpo_noise,2.643,60,0.8092122051682509,0.7615152564603137,0.004479694537768387
trpo_noise,2.644,60,0.812228595399223,0.7652857442490288,0.005666169446114047
trpo_noise,2.645,60,0.8100682860334185,0.7625853575417731,0.005848157368959971
trpo_noise,2.646,60,0.8255603601204329,0.781950450150541,0.005957832550974666
trpo_noise,2.647,60,0.819052644654839,0.7738158058185488,0.004744769348714878
trpo_noise,2.648,60,0.8264267301254616,0.7830334126568268,0.004334777670200446
trpo_noise,2.649,60,0.8113974886877735,0.7642468608597169,0.004545806475853388
trpo_noise,2.65,60,0.8346537668568346,0.7933172085710433,0.0053370898861038575
trpo_noise,2.651,60,0.8191281285326156,0.7739101606657695,0.005371839078788428
trpo_noise,2.652,60,0.7963500240140065,0.7454375300175079,0.0054651249730229634
trpo_noise,2.653,60,0.825039103234478,0.7812988790430975,0.004253662496818431
trpo_noise,2.654,60,0.8201558061646484,0.7751947577058104,0.007769551419282841
trpo_noise,2.655,60,0.8243805961517521,0.7804757451896901,0.004157373327047139
trpo_noise,2.656,60,0.82060134952218,0.7757516869027247,0.006151728859114608
trpo_noise,2.657,60,0.7983257738432394,0.7479072173040493,0.00624925358801025
trpo_noise,2.658,60,0.8007065110493191,0.7508831388116489,0.008326394816305196
trpo_noise,2.659,60,0.7984586903798307,0.7480733629747885,0.0073060404819563695
trpo_noise,2.66,60,0.8125657781851306,0.7657072227314132,0.006466628043967381
trpo_noise,2.661,60,0.8159956505641586,0.7699945632051983,0.0073047600764536025
trpo_noise,2.662,60,0.798554175275897,0.7481927190948711,0.005949557948312282
trpo_noise,2.663,60,0.8288869294014205,0.786108661751776,0.004700682871820091
trpo_noise,2.664,60,0.8097528500173914,0.7621910625217391,0.004382432413006728
trpo_noise,2.665,60,0.8067673463580157,0.7584591829475195,0.006046502169693435
trpo_noise,2.666,60,0.8131516057860511,0.7664395072325638,0.008327848598888856
trpo_noise,2.667,60,0.8211198362915987,0.7763997953644984,0.007224455656762943
trpo_noise,2.668,60,0.8150098744816431,0.7687623431020539,0.0061345191370463775
trpo_noise,2.669,60,0.8186058966583044,0.7732573708228808,0.007305259722211965
trpo_noise,2.67,60,0.8141169874636051,0.7676462343295063,0.00443006092923399
trpo_noise,2.671,60,0.801993684594733,0.7524921057434159,0.004581083656455089
trpo_noise,2.672,60,0.8120704907783272,0.7650881134729087,0.006758026392986477
trpo_noise,2.673,60,0.8138943801032692,0.7673679751290864,0.004385651373775533
trpo_noise,2.674,60,0.8091297105234958,0.7614121381543698,0.00582695594085658
trpo_noise,2.675,60,0.8098952906822838,0.7623691133528548,0.007016699017730829
trpo_noise,2.676,60,0.8214108076217759,0.7767635095272196,0.004982206689596085
trpo_noise,2.677,60,0.8154021374988419,0.7692526718735525,0.005702431563998937
trpo_noise,2.678,60,0.8166230906324623,0.7707788632905779,0.005700155481984095
trpo_noise,2.679,60,0.8074280669644763,0.7592850837055953,0.005260471970696363
trpo_noise,2.68,60,0.8158653738806951,0.7698317173508691,0.005156172264830718
trpo_noise,2.681,60,0.797615703249564,0.7470196290619548,0.007621297723926835
trpo_noise,2.682,60,0.8257316417575572,0.7821645521969463,0.004742780358585403
trpo_noise,2.683,60,0.8197938568078454,0.7747423210098068,0.005568635517518217
trpo_noise,2.684,60,0.7979881267825917,0.7474851584782397,0.0067641826321625815
trpo_noise,2.685,60,0.8066996278803871,0.7583745348504837,0.005531931564159555
trpo_noise,2.686,60,0.8114068315226275,0.7642585394032843,0.007424880188190315
trpo_noise,2.687,60,0.8067698246514603,0.7584622808143255,0.00691736373397404
trpo_noise,2.688,60,0.8076806437623946,0.7596008047029933,0.005212252091967714
trpo_noise,2.689,60,0.8104495986520318,0.7630619983150397,0.005975927716378906
trpo_noise,2.69,60,0.8097020584379525,0.7621275730474405,0.00627696621937319
trpo_noise,2.691,60,0.7888810418447736,0.7361013023059667,0.005618802507339611
trpo_noise,2.692,60,0.8128300879354001,0.7660376099192501,0.003405692563626957
trpo_noise,2.693,60,0.8189682206607656,0.7737102758259568,0.00604727271935966
trpo_noise,2.694,60,0.8268065031072077,0.7835081288840093,0.005564249874005131
trpo_noise,2.695,60,0.8090558164430466,0.7613197705538082,0.006866011281254063
trpo_noise,2.696,60,0.8050863028054324,0.7563578785067905,0.006224414117115657
trpo_noise,2.697,60,0.8079778063163797,0.7599722578954746,0.006978205168088412
trpo_noise,2.698,60,0.81717335850349,0.7714666981293627,0.004384312232830954
trpo_noise,2.699,60,0.8016046458238155,0.7520058072797692,0.006691720805281943
trpo_noise,2.7,60,0.8114509688945001,0.7643137111181251,0.004372715391134306
trpo_noise,2.701,60,0.8021981152290074,0.7527476440362595,0.0048564677598530205
trpo_noise,2.702,60,0.7998833759912103,0.7498542199890127,0.006317705163264853
trpo_noise,2.703,60,0.8224983815201856,0.7781229769002321,0.005215083292225562
trpo_noise,2.704,60,0.8047502616414122,0.7559378270517653,0.00427561763710735
trpo_noise,2.705,60,0.8176042122098391,0.7720052652622991,0.005190454817951578
trpo_noise,2.706,60,0.8160119944492984,0.7700149930616232,0.004332022782365475
trpo_noise,2.707,60,0.8065983617314384,0.758247952164298,0.007458862980128675
trpo_noise,2.708,60,0.7828858407875869,0.7286073009844837,0.0066505069600059875
trpo_noise,2.709,60,0.8105929529078456,0.7632411911348069,0.00491800435988567
trpo_noise,2.71,60,0.8094860469581953,0.7618575586977443,0.006132404350722521
trpo_noise,2.711,60,0.8080896167349043,0.7601120209186303,0.00626781745104232
trpo_noise,2.712,60,0.8113933874055808,0.7642417342569757,0.005545036132363036
trpo_noise,2.713,60,0.7991889427825152,0.7489861784781441,0.005026242857760923
trpo_noise,2.714,60,0.8178902460512472,0.7723628075640588,0.005364669854346382
trpo_noise,2.715,60,0.7938187486406062,0.7422734358007579,0.007234685738749073
trpo_noise,2.716,60,0.8155068104330532,0.7693835130413167,0.004820677595211346
trpo_noise,2.717,60,0.8192188838488106,0.7740236048110133,0.005068852346327258
trpo_noise,2.718,60,0.8025851297869254,0.7532314122336565,0.007017592000111045
trpo_noise,2.719,60,0.8018752534371854,0.7523440667964815,0.007942917811296097
trpo_noise,2.72,60,0.7971298359688712,0.7464122949610891,0.007514695231906207
trpo_noise,2.721,60,0.8068864860585896,0.7586081075732369,0.004727915058833695
trpo_noise,2.722,60,0.8131052627675981,0.7663815784594977,0.006170370827853887
trpo_noise,2.723,60,0.8183458754557238,0.7729323443196546,0.0056693106273569
trpo_noise,2.724,60,0.8182924805847751,0.7728656007309688,0.005884123516903339
trpo_noise,2.725,60,0.8094958192254131,0.7618697740317663,0.003884490872648835
trpo_noise,2.726,60,0.7892280816257409,0.7365351020321759,0.005418127036984631
trpo_noise,2.727,60,0.7955481437788738,0.7444351797235923,0.010467119221445909
trpo_noise,2.728,60,0.800314322140979,0.7503929026762238,0.00903489504633918
trpo_noise,2.729,60,0.7991187881704008,0.7488984852130012,0.00973391979286724
trpo_noise,2.73,60,0.7995611743910053,0.7494514679887565,0.005909669970242254
trpo_noise,2.731,60,0.8020603510828993,0.7525754388536241,0.006834209553944768
trpo_noise,2.732,60,0.7981346881650423,0.7476683602063029,0.00926761318598361
trpo_noise,2.733,60,0.7973353828848699,0.7466692286060876,0.006678674008501027
trpo_noise,2.734,60,0.805445105711282,0.7568063821391023,0.006424816284475336
trpo_noise,2.735,60,0.8121215477133795,0.7651519346417246,0.004863025809997783
trpo_noise,2.736,60,0.8070193682650137,0.7587742103312672,0.007402166833131479
trpo_noise,2.737,60,0.7962503211383262,0.7453129014229077,0.006446740099589359
trpo_noise,2.738,60,0.8095991387672408,0.7619989234590508,0.008458741371179542
trpo_noise,2.739,60,0.8148409830918386,0.7685512288647981,0.0037066776819449777
trpo_noise,2.74,60,0.7918565509010004,0.7398206886262504,0.0075051234170898555
trpo_noise,2.741,60,0.805276187997281,0.756595234996601,0.0037709178137843424
trpo_noise,2.742,60,0.7933643055994859,0.7417053819993574,0.007349895875288265
trpo_noise,2.743,60,0.8054424012146466,0.7568030015183084,0.007152001371855072
trpo_noise,2.744,60,0.8027849046233113,0.7534811307791389,0.007794691083540981
trpo_noise,2.745,60,0.802303724342698,0.7528796554283728,0.0046190847616438425
trpo_noise,2.746,60,0.8172302901358729,0.7715378626698411,0.005608123661804326
trpo_noise,2.747,60,0.7961948139423987,0.7452435174279982,0.007146510826543778
trpo_noise,2.748,60,0.7950003003256831,0.7437503754071041,0.008364261404169468
trpo_noise,2.749,60,0.8030160188978699,0.7537700236223374,0.009032748084570682
trpo_noise,2.75,60,0.8056283315837498,0.7570354144796874,0.005786886499346888
trpo_noise,2.751,60,0.7935483688339435,0.7419354610424294,0.006677577824708197
trpo_noise,2.752,60,0.8056709244750178,0.7570886555937719,0.005488589054141754
trpo_noise,2.753,60,0.7993550051064054,0.7491937563830068,0.006679811248419138
trpo_noise,2.754,60,0.8117877321695475,0.7647346652119343,0.004769496719905364
trpo_noise,2.755,60,0.7913674193522473,0.7392092741903092,0.006532037524691683
trpo_noise,2.756,60,0.7887553508353071,0.7359441885441339,0.0062802606145464955
trpo_noise,2.757,60,0.8118735680314754,0.7648419600393442,0.004658296914691331
trpo_noise,2.758,60,0.8030076828120416,0.7537596035150519,0.005664164428083008
trpo_noise,2.759,60,0.7961597015615123,0.7451996269518906,0.007050925285382384
trpo_noise,2.76,60,0.8025154813886511,0.7531443517358137,0.006192034727130938
trpo_noise,2.761,60,0.7956546465128421,0.7445683081410526,0.008770238775435068
trpo_noise,2.762,60,0.7925852496588964,0.7407315620736205,0.006028329000888876
trpo_noise,2.763,60,0.8213647509518762,0.7767059386898452,0.005444985362407063
trpo_noise,2.764,60,0.7991470788609386,0.7489338485761733,0.007471152833811645
trpo_noise,2.765,60,0.8069319229856909,0.7586649037321137,0.004472923334103981
trpo_noise,2.766,60,0.8094571764989618,0.7618214706237019,0.006459793646016304
trpo_noise,2.767,60,0.7961202793512981,0.7451503491891225,0.007981239845508572
trpo_noise,2.768,60,0.8211109585212875,0.7763886981516094,0.004417868121684875
trpo_noise,2.769,60,0.7994960360070931,0.7493700450088662,0.0064614569329382926
trpo_noise,2.77,60,0.8061305284503137,0.7576631605628922,0.004697320825408251
trpo_noise,2.771,60,0.806793537854857,0.758491922318571,0.005686939347699525
trpo_noise,2.772,60,0.7891018057393706,0.7363772571742133,0.00616007384612545
trpo_noise,2.773,60,0.8046822766335489,0.7558528457919362,0.006676360126632574
trpo_noise,2.774,60,0.8029692865986586,0.7537116082483232,0.006090268700356841
trpo_noise,2.775,60,0.8082788876363609,0.7603486095454512,0.004435262966124314
trpo_noise,2.776,60,0.827965057323159,0.7849563216539485,0.0034067548847532703
trpo_noise,2.777,60,0.786770521526347,0.733463151907934,0.009388650268463757
trpo_noise,2.778,60,0.8022140599659559,0.7527675749574448,0.007161533237406551
trpo_noise,2.779,60,0.7992601063973157,0.7490751329966446,0.007501018706735083
trpo_noise,2.78,60,0.7949192986025889,0.7436491232532363,0.004626758873051243
trpo_noise,2.781,60,0.7985349909118682,0.7481687386398352,0.006104761319115639
trpo_noise,2.782,60,0.7805097397940463,0.7256371747425577,0.007884659691795606
trpo_noise,2.783,60,0.7956183937399848,0.744522992174981,0.008661988618279557
trpo_noise,2.784,60,0.7999591338967047,0.7499489173708809,0.004262516301137115
trpo_noise,2.785,60,0.7929137586786443,0.7411421983483054,0.006240383030282181
trpo_noise,2.786,60,0.8098502937949743,0.7623128672437177,0.005448003320346095
trpo_noise,2.787,60,0.8089764447690542,0.7612205559613175,0.008031619117830898
trpo_noise,2.788,60,0.7974671784228345,0.746833973028543,0.005566897842797553
trpo_noise,2.789,60,0.7974716618783492,0.7468395773479363,0.005172599566962525
trpo_noise,2.79,60,0.7942014479705359,0.7427518099631699,0.005857677649438118
trpo_noise,2.791,60,0.7910184551079671,0.7387730688849588,0.007469247077730386
trpo_noise,2.792,60,0.7834464480264718,0.7293080600330896,0.00935008208694092
trpo_noise,2.793,60,0.8072400313073143,0.7590500391341428,0.007355080030924323
trpo_noise,2.794,60,0.8020071939482414,0.7525089924353018,0.005796348912313671
trpo_noise,2.795,60,0.8044169080110216,0.7555211350137767,0.0067175302594306525
trpo_noise,2.796,60,0.7919131326057571,0.7398914157571962,0.006994223457852172
trpo_noise,2.797,60,0.7836889619798169,0.7296112024747711,0.006974399881534209
trpo_noise,2.798,60,0.7959405758931398,0.7449257198664246,0.007330372464187646
trpo_noise,2.799,60,0.8042181334324354,0.7552726667905441,0.004366592770214299
trpo_noise,2.8,60,0.7999413859551524,0.7499267324439408,0.0053120392573045684
trpo_noise,2.801,60,0.8000082033987964,0.7500102542484954,0.005711828207020157
trpo_noise,2.802,60,0.8096192214560921,0.7620240268201149,0.005872147447121194
trpo_noise,2.803,60,0.8200688611430302,0.7750860764287878,0.005380451430265372
trpo_noise,2.804,60,0.7906853158839658,0.7383566448549571,0.006150408839202787
trpo_noise,2.805,60,0.8114265738990044,0.7642832173737554,0.005793572492570217
trpo_noise,2.806,60,0.7964484250420427,0.7455605313025533,0.004598460145607853
trpo_noise,2.807,60,0.801731754534827,0.752164693168534,0.006566696028745054
trpo_noise,2.808,60,0.795112648114718,0.7438908101433974,0.004829830293322016
trpo_noise,2.809,60,0.7977287207836627,0.7471609009795782,0.006216395997430798
trpo_noise,2.81,60,0.8125938071696348,0.7657422589620434,0.003825518680352969
trpo_noise,2.811,60,0.7940961385648304,0.7426201732060379,0.006736207532259051
trpo_noise,2.812,60,0.7846468426794447,0.7308085533493058,0.005992986990470924
trpo_noise,2.813,60,0.8050327636358157,0.7562909545447696,0.0052451883186703015
trpo_noise,2.814,60,0.8078780967626772,0.7598476209533466,0.006814678373694804
trpo_noise,2.815,60,0.794809772734023,0.7435122159175286,0.005018295558455188
trpo_noise,2.816,60,0.7981539990626811,0.7476924988283512,0.005689706765081671
trpo_noise,2.817,60,0.7899541871102372,0.7374427338877965,0.007597017312347117
trpo_noise,2.818,60,0.7930018652402163,0.7412523315502706,0.006920571977640121
trpo_noise,2.819,60,0.785484521675154,0.7318556520939428,0.005603844403459127
trpo_noise,2.82,60,0.7964057367927702,0.7455071709909624,0.006384289631360707
trpo_noise,2.821,60,0.805087081748037,0.7563588521850463,0.005621508848548562
trpo_noise,2.822,60,0.8040318146526269,0.7550397683157836,0.0034495440749777733
trpo_noise,2.823,60,0.7925811891763064,0.740726486470383,0.004882665887363845
trpo_noise,2.824,60,0.7888466058167053,0.7360582572708819,0.008212561349364277
trpo_noise,2.825,60,0.8032845567643367,0.754105695955421,0.007837727914525023
trpo_noise,2.826,60,0.7867356653777192,0.7334195817221492,0.007439530089666055
trpo_noise,2.827,60,0.7850009502241718,0.7312511877802147,0.010646934432998738
trpo_noise,2.828,60,0.777594379575269,0.7219929744690864,0.008991752581626291
trpo_noise,2.829,60,0.7951240847255473,0.7439051059069341,0.008687659227385187
trpo_noise,2.83,60,0.7962225058151864,0.7452781322689833,0.007896398437404788
trpo_noise,2.831,60,0.791381582193358,0.7392269777416973,0.0068099285569443325
trpo_noise,2.832,60,0.7790342195274707,0.7237927744093382,0.006350537350849341
trpo_noise,2.833,60,0.7977896391007478,0.7472370488759346,0.0065989439305444274
trpo_noise,2.834,60,0.788155550159641,0.7351944376995512,0.007578060065320529
trpo_noise,2.835,60,0.7853476039867993,0.7316845049834989,0.008395785377225674
trpo_noise,2.836,60,0.7915458572908523,0.7394323216135652,0.008392315042822245
trpo_noise,2.837,60,0.792730990061294,0.7409137375766176,0.00828447147553545
trpo_noise,2.838,60,0.7997343761381771,0.7496679701727214,0.005641885921918376
trpo_noise,2.839,60,0.8010238641136361,0.7512798301420452,0.005707521458193059
trpo_noise,2.84,60,0.7867163618507282,0.7333954523134103,0.006004973774719559
trpo_noise,2.841,60,0.7921582250729076,0.7401977813411346,0.00503294789827351
trpo_noise,2.842,60,0.7902936177487598,0.7378670221859498,0.0067544680285700825
trpo_noise,2.843,60,0.7764111525510654,0.7205139406888318,0.008545316296387665
trpo_noise,2.844,60,0.7936083046870531,0.7420103808588163,0.005740360509580666
trpo_noise,2.845,60,0.7757007408054266,0.7196259260067831,0.005721018666567963
trpo_noise,2.846,60,0.7939443594499447,0.7424304493124309,0.005495221109403271
trpo_noise,2.847,60,0.8137713693316888,0.7672142116646109,0.005680201453827327
trpo_noise,2.848,60,0.8051684238323699,0.7564605297904623,0.005828254927512174
trpo_noise,2.849,60,0.7925192058852916,0.7406490073566145,0.004606223355254495
trpo_noise,2.85,60,0.8062092301006587,0.7577615376258233,0.005399876063052536
trpo_noise,2.851,60,0.7885659749111449,0.7357074686389308,0.00833752646530227
trpo_noise,2.852,60,0.7829240575232067,0.7286550719040082,0.005075867645492325
trpo_noise,2.853,60,0.7861699085286937,0.7327123856608669,0.007966168795760242
trpo_noise,2.854,60,0.7941173697615347,0.7426467122019182,0.0057468641560656725
trpo_noise,2.855,60,0.7984988870820019,0.7481236088525022,0.004666213074684158
trpo_noise,2.856,60,0.7842555923247844,0.7303194904059804,0.006047031362445382
trpo_noise,2.857,60,0.7864819425851675,0.7331024282314591,0.007067802718418768
trpo_noise,2.858,60,0.7827139629108815,0.7283924536386017,0.007661599214043449
trpo_noise,2.859,60,0.7976288104272765,0.7470360130340955,0.005087333692252087
trpo_noise,2.86,60,0.7848520284232485,0.7310650355290603,0.007469395294745845
trpo_noise,2.861,60,0.79555128248243,0.7444391031030374,0.0061685612303888655
trpo_noise,2.862,60,0.7870931122152114,0.7338663902690142,0.0061586883816302325
trpo_noise,2.863,60,0.7804263486702405,0.7255329358378007,0.008143399045617275
trpo_noise,2.864,60,0.786243670805923,0.7328045885074038,0.008100497445732968
trpo_noise,2.865,60,0.7841306630387965,0.7301633287984955,0.00711748873078314
trpo_noise,2.866,60,0.7967510571786297,0.745938821473287,0.007798910829413848
trpo_noise,2.867,60,0.7826034427932219,0.7282543034915272,0.007992788353973214
trpo_noise,2.868,60,0.7868321263253547,0.7335401579066936,0.008756279207449974
trpo_noise,2.869,60,0.7888252527041623,0.7360315658802027,0.008808720344226298
trpo_noise,2.87,60,0.786616001420977,0.7332700017762213,0.006170009834551752
trpo_noise,2.871,60,0.7810499433115525,0.7263124291394407,0.006728938269089675
trpo_noise,2.872,60,0.7823940621808154,0.7279925777260192,0.007355595810694124
trpo_noise,2.873,60,0.7966065710349257,0.7457582137936571,0.005570934233560638
trpo_noise,2.874,60,0.798793315844532,0.7484916448056648,0.006685038457318177
trpo_noise,2.875,60,0.7744017639835418,0.7180022049794269,0.007805230706251522
trpo_noise,2.876,60,0.7835053005770178,0.729381625721272,0.007125570158553969
trpo_noise,2.877,60,0.7759497408358018,0.7199371760447523,0.008019730976972138
trpo_noise,2.878,60,0.7853711342436016,0.731713917804502,0.006283114257505535
trpo_noise,2.879,60,0.7801341980942094,0.7251677476177615,0.008601122881656988
trpo_noise,2.88,60,0.7918249947366512,0.7397812434208141,0.006323448178010077
trpo_noise,2.881,60,0.7732560111656018,0.7165700139570024,0.006614407141799843
trpo_noise,2.882,60,0.7988901633261016,0.7486127041576268,0.006179439648992607
trpo_noise,2.883,60,0.7828081607991075,0.7285102009988844,0.007356475025435133
trpo_noise,2.884,60,0.7922963217611323,0.7403704022014154,0.006786008011744861
trpo_noise,2.885,60,0.801759105012541,0.7521988812656759,0.006378814409505179
trpo_noise,2.886,60,0.7983599149055003,0.7479498936318755,0.006400169903012561
trpo_noise,2.887,60,0.7790435967572644,0.7238044959465804,0.006666333634143296
trpo_noise,2.888,60,0.7765325221872313,0.720665652734039,0.006777734884414871
trpo_noise,2.889,60,0.7670586878329416,0.7088233597911768,0.007559968606028614
trpo_noise,2.89,60,0.7809734832677631,0.7262168540847039,0.006859839303579045
trpo_noise,2.891,60,0.7883426678766543,0.7354283348458178,0.008640615565342909
trpo_noise,2.892,60,0.7767073838657063,0.7208842298321326,0.007080320138561608
trpo_noise,2.893,60,0.7785978252567434,0.723247281570929,0.006066041340814428
trpo_noise,2.894,60,0.8022418082711398,0.7528022603389248,0.00699133021554716
trpo_noise,2.895,60,0.7868595803357065,0.7335744754196332,0.005318544528033649
trpo_noise,2.896,60,0.7828507392753621,0.7285634240942026,0.009566250531392668
trpo_noise,2.897,60,0.7877410308428633,0.7346762885535791,0.005592453289544981
trpo_noise,2.898,60,0.7941007411070671,0.742625926383834,0.006289321254617888
trpo_noise,2.899,60,0.796560677967913,0.7457008474598913,0.004886214196892463
trpo_noise,2.9,60,0.7721654998992571,0.7152068748740714,0.0057180857308352685
trpo_noise,2.901,60,0.7939436278434804,0.7424295348043504,0.0051576206580111195
trpo_noise,2.902,60,0.7868534891257905,0.733566861407238,0.007143540067535187
trpo_noise,2.903,60,0.7926369599839422,0.7407961999799278,0.00554357132021577
trpo_noise,2.904,60,0.7840790967179183,0.7300988708973979,0.0067213110908184185
trpo_noise,2.905,60,0.79550668865184,0.7443833608148002,0.004715352879869506
trpo_noise,2.906,60,0.7804271991699987,0.7255339989624982,0.010420772564908564
trpo_noise,2.907,60,0.7631061660172667,0.7038827075215832,0.006839981174900602
trpo_noise,2.908,60,0.7511639605542968,0.6889549506928709,0.01045267411516293
trpo_noise,2.909,60,0.7722303105882329,0.715287888235291,0.006002510606606894
trpo_noise,2.91,60,0.7820783293033128,0.7275979116291409,0.008686691276829184
trpo_noise,2.911,60,0.7822014471572052,0.7277518089465064,0.006225500309697682
trpo_noise,2.912,60,0.7915835783850046,0.7394794729812557,0.006292182406768812
trpo_noise,2.913,60,0.7872002506907114,0.7340003133633891,0.006935584507975333
trpo_noise,2.914,60,0.7858389739323499,0.7322987174154374,0.005383415970831344
trpo_noise,2.915,60,0.7708939496020659,0.7136174370025824,0.006515519019255577
trpo_noise,2.916,60,0.7821075940928803,0.7276344926161004,0.0054388977411515
trpo_noise,2.917,60,0.7812205382362207,0.7265256727952758,0.006918304886823697
trpo_noise,2.918,60,0.7822831674766481,0.72785395934581,0.007883807628941857
trpo_noise,2.919,60,0.790959812679208,0.7386997658490099,0.008809368835638492
trpo_noise,2.92,60,0.7673952151024017,0.7092440188780019,0.009521036051584325
trpo_noise,2.921,60,0.7748534357389537,0.7185667946736921,0.006941526219452264
trpo_noise,2.922,60,0.7623568627768537,0.7029460784710672,0.009266199181076669
trpo_noise,2.923,60,0.781688315951588,0.7271103949394851,0.007352409028070417
trpo_noise,2.924,60,0.7910930038171542,0.7388662547714426,0.005403787928339377
trpo_noise,2.925,60,0.7802540156094762,0.7253175195118451,0.009751030863796984
trpo_noise,2.926,60,0.7826081297914365,0.7282601622392956,0.00820202533332169
trpo_noise,2.927,60,0.7794446252683673,0.7243057815854592,0.007327683276337362
trpo_noise,2.928,60,0.7782988823975737,0.7228736029969672,0.010480520231172767
trpo_noise,2.929,60,0.7869482492504842,0.7336853115631055,0.008821964904759774
trpo_noise,2.93,60,0.7805170381557252,0.7256462976946562,0.005665822381191303
trpo_noise,2.931,60,0.7874975677498481,0.7343719596873103,0.007700026504385863
trpo_noise,2.932,60,0.7671850415642482,0.7089813019553102,0.008586759543350583
trpo_noise,2.933,60,0.7846182016815401,0.730772752101925,0.004920181374303931
trpo_noise,2.934,60,0.7872114874154958,0.7340143592693696,0.0065111478688689405
trpo_noise,2.935,60,0.789364878011979,0.7367060975149736,0.006141827074809185
trpo_noise,2.936,60,0.7812629749366305,0.7265787186707882,0.006039339339883947
trpo_noise,2.937,60,0.7841330035536661,0.7301662544420825,0.007363797508001551
trpo_noise,2.938,60,0.7712804453137272,0.714100556642159,0.00995145033087135
trpo_noise,2.939,60,0.7821348769445161,0.7276685961806449,0.00870254988162603
trpo_noise,2.94,60,0.7812931612437437,0.7266164515546796,0.008392495347137006
trpo_noise,2.941,60,0.7705978636065091,0.7132473295081364,0.008591763660889814
trpo_noise,2.942,60,0.787669394467648,0.7345867430845601,0.005315865153901991
trpo_noise,2.943,60,0.770038103396151,0.7125476292451886,0.007540805586178455
trpo_noise,2.944,60,0.7658479438345416,0.7073099297931769,0.009240962474588898
trpo_noise,2.945,60,0.7829901283970306,0.7287376604962884,0.00741440190859916
trpo_noise,2.946,60,0.7686926772010583,0.7108658465013228,0.009025286116870293
trpo_noise,2.947,60,0.7855330637337103,0.7319163296671379,0.0074537210373114594
trpo_noise,2.948,60,0.7684845151286894,0.7106056439108616,0.007791876959203676
trpo_noise,2.949,60,0.7853086697773477,0.7316358372216847,0.009424673943305012
trpo_noise,2.95,60,0.7846873596931064,0.7308591996163831,0.00738311796257071
trpo_noise,2.951,60,0.7796055209945623,0.7245069012432028,0.01135160007837131
trpo_noise,2.952,60,0.7894524728132697,0.736815591016587,0.008225184347890376
trpo_noise,2.953,60,0.7892618284684708,0.7365772855855884,0.0075084688358398035
trpo_noise,2.954,60,0.7682876889932073,0.710359611241509,0.008323419443740187
trpo_noise,2.955,60,0.7736482483088176,0.7170603103860217,0.0097105826389014
trpo_noise,2.956,60,0.7717166514981824,0.714645814372728,0.006066656820856208
trpo_noise,2.957,60,0.7810910045466213,0.7263637556832767,0.010134121035378979
trpo_noise,2.958,60,0.7952210325362703,0.7440262906703379,0.009283787726708034
trpo_noise,2.959,60,0.7893697552487545,0.7367121940609433,0.004775348409899765
trpo_noise,2.96,60,0.7758880993174538,0.7198601241468174,0.006090085142122645
trpo_noise,2.961,60,0.7718376898260871,0.714797112282609,0.00890953090816109
trpo_noise,2.962,60,0.7842306800632968,0.7302883500791209,0.006623903737479115
trpo_noise,2.963,60,0.7824766876665437,0.7280958595831796,0.00525446019505141
trpo_noise,2.964,60,0.7913033397707827,0.7391291747134783,0.0081350330364003
trpo_noise,2.965,60,0.7637356277506439,0.7046695346883047,0.009044818970937432
trpo_noise,2.966,60,0.7736897180047899,0.7171121475059871,0.00883680093742476
trpo_noise,2.967,60,0.7948107937461608,0.7435134921827011,0.0065780880213003315
trpo_noise,2.968,60,0.7625454923023575,0.7031818653779468,0.009099312222192967
trpo_noise,2.969,60,0.7598005606118889,0.6997507007648609,0.009552932909129343
trpo_noise,2.97,60,0.7958581304220612,0.7448226630275766,0.006674181370306783
trpo_noise,2.971,60,0.7797140978968731,0.7246426223710912,0.007970447117895298
trpo_noise,2.972,60,0.7797545842168301,0.7246932302710379,0.005547075764490773
trpo_noise,2.973,60,0.7780962315561869,0.7226202894452335,0.007091728382620962
trpo_noise,2.974,60,0.7674833849425858,0.7093542311782323,0.009291248384621377
trpo_noise,2.975,60,0.7749553366351756,0.7186941707939692,0.007462536863468965
trpo_noise,2.976,60,0.7896804611060428,0.7371005763825534,0.006805259600913421
trpo_noise,2.977,60,0.7704681290479878,0.7130851613099847,0.006443847622538314
trpo_noise,2.978,60,0.7763764184776742,0.7204705230970929,0.006884604648624996
trpo_noise,2.979,60,0.7682217692489964,0.7102772115612457,0.008029802163623614
trpo_noise,2.98,60,0.768020855977115,0.7100260699713937,0.007242346902996692
trpo_noise,2.981,60,0.7780629306010598,0.7225786632513247,0.008921582385021843
trpo_noise,2.982,60,0.7608078905991369,0.7010098632489209,0.00996956762720361
trpo_noise,2.983,60,0.7773973237597277,0.7217466546996595,0.010196908437759392
trpo_noise,2.984,60,0.7759351322493351,0.7199189153116687,0.00874066848554413
trpo_noise,2.985,60,0.785004531349284,0.7312556641866051,0.007691959472587317
trpo_noise,2.986,60,0.7631102255665008,0.7038877819581258,0.009381700147818741
trpo_noise,2.987,60,0.7685615173556044,0.7107018966945053,0.009217652047222243
trpo_noise,2.988,60,0.7692770269469763,0.7115962836837204,0.008946939612726242
trpo_noise,2.989,60,0.7639085377703672,0.7048856722129587,0.005319236506868715
trpo_noise,2.99,60,0.7911587845217949,0.7389484806522435,0.007861227737375524
trpo_noise,2.991,60,0.773329476278272,0.7166618453478399,0.005381813677446283
trpo_noise,2.992,60,0.7706874821471739,0.7133593526839672,0.00831468586807748
trpo_noise,2.993,60,0.771020874990002,0.7137760937375024,0.007107523087625166
trpo_noise,2.994,60,0.7814377018602134,0.7267971273252666,0.008459961957916035
trpo_noise,2.995,60,0.7643320548587499,0.7054150685734372,0.006342216611097445
trpo_noise,2.996,60,0.7831148759361731,0.7288935949202163,0.0048595643027226
trpo_noise,2.997,60,0.7924014939202983,0.740501867400373,0.007733875334691928
trpo_noise,2.998,60,0.7753452868144416,0.7191816085180519,0.006884316602664894
trpo_noise,2.999,60,0.7734668397533042,0.7168335496916303,0.007409784825694517
trpo_noise,3.0,60,0.7645835338811354,0.7057294173514193,0.009941447083999317
trpo_noise,3.001,60,0.7564588252156632,0.6955735315195789,0.008984739175930899
trpo_noise,3.002,60,0.777876334930288,0.72234541866286,0.011842051341454978
trpo_noise,3.003,60,0.7668130755562367,0.7085163444452957,0.006722777943804231
trpo_noise,3.004,60,0.7857197727143407,0.7321497158929258,0.008995121673236548
trpo_noise,3.005,60,0.7716245247208695,0.714530655901087,0.008583467271721634
trpo_noise,3.006,60,0.7702003667934662,0.7127504584918325,0.00717290689921758
trpo_noise,3.007,60,0.7713021441586188,0.7141276801982734,0.007507114462704299
trpo_noise,3.008,60,0.7792901909416653,0.7241127386770814,0.007335285652812852
trpo_noise,3.009,60,0.7688726307260896,0.7110907884076119,0.005782326277978708
trpo_noise,3.01,60,0.761736050120595,0.7021700626507438,0.00767764579054986
trpo_noise,3.011,60,0.7507429873155593,0.6884287341444492,0.005449914955846577
trpo_noise,3.012,60,0.7615074668044022,0.7018843335055026,0.01002571486703593
trpo_noise,3.013,60,0.7640109796506164,0.7050137245632704,0.008111854634685377
trpo_noise,3.014,60,0.7695606524350911,0.711950815543864,0.006356396105429231
trpo_noise,3.015,60,0.7557143107308488,0.6946428884135613,0.004624611001778881
trpo_noise,3.016,60,0.773900401916628,0.7173755023957848,0.00858950710587556
trpo_noise,3.017,60,0.7597502499775874,0.6996878124719843,0.009901850992077047
trpo_noise,3.018,60,0.7890911833367953,0.736363979170994,0.006718167227160451
trpo_noise,3.019,60,0.7542108317682241,0.6927635397102805,0.01118230676767471
trpo_noise,3.02,60,0.7830154484814398,0.7287693106017997,0.006932923256280799
trpo_noise,3.021,60,0.7606197593523478,0.7007746991904346,0.010293513297439735
trpo_noise,3.022,60,0.7739851333988533,0.7174814167485665,0.007397717560528346
trpo_noise,3.023,60,0.7606359369437182,0.7007949211796478,0.009989201240413059
trpo_noise,3.024,60,0.7666458372214873,0.7083072965268592,0.0076122241528312285
trpo_noise,3.025,60,0.7576946661877526,0.6971183327346906,0.0094005793175994
trpo_noise,3.026,60,0.7589871517014243,0.6987339396267803,0.00895362615994871
trpo_noise,3.027,60,0.7630403477026683,0.7038004346283352,0.010976607361404206
trpo_noise,3.028,60,0.7818503033475334,0.7273128791844167,0.007491645402522233
trpo_noise,3.029,60,0.7618077040528226,0.7022596300660281,0.009145501133160625
trpo_noise,3.03,60,0.7801912903060547,0.7252391128825686,0.007179187468690098
trpo_noise,3.031,60,0.7773708067105318,0.7217135083881646,0.005365784863372933
trpo_noise,3.032,60,0.783132050168369,0.7289150627104611,0.0058878449338074365
trpo_noise,3.033,60,0.7568340196863813,0.6960425246079763,0.0104773368601402
trpo_noise,3.034,60,0.7845506049237421,0.7306882561546776,0.007308896367050145
trpo_noise,3.035,60,0.7782907254413256,0.7228634068016571,0.00865442455229966
trpo_noise,3.036,60,0.7544580986615691,0.6930726233269616,0.007374786901957187
trpo_noise,3.037,60,0.7614939986081681,0.7018674982602103,0.01161072493559596
trpo_noise,3.038,60,0.7569176152994798,0.6961470191243497,0.011201209684445934
trpo_noise,3.039,60,0.774242050021192,0.71780256252649,0.0068261549808743055
trpo_noise,3.04,60,0.781250713579086,0.7265633919738573,0.006518486380202614
trpo_noise,3.041,60,0.761815844349838,0.7022698054372974,0.010592827619384486
trpo_noise,3.042,60,0.7764022082155866,0.7205027602694829,0.008663746977401958
trpo_noise,3.043,60,0.7730548769340748,0.7163185961675934,0.004316110529327185
trpo_noise,3.044,60,0.7688452250722503,0.7110565313403127,0.0077222866157693046
trpo_noise,3.045,60,0.7722877624217932,0.7153597030272413,0.00647448735955364
trpo_noise,3.046,60,0.7560038094142172,0.6950047617677715,0.006934267028857292
trpo_noise,3.047,60,0.7876331762985969,0.7345414703732462,0.006783671846854898
trpo_noise,3.048,60,0.7673639668498474,0.7092049585623095,0.007542502251653946
trpo_noise,3.049,60,0.7806588200750824,0.7258235250938531,0.006109742961570076
trpo_noise,3.05,60,0.7659944229746781,0.7074930287183477,0.007865868479147152
trpo_noise,3.051,60,0.7557941380035618,0.6947426725044523,0.00754289180404938
trpo_noise,3.052,60,0.7653549360538986,0.7066936700673734,0.008528444695672037
trpo_noise,3.053,60,0.7586571026285007,0.6983213782856258,0.008610561058992829
trpo_noise,3.054,60,0.7783156887897493,0.7228946109871864,0.007337554004596014
trpo_noise,3.055,60,0.7647255290087696,0.7059069112609621,0.006101288104004111
trpo_noise,3.056,60,0.7761294934059156,0.7201618667573945,0.006526599700903587
trpo_noise,3.057,60,0.7602630994382067,0.7003288742977584,0.009471881022930895
trpo_noise,3.058,60,0.7652037216885165,0.7065046521106453,0.008458480521249628
trpo_noise,3.059,60,0.7449521452891088,0.681190181611386,0.009751281186885872
trpo_noise,3.06,60,0.7642750854765636,0.7053438568457044,0.00806358771689837
trpo_noise,3.061,60,0.7565371978440303,0.6956714973050376,0.009014830240814235
trpo_noise,3.062,60,0.7737841397848553,0.717230174731069,0.006022881801266395
trpo_noise,3.063,60,0.7739970020241752,0.717496252530219,0.006730388720549201
trpo_noise,3.064,60,0.76437716797365,0.7054714599670624,0.007975282873373648
trpo_noise,3.065,60,0.7676513555869802,0.7095641944837253,0.005732543353233209
trpo_noise,3.066,60,0.7550591262163342,0.6938239077704177,0.008936557641854597
trpo_noise,3.067,60,0.7654190573875056,0.7067738217343821,0.0098028404935325
trpo_noise,3.068,60,0.7749097122669968,0.7186371403337459,0.006671970447505421
trpo_noise,3.069,60,0.7707163163361659,0.7133953954202072,0.009002022439712019
trpo_noise,3.07,60,0.7479218888147824,0.6849023610184779,0.009063878673162995
trpo_noise,3.071,60,0.7601558840153357,0.7001948550191699,0.009560272508266016
trpo_noise,3.072,60,0.7606520093846082,0.7008150117307602,0.01272010828795206
trpo_noise,3.073,60,0.7614933709375619,0.7018667136719522,0.009528660688972877
trpo_noise,3.074,60,0.7654649435440962,0.7068311794301201,0.007125619435676692
trpo_noise,3.075,60,0.769431667825942,0.7117895847824276,0.008018357524690612
trpo_noise,3.076,60,0.7739113636916635,0.7173892046145792,0.006991394802739943
trpo_noise,3.077,60,0.7607244425572898,0.7009055531966123,0.007111674251370318
trpo_noise,3.078,60,0.7682230305356339,0.7102787881695425,0.006674181445181104
trpo_noise,3.079,60,0.7617846735422865,0.7022308419278581,0.010940239952118895
trpo_noise,3.08,60,0.7742641960778966,0.7178302450973709,0.00859638723776283
trpo_noise,3.081,60,0.760372063317976,0.7004650791474701,0.00851939455197433
trpo_noise,3.082,60,0.7577137457542272,0.697142182192784,0.010378134307542669
trpo_noise,3.083,60,0.7674655804812405,0.7093319756015507,0.00634073646881236
trpo_noise,3.084,60,0.7619919660871012,0.7024899576088764,0.010135088285312763
trpo_noise,3.085,60,0.7707260031340835,0.7134075039176044,0.005918515315144868
trpo_noise,3.086,60,0.7705333454723804,0.7131666818404755,0.0065204632349413014
trpo_noise,3.087,60,0.7686009322030057,0.710751165253757,0.009524696535226411
trpo_noise,3.088,60,0.7590923059962088,0.6988653824952608,0.009649065375017451
trpo_noise,3.089,60,0.753496382596546,0.6918704782456825,0.011033156153548133
trpo_noise,3.09,60,0.7531054751440198,0.6913818439300248,0.010853792840001245
trpo_noise,3.091,60,0.739685778875458,0.6746072235943225,0.005341386972131095
trpo_noise,3.092,60,0.7572245074715944,0.6965306343394929,0.006486917073880421
trpo_noise,3.093,60,0.7413054709721205,0.6766318387151508,0.011109671883663035
trpo_noise,3.094,60,0.7680020645337597,0.7100025806671996,0.008723453320422505
trpo_noise,3.095,60,0.7689621932974031,0.7112027416217538,0.0072073640917611785
trpo_noise,3.096,60,0.7522590095578607,0.6903237619473259,0.006552867715143223
trpo_noise,3.097,60,0.7730956898863267,0.7163696123579081,0.008304873440610776
trpo_noise,3.098,60,0.7514338852794932,0.6892923565993666,0.010973269883442525
trpo_noise,3.099,60,0.752109440860131,0.6901368010751641,0.009488713091706102
trpo_noise,3.1,60,0.7683573106706556,0.7104466383383196,0.00773716679306614
trpo_noise,3.101,60,0.766816151456642,0.7085201893208024,0.006137115136929567
trpo_noise,3.102,60,0.7651697774322213,0.7064622217902765,0.007712896724858301
trpo_noise,3.103,60,0.7706766233403322,0.713345779175415,0.008811022468400228
trpo_noise,3.104,60,0.7448717669443677,0.6810897086804596,0.009231118169198999
trpo_noise,3.105,60,0.7592342007801364,0.6990427509751703,0.00979502502836787
trpo_noise,3.106,60,0.7711998401848494,0.7139998002310618,0.008870290027059987
trpo_noise,3.107,60,0.7584295083010937,0.6980368853763669,0.008885114282134992
trpo_noise,3.108,60,0.7646516573895208,0.7058145717369011,0.008981761422642185
trpo_noise,3.109,60,0.7527427689864484,0.6909284612330607,0.0074366518644441775
trpo_noise,3.11,60,0.7688130015290118,0.7110162519112645,0.006991755115014015
trpo_noise,3.111,60,0.7592916229780302,0.6991145287225379,0.009014664526666246
trpo_noise,3.112,60,0.7554019362500664,0.6942524203125829,0.009441317462243071
trpo_noise,3.113,60,0.747326294635327,0.6841578682941588,0.009113667885701874
trpo_noise,3.114,60,0.7598088724162135,0.6997610905202668,0.010703255044990598
trpo_noise,3.115,60,0.7529887396205412,0.6912359245256765,0.007694063967095153
trpo_noise,3.116,60,0.7416013284129361,0.6770016605161702,0.0077090011418398646
trpo_noise,3.117,60,0.7587431196978338,0.6984288996222922,0.008806078905042229
trpo_noise,3.118,60,0.7627000858063,0.703375107257875,0.009230710644482137
trpo_noise,3.119,60,0.7654900873389514,0.7068626091736891,0.006840475688940333
trpo_noise,3.12,60,0.7508928561332042,0.6886160701665051,0.010815599438063638
trpo_noise,3.121,60,0.7604808879725458,0.7006011099656819,0.007114241226543746
trpo_noise,3.122,60,0.7496379641757431,0.687047455219679,0.010255124862388908
trpo_noise,3.123,60,0.7690793545540856,0.7113491931926069,0.009164668839446383
trpo_noise,3.124,60,0.7533266730500744,0.6916583413125929,0.012757118458451245
trpo_noise,3.125,60,0.7446082605968929,0.6807603257461162,0.009598522295729241
trpo_noise,3.126,60,0.7523149578006394,0.6903936972507991,0.012779781414434137
trpo_noise,3.127,60,0.7586913301792775,0.698364162724097,0.008211570251383504
trpo_noise,3.128,60,0.747996510903747,0.6849956386296835,0.007436669252114036
trpo_noise,3.129,60,0.7678971317946294,0.7098714147432869,0.007862003404190153
trpo_noise,3.13,60,0.7449108723587335,0.681138590448417,0.008604739126359595
trpo_noise,3.131,60,0.7558749545035707,0.6948436931294633,0.009640469797571972
trpo_noise,3.132,60,0.7521037567059425,0.6901296958824281,0.007683330538517728
trpo_noise,3.133,60,0.7499686875729439,0.6874608594661799,0.009417518197312475
trpo_noise,3.134,60,0.7549667409277963,0.6937084261597454,0.00932293590231487
trpo_noise,3.135,60,0.7469289106327617,0.6836611382909521,0.007016362515716507
trpo_noise,3.136,60,0.7459080454569281,0.6823850568211599,0.00856018015127684
trpo_noise,3.137,60,0.7725779232082833,0.7157224040103541,0.009223809412952286
trpo_noise,3.138,60,0.7575493540919426,0.6969366926149283,0.006740674149507348
trpo_noise,3.139,60,0.7517092799018193,0.689636599877274,0.009104315053990421
trpo_noise,3.14,60,0.7524150402969932,0.6905188003712415,0.0070653398942424625
trpo_noise,3.141,60,0.7625641521756381,0.7032051902195476,0.0076217159341068355
trpo_noise,3.142,60,0.7600510891739596,0.7000638614674493,0.009324503497634697
trpo_noise,3.143,60,0.760299691431767,0.7003746142897088,0.008117949486341492
trpo_noise,3.144,60,0.7385928426492342,0.6732410533115427,0.0077454690446687605
trpo_noise,3.145,60,0.7362293317428688,0.670286664678586,0.009451255754186273
trpo_noise,3.146,60,0.7536852422617271,0.6921065528271587,0.009698624567980497
trpo_noise,3.147,60,0.7585550328953943,0.6981937911192426,0.008074177226379368
trpo_noise,3.148,60,0.7439910606742497,0.6799888258428122,0.007994777386227187
trpo_noise,3.149,60,0.7472004460518105,0.684000557564763,0.007986679735218934
trpo_noise,3.15,60,0.7647310415031492,0.7059138018789366,0.007376422819198098
trpo_noise,3.151,60,0.7489420754447514,0.6861775943059395,0.008295572308211508
trpo_noise,3.152,60,0.7694413580175552,0.7118016975219438,0.00806367941777294
trpo_noise,3.153,60,0.7513946988267047,0.6892433735333808,0.00598985789019584
trpo_noise,3.154,60,0.7680550460053371,0.7100688075066713,0.011759704301234231
trpo_noise,3.155,60,0.7592999198125819,0.6991248997657276,0.011911679023831912
trpo_noise,3.156,60,0.7578649904971511,0.6973312381214386,0.008597062369389367
trpo_noise,3.157,60,0.7402831578607961,0.6753539473259951,0.010463986009295973
trpo_noise,3.158,60,0.7689830991694228,0.7112288739617781,0.008235553415815524
trpo_noise,3.159,60,0.7602320950588736,0.7002901188235917,0.00839808434635402
trpo_noise,3.16,60,0.7498025301717037,0.6872531627146297,0.008168771255961457
trpo_noise,3.161,60,0.7546812812061239,0.693351601507655,0.007068619939772162
trpo_noise,3.162,60,0.7468006258069314,0.6835007822586641,0.007426980623780022
trpo_noise,3.163,60,0.7515915568117882,0.689489446014735,0.00874434489588954
trpo_noise,3.164,60,0.7395546204791189,0.6744432755988986,0.00866962603784357
trpo_noise,3.165,60,0.7429580171148018,0.6786975213935025,0.007545130735157488
trpo_noise,3.166,60,0.7573964672334228,0.6967455840417782,0.007600412349155743
trpo_noise,3.167,60,0.7255478994283043,0.6569348742853802,0.010326745648029358
trpo_noise,3.168,60,0.7515720115746274,0.689465014468284,0.00953937291936052
trpo_noise,3.169,60,0.7342431905746141,0.6678039882182676,0.014615805714046814
trpo_noise,3.17,60,0.7442107090628487,0.6802633863285609,0.008122322860558138
trpo_noise,3.171,60,0.7400057634729034,0.6750072043411292,0.008059570708663234
trpo_noise,3.172,60,0.7494601181592911,0.6868251476991141,0.010094965968362494
trpo_noise,3.173,60,0.7557996381687894,0.6947495477109864,0.008094692393720173
trpo_noise,3.174,60,0.7374724581378908,0.6718405726723635,0.010740753203207443
trpo_noise,3.175,60,0.7440885836678636,0.6801107295848292,0.01152938060876361
trpo_noise,3.176,60,0.7419278575190646,0.6774098218988307,0.010036530333497797
trpo_noise,3.177,60,0.7562612679954605,0.6953265849943254,0.006592098297400383
trpo_noise,3.178,60,0.7511083050255523,0.6888853812819403,0.008374825793570788
trpo_noise,3.179,60,0.7670006653047722,0.7087508316309652,0.006739144658177453
trpo_noise,3.18,60,0.7676424578059475,0.7095530722574342,0.00738882511583963
trpo_noise,3.181,60,0.7552230738495459,0.6940288423119322,0.009155154153777673
trpo_noise,3.182,60,0.7514153461221142,0.6892691826526426,0.007248002578336878
trpo_noise,3.183,60,0.7484988558197133,0.6856235697746418,0.00849300245779096
trpo_noise,3.184,60,0.7459871089414793,0.6824838861768493,0.00949000233432277
trpo_noise,3.185,60,0.7533442016356098,0.6916802520445121,0.007727877652553137
trpo_noise,3.186,60,0.7480789141106404,0.6850986426383004,0.010816819247969652
trpo_noise,3.187,60,0.7491328165486465,0.6864160206858081,0.010225517139139589
trpo_noise,3.188,60,0.742142534155034,0.6776781676937925,0.008530304514500153
trpo_noise,3.189,60,0.7554444094322508,0.6943055117903134,0.008902659495878418
trpo_noise,3.19,60,0.7482786696430416,0.6853483370538019,0.012025760780018713
trpo_noise,3.191,60,0.7415096100319949,0.6768870125399935,0.006501092140890794
trpo_noise,3.192,60,0.7560448821030636,0.6950561026288294,0.008736048197113069
trpo_noise,3.193,60,0.7401772869156199,0.675221608644525,0.008862322984859375
trpo_noise,3.194,60,0.7522055482088709,0.6902569352610886,0.009383219189655224
trpo_noise,3.195,60,0.7415325656973708,0.6769157071217132,0.013226795326229815
trpo_noise,3.196,60,0.7537547870468885,0.6921934838086106,0.009113524976090073
trpo_noise,3.197,60,0.7561752709986368,0.6952190887482961,0.008753953932611856
trpo_noise,3.198,60,0.7525458278303843,0.6906822847879805,0.008598353502861644
trpo_noise,3.199,60,0.7490499266908524,0.6863124083635654,0.011513483300943605
trpo_noise,3.2,60,0.7391713376101938,0.6739641720127423,0.00708500571563639
trpo_noise,3.201,60,0.7514458401274577,0.6893073001593221,0.009031486146196163
trpo_noise,3.202,60,0.7572430489899916,0.6965538112374895,0.00862355972433141
trpo_noise,3.203,60,0.7382347644726455,0.6727934555908066,0.008805984287952033
trpo_noise,3.204,60,0.7469818726988033,0.6837273408735041,0.010422050733133409
trpo_noise,3.205,60,0.7264760519695265,0.6580950649619081,0.011994756114865
trpo_noise,3.206,60,0.7430546532866366,0.6788183166082956,0.011786587105933907
trpo_noise,3.207,60,0.739277772117018,0.6740972151462724,0.010315598216446986
trpo_noise,3.208,60,0.755124297701924,0.6939053721274049,0.008660808109043313
trpo_noise,3.209,60,0.7632521033301187,0.7040651291626485,0.005773582254304174
trpo_noise,3.21,60,0.751162795503957,0.6889534943799464,0.012324645953123763
trpo_noise,3.211,60,0.7404485322734664,0.675560665341833,0.012885121798498649
trpo_noise,3.212,60,0.7523944609244192,0.690493076155524,0.007898359141771009
trpo_noise,3.213,60,0.760470415067937,0.7005880188349211,0.011714072854998663
trpo_noise,3.214,60,0.7410196302567851,0.6762745378209812,0.010989593415140548
trpo_noise,3.215,60,0.7607889735916648,0.700986216989581,0.00922947105447736
trpo_noise,3.216,60,0.73652467538316,0.6706558442289501,0.010674845338673387
trpo_noise,3.217,60,0.7421250235596205,0.6776562794495257,0.01066707283407912
trpo_noise,3.218,60,0.7435765708755343,0.6794707135944179,0.0057726638677881945
trpo_noise,3.219,60,0.7417063697807578,0.6771329622259473,0.00549984475145272
trpo_noise,3.22,60,0.7454875742295309,0.6818594677869136,0.009754429151105826
trpo_noise,3.221,60,0.7436790712355337,0.679598839044417,0.007304814170445855
trpo_noise,3.222,60,0.7342255927455716,0.6677819909319642,0.010168915837419527
trpo_noise,3.223,60,0.7466209716673351,0.6832762145841688,0.010373625066536524
trpo_noise,3.224,60,0.7417906544098622,0.6772383180123277,0.013734895967137293
trpo_noise,3.225,60,0.7508328845524551,0.6885411056905686,0.011438299437570052
trpo_noise,3.226,60,0.7355744472825222,0.6694680591031527,0.010395675775893603
trpo_noise,3.227,60,0.7350435322099361,0.6688044152624201,0.012480975673963533
trpo_noise,3.228,60,0.7468785175792241,0.6835981469740299,0.009558733732472619
trpo_noise,3.229,60,0.7483264114337322,0.6854080142921651,0.008117867101043562
trpo_noise,3.23,60,0.7517951121065887,0.689743890133236,0.009840948575259294
trpo_noise,3.231,60,0.728671322640901,0.6608391533011261,0.011251949044931004
trpo_noise,3.232,60,0.7389060428789475,0.6736325535986843,0.009142654029249455
trpo_noise,3.233,60,0.7398794248458853,0.6748492810573564,0.009114794576030245
trpo_noise,3.234,60,0.7250510821035673,0.6563138526294592,0.007949069042036476
trpo_noise,3.235,60,0.7508313318475777,0.6885391648094717,0.006975161633163228
trpo_noise,3.236,60,0.750850315009472,0.6885628937618397,0.008425444883314925
trpo_noise,3.237,60,0.7375598991949214,0.6719498739936516,0.009546519981325562
trpo_noise,3.238,60,0.7571205157071588,0.6964006446339482,0.00838878022311404
trpo_noise,3.239,60,0.7428999201463942,0.6786249001829928,0.009386725709547069
trpo_noise,3.24,60,0.734913415827509,0.6686417697843863,0.010971720842684907
trpo_noise,3.241,60,0.7358472906296707,0.6698091132870884,0.010596038745174332
trpo_noise,3.242,60,0.7412044882536131,0.6765056103170163,0.012587769391665008
trpo_noise,3.243,60,0.7382440117553254,0.6728050146941567,0.009460464621113166
trpo_noise,3.244,60,0.7486859513730731,0.6858574392163412,0.0094776177750214
trpo_noise,3.245,60,0.7524218872435596,0.6905273590544495,0.009900993611805457
trpo_noise,3.246,60,0.7405574132317101,0.6756967665396374,0.009249826699329548
trpo_noise,3.247,60,0.7470552607540049,0.6838190759425059,0.009719182327762085
trpo_noise,3.248,60,0.7409368820689866,0.6761711025862333,0.011434097639031995
trpo_noise,3.249,60,0.7407467403552679,0.6759334254440847,0.013473154490621257
trpo_noise,3.25,60,0.7476742907931658,0.6845928634914571,0.010705479173305284
trpo_noise,3.251,60,0.7506156169944302,0.688269521243038,0.01098886762641702
trpo_noise,3.252,60,0.7493812835673291,0.6867266044591613,0.007641725199296319
trpo_noise,3.253,60,0.7271141654547706,0.6588927068184631,0.011288952171390728
trpo_noise,3.254,60,0.7343012294724952,0.6678765368406192,0.009892832974150268
trpo_noise,3.255,60,0.7446619978005468,0.6808274972506835,0.010543456239870215
trpo_noise,3.256,60,0.7371072461964402,0.6713840577455501,0.01003883932381149
trpo_noise,3.257,60,0.7121352960868671,0.6401691201085838,0.013679465063875278
trpo_noise,3.258,60,0.7276943120024225,0.6596178900030282,0.010592329187706142
trpo_noise,3.259,60,0.7156636112308976,0.644579514038622,0.011504283875463676
trpo_noise,3.26,60,0.7438608509663893,0.6798260637079866,0.00923145163395966
trpo_noise,3.261,60,0.7287651707640461,0.6609564634550577,0.007568689334944382
trpo_noise,3.262,60,0.7445008155897058,0.6806260194871322,0.00847015899724616
trpo_noise,3.263,60,0.7316160486414711,0.6645200608018389,0.01107642081623192
trpo_noise,3.264,60,0.7364577941384604,0.6705722426730752,0.01108448652625476
trpo_noise,3.265,60,0.7399395813574569,0.6749244766968212,0.012540668845674527
trpo_noise,3.266,60,0.7487788595260274,0.6859735744075341,0.007475803470104509
trpo_noise,3.267,60,0.7398616337050883,0.6748270421313602,0.013072261403274648
trpo_noise,3.268,60,0.7500813465413875,0.6876016831767343,0.014386387250754168
trpo_noise,3.269,60,0.7323093861044451,0.6653867326305561,0.010016940757431684
trpo_noise,3.27,60,0.7399122189125593,0.6748902736406991,0.011871189876003383
trpo_noise,3.271,60,0.7403848604091179,0.6754810755113971,0.0071119082809240715
trpo_noise,3.272,60,0.7288244373685959,0.6610305467107448,0.009502296791256264
trpo_noise,3.273,60,0.7354478542766532,0.6693098178458164,0.015095123841561666
trpo_noise,3.274,60,0.7469772462137275,0.6837215577671591,0.010383988918667878
trpo_noise,3.275,60,0.7265859949760101,0.6582324937200124,0.012756575975227445
trpo_noise,3.276,60,0.7387621766365715,0.6734527207957143,0.012050640006227686
trpo_noise,3.277,60,0.7297269430628145,0.6621586788285184,0.009878817294962792
trpo_noise,3.278,60,0.7342195967295574,0.6677744959119466,0.009091695022153037
trpo_noise,3.279,60,0.7573906857956284,0.6967383572445354,0.007658271456973902
trpo_noise,3.28,60,0.7349514027857988,0.6686892534822486,0.01056320847246104
trpo_noise,3.281,60,0.7480437475685885,0.6850546844607357,0.009174120687923363
trpo_noise,3.282,60,0.7379228834598721,0.6724036043248404,0.008812457134360787
trpo_noise,3.283,60,0.7408414654949156,0.6760518318686445,0.011685939342191818
trpo_noise,3.284,60,0.7367710150013157,0.6709637687516447,0.0067712625835082965
trpo_noise,3.285,60,0.7453276093970214,0.6816595117462765,0.011271730775264267
trpo_noise,3.286,60,0.7384189161707382,0.6730236452134227,0.006899456694185841
trpo_noise,3.287,60,0.7479858670125723,0.6849823337657154,0.008179207627447761
trpo_noise,3.288,60,0.7515718277206956,0.6894647846508695,0.010927271097949446
trpo_noise,3.289,60,0.7335572305839464,0.6669465382299329,0.011094913453939485
trpo_noise,3.29,60,0.750242725113999,0.6878034063924987,0.012649536568535192
trpo_noise,3.291,60,0.7304353880734195,0.6630442350917742,0.010345446878140685
trpo_noise,3.292,60,0.7306161022381646,0.6632701277977059,0.010115136979402218
trpo_noise,3.293,60,0.7394802781568803,0.6743503476961002,0.009122095332901528
trpo_noise,3.294,60,0.7442207278586942,0.6802759098233678,0.010525176903627377
trpo_noise,3.295,60,0.7385522238013736,0.673190279751717,0.010570895410406102
trpo_noise,3.296,60,0.7143146491118871,0.6428933113898591,0.010216610351771143
trpo_noise,3.297,60,0.7275493415649797,0.6594366769562247,0.009242813753264799
trpo_noise,3.298,60,0.732345076069246,0.6654313450865577,0.01034580641208521
trpo_noise,3.299,60,0.7411481347587339,0.6764351684484171,0.006603280107483265
trpo_noise,3.3,60,0.7353152064244782,0.6691440080305977,0.011772089739905945
trpo_noise,3.301,60,0.7426481872966666,0.6783102341208331,0.010103951884045411
trpo_noise,3.302,60,0.7312354715772331,0.6640443394715414,0.0126061014381085
trpo_noise,3.303,60,0.7188739711638645,0.6485924639548306,0.013862473110664608
trpo_noise,3.304,60,0.7362690683582731,0.6703363354478413,0.010919577907257616
trpo_noise,3.305,60,0.7382119729068152,0.672764966133519,0.011395256240991084
trpo_noise,3.306,60,0.7473732112905842,0.6842165141132303,0.010986362756665273
trpo_noise,3.307,60,0.7432426703814108,0.6790533379767634,0.010873689257028054
trpo_noise,3.308,60,0.7457592825598718,0.6821991031998395,0.00888578464719043
trpo_noise,3.309,60,0.728846768794542,0.6610584609931774,0.010840936301823546
trpo_noise,3.31,60,0.730781152693594,0.6634764408669924,0.00917314200293916
trpo_noise,3.311,60,0.7332112945071344,0.6665141181339177,0.012073106475001196
trpo_noise,3.312,60,0.725020970145399,0.6562762126817486,0.008868005868695262
trpo_noise,3.313,60,0.7320837613309235,0.6651047016636542,0.006781285800002307
trpo_noise,3.314,60,0.7289126291003633,0.6611407863754539,0.012909547789520671
trpo_noise,3.315,60,0.7404164347473241,0.6755205434341551,0.013072087097435427
trpo_noise,3.316,60,0.7341495609967473,0.6676869512459341,0.010072327071887115
trpo_noise,3.317,60,0.7204125456262481,0.6505156820328101,0.014582562605684928
trpo_noise,3.318,60,0.7428237051448197,0.6785296314310246,0.009754235424504088
trpo_noise,3.319,60,0.7187943818893223,0.6484929773616526,0.009070247505448286
trpo_noise,3.32,60,0.7282583286813546,0.6603229108516934,0.009882683268203359
trpo_noise,3.321,60,0.7361887162827697,0.6702358953534622,0.009698607472011015
trpo_noise,3.322,60,0.7378728775588032,0.6723410969485039,0.010214356791553417
trpo_noise,3.323,60,0.729811797145075,0.6622647464313438,0.00957871774897991
trpo_noise,3.324,60,0.7415543698185599,0.6769429622731998,0.010142794493190362
trpo_noise,3.325,60,0.7395620220191937,0.6744525275239922,0.00789614224651284
trpo_noise,3.326,60,0.731352875939644,0.6641910949245547,0.008244178947860985
trpo_noise,3.327,60,0.7269550875967287,0.6586938594959105,0.012409236788238484
trpo_noise,3.328,60,0.7353330273200611,0.6691662841500764,0.010994530211315827
trpo_noise,3.329,60,0.730467588864316,0.6630844860803948,0.010232422487425183
trpo_noise,3.33,60,0.7489061381142467,0.6861326726428083,0.009977546390169699
trpo_noise,3.331,60,0.7230148364784158,0.6537685455980197,0.009635192869725018
trpo_noise,3.332,60,0.7271528970668873,0.6589411213336092,0.011856414112104146
trpo_noise,3.333,60,0.7302351434772928,0.6627939293466157,0.01099481854922732
trpo_noise,3.334,60,0.7187039262921023,0.648379907865128,0.01040441738237049
trpo_noise,3.335,60,0.730106596288879,0.6626332453610987,0.013460791071300821
trpo_noise,3.336,60,0.7160193572386109,0.6450241965482636,0.012546708887046927
trpo_noise,3.337,60,0.7464032924849883,0.6830041156062351,0.010467825272909721
trpo_noise,3.338,60,0.710509941222869,0.638137426528586,0.011437609725688542
trpo_noise,3.339,60,0.7415041465779564,0.6768801832224455,0.00947978505506785
trpo_noise,3.34,60,0.7304553699239396,0.6630692124049243,0.007994966541332709
trpo_noise,3.341,60,0.7062402510970636,0.6328003138713292,0.00949036178834619
trpo_noise,3.342,60,0.717253968375202,0.6465674604690023,0.007279202391754332
trpo_noise,3.343,60,0.723003035133378,0.6537537939167225,0.01226409917727622
trpo_noise,3.344,60,0.734606068309203,0.6682575853865038,0.009841631123018817
trpo_noise,3.345,60,0.7399488233709565,0.6749360292136956,0.013736139654850021
trpo_noise,3.346,60,0.7238354011455602,0.65479425143195,0.011479232772239788
trpo_noise,3.347,60,0.735900247306511,0.6698753091331386,0.00840704584159061
trpo_noise,3.348,60,0.7369904387248386,0.6712380484060483,0.009251634186488519
trpo_noise,3.349,60,0.7265353912647339,0.6581692390809173,0.012975885651005596
trpo_noise,3.35,60,0.7333978320689668,0.6667472900862084,0.011062202550881918
trpo_noise,3.351,60,0.7350683586388748,0.6688354482985935,0.009858413234214764
trpo_noise,3.352,60,0.7148467245596568,0.6435584056995707,0.011288139237953613
trpo_noise,3.353,60,0.7274301175239912,0.659287646904989,0.010858345669574821
trpo_noise,3.354,60,0.7391005166978232,0.6738756458722789,0.015382370476713456
trpo_noise,3.355,60,0.7424858405829763,0.6781073007287203,0.009192587244566898
trpo_noise,3.356,60,0.736841251096648,0.6710515638708101,0.010478659611276264
trpo_noise,3.357,60,0.7352818344147498,0.669102293018437,0.011054035129786009
trpo_noise,3.358,60,0.7340702003912165,0.6675877504890207,0.00765966699548291
trpo_noise,3.359,60,0.711669337324676,0.639586671655845,0.014204702727880986
trpo_noise,3.36,60,0.7257131264868408,0.6571414081085508,0.011809217793138066
trpo_noise,3.361,60,0.7195063463834439,0.6493829329793049,0.009463084694781071
trpo_noise,3.362,60,0.736875060220619,0.6710938252757735,0.011342981319532602
trpo_noise,3.363,60,0.7341571487916057,0.6676964359895069,0.010284343788563827
trpo_noise,3.364,60,0.7346779380546473,0.6683474225683093,0.008459378856210844
trpo_noise,3.365,60,0.7150684139199368,0.6438355173999211,0.010764133467809672
trpo_noise,3.366,60,0.7377666986592044,0.6722083733240056,0.010019597179306295
trpo_noise,3.367,60,0.7175101899950587,0.6468877374938232,0.00903294754771001
trpo_noise,3.368,60,0.7063425810999705,0.6329282263749628,0.016043897726140052
trpo_noise,3.369,60,0.738445773557902,0.6730572169473774,0.011713226761049593
trpo_noise,3.37,60,0.724714421215261,0.6558930265190759,0.0138330210575274
trpo_noise,3.371,60,0.7278242816676797,0.6597803520845994,0.009243175668921489
trpo_noise,3.372,60,0.7219409590814507,0.6524261988518134,0.009888189951248414
trpo_noise,3.373,60,0.7168532116331795,0.6460665145414742,0.010644886212729738
trpo_noise,3.374,60,0.719559734216985,0.6494496677712311,0.009617039007068943
trpo_noise,3.375,60,0.7265781643839355,0.6582227054799195,0.012020447485448968
trpo_noise,3.376,60,0.724100122754712,0.65512515344339,0.01075481199415496
trpo_noise,3.377,60,0.7299364306691652,0.6624205383364565,0.00798553170309294
trpo_noise,3.378,60,0.7192900614168161,0.6491125767710201,0.01085704867745728
trpo_noise,3.379,60,0.7272064243968511,0.659008030496064,0.010247613852094373
trpo_noise,3.38,60,0.7216337735889744,0.6520422169862179,0.008790240811787484
trpo_noise,3.381,60,0.7185744561507829,0.6482180701884785,0.01046526369532606
trpo_noise,3.382,60,0.734495244973707,0.6681190562171337,0.010276862744538215
trpo_noise,3.383,60,0.727925616738632,0.65990702092329,0.008488033488654987
trpo_noise,3.384,60,0.739217878428173,0.674022348035216,0.008501679207108554
trpo_noise,3.385,60,0.7237172900147187,0.6546466125183985,0.009224731026077813
trpo_noise,3.386,60,0.7245856155259973,0.6557320194074965,0.010518512556014227
trpo_noise,3.387,60,0.727354305226449,0.6591928815330611,0.009377265181985856
trpo_noise,3.388,60,0.725462188561894,0.6568277357023675,0.011682092476981116
trpo_noise,3.389,60,0.7197876699732257,0.6497345874665321,0.010042546394404803
trpo_noise,3.39,60,0.7208651391762059,0.6510814239702573,0.008010201373236879
trpo_noise,3.391,60,0.7082091037382683,0.6352613796728351,0.013019329946945978
trpo_noise,3.392,60,0.6957152542886071,0.6196440678607587,0.014937548521194891
trpo_noise,3.393,60,0.7248683131623274,0.656085391452909,0.009054905653282461
trpo_noise,3.394,60,0.7071967533949705,0.6339959417437128,0.011130659545240508
trpo_noise,3.395,60,0.7243434978024226,0.6554293722530281,0.012924418106495611
trpo_noise,3.396,60,0.7193312760028354,0.6491640950035442,0.012878694600425894
trpo_noise,3.397,60,0.7226871684775151,0.6533589605968939,0.01308060967437165
trpo_noise,3.398,60,0.7205977922039399,0.6507472402549248,0.008683644479818122
trpo_noise,3.399,60,0.7227102549257349,0.6533878186571684,0.008316323986610242
trpo_noise,3.4,60,0.7168454781258036,0.6460568476572544,0.010930613683111583
trpo_noise,3.401,60,0.7381965897939669,0.6727457372424585,0.014583096404583261
trpo_noise,3.402,60,0.718661689846058,0.6483271123075725,0.012428981453604842
trpo_noise,3.403,60,0.704637045979187,0.6307963074739835,0.01211888092223891
trpo_noise,3.404,60,0.6981380177730736,0.6226725222163422,0.011489856178624847
trpo_noise,3.405,60,0.7194693926798548,0.6493367408498184,0.013143348375845658
trpo_noise,3.406,60,0.7190842513274376,0.6488553141592969,0.010669708606255943
trpo_noise,3.407,60,0.7232666425580412,0.6540833031975516,0.009159807519749286
trpo_noise,3.408,60,0.7210004975710249,0.6512506219637808,0.010045902447554765
trpo_noise,3.409,60,0.7127073887034171,0.6408842358792712,0.013018427711568173
trpo_noise,3.41,60,0.753933098250358,0.6924163728129474,0.009408743733927227
trpo_noise,3.411,60,0.7056454879673381,0.6320568599591724,0.013881411253187474
trpo_noise,3.412,60,0.7120224313873298,0.640028039234162,0.010559945754602245
trpo_noise,3.413,60,0.7227145829058443,0.6533932286323054,0.013749791269600567
trpo_noise,3.414,60,0.7241152708080896,0.6551440885101119,0.009104682600142548
trpo_noise,3.415,60,0.7291713995649794,0.6614642494562245,0.010424147030865163
trpo_noise,3.416,60,0.7168786286143011,0.6460982857678762,0.006781699455084802
trpo_noise,3.417,60,0.7222452999618605,0.6528066249523257,0.010461456662155562
trpo_noise,3.418,60,0.7427850169620593,0.6784812712025744,0.011646554393806522
trpo_noise,3.419,60,0.7078327338201269,0.6347909172751585,0.010384182841843302
trpo_noise,3.42,60,0.7018154747977566,0.6272693434971959,0.011888361002850586
trpo_noise,3.421,60,0.7149456154738512,0.6436820193423141,0.011949664846646186
trpo_noise,3.422,60,0.7194903484004828,0.6493629355006035,0.011895564981974397
trpo_noise,3.423,60,0.7129450844828384,0.6411813556035479,0.012048025883129452
trpo_noise,3.424,60,0.7189633230339115,0.6487041537923892,0.011332441389661529
trpo_noise,3.425,60,0.714789572307205,0.6434869653840063,0.012631512035978046
trpo_noise,3.426,60,0.7089644521177463,0.6362055651471828,0.016613199260047083
trpo_noise,3.427,60,0.7167065574467418,0.6458831968084272,0.011198525792311882
trpo_noise,3.428,60,0.7284248910789546,0.6605311138486933,0.010331022756790808
trpo_noise,3.429,60,0.736259754164856,0.6703246927060701,0.008008775125802704
trpo_noise,3.43,60,0.7147665406851995,0.6434581758564994,0.012310961972835814
trpo_noise,3.431,60,0.7105790416218931,0.6382238020273664,0.013570454076447672
trpo_noise,3.432,60,0.7078591198574811,0.6348238998218513,0.009560004393524585
trpo_noise,3.433,60,0.7269868707293282,0.6587335884116601,0.010392589267345284
trpo_noise,3.434,60,0.7219231141856572,0.6524038927320713,0.010704127822859013
trpo_noise,3.435,60,0.723165169010476,0.6539564612630949,0.009635796324399749
trpo_noise,3.436,60,0.7214490345501028,0.6518112931876285,0.012251234637365348
trpo_noise,3.437,60,0.715471055016792,0.6443388187709899,0.009964373064119247
trpo_noise,3.438,60,0.7234264715115283,0.6542830893894105,0.010105265404700723
trpo_noise,3.439,60,0.7129107681248792,0.6411384601560989,0.00968093901559609
trpo_noise,3.44,60,0.7347310637169373,0.6684138296461717,0.007329819719693421
trpo_noise,3.441,60,0.721061497770086,0.6513268722126075,0.010926770874662097
trpo_noise,3.442,60,0.7187546931873017,0.648443366484127,0.011965547770976092
trpo_noise,3.443,60,0.7038009816087843,0.6297512270109805,0.01025259425603486
trpo_noise,3.444,60,0.7243598619879932,0.6554498274849915,0.01086163412176561
trpo_noise,3.445,60,0.7061039142161116,0.6326298927701396,0.008291243863342401
trpo_noise,3.446,60,0.7222886331529254,0.6528607914411564,0.014468944238086307
trpo_noise,3.447,60,0.714940828874316,0.6436760360928949,0.010972950107552521
trpo_noise,3.448,60,0.6924210318328974,0.6155262897911217,0.010617142359357403
trpo_noise,3.449,60,0.7268568040483663,0.6585710050604577,0.009827648944104893
trpo_noise,3.45,60,0.7148598870811838,0.6435748588514796,0.011004584782299343
trpo_noise,3.451,60,0.704130526688945,0.6301631583611813,0.012336731956686452
trpo_noise,3.452,60,0.7019619384868676,0.6274524231085844,0.010934214621080152
trpo_noise,3.453,60,0.7083752389755156,0.6354690487193947,0.0140101355445532
trpo_noise,3.454,60,0.7151719088518569,0.6439648860648209,0.009051727884107191
trpo_noise,3.455,60,0.7137797335583874,0.6422246669479841,0.014556562042722734
trpo_noise,3.456,60,0.7077114377796446,0.6346392972245558,0.013720819554991957
trpo_noise,3.457,60,0.715573098196282,0.6444663727453522,0.008877254572050226
trpo_noise,3.458,60,0.7068881545617642,0.6336101932022054,0.006852513265684499
trpo_noise,3.459,60,0.6955276754209049,0.6194095942761312,0.009560917127416397
trpo_noise,3.46,60,0.7158477948734729,0.6448097435918412,0.010321605911579275
trpo_noise,3.461,60,0.7379071345162765,0.6723839181453457,0.008148570218806137
trpo_noise,3.462,60,0.7261481470543687,0.6576851838179608,0.009502390605612308
trpo_noise,3.463,60,0.7134544313981466,0.6418180392476832,0.009614706841027892
trpo_noise,3.464,60,0.7256825488089707,0.6571031860112133,0.011371161843100091
trpo_noise,3.465,60,0.7279294684097115,0.6599118355121392,0.012953333292330865
trpo_noise,3.466,60,0.699738155847924,0.624672694809905,0.014797519636748819
trpo_noise,3.467,60,0.7022428774947675,0.6278035968684592,0.012455395573373128
trpo_noise,3.468,60,0.7153159536740861,0.6441449420926074,0.00994875503116707
trpo_noise,3.469,60,0.7101467290147563,0.6376834112684454,0.013093946772905736
trpo_noise,3.47,60,0.719791253368992,0.6497390667112399,0.00934450175106359
trpo_noise,3.471,60,0.7014049743454156,0.6267562179317695,0.012415983250197882
trpo_noise,3.472,60,0.7002616651528091,0.6253270814410112,0.009035320171123499
trpo_noise,3.473,60,0.721412714619914,0.6517658932748925,0.01314754770175867
trpo_noise,3.474,60,0.7188508616989076,0.6485635771236343,0.009541178592901307
trpo_noise,3.475,60,0.7185296086467243,0.6481620108084055,0.010056786552214434
trpo_noise,3.476,60,0.7077964359073917,0.6347455448842396,0.012941762885437023
trpo_noise,3.477,60,0.7173754687194993,0.6467193358993739,0.008753373477915492
trpo_noise,3.478,60,0.7089875981390966,0.6362344976738706,0.012229390884808955
trpo_noise,3.479,60,0.7231082297095384,0.6538852871369227,0.01105713042912214
trpo_noise,3.48,60,0.7214513594260847,0.6518141992826059,0.0120960645719078
trpo_noise,3.481,60,0.7147031363675186,0.6433789204593982,0.008265352379051112
trpo_noise,3.482,60,0.7272823965638218,0.659102995704777,0.00979451297379847
trpo_noise,3.483,60,0.7217336496540128,0.652167062067516,0.009043995328285197
trpo_noise,3.484,60,0.7072636183852157,0.6340795229815194,0.010651274604647378
trpo_noise,3.485,60,0.711081342022442,0.6388516775280524,0.007204106865694315
trpo_noise,3.486,60,0.7107965792920227,0.6384957241150282,0.012022355029297748
trpo_noise,3.487,60,0.7075865881845721,0.6344832352307148,0.009718116934539332
trpo_noise,3.488,60,0.7212162998546664,0.6515203748183326,0.012444629852601074
trpo_noise,3.489,60,0.7005255070316232,0.6256568837895288,0.010783756659463996
trpo_noise,3.49,60,0.698355022421397,0.622943778026746,0.011405625135316342
trpo_noise,3.491,60,0.7002367751895251,0.625295968986906,0.01203005349549816
trpo_noise,3.492,60,0.7015465207381417,0.626933150922677,0.012969653290849582
trpo_noise,3.493,60,0.6914215825697145,0.614276978212143,0.012059278514692066
trpo_noise,3.494,60,0.725458580582425,0.6568232257280311,0.01046890873580317
trpo_noise,3.495,60,0.6992071719747791,0.6240089649684737,0.01311154414991871
trpo_noise,3.496,60,0.7242782655020854,0.6553478318776065,0.009600019426247297
trpo_noise,3.497,60,0.7099917558741812,0.6374896948427263,0.009047613012136715
trpo_noise,3.498,60,0.714739487266905,0.6434243590836314,0.0092178227790753
trpo_noise,3.499,60,0.7182636413743032,0.6478295517178788,0.008719472038572098
trpo_noise,3.5,60,0.7103487915025491,0.6379359893781864,0.013505711355923987
