sigma_mhz,adam_fidelity_raw,adam_fidelity_ewma,adam_variance_raw,adam_variance_ewma,nominal_fidelity_raw,nominal_fidelity_ewma,nominal_variance_raw,nominal_variance_ewma,noise_fidelity_raw,noise_fidelity_ewma,noise_variance_raw,noise_variance_ewma
0.1,0.9856627593805996,0.9856627593805996,1.7282938537564257e-06,1.7282938537564257e-06,0.995049095082678,0.995049095082678,1.172927207109294e-06,1.172927207109294e-06,0.9986827176040952,0.9986827176040952,1.7872324433687378e-07,1.7872324433687378e-07
0.101,0.9854062851385268,0.9855319575171423,1.6380600100868713e-06,1.6826129703987137e-06,0.9949541115523868,0.9950006534822294,9.008777055437532e-07,1.0352021469417389e-06,0.9987365975507329,0.9987101963768804,1.449842919212733e-07,1.6164289967647605e-07
0.102,0.9853145562469638,0.9854565728079391,9.63405291584515e-07,1.4368590210887842e-06,0.994809748380516,0.9949344564192303,7.930418482625733e-07,9.524557420860541e-07,0.9987082798290686,0.9987095318067087,1.5676764647495173e-07,1.599770210110315e-07
0.103,0.9854340019648375,0.9854505871124007,1.9264502672607115e-06,1.5638845158634557e-06,0.9950589823471166,0.9949674801874431,1.0761274458915874e-06,9.845426298487651e-07,0.9986956200409406,0.9987058424631643,2.031932384263172e-07,1.711895609459034e-07
0.104,0.9852245579932264,0.9854016939909244,1.9113702699124638e-06,1.6368994049264799e-06,0.9948353967668307,0.994938908777031,1.235112558354244e-06,1.037193235864047e-06,0.9987222508811832,0.9987093918234341,1.7856363445029019e-07,1.7273902636309413e-07
0.105,0.98540352059062,0.985402029662252,1.5369724665900115e-06,1.6191868853378218e-06,0.9948930847321082,0.9949304877650071,7.078686300388791e-07,9.788189012870755e-07,0.9986692949083782,0.9987020232769781,1.501863453888809e-07,1.6874145763755734e-07
0.106,0.9853058246864296,0.9853865830730852,1.7059613038320728e-06,1.6325320725739056e-06,0.9948340890636156,0.9949150100714275,9.46933190305877e-07,9.739151428916455e-07,0.998714057914372,0.9987039555481314,1.37402549909479e-07,1.6392179305595875e-07
0.107,0.9856029961369024,0.9854175700977961,2.351498327384741e-06,1.7304605312350657e-06,0.9948703490933892,0.994908615305762,1.4552181923135343e-06,1.0394721359541405e-06,0.998744059357192,0.9987096977972381,1.2780882703379128e-07,1.5900294314253107e-07
0.108,0.985389123965388,0.9854138806380567,1.445278132496885e-06,1.6955137299646154e-06,0.9949832362542268,0.994918293633245,9.648628008306795e-07,1.0303293641035052e-06,0.9987240003726532,0.9987115528394422,1.317269609140566e-07,1.556604916637147e-07
0.109,0.9857469839503642,0.985453499238315,1.6403579813901929e-06,1.6893572529298173e-06,0.995132532002824,0.9949437746897544,1.3072688288216816e-06,1.0612413088895722e-06,0.9986501119527172,0.9987042451909117,1.7110381428669244e-07,1.5738427320102904e-07
0.11,0.9853468730416286,0.9854417537231959,1.332673327678186e-06,1.6527283391484864e-06,0.9948974931058076,0.9949386764956812,8.565517493993569e-07,1.040221140343383e-06,0.9986690034585268,0.9987003631027063,1.6529144336176778e-07,1.5819628359333278e-07
0.111,0.9852819845049816,0.9854253199990161,2.819457664120241e-06,1.763873670842416e-06,0.9946769869857154,0.9949117593380734,1.2328823112275952e-06,1.0585744887028962e-06,0.998720963924236,0.9987024820854656,2.085885842787244e-07,1.6299677060829115e-07
0.112,0.985292012470484,0.9854124285573038,2.0828437768429136e-06,1.7922564971507467e-06,0.9949162417672656,0.9949121928092756,1.2380443784565955e-06,1.0745442069072929e-06,0.9986560781803876,0.9986979946176975,2.216012701836649e-07,1.6821155814180338e-07
0.113,0.985518565444674,0.9854221344920184,2.1742017408279254e-06,1.8241899755540809e-06,0.9949377332529632,0.9949145284145977,1.3556562279846137e-06,1.0980472739112575e-06,0.9986633746503664,0.9986948287142018,1.5377737545885696e-07,1.6700475253653386e-07
0.114,0.9851683981540164,0.98540008277914,1.6414157367903546e-06,1.8097589051510572e-06,0.9946900928242984,0.9948950231705481,9.935892728795494e-07,1.0897997179250096e-06,0.9986984124950754,0.9986951401733625,1.5119720719137784e-07,1.6575665651754384e-07
0.115,0.985490896448788,0.9854076159381867,2.2043195544050137e-06,1.8393082467020528e-06,0.9948665993003244,0.9948926653588228,1.486891794411181e-06,1.1195386425173898e-06,0.9986737949032656,0.9986933695443904,1.8711969887906134e-07,1.6735657236445476e-07
0.116,0.9854812415880556,0.9854134673994516,2.4840079026640344e-06,1.8852829882559339e-06,0.994859369099324,0.994890019110225,1.5919444967393844e-06,1.1532267899447203e-06,0.9987189697424874,0.9986954041419499,1.4712281350658708e-07,1.6591366507335969e-07
0.117,0.9853672719811444,0.985409938070581,2.087558682348631e-06,1.8990651173650366e-06,0.9948815525390629,0.9948893722643877,1.389050968525397e-06,1.1692947574324877e-06,0.998702001934578,0.9986959082131514,1.8067921222991706e-07,1.6691972108118118e-07
0.118,0.9851999365475468,0.9853944691596411,2.347700390478941e-06,1.9283603451559558e-06,0.9947173743915076,0.9948767027382862,1.7757048604525774e-06,1.2088924510765582e-06,0.9986511814795372,0.9986926135996224,1.381677354245261e-07,1.6504225843004655e-07
0.119,0.9852169835459558,0.9853818307351768,2.3819071943333816e-06,1.956820600935547e-06,0.9949935495805236,0.9948850231872446,1.539572107470144e-06,1.2296427387681986e-06,0.998589348569246,0.9986852602865334,1.874674568989442e-07,1.6644944907747458e-07
0.12,0.985438198737714,0.9853857201645959,2.051008061564843e-06,1.9625142103148815e-06,0.994796548280698,0.9948789183602348,1.2869768198237607e-06,1.2331085702013049e-06,0.9986121880236012,0.9986802182521101,1.3044738705512517e-07,1.6427313307281448e-07
0.121,0.9852564313518724,0.9853770571779296,1.832243426202635e-06,1.954911242667578e-06,0.994737973611076,0.99486947436847,1.2054630071701517e-06,1.2314950977504423e-06,0.99857667013151,0.9986732800184825,2.220021641673005e-07,1.6764236093700973e-07
0.122,0.9852698547111728,0.9853700683006766,1.92567482177782e-06,1.953260505982172e-06,0.9948829669136864,0.994870353991348,1.3537436957516236e-06,1.2383974558133859e-06,0.9985145859536412,0.9986629342365849,2.202928144899475e-07,1.706150926373377e-07
0.123,0.9853924156279148,0.9853714883072637,2.4267896927591788e-06,1.9791734841736185e-06,0.994853459236144,0.9948692804551965,2.3151154866697766e-06,1.2973187887133108e-06,0.9985976535203256,0.9986587861321556,1.857323436996652e-07,1.7144235526027964e-07
0.124,0.985389141630158,0.9853725834044539,2.0413550337451343e-06,1.9824770389720148e-06,0.9947979001716604,0.9948648524872493,1.4427127878179576e-06,1.3050432189777535e-06,0.9987411958550844,0.9986638982946966,2.403443833191872e-07,1.7510295276841091e-07
0.125,0.9850534107529256,0.9853532257116643,2.7726188785787365e-06,2.023294658444566e-06,0.9946024470624264,0.9948489377039001,2.05142267267706e-06,1.3436001349593105e-06,0.998587882689731,0.9986592879788656,2.2139758036507755e-07,1.7749446831428397e-07
0.126,0.985277294077614,0.9853487171252754,2.116454091498537e-06,2.0279807725621936e-06,0.9946246527806126,0.9948356203564591,1.5831235229494112e-06,1.3556486618037369e-06,0.9985494957289393,0.9986527688534729,2.723077591269932e-07,1.8226377493252758e-07
0.127,0.9850665064796572,0.9853322914880581,3.777030884213251e-06,2.113764659343139e-06,0.9945267635325076,0.9948176438193546,1.9661233219129265e-06,1.3855899932593625e-06,0.9985883614462566,0.9986490201192508,2.6929399575096214e-07,1.8653225789906864e-07
0.128,0.9856321239778488,0.9853494175910121,2.5235281625058624e-06,2.1333840903264807e-06,0.9949478087426048,0.994825078697003,2.001900923280012e-06,1.4150988920814653e-06,0.9985754131496752,0.9986448157698824,1.867389160504689e-07,1.865421526683862e-07
0.129,0.9851804927988576,0.9853399384984154,2.217578203300517e-06,2.137323935867171e-06,0.9947523808980492,0.9948209993125677,2.032114177497959e-06,1.4439719906262029e-06,0.9985225619272432,0.9986379555838796,2.021462195685296e-07,1.8727234164742e-07
0.13,0.9851933114676888,0.9853318473574626,2.4116262277826774e-06,2.1498822707944714e-06,0.9947207434679548,0.9948154670163323,1.5304273082043486e-06,1.447930159647725e-06,0.9986085885831546,0.9986363350604262,1.8705343973049917e-07,1.8726231969838808e-07
0.131,0.985239338602702,0.9853268227823079,3.038713781330991e-06,2.1897349404330906e-06,0.994664708139428,0.9948072786096327,1.237601618480521e-06,1.4384996278007501e-06,0.9985962647073116,0.998634158655596,2.612783520532428e-07,1.9058098746661204e-07
0.132,0.9853740707315568,0.9853293508640696,3.1132056955894546e-06,2.2303230553725915e-06,0.9948316542934642,0.9948085828719911,1.862018917177614e-06,1.457114023005299e-06,0.9985792285631272,0.9986312195277152,2.464720963988084e-07,1.930374970428704e-07
0.133,0.9855658723961022,0.985341828038852,2.3148818220270665e-06,2.233969328910448e-06,0.995011151847994,0.9948192689541305,1.889588227100112e-06,1.4757628196775601e-06,0.9984499101737876,0.9986216549503204,3.721836668584304e-07,2.0076249072774753e-07
0.134,0.9851443721264468,0.9853315508092704,2.7014188626976253e-06,2.2537615361670766e-06,0.994568751319464,0.9948062299561369,1.3511618979241303e-06,1.4704871116289697e-06,0.998446321703121,0.9986125291661755,2.967903718837489e-07,2.0482839215427409e-07
0.135,0.9855993115360672,0.9853453107052024,2.217967601853064e-06,2.252272275502349e-06,0.9947831546255408,0.9948050441431486,1.3274752257074491e-06,1.4645368862521504e-06,0.9985089682387812,0.9986072072969058,3.005139786824888e-07,2.088095354102163e-07
0.136,0.9851914321007164,0.9853374981747427,2.5782532766782136e-06,2.2656096041607923e-06,0.9945767408677476,0.9947934530171497,1.8461673462135528e-06,1.4801510811046663e-06,0.998546314643185,0.9986041157318792,2.816490162836055e-07,2.117897216548578e-07
0.137,0.985229502032277,0.9853320777639175,3.380442374497761e-06,2.3104941915357004e-06,0.9947613580418984,0.9947918421452491,1.8554445942987848e-06,1.495260875983683e-06,0.9985573417538162,0.998601768109351,2.484277613323727e-07,2.1326481580073017e-07
0.138,0.9851005136803016,0.9853205815535245,3.201589485453999e-06,2.3458207909434205e-06,0.9945116999725973,0.9947779342312649,2.5366711740071062e-06,1.5365465663789024e-06,0.9984808979189124,0.9985957673983692,3.723924300493012e-07,2.195732740785728e-07
0.139,0.9852346713893626,0.9853163604916062,2.5306680434732445e-06,2.353040918937255e-06,0.9947141011413684,0.994774797891956,2.1330032815497524e-06,1.5598441473133044e-06,0.9984310202315532,0.9985876728032907,3.4487912121141973e-07,2.2446771661040868e-07
0.14,0.9854408258158004,0.9853224158456649,2.4405568226651706e-06,2.3564108659840887e-06,0.9947588598566368,0.994774022491679,1.5084856833184616e-06,1.5578665032886543e-06,0.99846802104919,0.9985818516339048,2.942146899632671e-07,2.271534411114871e-07
0.141,0.9854976139079552,0.9853308597246537,4.448577449340342e-06,2.435875429961497e-06,0.9947259940882806,0.9947717077056534,2.3233942875419607e-06,1.5869427403685396e-06,0.9983157986324108,0.9985690288930603,4.3778639813072134e-07,2.3515369129326502e-07
0.142,0.9853519775589068,0.9853318684647987,3.6861939878640336e-06,2.482742079904225e-06,0.9948195904771198,0.9947739949323288,1.99670760494811e-06,1.6023022712222574e-06,0.9984123572287598,0.99856154512387,6.119629769805606e-07,2.4927792289477035e-07
0.143,0.9850816550682874,0.985320017808739,3.81104717116705e-06,2.531903071394e-06,0.9944960505836652,0.9947608308774634,2.1346265718996733e-06,1.6220037619321393e-06,0.9984635938996482,0.998556905938738,3.6233229936145153e-07,2.534621011200277e-07
0.144,0.9853595725195302,0.9853218760683939,2.477562184453419e-06,2.5299163720498163e-06,0.9946016491412304,0.9947533526026308,1.4621942621361848e-06,1.6161611368607798e-06,0.9985195732478775,0.998555152068419,4.23031872813417e-07,2.596615611064832e-07
0.145,0.985129902264481,0.985312926720221,2.504179011335378e-06,2.5289864526127134e-06,0.9945103479917888,0.994742024323325,2.1728279519529333e-06,1.636274127353001e-06,0.9984738793549532,0.9985513633337326,3.632990458939096e-07,2.63406098574236e-07
0.146,0.9853347694896883,0.9853139374949769,3.043374313464607e-06,2.5473616497989664e-06,0.9947226208847388,0.9947411264286726,1.4452367301371475e-06,1.6294498025371386e-06,0.9984727712730262,0.998547726483969,2.033636495278443e-07,2.6126123489307176e-07
0.147,0.9854613764173458,0.9853207124087239,3.861079313105837e-06,2.593778837348958e-06,0.9947478148280112,0.9947414337649437,2.2892381883331487e-06,1.6527619053596805e-06,0.9984369073563416,0.9985426342734514,3.420001200813896e-07,2.641139574232155e-07
0.148,0.9850996351569924,0.9853106217265026,3.545737393590548e-06,2.6270599446158897e-06,0.9944773894993766,0.9947293819289663,2.578535192518869e-06,1.6851275581213391e-06,0.9984524783670892,0.9985385192657138,3.057661852689788e-07,2.6557014714256053e-07
0.149,0.9854822083095458,0.9853184034765964,3.163139485671045e-06,2.6456111356673412e-06,0.9946325971852692,0.9947249925724386,1.8426018522944628e-06,1.6905770026406137e-06,0.9983261740975302,0.9985288890428659,4.3559458838710493e-07,2.7145389321265985e-07
0.15,0.9850345126191224,0.9853056070518023,4.174360587261871e-06,2.697994635775677e-06,0.9944910904862048,0.9947144493993252,2.8552513394921187e-06,1.730485254569667e-06,0.998426943869843,0.9985242938482501,4.208199320105412e-07,2.7657200848092013e-07
0.151,0.9851291504390208,0.9852976995760058,4.150376526555432e-06,2.747289397025466e-06,0.9945584619869504,0.9947074592011769,2.172316098475077e-06,1.7454812732486226e-06,0.9983702228847868,0.998517389531119,4.040082182600045e-07,2.808972741534805e-07
0.152,0.9853710172281672,0.9853009668425041,3.074811058062917e-06,2.7583038142616773e-06,0.9943588254760868,0.9946919229795906,2.28397617017471e-06,1.7635906326587052e-06,0.9984207974776708,0.998513085083678,4.0126149194488674e-07,2.849450727353067e-07
0.153,0.9853055130293312,0.9853011683573735,4.440160219557626e-06,2.8143628770699497e-06,0.9946854089671648,0.9946916342386274,2.37227866405064e-06,1.7838792140589941e-06,0.9983232113778852,0.9985046687170668,3.751660495160859e-07,2.8795228749398127e-07
0.154,0.984993958889976,0.9852876201876739,3.252596309781933e-06,2.828844795926185e-06,0.9945597361682044,0.9946858174340337,2.2358193724009107e-06,1.7988140871481575e-06,0.99834136793982,0.9984974670293683,4.81332199341636e-07,2.9434274514225535e-07
0.155,0.9854209246908784,0.9852934704381359,3.847095216458412e-06,2.8622152290407024e-06,0.9947266196707872,0.9946876080960043,2.0554395530559263e-06,1.807224300169313e-06,0.9982157322997744,0.9984851027153927,5.314983970412901e-07,3.0211488710247176e-07
0.156,0.985371633369758,0.9852968847780099,3.558781721729885e-06,2.8848603377514323e-06,0.9945668014797374,0.9946823309801335,2.719438804108353e-06,1.8368800427667702e-06,0.9984662764640744,0.998484280340653,3.618841391222452e-07,3.0405796249262076e-07
0.157,0.9847768703744184,0.9852742703421208,3.115696293368079e-06,2.892306509778129e-06,0.9940956316841936,0.9946568165452975,2.835206843247876e-06,1.869083488176243e-06,0.9984829247475848,0.9984842213884926,5.713561033328357e-07,3.126803104877394e-07
0.158,0.9855888917570697,0.9852878944205319,3.4118215755464007e-06,2.9089388831323437e-06,0.994746817655502,0.9946607138711765,3.0688187472536657e-06,1.9074932400198824e-06,0.998331744527534,0.9984776186697617,4.89816286736845e-07,3.183513523603779e-07
0.159,0.9851218952447288,0.9852807354055896,3.392990410594541e-06,2.9243232123454383e-06,0.9946112716917976,0.9946585815876924,2.0578859789393904e-06,1.9122730852957085e-06,0.9983740956511704,0.9984731540521913,3.0906266352591134e-07,3.180561353454939e-07
0.16,0.985094556657405,0.9852727373912848,3.917188351194564e-06,2.955656682143155e-06,0.9944611596616548,0.9946501005800374,2.36608622442611e-06,1.9265948090952086e-06,0.9983130151967864,0.9984662746802502,3.978502163814893e-07,3.205743277266627e-07
0.161,0.9851716889502478,0.9852684126601534,2.9509618980864552e-06,2.95550953168382e-06,0.9944966968310798,0.9946435351153751,2.287387062865342e-06,1.937903262311708e-06,0.9982206145455108,0.9984557607720533,4.917829397643626e-07,3.259405864510633e-07
0.162,0.9855630845865406,0.9852809791794177,3.683789716062727e-06,2.9781854622721857e-06,0.9946049613915338,0.9946418901081643,2.557563228883614e-06,1.9571971641530122e-06,0.9982523373214192,0.9984470856167967,5.795328006247483e-07,3.3383650284381337e-07
0.163,0.9851881747001572,0.9852770349874165,5.080957638886618e-06,3.0432386881621836e-06,0.9943225546229424,0.9946283183444249,2.7627973995817e-06,1.9821199278623723e-06,0.9984036588217624,0.9984452399772439,4.511824632834328e-07,3.3746682159952756e-07
0.164,0.9847315175394404,0.9852539263825959,4.055886627799489e-06,3.07437241675273e-06,0.994270622538409,0.9946131660315926,3.457523512873328e-06,2.027481018305812e-06,0.9982522570219508,0.9984370650474271,3.934312906430855e-07,3.391874418878977e-07
0.165,0.9850936732244032,0.9852471592002963,2.659833454782769e-06,3.0617041579788626e-06,0.994505850055369,0.9946086342845558,2.135337611669291e-06,2.0307771022944027e-06,0.998287459249612,0.9984307474826546,4.849358704114992e-07,3.4364149561459e-07
0.166,0.9852769735448252,0.9852484144214442,7.368720830570719e-06,3.1925581294910074e-06,0.9942854112792624,0.9945950261922719,4.469706532973662e-06,2.1048756318573686e-06,0.9983360370621196,0.9984267600556406,4.180522673854809e-07,3.459022124284967e-07
0.167,0.9851266546315892,0.9852433029317176,3.924531306700389e-06,3.2146708050852214e-06,0.9944312555810054,0.9945881510835187,3.10160129429257e-06,2.1349863953608693e-06,0.998434876468391,0.9984271007835642,4.434266074855098e-07,3.488483932143001e-07
0.168,0.984930256487864,0.9852301974358387,4.972626767343887e-06,3.2674866377203797e-06,0.9942995338885308,0.9945760683030439,2.352301611018226e-06,2.141515389434467e-06,0.9981634222330924,0.9984160620440276,6.405355812843034e-07,3.576118105226219e-07
0.169,0.985073840450338,0.9852236689392847,3.566070065990013e-06,3.2764094850881915e-06,0.9945459291848392,0.9945748098806669,3.017830455695982e-06,2.1677031307558123e-06,0.9981769773500052,0.998406079352202,7.379470878779376e-07,3.6897772472657874e-07
0.17,0.9853521556564856,0.9852290201645829,3.696650789404779e-06,3.288903074447288e-06,0.994469748830112,0.9945704342894476,2.025899596575792e-06,2.163487373981035e-06,0.9982543564951872,0.998399760386254,4.435004219508459e-07,3.711932517761303e-07
0.171,0.984755109071436,0.9852093305695276,4.240514590689576e-06,3.3170522455394357e-06,0.9940712005384836,0.9945496926133472,3.1868708450264765e-06,2.19375959739116e-06,0.998169336438989,0.9983901869572325,7.528004495289549e-07,3.824813941705782e-07
0.172,0.9849006124400476,0.9851965340832399,3.4185486853865463e-06,3.3200399563930827e-06,0.9940642510521784,0.9945295708722254,2.00224934697556e-06,2.1881221853340158e-06,0.9983627483437648,0.9983890496160548,4.6617179847289866e-07,3.849449557463024e-07
0.173,0.984908606164882,0.9851846259703542,4.714348171939519e-06,3.360889817170649e-06,0.9941840854144968,0.9945152822966177,3.610531048604128e-06,2.229795327172736e-06,0.998278999186132,0.9983844981541815,7.999284646257001e-07,3.971029695725823e-07
0.174,0.9851276122606688,0.9851822730399552,4.058523400300312e-06,3.3812350801684377e-06,0.9942998006011255,0.9945063894630426,2.941548427799537e-06,2.250552361197362e-06,0.9982779337675306,0.9983801002894191,4.79038052369998e-07,3.9949246292349114e-07
0.175,0.9849972208685582,0.9851746516725671,5.653792517962155e-06,3.4472151862389823e-06,0.9942308709529948,0.9944950422425727,3.10603939671034e-06,2.27539007240607e-06,0.9981764675562304,0.9983717136822255,6.22247964526174e-07,4.059598161261504e-07
0.176,0.9847732008987976,0.9851581504316563,5.38922178169128e-06,3.503354511886746e-06,0.994178409459656,0.9944820273621129,2.798219643977062e-06,2.2905039755439057e-06,0.998209617735906,0.9983650508870945,6.639505960299832e-07,4.1341778688745396e-07
0.177,0.9850165383684968,0.9851523405774301,4.121049584799715e-06,3.5211358016258407e-06,0.9941893613229648,0.9944700202845624,3.3510315392899126e-06,2.3210328703241954e-06,0.998248028084796,0.99836024984538,6.853288267994019e-07,4.212451586699937e-07
0.178,0.9851860228298922,0.9851537199461587,3.904117679937499e-06,3.532115552165751e-06,0.9943726362178092,0.9944660321743105,2.8198901936724758e-06,2.33533466702935e-06,0.9982032809726082,0.9983538215949321,4.6153254616752e-07,4.224001623129274e-07
0.179,0.9851253006259224,0.9851525581248205,5.695040240748719e-06,3.5938790034653783e-06,0.9940831644099402,0.9944503800075937,3.7955847519058577e-06,2.37703287569959e-06,0.9981635705350672,0.9983460438669953,6.146716932337769e-07,4.2789057693485986e-07
0.18,0.9850186619629232,0.9851470933661668,6.030756199929887e-06,3.6631974545046036e-06,0.9941240474674036,0.9944370612645643,4.184947644571185e-06,2.428460108705397e-06,0.9980593930505208,0.9983343446703367,6.043529400056717e-07,4.3291015596516007e-07
0.181,0.9849052931501152,0.9851372404176192,7.733737111716724e-06,3.7785533511170858e-06,0.9940426343008086,0.9944209890350059,4.203753861137382e-06,2.4787705392153876e-06,0.9979617699083718,0.9983191628809251,8.303087709485699e-07,4.4417212057045446e-07
0.182,0.9846505980089422,0.9851174409102026,5.579787125188912e-06,3.829413371409273e-06,0.9939916469873852,0.9944035208470622,4.29293714891836e-06,2.5299957338076036e-06,0.9981540417849462,0.9983124447727082,3.724241198324709e-07,4.421462287478685e-07
0.183,0.984717019828678,0.9851011733167722,7.377024094606477e-06,3.929230625329263e-06,0.9939757192581,0.9943861408872168,4.201028984863178e-06,2.577012716036995e-06,0.998134658440807,0.9983052219867503,5.621780459010661e-07,4.455235007503786e-07
0.184,0.9845411949754764,0.9850784555596858,6.700547852993955e-06,4.006938007264362e-06,0.9937846635033932,0.9943617395557883,4.093797348773387e-06,2.619543163866188e-06,0.9981591655186992,0.9982992966230043,6.536596489681509e-07,4.5135961182514287e-07
0.185,0.984718491367044,0.9850638719112221,3.431227818431022e-06,3.990849041065455e-06,0.9941063307030696,0.9943513918795508,3.572260263828301e-06,2.646168076045481e-06,0.9980001533386326,0.9982871770828149,7.57463518979367e-07,4.599140816106058e-07
0.186,0.9851407585169912,0.9850669828682956,4.754484750689679e-06,4.0121205915843154e-06,0.9942721842196316,0.9943481870088529,3.099444576394797e-06,2.658794376589935e-06,0.9981281771600716,0.998280743687435,5.110389066083925e-07,4.613381956010889e-07
0.187,0.9853215080815412,0.9850772685568904,5.491256486436719e-06,4.0531928837427735e-06,0.9942254615835818,0.9943432275178425,2.9359416971023183e-06,2.6664901371746335e-06,0.998080594439152,0.9982726554009582,5.095055905992905e-07,4.626756963180703e-07
0.188,0.9852552112242524,0.9850844508600142,7.235731310058964e-06,4.141293816467055e-06,0.9942332283277632,0.9943387876185298,2.98902516573383e-06,2.6754187447972e-06,0.9980374547595852,0.9982631619931865,5.590149128853835e-07,4.653426161476389e-07
0.189,0.9850053905056924,0.9850812634025643,6.1227549961590405e-06,4.19598222411993e-06,0.9939854239604085,0.9943245411402004,3.4828050639409733e-06,2.6977026394337588e-06,0.9980404848293312,0.9982541843710785,6.943715261867833e-07,4.716638232067957e-07
0.19,0.9848253716307755,0.985070958022029,5.257935226795891e-06,4.225207163331957e-06,0.9939763221872836,0.9943105175207838,3.4219738933037584e-06,2.7176345792785843e-06,0.9981588921142712,0.9982503467214284,6.24068073857636e-07,4.758579871196071e-07
0.191,0.9848890141530056,0.9850636384372258,5.466652574280913e-06,4.259275365855656e-06,0.9938321239167544,0.9942912717909177,4.2409830485047495e-06,2.759438869427833e-06,0.9980055917167878,0.9982405002505245,8.132097729062447e-07,4.851157191620699e-07
0.192,0.9850110692623733,0.985061525727,4.29061032236988e-06,4.260132912162435e-06,0.9939789257053264,0.9942787188685855,2.920838124280435e-06,2.7638558959794074e-06,0.9979577619275272,0.998229137238876,8.759480139762653e-07,4.958116584028281e-07
0.193,0.9849546047279928,0.9850572328423449,4.45316482109736e-06,4.2654015347575445e-06,0.993699193504908,0.9942554508897596,4.429038431204296e-06,2.809305471536507e-06,0.9980007145424902,0.9982199660536337,9.533117835287964e-07,5.08298689742901e-07
0.194,0.9846660144154068,0.985041540061497,6.145625242598429e-06,4.316587234240653e-06,0.9937364767810966,0.9942346334987774,5.220454642031259e-06,2.8749446592221108e-06,0.9979312734630874,0.998208385848705,9.291159632711048e-07,5.197546810753634e-07
0.195,0.985494781887934,0.9850597044694205,5.0156115347763375e-06,4.335568851750326e-06,0.9942589879332744,0.9942356095425958,3.012315524096453e-06,2.878674888932322e-06,0.9980753754850784,0.9982030552407116,7.858371982199106e-07,5.269800043761102e-07
0.196,0.9844335218449514,0.9850346307632117,7.437459610036437e-06,4.4195920199058255e-06,0.99375992060302,0.9942165619289258,3.817883348240012e-06,2.9041159107022443e-06,0.9979205507765035,0.9981917431511367,8.128845389197958e-07,5.34724508181801e-07
0.197,0.9846939802541842,0.985021001644418,8.428801172001645e-06,4.527932756149318e-06,0.9940633847418744,0.9942104334482,4.942120013344644e-06,2.959188833209196e-06,0.9980490565007106,0.998186034387294,7.446937625064482e-07,5.403985009167866e-07
0.198,0.9847923419029768,0.9850118604276816,6.649032051678451e-06,4.585117824155927e-06,0.9937901187239891,0.9941936303679234,3.669423556779073e-06,2.9783368387050282e-06,0.9978140067858317,0.9981711616995379,1.0753474733762974e-06,5.548207834731207e-07
0.199,0.9847727709634108,0.9850023095328115,7.320381433821855e-06,4.658693903163419e-06,0.9937381207692408,0.9941754341487694,5.130021477898777e-06,3.0362151793713832e-06,0.9980805614988876,0.9981675424978543,6.258448023513555e-07,5.567312643518003e-07
0.2,0.9848940139716282,0.9849979866166376,5.7433427130249485e-06,4.687805689220634e-06,0.9937648160645168,0.9941590431948065,3.858299811091604e-06,3.058279788396878e-06,0.9981341757044776,0.9981662105702187,6.201386047249736e-07,5.584331063771803e-07
0.201,0.9850408587809778,0.9849996967767283,5.896578033549003e-06,4.720179375578763e-06,0.9941016909176658,0.9941567554265778,4.278313850594616e-06,3.090955089301258e-06,0.997967135074358,0.9981582694976534,8.401988091580027e-07,5.659794359495797e-07
0.202,0.9853196981664224,0.9850124529549271,6.158267679730793e-06,4.758614302848921e-06,0.9940901373169346,0.9941540998366171,2.917408485905356e-06,3.0863168128753624e-06,0.9978070094696624,0.9981442672599898,9.239399592378162e-07,5.755464330793448e-07
0.203,0.9852234413458044,0.9850208581208242,8.108213654355668e-06,4.847955231526337e-06,0.9939519926171984,0.994146048470847,5.247425703323369e-06,3.143958176807079e-06,0.9979484376880434,0.9981364659774979,7.049421342779249e-07,5.789976912445181e-07
0.204,0.9848198866277053,0.9850128569711322,5.271433763947917e-06,4.859227974717343e-06,0.9939361366141682,0.994137691384171,3.848304747387076e-06,3.162707457820714e-06,0.9979186706918828,0.9981277950329009,9.27045009663243e-07,5.882625010010294e-07
0.205,0.9849445297679048,0.9850101383259794,6.576112750797585e-06,4.904842465719753e-06,0.993685120643274,0.9941196842187531,3.8872161405434906e-06,3.1819563295269897e-06,0.998056820960251,0.9981249710724655,9.098467711247228e-07,5.968064073833575e-07
0.206,0.9850377670257118,0.985011237004355,4.391246076659622e-06,4.891222709982834e-06,0.9938836465526076,0.9941102979833472,5.000569532025986e-06,3.230183046313878e-06,0.9978426694870208,0.9981137451135763,9.971820593068968e-07,6.074237300483143e-07
0.207,0.9844999542207664,0.9849909165957094,7.301879501858102e-06,4.9550328928965855e-06,0.993687656660842,0.9940935005384508,5.3320055876558805e-06,3.285818374108071e-06,0.997991627217227,0.9981088916633206,8.39467035710277e-07,6.135659257470571e-07
0.208,0.9845263018828811,0.9849724607115428,6.228212463991215e-06,4.9886741705568355e-06,0.9936708246501644,0.9940767105896635,4.8583693637346536e-06,3.327369955423066e-06,0.9978187475967564,0.998097366274356,7.893591681364879e-07,6.182109180264525e-07
0.209,0.9855056469714716,0.984993629723325,5.935024009512119e-06,5.013636385705051e-06,0.9944111375428843,0.9940899882913694,3.736766266665032e-06,3.3381687513666347e-06,0.9978367396299,0.998087018654918,5.932391294462378e-07,6.175522280436199e-07
0.21,0.9852766481298492,0.9850048608880688,8.921010572626834e-06,5.1165291430326756e-06,0.9941153320427945,0.9940909940204702,5.455259030981384e-06,3.3939180208146894e-06,0.997870521304046,0.9980784272793812,8.885603956649869e-07,6.246886773036375e-07
0.211,0.9850618773837936,0.9850071224449264,6.782071115262566e-06,5.160315924800467e-06,0.994108197216783,0.994091676384514,3.16698841130029e-06,3.387952084528404e-06,0.9977957450817028,0.9980672147021339,9.580487895770417e-07,6.334526512710178e-07
0.212,0.9847296786889416,0.9849961225921574,5.870135251228005e-06,5.178947158798688e-06,0.99389309259801,0.9940838031043743,4.5317878517330965e-06,3.4179753186682567e-06,0.9978202271946742,0.9980574223526602,9.651224593420994e-07,6.421582719469414e-07
0.213,0.9847103205823996,0.9849847962453397,7.369642249704019e-06,5.236358842503727e-06,0.9937155806692302,0.9940692104323001,4.91481987834022e-06,3.457203217964813e-06,0.9977173679131788,0.9980439459795521,8.699544441518253e-07,6.481281405252477e-07
0.214,0.9856190073989628,0.9850099196524551,6.347184451963135e-06,5.26542626132691e-06,0.9941326425744678,0.9940717232098234,4.003269393972268e-06,3.471492350397497e-06,0.9977748416416689,0.9980332857793988,1.010930378942881e-06,6.576217320703737e-07
0.215,0.9855239024096024,0.9850302722769065,7.736917561651608e-06,5.330003445812961e-06,0.9938530631688162,0.9940630647370726,6.4809732539898585e-06,3.5501265756092145e-06,0.997668835396756,0.9980188543190708,6.579450652937863e-07,6.576301803903077e-07
0.216,0.9850034793234872,0.9850292117382381,6.708288845099295e-06,5.365964741938251e-06,0.9938347590636096,0.9940540277716006,4.527440073576704e-06,3.5756259824271707e-06,0.9977060807548708,0.9980064738825385,1.276876687792939e-06,6.737871439907261e-07
0.217,0.9853599349231652,0.9850422978666574,6.83239079893298e-06,5.4041722554910865e-06,0.9939044791913284,0.9940481104001686,5.776304084260497e-06,3.6329643241731873e-06,0.9978378458081688,0.9979998015694473,7.863909749489222e-07,6.7672102011555e-07
0.218,0.984714018740602,0.9850293130229242,7.544059698532165e-06,5.459850788301545e-06,0.9934984408161652,0.9940263686167694,6.792813681617399e-06,3.7151816280303173e-06,0.9976001074605656,0.9979839919576475,1.318054062892462e-06,6.934081047474122e-07
0.219,0.9845181156988368,0.9850090998259957,8.261345147893338e-06,5.532647244364123e-06,0.9934727207346796,0.9940044768870158,7.933024252136219e-06,3.824781704222987e-06,0.9974541083312172,0.9979630398877021,1.324540898620466e-06,7.098080059435462e-07
0.22,0.9847611186481274,0.9849992976173423,5.877920541950549e-06,5.541607534591899e-06,0.9934206758852302,0.9939814003806422,5.630856469956534e-06,3.871651688630002e-06,0.9978299630323076,0.9979577796211176,7.448107737114097e-07,7.107163731997687e-07
0.221,0.9845056788278664,0.9849797919291793,6.864810365474686e-06,5.5759031551124715e-06,0.993340731270634,0.993956083897271,6.86658897705183e-06,3.949276396142229e-06,0.997733649745816,0.9979489229739459,9.340465881633116e-07,7.165047890982275e-07
0.222,0.985207185777242,0.9849887748595613,6.839355643459721e-06,5.608609987320695e-06,0.9938154746408604,0.9939505292915849,4.191500010628196e-06,3.95554680772393e-06,0.9976692978321148,0.9979378767068479,1.0982219666773684e-06,7.263862526223598e-07
0.223,0.9848824532589492,0.9849845759579053,9.237330007117065e-06,5.702434028266256e-06,0.9935468514106552,0.9939345870586529,4.326032758820182e-06,3.965126077784936e-06,0.9975715206539372,0.9979234084047499,1.2916005495919168e-06,7.410004110728826e-07
0.224,0.984783263024755,0.9849766278146072,7.880108485344921e-06,5.758674395017385e-06,0.9937350809320584,0.9939267102508481,5.812292478347772e-06,4.012830781984561e-06,0.9976657505902216,0.9979132356791344,9.63059498748615e-07,7.46735283193327e-07
0.225,0.9846217742385224,0.9849626213748555,8.801993638618299e-06,5.83718173457259e-06,0.9935537544441386,0.9939119892972245,5.381626925444571e-06,4.048141091227479e-06,0.997645042651001,0.997902649821351,1.1267269801407233e-06,7.565377832902637e-07
0.226,0.984787684893118,0.984955718212709,6.603731712062808e-06,5.856934298715651e-06,0.9934393417084618,0.9938933381679064,5.577316275034439e-06,4.087545085475864e-06,0.9977255440365558,0.9978956610564155,9.861521367949766e-07,7.62454517200581e-07
0.227,0.984888192317498,0.9849530542292277,7.976054303003329e-06,5.911481336332449e-06,0.993513936666588,0.9938783702903368,4.369912070779396e-06,4.0948133300952955e-06,0.9976347343033984,0.99788536716016,1.2555783378503114e-06,7.751477311480195e-07
0.228,0.984952439174976,0.9849530299702612,9.20398519355928e-06,5.996142951184007e-06,0.993522514544016,0.9938643346299222,4.263772058388427e-06,4.0991578409602305e-06,0.9974495279094904,0.9978681767908012,9.73348709172558e-07,7.802441609753938e-07
0.229,0.9848974843479964,0.9849508396358202,8.549139451437342e-06,6.061722257018049e-06,0.993496755461457,0.9938498398546429,7.015274589239112e-06,4.174064685550177e-06,0.99761537267515,0.9978582079482758,1.352793100754667e-06,7.949513343001577e-07
0.23,0.9847243825476042,0.9849419116782837,7.554069528442291e-06,6.100018328280705e-06,0.9935255195008896,0.9938370536867674,8.017365296327903e-06,4.272690063766392e-06,0.99748247783147,0.9978433949761828,1.093392254004491e-06,8.026098163086933e-07
0.231,0.9842321400508532,0.9849139351284587,1.0650538226816968e-05,6.216678916756224e-06,0.9934133239568704,0.9938203518414941,5.867185347861075e-06,4.313567757373173e-06,0.9976319527555012,0.9978350607126064,8.479059777217639e-07,8.037710631472865e-07
0.232,0.9845845214187344,0.9849009534727684,1.2489936317284965e-05,6.377353012179463e-06,0.9935038821263898,0.9938078802874675,5.9372837602092166e-06,4.355155258622194e-06,0.9976057627065597,0.9978260244531031,9.73461160542814e-07,8.081172586180814e-07
0.233,0.9842528161146408,0.9848754163596823,1.1618396831100631e-05,6.511465946226991e-06,0.9930198894141856,0.9937768328377419,8.638265637965965e-06,4.464755658784743e-06,0.9976227592932564,0.9978180156486293,1.110479213871686e-06,8.15854390831518e-07
0.234,0.9846254725256344,0.9848655702017461,9.436783185742432e-06,6.586254681464744e-06,0.9933470644108948,0.9937599027629396,6.872063334243025e-06,4.526300948281442e-06,0.997488213916058,0.9978050236100021,1.1255687060370838e-06,8.237725549220178e-07
0.235,0.9838806903709748,0.9848267792526924,1.1679396020770232e-05,6.716352270854557e-06,0.9927839225008008,0.9937214623365614,6.516856757489368e-06,4.577147075469256e-06,0.9974294296384866,0.9977902302858231,1.2629973238264756e-06,8.349919733178483e-07
0.236,0.984777383546851,0.9848248340619724,1.1683675053885498e-05,6.843127936784447e-06,0.9937522097362912,0.9937226731615836,6.976550525832325e-06,4.638384483131467e-06,0.9975781986160276,0.9977818805309326,9.644509944677828e-07,8.382960174345266e-07
0.237,0.9846208323763216,0.9848168018437018,8.807573742024256e-06,6.893222778349651e-06,0.993427736592365,0.993711060537441,6.040355473890015e-06,4.674135795014814e-06,0.99749850038345,0.9977707229211763,1.1139943024252386e-06,8.45326530503184e-07
0.238,0.9847159674074798,0.9848128322854678,9.587762394872326e-06,6.96187998914387e-06,0.993601567156,0.993706750101739,3.998786289167419e-06,4.656927804047297e-06,0.9975991006985628,0.9977639666538489,8.158629455727543e-07,8.445757946264806e-07
0.239,0.984903144040127,0.9848163870581568,1.016040955097956e-05,7.043314694450396e-06,0.9934082441672728,0.9936950005709353,5.732494761837126e-06,4.684311786765526e-06,0.9977397561032976,0.9977630136992284,1.2013976374890866e-06,8.536604946608837e-07
0.24,0.9843009536896576,0.9847961019688188,9.822887885076304e-06,7.114028395186832e-06,0.9931190384928918,0.9936723333496755,8.794035975541557e-06,4.788865179126083e-06,0.9974322303282456,0.9977499955854586,1.2491877226383814e-06,8.637229006902116e-07
0.241,0.9843091095854468,0.9847769388634479,9.792279662537242e-06,7.182113412080691e-06,0.9931787741064296,0.9936529118389742,5.474837650380422e-06,4.806303590474351e-06,0.9973773662379734,0.9977353326550024,1.321560554453048e-06,8.753617953567029e-07
0.242,0.9846434633867482,0.98477168732062,8.69848487707175e-06,7.220633642540878e-06,0.9931154123428628,0.9936317641218535,5.685916624478272e-06,4.8286483111235315e-06,0.9977861761415738,0.9977373330730106,1.0444395814074828e-06,8.796568611995651e-07
0.243,0.9848810893786422,0.9847759911488343,9.96463037395668e-06,7.290289550078211e-06,0.993681205469408,0.9936337091224356,5.6229543950690095e-06,4.848811640950495e-06,0.9974105005997348,0.9977244756291449,1.404848603228278e-06,8.929887675401556e-07
0.244,0.9847872125969638,0.9847764325409292,8.651609064324156e-06,7.324822475122241e-06,0.993269010814092,0.9936193638304158,6.36406666813234e-06,4.88724948579785e-06,0.997367490896701,0.9977104337481808,1.3121841689608228e-06,9.036225998069919e-07
0.245,0.9842968582828592,0.9847575708844045,1.1753246947376369e-05,7.4370835259985525e-06,0.9931224148566592,0.9935998188262887,6.914082669633351e-06,4.938629931505787e-06,0.9974826470140006,0.9977014748954719,1.3964173586911077e-06,9.161150015280289e-07
0.246,0.9851213189396294,0.9847718754609028,9.064271137404302e-06,7.478305756922043e-06,0.9933007164578694,0.993588056474165,9.12984837112585e-06,5.044807838194464e-06,0.9973552954421556,0.9976878612131416,1.402603844870136e-06,9.284394288413766e-07
0.247,0.9844110869325648,0.9847576888272771,9.5723108787507e-06,7.531320034401077e-06,0.9931502285878042,0.9935708405614432,8.409536916819533e-06,5.129993246365877e-06,0.9972468551703678,0.9976705203315333,1.3137928126471097e-06,9.381954848335993e-07
0.248,0.9845436220939816,0.9847492723569221,7.709395916818298e-06,7.535825591645932e-06,0.9932608657908396,0.9935586532709316,5.533031249887864e-06,5.140190645205466e-06,0.9972786097396954,0.9976551115670457,2.0891329830422936e-06,9.673157380258815e-07
0.249,0.984960513890438,0.9847575769070852,7.778999500068311e-06,7.5419744650802115e-06,0.9934272647158388,0.9935534879853531,4.227640650208486e-06,5.117115988643455e-06,0.9972852595931716,0.9976405715558139,1.70706366133377e-06,9.86020937046617e-07
0.25,0.9840465793679796,0.9847296281426162,8.049458116704545e-06,7.554799025892428e-06,0.9931603769081108,0.993538035092335,6.522975149945746e-06,5.152643293315878e-06,0.9971577701800932,0.9976215930063911,1.503173126161996e-06,9.990898303543175e-07
0.251,0.9851488096717268,0.9847461043037637,1.0543610260031968e-05,7.63028518353686e-06,0.9938502278342686,0.9935503060002066,5.479382509610073e-06,5.160895499981885e-06,0.9972272867832644,0.9976060945828621,2.008031029719897e-06,1.024571899465717e-06
0.252,0.984294383032576,0.9847283507455369,1.0765028735183606e-05,7.709412345840246e-06,0.9931903138308276,0.9935361575809313,6.645561554889492e-06,5.198371424234536e-06,0.9975429779185184,0.9976036139704867,1.4514863961281345e-06,1.0353480705018867e-06
0.253,0.9842601536981695,0.9847099512445215,1.0107120049504444e-05,7.769901949912598e-06,0.992832213000248,0.9935084935255943,9.992392564392594e-06,5.319315457670922e-06,0.997475083884234,0.9975985629145995,9.552840265453904e-07,1.033328206983094e-06
0.254,0.9840181587036164,0.9846827670023345,1.3699504616742711e-05,7.919414295788024e-06,0.9926539304297514,0.993474913154619,8.366435487182176e-06,5.39614726063889e-06,0.997143073314804,0.9975806642833446,2.3186610903552524e-06,1.0657373152187613e-06
0.255,0.9839679239870524,0.9846546792213551,1.0456409328457835e-05,7.983350067803175e-06,0.99286424859081,0.9934509187780167,6.111428989055676e-06,5.414173346195129e-06,0.997321872070684,0.9975704957584615,1.8579008304841963e-06,1.0857009277834389e-06
0.256,0.9850969854065624,0.9846720570904066,7.408312437600583e-06,7.96886571416195e-06,0.9936536783435532,0.9934588850450432,5.479952394503939e-06,5.415830223845992e-06,0.997319274772441,0.9975606254795821,1.3541362412915495e-06,1.0924624192170948e-06
0.257,0.9847817290028866,0.9846763656984366,1.1038565336771547e-05,8.046148517773973e-06,0.99284502786937,0.9934347688433959,9.047515668492024e-06,5.5072615909191735e-06,0.9972802252628756,0.9975496095813634,1.917058109856147e-06,1.1132224526580227e-06
0.258,0.9844869003919832,0.9846689228258757,9.694414274738257e-06,8.087625179172788e-06,0.9933903087442048,0.9934330222922276,6.477582017090248e-06,5.5316785586287825e-06,0.9972908837426578,0.9975394459082259,1.343170676211928e-06,1.1190088281665272e-06
0.259,0.9844059240311576,0.9846585919970327,1.0979347015551906e-05,8.160357581227833e-06,0.9926996525296292,0.9934042148693487,7.283734989441507e-06,5.575746169539989e-06,0.9975970456916866,0.9975417084794478,1.2830300537798735e-06,1.1231342795072442e-06
0.26,0.9847457300515412,0.984662014634872,1.0991457357135215e-05,8.231532439548508e-06,0.9930674134835964,0.9933909858711377,7.067172305296471e-06,5.6132411546378555e-06,0.9971103400868988,0.9975247650465087,1.908823526478077e-06,1.1428867874594954e-06
0.261,0.9839851396323412,0.9846354297762094,8.273162407696964e-06,8.232578562090984e-06,0.992800638981933,0.993367799479924,7.717014217860415e-06,5.666107023231374e-06,0.9972362050777168,0.9975134316009576,1.674501493896965e-06,1.1562457726581438e-06
0.262,0.9841372345711314,0.9846158639007788,8.300839268586599e-06,8.234293139925314e-06,0.992876454655081,0.9933485026429847,7.5978620065919585e-06,5.714628997964241e-06,0.9971761625196964,0.997500185859603,1.5486559954081397e-06,1.1661023637254383e-06
0.263,0.9843961908599734,0.9846072370677996,1.465336342548016e-05,8.395459083040807e-06,0.9930865772791386,0.9933382165088346,8.013865819982646e-06,5.7723567769699255e-06,0.9973973546987124,0.9974961475522768,1.1579740140487554e-06,1.1658982822800982e-06
0.264,0.9843449496631558,0.984596937288062,1.0386642789938605e-05,8.44543167096144e-06,0.9926983380458532,0.9933130890833045,7.512448233098082e-06,5.816027721534243e-06,0.9971394405644256,0.9974821400042941,1.6219049921038356e-06,1.1773426484227722e-06
0.265,0.9842442902959014,0.9845830899113734,1.113737285222098e-05,8.512963727813314e-06,0.9929818318234316,0.9933000816164603,6.694732531740665e-06,5.838071569896156e-06,0.9972202837070856,0.9974718577025411,1.6883778519403563e-06,1.190162861084741e-06
0.266,0.9846379917933774,0.9845852456310487,1.814324044211616e-05,8.754460591216737e-06,0.9928323417726224,0.9932817158346796,9.640430489549563e-06,5.933422698412176e-06,0.9970910753679236,0.9974569063030491,1.9562381124571227e-06,1.2093736040182904e-06
0.267,0.9843247562967988,0.9845750180341067,1.4141391754686183e-05,8.889495723988823e-06,0.9929478420125272,0.9932686069414027,7.878837055705277e-06,5.982188735709116e-06,0.9971378142579128,0.997444377786922,1.729458626140394e-06,1.22241066498749e-06
0.268,0.9842291413148764,0.9845614385136051,1.4920523528852253e-05,9.040619743787933e-06,0.9927429582278924,0.9932479693642403,1.01791896345828e-05,6.087356157823602e-06,0.9971841339399832,0.9974341603121442,1.9905884097529037e-06,1.2416594750519286e-06
0.269,0.98412494513025,0.9845443020571644,9.647981404701552e-06,9.055833289548171e-06,0.9925527650173164,0.9932206760776459,6.035783355646858e-06,6.08606433248066e-06,0.99694002654015,0.9974147609302002,2.18485877347197e-06,1.2652852759725082e-06
0.27,0.9845393246174,0.9845441066545378,8.941598621643715e-06,9.052972895381322e-06,0.9929340065092775,0.9932094221018511,8.351762556286569e-06,6.142796584625336e-06,0.99715936255373,0.9974047345881538,1.4102594408128618e-06,1.268915375863027e-06
0.271,0.984786841249647,0.9845536354462531,7.85948651209274e-06,9.02309883867194e-06,0.9932681707401504,0.9932117283389892,3.33421898228931e-06,6.072495316224019e-06,0.9973595055607072,0.9974029590769958,1.791728424099814e-06,1.2820018650514457e-06
0.272,0.9844154340724024,0.9845482104304839,1.2357709899917664e-05,9.106538873408366e-06,0.993003658906949,0.9932035606926161,7.011900301959354e-06,6.096001501263796e-06,0.996994901470216,0.9973869410093759,2.5511729226268112e-06,1.3137595948692652e-06
0.273,0.984560089853558,0.9845486767323673,1.2358382435037136e-05,9.187880935928902e-06,0.9930947120184832,0.9931992880657867,9.380896858214944e-06,6.1781703259426505e-06,0.997110684479531,0.9973760971376374,1.7177163161682993e-06,1.323864223907151e-06
0.274,0.9846375123847566,0.9845521636601411,1.0614602072367946e-05,9.22355761914048e-06,0.9932635301015552,0.9932018096585563,7.682220119321937e-06,6.215780694670179e-06,0.9966680366698356,0.9973483047407316,2.6195058709359528e-06,1.3562631247267908e-06
0.275,0.9847225969269008,0.9845588531730208,1.1239918763173504e-05,9.2739630164349e-06,0.9929439530055046,0.9931916887740921,9.127609965743327e-06,6.28857118247357e-06,0.9970633396140476,0.9973371198475386,1.810282362976964e-06,1.3676127880304276e-06
0.276,0.9844730121849732,0.9845554840263836,1.2453534424278947e-05,9.353422194137335e-06,0.992705952869724,0.993172624274416,7.634565116166465e-06,6.322208285543453e-06,0.9968839595463144,0.9973193338977288,2.7074459313130917e-06,1.4010959296768348e-06
0.277,0.9845724160930814,0.9845561485659465,1.4571230381002712e-05,9.483778991940981e-06,0.9932215889244288,0.9931745460095297,5.930078423851843e-06,6.3124116829734345e-06,0.9968073990230254,0.9972992417858804,3.794883023156961e-06,1.4609000483708247e-06
0.278,0.9836644863968342,0.9845211542555251,9.30127336165194e-06,9.479220773057078e-06,0.9921160751707372,0.9931330051004413,9.183956279129906e-06,6.3841307240980174e-06,0.9972296940562632,0.9972965123050033,1.397774282021774e-06,1.4593234336670627e-06
0.279,0.984901432995055,0.9845360782786415,8.474980722316844e-06,9.454146234746546e-06,0.9930223154641636,0.9931286610903276,9.32742000173687e-06,6.4576207424424696e-06,0.9970039152291016,0.9972850293450831,1.5937379044166828e-06,1.46267958421475e-06
0.28,0.9845904115372328,0.9845382105226724,1.5837090561238485e-05,9.613475680573514e-06,0.9926106171991234,0.9931083310747285,1.0912220144180278e-05,6.568815328789444e-06,0.9969577564121096,0.9972721859085606,2.6945114246774677e-06,1.493428259818632e-06
0.281,0.9839263442789592,0.9845141992358437,1.3003076805472702e-05,9.698063177053537e-06,0.9920664479356311,0.9930674447614991,1.0577069948400332e-05,6.668841323304491e-06,0.9971112856919202,0.9972658717487384,2.106922176673907e-06,1.5087380005876298e-06
0.282,0.9844098627933208,0.984510104902179,1.3113521641564763e-05,9.783273478424259e-06,0.9929146459909068,0.9930614486863483,9.193756354201472e-06,6.731833970690994e-06,0.9970387936372976,0.9972569608300441,1.7931410809618372e-06,1.515833408844312e-06
0.283,0.9845355993531512,0.9845111053204102,1.1032403246002813e-05,9.814429286773766e-06,0.9928938450662326,0.9930548718152732,5.205485608490264e-06,6.6937637731169684e-06,0.9969485109779458,0.9972448570645706,1.967090440107359e-06,1.527088666662444e-06
0.284,0.9840013458563628,0.9844911025384977,1.0763105155056932e-05,9.838085241240662e-06,0.9925873528457664,0.993036526535496,7.888271682437692e-06,6.723549736540255e-06,0.9968937252756036,0.9972310787767846,1.8522893857758832e-06,1.5351977939852156e-06
0.285,0.9836388176742632,0.984457659981805,1.2230493898061436e-05,9.897727194433261e-06,0.9922473946618904,0.9930055620205451,8.74748476792679e-06,6.774005764636736e-06,0.9965709898320048,0.9972051777396028,2.7507524215847302e-06,1.565501167113232e-06
0.286,0.983798834665918,0.9844318091229126,9.440323286650804e-06,9.886326983718083e-06,0.9920409823142152,0.9929677140306796,1.1130453058747638e-05,6.882584673293658e-06,0.9970026570179216,0.9971972312711344,2.2431396709429165e-06,1.5823904450597824e-06
0.287,0.9833860722037638,0.9843907776097441,1.3536314877763876e-05,9.977277156126223e-06,0.992006809802778,0.9929300110924368,9.831697263388462e-06,6.956070478262406e-06,0.9968731856324606,0.9971845167129629,1.917899901657888e-06,1.590750648931126e-06
0.288,0.9847686045230684,0.9844056020653538,8.98799034324012e-06,9.952631752717323e-06,0.9923739947292586,0.9929081951772561,1.0598344476983236e-05,7.0468078770177256e-06,0.996884244567022,0.9971727352041786,1.8628944680947523e-06,1.5975303756202544e-06
0.289,0.9835150485807976,0.9843706609306666,1.527415004282396e-05,1.0085173694854899e-05,0.9924873589197646,0.9928916835397079,1.1927565517913146e-05,7.16837188592657e-06,0.996874149495784,0.9971610201038128,2.030384143404618e-06,1.608311373808378e-06
0.29,0.98420124221877,0.9843640138667692,1.5434915672775466e-05,1.0218389899356683e-05,0.9922484154219507,0.9928664452160659,1.1516422827151074e-05,7.27664455510593e-06,0.9966100222905347,0.9971394019623978,1.8611587489548504e-06,1.6146076340344352e-06
0.291,0.9842744522171494,0.9843605000235699,9.91607225971325e-06,1.0210863340085048e-05,0.9926257300539998,0.9928570010472864,6.968723536388279e-06,7.268978493009474e-06,0.9968904535644276,0.9971296347725472,2.3149536337635745e-06,1.6320435854523902e-06
0.292,0.9850167889831684,0.9843862482623831,1.2147344451371376e-05,1.0259064480337803e-05,0.9930219637893604,0.9928634730441348,9.00989573824142e-06,7.312311833994206e-06,0.9969708766871744,0.9971234062035063,2.105218855511991e-06,1.6438214372596448e-06
0.293,0.9838891171251994,0.9843667446148144,1.4081820778237232e-05,1.0354198078334377e-05,0.9922151143589888,0.9928380363769312,1.1536807163257817e-05,7.417443160470185e-06,0.9966753704022424,0.9971058286837889,2.6206944913584307e-06,1.6681320239620685e-06
0.294,0.9835487245442616,0.9843346522606727,1.4655499663622556e-05,1.0461219970513618e-05,0.992141798380624,0.9928107217459721,1.0744808948782818e-05,7.500232282687438e-06,0.9968134549908688,0.9970943583538634,3.022647715722862e-06,1.701834109120322e-06
0.295,0.9836032878269892,0.9843059600190457,1.6663321493559625e-05,1.0615506896937418e-05,0.9919949793085998,0.9927787192612456,9.891015222251444e-06,7.5597067285863235e-06,0.9967055203058484,0.9970791038039926,2.0373855988045685e-06,1.710181474575069e-06
0.296,0.9839513463676196,0.9842920483450146,1.193629261018336e-05,1.0648357412965887e-05,0.9924088334047168,0.9927642084508354,9.816807504884449e-06,7.615845225911096e-06,0.9965844071016464,0.9970596966005767,3.19892738806802e-06,1.747209488281645e-06
0.297,0.9842018398358844,0.9842885094717441,1.1568632908137698e-05,1.0671242326105838e-05,0.9921537406904382,0.9927402598448715,6.934073288578191e-06,7.598891290215776e-06,0.9968140548859276,0.9970500600939272,2.720432375240972e-06,1.7714110685157459e-06
0.298,0.9844306902401416,0.9842940871335436,1.3439972301343443e-05,1.074008148259005e-05,0.9918512530110316,0.9927053846679228,1.0539437371793888e-05,7.672002324397221e-06,0.9963666747639816,0.9970232513187876,3.100133391093923e-06,1.8044471986931471e-06
0.299,0.9838292568244116,0.9842758523834155,1.4425981125640468e-05,1.0831708567995053e-05,0.9920828015758428,0.9926809614603674,1.327954514351303e-05,7.811399175792264e-06,0.9967486522905824,0.9970124791196293,2.55906821997143e-06,1.8232061806137333e-06
0.3,0.98412958989193,0.9842701147521276,1.4610279469969276e-05,1.0925623624354213e-05,0.9922258625452454,0.9926631086961489,1.1060240570707883e-05,7.89214799078633e-06,0.9966768212367016,0.9969993118260083,2.728479001972844e-06,1.8457064195252058e-06
0.301,0.9841574760266378,0.9842656961803764,1.2599485185910997e-05,1.0967220074855666e-05,0.9927765237322532,0.9926675577208739,1.2715013132999489e-05,8.011999044045879e-06,0.9965298487890458,0.9969808958140699,2.8530364150819954e-06,1.8707391661161703e-06
0.302,0.984609648664578,0.9842791885231038,1.525979563572093e-05,1.1073876134906102e-05,0.9925725248863748,0.9926638298350979,1.479547681740142e-05,8.180545643281505e-06,0.9966716354339672,0.9969687643504751,2.230894844200598e-06,1.8796878229504216e-06
0.303,0.9843130145284102,0.984280515412011,1.3439045870882952e-05,1.1132633521389682e-05,0.9919401275168446,0.9926354412456256,1.1766484256142515e-05,8.269630319859799e-06,0.9968451412666832,0.996963915001666,2.183471056903033e-06,1.8872346423659898e-06
0.304,0.9837875506894204,0.9842611781568643,1.1867810578612202e-05,1.1150894596660881e-05,0.99189518706546,0.9926064037033852,1.0558651062695914e-05,8.32648734453381e-06,0.9966353454699424,0.9969510263859555,2.75252528241232e-06,1.908727611106129e-06
0.305,0.9841425959062936,0.984256526646416,1.678511666377792e-05,1.1290822471631459e-05,0.992207684809668,0.9925907635456791,1.057719499000466e-05,8.382384455840238e-06,0.9964212600627396,0.996930245758368,2.189386104656042e-06,1.915697862922096e-06
0.306,0.9839244174354363,0.9842434994565573,1.3220602909547406e-05,1.1338742343470546e-05,0.9922507003151128,0.992577424354467,1.1852867986809248e-05,8.46856271879501e-06,0.9962877595944726,0.996905043839957,4.02203778267506e-06,1.9680020199240806e-06
0.307,0.9842874958012284,0.9842452252233307,1.7120470162215498e-05,1.1482292745620235e-05,0.9916335265860154,0.9925403997466649,1.546301449154497e-05,8.642222980272489e-06,0.996536522412724,0.9968905885019258,3.360908015597244e-06,2.0025854908352035e-06
0.308,0.9835114354487005,0.9842164424247929,1.681749841510584e-05,1.1614738631565189e-05,0.9920670654955366,0.9925218332786351,9.288777234049908e-06,8.658273617540852e-06,0.9961936946990416,0.9968632529425816,4.460235496965576e-06,2.0635963782441503e-06
0.309,0.9837483514378964,0.9841980817914191,1.893367235252781e-05,1.1796406087086169e-05,0.991883956244667,0.9924968128730169,1.2730106478730264e-05,8.759342918534836e-06,0.9965857147726974,0.996852366647551,2.680176079792671e-06,2.078900856980634e-06
0.31,0.983797442490678,0.9841823670549403,1.5661688483985424e-05,1.1892335988816973e-05,0.9916447119560374,0.9924633899378758,1.0622031657612173e-05,8.805571765316668e-06,0.9965597829060892,0.9968408902986593,2.726023327656144e-06,2.0949613639877022e-06
0.311,0.9831871362046226,0.9841433303001037,1.5187872705378616e-05,1.1974115362514752e-05,0.9915158318703684,0.9924262230916482,9.724592852236e-06,8.828377449296948e-06,0.9963402923129668,0.9968212549338262,3.0697850254232903e-06,2.1191517995235427e-06
0.312,0.9839516057276724,0.9841358101913171,1.1663572079082072e-05,1.1966410125727218e-05,0.9921442679625264,0.992415163824612,1.2082386892416015e-05,8.909116317614925e-06,0.9965066276120824,0.9968089141490393,2.8453131173569915e-06,2.1371694002843956e-06
0.313,0.9836723743809026,0.9841176327587948,1.710800300696371e-05,1.2093968534200932e-05,0.9918081569842528,0.992391355077784,1.3599044058423454e-05,9.025469310217167e-06,0.9966614619613908,0.9968031306033335,2.911068950775921e-06,2.1563691691613666e-06
0.314,0.9837221280783424,0.9841021199185962,1.5063836439103858e-05,1.2167639675491217e-05,0.9920800053172728,0.9923791430375241,9.39974173076236e-06,9.034753587248318e-06,0.9964033203531166,0.9967874488862061,2.541649604370625e-06,2.165926513220954e-06
0.315,0.9843294478863274,0.9841110363162378,1.2283235838888224e-05,1.217050684792233e-05,0.9915540256522084,0.9923467797749573,1.0938977597537751e-05,9.08198472731837e-06,0.9964563757074988,0.9967744633299663,2.9457980971156297e-06,2.185269943309299e-06
0.316,0.9837285046674672,0.9840960325281498,9.212367149513363e-06,1.2097143281486246e-05,0.9916065930968152,0.992317747918116,1.1057971161635203e-05,9.130990327739733e-06,0.9963070473757448,0.9967561301804123,4.16732983016676e-06,2.2344261688479285e-06
0.317,0.9834920018514648,0.9840723411866363,1.4756970127102927e-05,1.2163101313785083e-05,0.9919800998388432,0.9923045046570266,1.1261566388592203e-05,9.183824069480638e-06,0.9963165147995324,0.9967388875493257,2.489997076469222e-06,2.240763782218253e-06
0.318,0.982588918266483,0.9840141586214961,1.9586290527580145e-05,1.2347160968451212e-05,0.9908705866892272,0.99224826376683,1.5926947408149968e-05,9.35102133703514e-06,0.9962449120923113,0.9967195129267451,2.716616732183272e-06,2.2525626636854877e-06
0.319,0.9838522571134656,0.9840078085867122,1.6722664552435108e-05,1.2455641301317143e-05,0.9916920918423796,0.9922264498188994,1.3716822868730092e-05,9.459261130305664e-06,0.9963607970723182,0.9967054435200986,3.369171659518472e-06,2.280246360710086e-06
0.32,0.9835664171172932,0.9839904966131097,1.602009053503566e-05,1.2544004496254648e-05,0.9921599042817876,0.9922238398124502,9.924082951119211e-06,9.470784128241842e-06,0.9968363687405988,0.9967105785852691,1.729103061886037e-06,2.266583441263291e-06
0.321,0.984309231683163,0.9840029977650251,1.107277505136214e-05,1.2507536114999571e-05,0.9915363730775202,0.9921968765853137,1.665833477579898e-05,9.648946914621124e-06,0.9961161731424016,0.9966872653278375,3.761721491991378e-06,2.3036444616583175e-06
0.322,0.984110187062821,0.9840072018282651,2.1108888319271964e-05,1.2720723240866065e-05,0.9920983766164542,0.9921930133255784,1.1248690310299064e-05,9.688597040386127e-06,0.9962028891791492,0.9966682676480046,3.303306134864694e-06,2.328421379739163e-06
0.323,0.9839276467818898,0.9840040816222247,1.2130264644414656e-05,1.2706089920017963e-05,0.9920384451561272,0.9921869510509905,1.0511770670154692e-05,9.708997732171281e-06,0.9963665514919126,0.9966564341237267,2.453859496463886e-06,2.3315301094954002e-06
0.324,0.9842147676542066,0.984012344838096,1.532338807192842e-05,1.2770948413469148e-05,0.9924741715089184,0.9921982159868962,8.618178633028247e-06,9.681966465845527e-06,0.9963338834397386,0.9966437835179599,2.420838644135378e-06,2.333743237948058e-06
0.325,0.9831368087920104,0.9839780060245146,1.5946351575130634e-05,1.284963011256363e-05,0.991197096537472,0.9921589517506604,1.379718630424478e-05,9.783935404134027e-06,0.9964893178921216,0.9966377253249772,2.7605289160643063e-06,2.344318343090237e-06
0.326,0.984243486609651,0.9839884182125909,1.4030627262804857e-05,1.2878890890399923e-05,0.9923979416492448,0.992168324970066,6.671696280926215e-06,9.706825533429432e-06,0.9962256791809284,0.9966215648138582,2.96611608698374e-06,2.359724210614522e-06
0.327,0.9835519839434226,0.9839713012719599,2.30864579162332e-05,1.3131775474293253e-05,0.9915746995628996,0.9921450429971108,1.0516652056644775e-05,9.72688835964755e-06,0.9959065197437084,0.9965935207648939,3.193730053340567e-06,2.380386060785931e-06
0.328,0.983635703010243,0.9839581391733396,2.399566462332559e-05,1.3400897629623057e-05,0.9914722396080488,0.9921186557789125,1.524079472991805e-05,9.863479809200965e-06,0.9958826762151102,0.9965656415797631,4.183299297805599e-06,2.4250481417003502e-06
0.329,0.9840782594436068,0.9839628502475941,1.829930035175608e-05,1.3522231909754614e-05,0.9920760214176956,0.9921169836744372,1.4757634238189972e-05,9.984708858378748e-06,0.9959574542433862,0.996541788688857,5.744061988936341e-06,2.50726068704323e-06
0.33,0.9837438471787237,0.9839542610591613,1.4575147051830086e-05,1.3548310744005417e-05,0.9918932754290436,0.9921082099513859,1.602720186237165e-05,1.0134370656576607e-05,0.9958892210974032,0.996516195321435,4.59450782539657e-06,2.5589580840948893e-06
0.331,0.983683630688355,0.9839436471146932,1.780368733653226e-05,1.3653700748608523e-05,0.9916402530854764,0.9920898569920585,1.6274140216765e-05,1.0286430134308055e-05,0.9962451513404128,0.9965055651554474,3.0733677876953618e-06,2.5716981177561977e-06
0.332,0.983552159221858,0.9839282932740989,1.7065077112959908e-05,1.3738181643638547e-05,0.9915956177032156,0.9920704733242742,1.502107300011489e-05,1.0403681010268478e-05,0.9960967007462608,0.996489529821844,3.038487276085139e-06,2.5832578994027e-06
0.333,0.9826215341004464,0.9838770434091949,1.0893662262193302e-05,1.3667743805114663e-05,0.9905865021793794,0.9920122733726454,1.1397734952390833e-05,1.0428296420350048e-05,0.9964034992013496,0.9964861557818778,2.4421625138002187e-06,2.579764003719527e-06
0.334,0.983255067939667,0.9838526501989341,1.8618568007127007e-05,1.3790330593711576e-05,0.9911460315412042,0.991978300297876,1.5647759798553664e-05,1.0557534952688383e-05,0.9964089035050652,0.996483126030507,2.43599942210274e-06,2.576204265450651e-06
0.335,0.9838938654827096,0.9838542666128839,1.3589972717515e-05,1.3785369900287144e-05,0.9913114874920792,0.9919521487001556,1.2600312190414665e-05,1.0608112408404796e-05,0.995757464099932,0.9964546664407624,3.7686392589978015e-06,2.6057279584735675e-06
0.336,0.9835070065063152,0.9838406475307964,1.859475639556909e-05,1.3904438213589557e-05,0.9914806314277222,0.9919336564163675,1.407397739361829e-05,1.0693918508273896e-05,0.9959326357592184,0.996434193087879,5.369779970513957e-06,2.6741589342906797e-06
0.337,0.9834966357902244,0.9838271558856819,1.695745201123905e-05,1.3980018158574638e-05,0.9910930285558928,0.9919006882021197,1.7227084099288178e-05,1.0855652561466659e-05,0.995792621174127,0.9964090315612364,4.555513184298193e-06,2.7207334538105357e-06
0.338,0.9837263486942236,0.9838232023841491,2.501866456201013e-05,1.4253271587083063e-05,0.9915992291035458,0.9918888654443281,1.6020206866925078e-05,1.0983497237263616e-05,0.9957446082113444,0.9963829739090572,4.219543559885724e-06,2.7578353760209125e-06
0.339,0.9840838509582368,0.9838334245883096,1.508557625730326e-05,1.4273873370439079e-05,0.9908705888113536,0.9918489303260544,1.6608708358567787e-05,1.1122736370479458e-05,0.9960945501385212,0.9963716624078244,3.3190466177796107e-06,2.771726866521157e-06
0.34,0.9836040466142126,0.9838244287890071,1.9666822022905505e-05,1.4407355194361256e-05,0.9914394333374028,0.9918328705769028,1.377869763239377e-05,1.1188474536435264e-05,0.9959220291486762,0.9963540285849826,3.4054412082604207e-06,2.7874120420405484e-06
0.341,0.9835064451678142,0.9838119580643956,2.030615608921696e-05,1.4553348723305394e-05,0.9911033191109796,0.9918042589289586,1.692435311392528e-05,1.1330435787552105e-05,0.995965778234817,0.9963388021303018,3.918752125924421e-06,2.815412365195413e-06
0.342,0.9826290939726718,0.9837655684542552,2.205215856770845e-05,1.4738931160852108e-05,0.9906727497805884,0.9917598833589922,2.3260493131739813e-05,1.1625683855971775e-05,0.9956084770844822,0.9963101602141354,5.035467856306889e-06,2.8703548584814565e-06
0.343,0.984253024812702,0.9837846854917779,1.666991241084969e-05,1.4786716853172717e-05,0.9912347364441432,0.9917392881752344,1.3763699630911815e-05,1.1678592999443794e-05,0.9961905343746263,0.9963054687343281,2.82005134272596e-06,2.8691100052098155e-06
0.344,0.9833382249106832,0.9837671762640491,1.8852621850487148e-05,1.4887329588414291e-05,0.9909535609076524,0.9917084736347278,2.11328773419164e-05,1.1912543720888602e-05,0.9954854147140744,0.9962733079721052,4.733686358965338e-06,2.9152498257767045e-06
0.345,0.9831084413685076,0.9837413421484803,2.3014996860219544e-05,1.508844166244466e-05,0.990882665457332,0.9916760872771249,1.7125553990396183e-05,1.2041535136528754e-05,0.9957398465058848,0.9962523868014445,5.009888913674182e-06,2.9670798524281986e-06
0.346,0.983483297878149,0.9837312222479919,2.0698698450194495e-05,1.5227255272692802e-05,0.9908785089543998,0.9916448080968224,1.196903342721756e-05,1.2039741239315239e-05,0.9957237536029648,0.9962316550279523,3.965901682127934e-06,2.9917935276521245e-06
0.347,0.9832892542290428,0.9837138893174908,2.775386795981033e-05,1.5537183125372902e-05,0.9908676587165854,0.9916143301535798,1.2277137525702296e-05,1.2045614792135296e-05,0.9958747112125956,0.9962176565437203,2.582920788513967e-06,2.981677381074779e-06
0.348,0.9836973460781814,0.9837132405323918,1.5995268598889965e-05,1.5548516302560547e-05,0.9909064885094352,0.9915865703477454,1.4555835826078036e-05,1.2107718441786971e-05,0.9959025259819672,0.9962052978992706,4.614205054523581e-06,3.0220666238177912e-06
0.349,0.9834795115853896,0.9837040742757401,2.2999385171259733e-05,1.5732844093915716e-05,0.9913151654010672,0.9915759265339188,1.9922068894145438e-05,1.2301038440453113e-05,0.9955035669865948,0.9961777777922042,4.233098551431136e-06,3.0520264639936574e-06
0.35,0.983204733115034,0.983684491416381,1.922691779564662e-05,1.5819280206605683e-05,0.9903959638994552,0.9915296514736234,1.5098472873539567e-05,1.2370241147248124e-05,0.9959063378129052,0.996167132623415,5.82512606237136e-06,3.120627177615447e-06
0.351,0.9835424821009172,0.9836789221905282,1.9841912718507976e-05,1.5918787131247456e-05,0.9911002013297892,0.9915128095866268,1.161194693691427e-05,1.2351483399772877e-05,0.9952048142361024,0.996129393067924,4.464959010231983e-06,3.153881601420233e-06
0.352,0.9838301795046932,0.9836848540884396,2.169535254020751e-05,1.606167419753013e-05,0.9913420730582384,0.9915061137672428,1.27242564240733e-05,1.2360704180645362e-05,0.9957869021335508,0.9961159615107825,4.167920576076307e-06,3.178964508637063e-06
0.353,0.984305308907722,0.9837091865900635,1.4592315175922977e-05,1.6025330265195488e-05,0.991771073999744,0.9915165047660508,1.1687139712376874e-05,1.2344043867476294e-05,0.9957935966969776,0.9961033192649467,3.900104582160919e-06,3.1968015829330954e-06
0.354,0.9828926522584877,0.983677164447229,2.2225521384885405e-05,1.617868257123934e-05,0.9908406266323738,0.9914899987573033,1.584956496896937e-05,1.2430747605219501e-05,0.99567931361642,0.996086690975217,3.3105071596682062e-06,3.199613917595974e-06
0.355,0.9834283301017998,0.9836674058895739,1.3407236065803357e-05,1.6110137940458372e-05,0.9908181939915516,0.991463652532757,1.408594799601262e-05,1.2471684747406042e-05,0.995655715676978,0.9960697893803488,3.268568578506144e-06,3.2013193345193902e-06
0.356,0.9834426249005912,0.9836585906467705,1.977305532519132e-05,1.6200727098643356e-05,0.9907960514236364,0.9914374711999883,1.713588563391131e-05,1.2587037071123538e-05,0.995592793049111,0.9960510830008851,4.151759206324191e-06,3.224825064747187e-06
0.357,0.9834814681219004,0.9836516444367216,2.206644318999741e-05,1.6345788790930912e-05,0.991163146258958,0.9914267130049847,1.721165274148331e-05,1.2701405813980147e-05,0.9956670605671047,0.996036022801791,3.7716586018557382e-06,3.238348494292214e-06
0.358,0.9841759415122276,0.9836722057567187,1.6137320082196182e-05,1.6340633471166476e-05,0.9912344362294038,0.9914191725007642,1.669999831249835e-05,1.2800288869680237e-05,0.995833919985818,0.9960280969504641,3.836597127371513e-06,3.2531428632931077e-06
0.359,0.9828328559819084,0.9836392890789273,2.7224177808374024e-05,1.6609767450574265e-05,0.9911043970987352,0.9914068279921978,1.9406428006057523e-05,1.2963648935042081e-05,0.9953967441150438,0.9960033372632874,6.018350368555262e-06,3.321522361434651e-06
0.36,0.9833572862678704,0.9836282298222464,2.12949382983804e-05,1.6725620501203248e-05,0.9903191306117524,0.9913641719474711,2.0655778956121564e-05,1.3153856882142696e-05,0.9955279797299964,0.9959846952470742,6.825389955325114e-06,3.4081646126862426e-06
0.361,0.9832886939978924,0.9836149143183333,1.989799440434838e-05,1.6804062864413826e-05,0.990630599045972,0.9913354035756533,1.8282994509898907e-05,1.328068357062182e-05,0.9956374946246594,0.9959710791544124,4.856844894198594e-06,3.4439857070111367e-06
0.362,0.9833967340031052,0.9836063579969185,1.904451862008417e-05,1.6859460001411805e-05,0.9906520079865004,0.9913086030262632,1.2097048485692887e-05,1.3251417206048686e-05,0.9955799548442053,0.9959557405327418,4.053188790737227e-06,3.4590487613041547e-06
0.363,0.9836269323974286,0.9836071648570489,2.1457026628410317e-05,1.6973134751384762e-05,0.991040649448657,0.9912980947707022,1.950923288086906e-05,1.3406141583077771e-05,0.9958118468301528,0.9959500974963101,3.234443591668187e-06,3.453495402631532e-06
0.364,0.9829977850720906,0.9835832670159822,1.883739161373923e-05,1.701922691810826e-05,0.9908577434337028,0.9912808256611504,1.4244991790790051e-05,1.3426881441629817e-05,0.9954311869606296,0.9959297475572154,4.004055151926113e-06,3.467107524581124e-06
0.365,0.983223218303822,0.9835691471211053,2.114250405882265e-05,1.71211680986804e-05,0.9911120793420412,0.9912742080002445,2.1615953423186167e-05,1.3629342648359533e-05,0.9955985991570302,0.9959167610349995,3.9263056469425126e-06,3.4784604356546493e-06
0.366,0.98375713718002,0.9835765194496034,2.9969317654046517e-05,1.7438807103428322e-05,0.9906110143219008,0.9912481998076685,1.91790542734548e-05,1.3766545664999156e-05,0.9957260865052624,0.9959092834307178,4.063341110772022e-06,3.492920176704517e-06
0.367,0.983645971785345,0.9835792431307162,2.2151905575856106e-05,1.755532327631676e-05,0.9910765662525444,0.9912414689314868,1.7542441319431837e-05,1.3859892518126534e-05,0.99550748246287,0.9958935261823035,4.286746887664078e-06,3.5125449842146347e-06
0.368,0.98301060603416,0.9835569431639392,1.995613467293869e-05,1.7614673796626994e-05,0.9902206864923806,0.9912014373988687,1.819241286861515e-05,1.3966996865189354e-05,0.9952660433667314,0.9958689184913435,4.152858644907037e-06,3.5283741946962727e-06
0.369,0.9826925996368516,0.9835230466488707,2.34666975964956e-05,1.775933753571842e-05,0.9906538618124986,0.9911799634090338,1.2723627107240483e-05,1.393626040129081e-05,0.99553563794945,0.9958558483999316,5.51312278824596e-06,3.5774377601427746e-06
0.37,0.9828937259131506,0.983498366921318,2.0130532528022684e-05,1.7817952473131564e-05,0.9901557938790648,0.9911397991119866,2.217857207893392e-05,1.4140006860225085e-05,0.99543431436994,0.9958393173301227,5.1623883516507785e-06,3.616617068477045e-06
0.371,0.983630154058428,0.9835035351415241,2.632067003860253e-05,1.8028130124467937e-05,0.9900626689776156,0.9910975579202649,2.9123077683463383e-05,1.4510371583172382e-05,0.9953953375700806,0.9958219060317418,4.244113813259194e-06,3.632128084928434e-06
0.372,0.983174514196382,0.9834906321262505,2.4335058141062755e-05,1.8184026027938804e-05,0.9907024469424692,0.99108206309218,2.0183526734701507e-05,1.4650601762675136e-05,0.995078705795606,0.9957927603978854,4.246969807583803e-06,3.6473258651461152e-06
0.373,0.9820735740923454,0.9834350602583481,2.525687310650081e-05,1.8358849378929288e-05,0.9893894628338012,0.9910156854592818,2.689752526049369e-05,1.4953315532876998e-05,0.9955063457227276,0.9957815282548734,5.424367576821895e-06,3.6912499573022525e-06
0.374,0.9826070955532518,0.9834025905127218,2.8039405019557447e-05,1.8598122596057675e-05,0.990354286191069,0.9909897478005095,1.640055586005566e-05,1.4989086811086345e-05,0.9950046899398872,0.9957510634991595,5.0396998280004684e-06,3.7245794427859374e-06
0.375,0.9835275057778832,0.9834074892290645,2.1007067046136527e-05,1.8657662688011326e-05,0.9909015012684124,0.9909862870967403,1.3350137912876736e-05,1.4948578127665462e-05,0.9953941593302204,0.9957370670329722,5.585420381394496e-06,3.7705724670718425e-06
0.376,0.983708889075857,0.9834193090128633,1.81842889126806e-05,1.864596295108455e-05,0.9909277770370046,0.9909839925492696,1.2890344334933136e-05,1.4897707557381034e-05,0.9953280067653166,0.995721025206887,5.207580795968465e-06,3.806089050976242e-06
0.377,0.9827694616147682,0.9833938244242276,2.814955085179949e-05,1.888084452669737e-05,0.9896341293006338,0.9909310559526056,1.9895708119733547e-05,1.5021233351982335e-05,0.9953719730357836,0.9957073366839829,3.995510100074956e-06,3.810770600190218e-06
0.378,0.9826962297664732,0.9833664673822092,2.9714153670784225e-05,1.9148583877723406e-05,0.9902323862233802,0.9909036567503223,1.7776685917053425e-05,1.5089332865412897e-05,0.99495512948926,0.9956778379434121,8.282968103770981e-06,3.921298532269267e-06
0.379,0.9838561834646912,0.9833856721966818,3.1109496016515536e-05,1.9444184496251456e-05,0.98999849834799,0.9908681598577208,2.7059597760455707e-05,1.5385164626892304e-05,0.9951959492374738,0.9956589400890735,6.425205199259005e-06,3.983179796081763e-06
0.38,0.98397014486525,0.9834085929941713,2.3252794975434782e-05,1.953830794087839e-05,0.9905979476159672,0.9908575631602096,1.830535138107337e-05,1.54573321635201e-05,0.9946958507449246,0.9956211713840363,7.884994957650793e-06,4.07960663870895e-06
0.381,0.9841369366772348,0.9834371558515497,1.5235448463463906e-05,1.9431972294364386e-05,0.991239069072866,0.9908725243649616,1.0625071379852117e-05,1.5337913535686048e-05,0.995053977955153,0.9955989282241217,5.962590372289321e-06,4.1261404132225276e-06
0.382,0.9830508437689884,0.9834220061746589,2.708115509716932e-05,1.9621000863384282e-05,0.9903877490132263,0.990853513336638,1.7338523562713585e-05,1.5387353124244083e-05,0.9952372995066882,0.9955847465340559,4.407133031741271e-06,4.133084374944069e-06
0.383,0.9834126843692036,0.9834216406094074,2.3323916382733588e-05,1.9712506349917836e-05,0.9903290561937408,0.9908329461505637,2.3227764578064685e-05,1.5581103335653496e-05,0.9955840302907868,0.9955847184457578,5.661718528827636e-06,4.170859585113461e-06
0.384,0.9837515686421918,0.9834345791082668,2.263909333011389e-05,1.9784825933197285e-05,0.9900411255827676,0.9908018940164758,2.074593866642953e-05,1.570873280347942e-05,0.99540457610098,0.9955776539611101,5.512870704795816e-06,4.204022339403208e-06
0.385,0.9836087364812258,0.9834414088825197,1.5813481568679484e-05,1.968669105379189e-05,0.9907746456596244,0.9908008254419853,1.5217638856966286e-05,1.5696597506009785e-05,0.9948322909006798,0.9955484237232358,6.056530404874118e-06,4.24979919452229e-06
0.386,0.9828976196097284,0.9834200835929445,2.9271331608755342e-05,1.992353007441628e-05,0.9900833799992956,0.9907726900362586,1.8266990593685094e-05,1.5760112603734495e-05,0.9947212887874052,0.9955159867243708,9.939773111187129e-06,4.390399965315241e-06
0.387,0.9838711805951864,0.9834377738468497,2.4965687892382683e-05,2.00481207810918e-05,0.9909031493381312,0.9907778061380347,1.3773997482793216e-05,1.571103609812111e-05,0.9951237341004512,0.9955006041160237,5.662901735380189e-06,4.42184322839862e-06
0.388,0.983348804430482,0.9834342848168948,1.847954181810634e-05,2.00093622248046e-05,0.9907784572930064,0.990777831673767,2.054523706129471e-05,1.583048602991044e-05,0.9945414985207034,0.9954629917736185,6.68136106947776e-06,4.477674430711005e-06
0.389,0.9818902597094876,0.9833737342585289,3.218352815958795e-05,2.031017246161937e-05,0.9895850708040876,0.9907310563096168,2.0549350964761647e-05,1.5947083987105507e-05,0.995131969824138,0.9954500104018932,4.516163899904849e-06,4.4786254631189e-06
0.39,0.982659864693463,0.9833457391274627,1.9555095395309868e-05,2.0291515665889573e-05,0.9896143161168852,0.990687262191486,1.8636171132890267e-05,1.6013527204383645e-05,0.995014320766414,0.9954329243835974,4.418651515310344e-06,4.4771435988916596e-06
0.391,0.9832172055753358,0.983340698553423,1.982699275179308e-05,2.0280038213790658e-05,0.990348651483272,0.9906739832280002,1.3359921443803063e-05,1.594796179935792e-05,0.9951518933236604,0.9954219034646108,3.838296290542538e-06,4.461358932177512e-06
0.392,0.9824908495323484,0.9833073708703145,2.751256081002293e-05,2.0458736710953966e-05,0.9896274262619532,0.9906329414452195,2.4585865535527557e-05,1.6161383934685774e-05,0.9946670790305,0.9953923022661406,7.476233894118611e-06,4.53584934927138e-06
0.393,0.9825177566720754,0.9832764053661514,2.869118077559352e-05,2.0662137588592107e-05,0.9900799774535444,0.9906112564136884,2.5677783248543424e-05,1.6396507788209142e-05,0.9949790262484433,0.995376095237094,4.281814039187544e-06,4.529572840786607e-06
0.394,0.9814908699114092,0.9832063838432719,2.337395797604002e-05,2.0729138091553486e-05,0.989890001445496,0.9905829716932013,1.879311088759637e-05,1.645572026916879e-05,0.9948999360104946,0.9953574221863344,6.283701257226798e-06,4.572911804791867e-06
0.395,0.9830783034736412,0.9832013610475198,2.1689604911772977e-05,2.075286782095512e-05,0.9893961602204456,0.9905364297317666,2.391517793470085e-05,1.6640017017541158e-05,0.9951298770015784,0.9953484987815168,6.385760324965146e-06,4.617700863533146e-06
0.396,0.9830989602980282,0.9831973453040781,2.22887750193311e-05,2.0790814068803798e-05,0.9897529159759196,0.9905057034896041,1.7456686366168718e-05,1.666019371672338e-05,0.9949236996327268,0.9953318398761449,7.238703477665087e-06,4.6824555667554835e-06
0.397,0.983335500029817,0.9832027631724638,2.774273060297928e-05,2.096256615397084e-05,0.9896071383480268,0.9904704654067445,2.754912332200159e-05,1.6929212534160244e-05,0.99447207480086,0.9952981233746241,8.412698641866786e-06,4.774613897940953e-06
0.398,0.982362695486802,0.9831698191313134,2.6555264583231344e-05,2.1100735796747832e-05,0.9892832175378546,0.9904239063695193,2.273612424824857e-05,1.707267439381915e-05,0.9946380248811773,0.9952722369939162,7.092315433915801e-06,4.8318735548560994e-06
0.399,0.982331134634654,0.9831369293414505,2.5100882837866377e-05,2.1199559495986397e-05,0.98896512041085,0.9903666987260885,2.992823368581233e-05,1.7390271200125607e-05,0.9948270723798948,0.9952547794509808,5.263733631810282e-06,4.842542665246134e-06
0.4,0.9824914848746028,0.9831116176445484,2.354312398618695e-05,2.125745650493519e-05,0.9893188577322148,0.990325606680218,3.052574138600653e-05,1.7714778777398835e-05,0.9953107794364814,0.9952569755417869,3.5904831968500465e-06,4.811610937721988e-06
0.401,0.983095441058509,0.983110983265033,3.0303524208779657e-05,2.1480933728728404e-05,0.9897308720834502,0.9903022836227833,2.787828512292543e-05,1.796586159663727e-05,0.994492766089559,0.9952270063739541,6.56465462277706e-06,4.854918742698712e-06
0.402,0.9831968597836376,0.9831143509899674,2.1208888629145512e-05,2.1474213118653857e-05,0.9893962727548444,0.9902667535915193,1.6597867893857114e-05,1.7932066640304962e-05,0.9942844104909409,0.995190041628411,7.931357367881915e-06,4.930919172222464e-06
0.403,0.9834490005499866,0.9831274745707255,3.499867292580508e-05,2.1808317534699064e-05,0.9908101698970015,0.9902880641462676,1.902194123331101e-05,1.7958990592880598e-05,0.9945938518444024,0.9951666615146672,6.1242552807718685e-06,4.960399008709667e-06
0.404,0.9832372522325524,0.9831317795986926,2.4529236048343413e-05,2.187553350264194e-05,0.990216979209366,0.9902852764876827,1.729437800912171e-05,1.7942572395165248e-05,0.995061499099534,0.9951625374776754,3.705119873853023e-06,4.92938933250482e-06
0.405,0.9828872328811402,0.9831221894850621,2.3894368570298483e-05,2.1925405013671958e-05,0.9899473449140964,0.9902720242051641,1.883993777014751e-05,1.7964740113525885e-05,0.9946448453292022,0.9951422357268315,5.57122250214806e-06,4.945244609893305e-06
0.406,0.9812953314837388,0.9830505476626757,3.477387450553897e-05,2.2242798477852944e-05,0.9895283055376028,0.9902428586320061,1.9539546407978743e-05,1.800364227424836e-05,0.9942343984461414,0.995106634099791,1.0422707721239942e-05,5.080553410130901e-06
0.407,0.9830853788990492,0.9830519135995981,2.875394349745164e-05,2.2403640295023333e-05,0.9899319165915208,0.9902306647721819,2.8314518456836087e-05,1.8258347100639786e-05,0.994709385710253,0.9950910556621829,7.108745144854025e-06,5.130654896613064e-06
0.408,0.981717310892141,0.9829995760145368,2.805915340111961e-05,2.2543344268936022e-05,0.9895345569996912,0.9902033663113358,2.1886574398281e-05,1.8347972526702825e-05,0.9938658298742606,0.9950430073864402,1.2144193213954186e-05,5.3039051668786015e-06
0.409,0.9825035839540818,0.9829801252655221,4.568418577145709e-05,2.311496919526421e-05,0.9900129892455468,0.9901959005133523,2.109040606709241e-05,1.8415716103370696e-05,0.9947065648475576,0.9950298135071357,6.180584322852923e-06,5.325560890067955e-06
0.41,0.9829067148829272,0.982977246415616,2.7290437710972635e-05,2.3218110496192654e-05,0.989277726116604,0.9901598935320173,2.586284901227383e-05,1.859967317873161e-05,0.9946966488744852,0.9950167481758088,8.265116529731238e-06,5.398173003339984e-06
0.411,0.9829752146954752,0.9829771667400139,2.108990854752436e-05,2.3165540769022714e-05,0.9901026983670732,0.990157650575859,1.4836525288236533e-05,1.8506717875299402e-05,0.9943775321869744,0.9949916807869829,7.55050071841782e-06,5.4513386725250676e-06
0.412,0.982722793182622,0.9829671912700124,2.7642175045648245e-05,2.3276119119849308e-05,0.98979538480976,0.9901434440234197,1.4557052321944896e-05,1.8409156297511598e-05,0.9944891545641747,0.9949719738044177,7.154680993546907e-06,5.493413314569251e-06
0.413,0.9825960996869832,0.9829526386079243,2.559568130018869e-05,2.3333414581994625e-05,0.989686270268461,0.9901255155780554,2.2524693933339224e-05,1.851081411587915e-05,0.9947361538181396,0.9949627259294161,5.928820967022385e-06,5.5041683108700004e-06
0.414,0.98249732690772,0.9829347831870242,3.142543001326032e-05,2.35332933807087e-05,0.9897219197754796,0.9901096882383994,1.888224911014467e-05,1.8519988836452136e-05,0.9941676656256732,0.994931546989016,8.436411644919147e-06,5.576596901760048e-06
0.415,0.9811439269999558,0.982864553305482,3.504571429246842e-05,2.3817656069428496e-05,0.9878607605727744,0.9900214947113624,3.771027350960961e-05,1.899399868970404e-05,0.9946238942165246,0.9949194821353866,7.445278856962128e-06,5.622754302468064e-06
0.416,0.9824869597211106,0.9828497456679233,2.639606017725388e-05,2.388134338757069e-05,0.9892416978249292,0.9899909143462776,2.252490389644252e-05,1.9081213057129613e-05,0.9940350061081132,0.9948847966931987,8.692070975156424e-06,5.698567301221587e-06
0.417,0.9832696767964294,0.982866213604483,2.232318032054459e-05,2.3842856658227977e-05,0.9901751930543063,0.9899981409838549,1.720152405133037e-05,1.9034784616136752e-05,0.9940910821520208,0.9948536705398289,7.238430704258099e-06,5.736602027670681e-06
0.418,0.9829744378538866,0.9828704577048692,2.8953411893415265e-05,2.3969086606622827e-05,0.9897637357050796,0.9899889485936123,2.2793947993241185e-05,1.912763538816883e-05,0.9941253309615996,0.9948251081214948,7.132100440084828e-06,5.771070629315229e-06
0.419,0.9821588101389144,0.9828425498802691,2.138659254038461e-05,2.3905299931906e-05,0.9891655638741323,0.9899566589077775,3.069037505760178e-05,1.9413230899799096e-05,0.9952196355488298,0.9948405798279528,4.910884380638502e-06,5.7498243383140065e-06
0.42,0.9825681597958948,0.9828317894563101,2.4651745900813163e-05,2.3923736726200253e-05,0.9894541353587484,0.9899369520497497,1.861178837928721e-05,1.939343572170874e-05,0.9945156207473288,0.9948278363008504,7.578186464635769e-06,5.79498385128954e-06
0.421,0.9821106889467044,0.9828035109330084,2.530028113132327e-05,2.395773632173205e-05,0.9893961642956168,0.989915744632888,2.112001356350733e-05,1.9436080875803902e-05,0.9941315125756832,0.9948005294186262,8.617500469974921e-06,5.864697856199168e-06
0.422,0.9826456441969412,0.9827973200654809,3.2580456955901954e-05,2.4170709258317317e-05,0.9899596714666132,0.9899174672580292,2.0408184401534497e-05,1.946009090133103e-05,0.9944232038592836,0.9947857323016981,7.118670657282876e-06,5.895669782714628e-06
0.423,0.9822272560283556,0.9827749645605425,2.276700435293021e-05,2.4136039358705094e-05,0.9892371945681736,0.9898907898349903,2.979432114579713e-05,1.971533452395441e-05,0.994284327424328,0.9947660693191519,1.1501179392198826e-05,6.034119434554066e-06
0.424,0.9813663058301376,0.9827197229170549,3.939897627660391e-05,2.4513013552655184e-05,0.9878679252523052,0.9898114616331427,2.6420317958164373e-05,1.9880938675970258e-05,0.9941161694707188,0.9947405829930782,8.570755672106564e-06,6.096770967882135e-06
0.425,0.9806916271369778,0.9826401895767863,3.940653920558475e-05,2.48808610923144e-05,0.9875179856044802,0.9897215212017403,4.738617247196376e-05,2.0560276316726772e-05,0.9937145659182642,0.9947003469421313,1.1306441002607992e-05,6.225441931988832e-06
0.426,0.9823840592871648,0.9826301452307816,2.957127030650642e-05,2.4996706274367247e-05,0.9888858556824176,0.9896887499366446,2.3546326898582705e-05,2.0634026720471382e-05,0.9939633586077304,0.9946714453786221,1.475293740626836e-05,6.436056661015812e-06
0.427,0.9823446931340593,0.982618951008508,4.152845355463511e-05,2.5405009659332136e-05,0.9892542596338502,0.9896717110671421,3.959364674831653e-05,2.110229404296168e-05,0.9942974932510864,0.9946567805599593,7.883173331565822e-06,6.47179774905736e-06
0.428,0.982818739227914,0.9826267858557061,2.4789931188831677e-05,2.5389818469046922e-05,0.9886053019100404,0.9896298910197877,3.5995657303779395e-05,2.1470129898275946e-05,0.9938026155844248,0.9946232838298463,9.701458319231577e-06,6.551563812464287e-06
0.429,0.9831113924017878,0.9826457900690913,2.339347388880841e-05,2.534051313436932e-05,0.98886047606906,0.9895997178287248,3.1057862925866774e-05,2.1706925885503956e-05,0.9943007764638078,0.9946106364587944,5.950580519337403e-06,6.536720842620008e-06
0.43,0.9826112743233428,0.9826444365080319,2.490110599237596e-05,2.532966081124e-05,0.989120394847607,0.9895809208157103,1.943012369756081e-05,2.1650694225424395e-05,0.9935487526797694,0.9945689938837448,1.4638127763467362e-05,6.736806542884928e-06
0.431,0.98189156838849,0.9826149122177023,4.083078460950907e-05,2.5712499709512397e-05,0.9886026230653896,0.9895425561326274,2.6139804738793247e-05,2.176156400141787e-05,0.993683504972814,0.9945342687691975,8.962395872919721e-06,6.791773020038827e-06
0.432,0.9832178807392042,0.9826385580808167,3.063278443398751e-05,2.5834017662092214e-05,0.9887844311190728,0.989512825691228,3.170794001280914e-05,2.2007213047392995e-05,0.9939328321944167,0.9945106829825233,7.663688065655282e-06,6.813307003761315e-06
0.433,0.9821445768359812,0.9826191862367991,2.872959947576435e-05,2.5905530407356217e-05,0.9887270613339286,0.9894820113541993,2.2157224679922428e-05,2.2010917913756314e-05,0.9939812421675972,0.9944899205649406,6.372430445565036e-06,6.802418589954357e-06
0.434,0.9825808388330252,0.9826176824147689,2.7081295036955493e-05,2.5934568324836857e-05,0.9890688857046408,0.9894658103238312,2.9445712163168728e-05,2.2194535396766978e-05,0.9941229037233836,0.9944755277258562,9.721588044085731e-06,6.874513463015785e-06
0.435,0.9827850068884246,0.9826242441683689,2.2917334054678336e-05,2.5860051964263357e-05,0.9898408614248728,0.9894805182315191,1.7373461060648493e-05,2.2075469762011684e-05,0.994432304564556,0.9944738326974598,8.296357715555416e-06,6.909628621308095e-06
0.436,0.982513911907964,0.9826199174070183,2.869502639976976e-05,2.593006668160505e-05,0.9887530959600512,0.9894519918281051,3.254873934899932e-05,2.233412571339959e-05,0.9939722543169704,0.9944541629295867,7.750193446980326e-06,6.930387859183304e-06
0.437,0.9826013853847582,0.9826191906600723,3.023506909650048e-05,2.603638576921794e-05,0.9887761898056427,0.9894254897524587,2.4754597378603423e-05,2.2393903226682026e-05,0.9939534813955656,0.9944345283332874,7.091035681738972e-06,6.934355320354061e-06
0.438,0.9822613896673285,0.9826051592305087,3.179220604241126e-05,2.6178534430160183e-05,0.9891726360230888,0.989415573907155,2.550657530962697e-05,2.2470775357419603e-05,0.9939803288589082,0.9944167165662384,1.0257993531744402e-05,7.01643757775288e-06
0.439,0.9832010895117428,0.9826285290743966,2.7865330754747543e-05,2.622019219441072e-05,0.9890454654767752,0.9894010598330896,3.912775402152652e-05,2.2882142444364916e-05,0.9938355544669482,0.9943939258674575,7.764800105563631e-06,7.034919423665782e-06
0.44,0.9822818936978864,0.9826149355140477,1.883909282829555e-05,2.603790666980618e-05,0.988301683661242,0.9893579469907459,2.431877730262701e-05,2.2917621947595246e-05,0.9939124089875188,0.9943750428300929,8.340385538933301e-06,7.067159549949333e-06
0.441,0.9814594605937896,0.9825696227202827,3.061560809187793e-05,2.615095820537696e-05,0.9886034159499096,0.9893283575043422,4.140189694182914e-05,2.33741121114e-05,0.9936159793832924,0.9943452756020759,9.42681159044698e-06,7.125433836975737e-06
0.442,0.9820701973271092,0.9825500373892376,2.0077459178511428e-05,2.6000966965771077e-05,0.9885132166444844,0.9892963911610068,2.8281119014674603e-05,2.3495295640848372e-05,0.993728001818276,0.9943210687604407,6.785910198634218e-06,7.117048955186001e-06
0.443,0.98247942257737,0.9825472681780072,4.3279320991534165e-05,2.6427671514694998e-05,0.9880664832145216,0.9892481594259396,2.8484837600100847e-05,2.361851688332814e-05,0.9943873405595858,0.9943236676572671,1.1366393556586826e-05,7.221990355776556e-06
0.444,0.9824315099655984,0.9825427286356635,3.752455379768356e-05,2.670171779380612e-05,0.9894729991450296,0.9892569766787641,2.2383443319956248e-05,2.3588015765461058e-05,0.9937158621860795,0.9942998321244295,1.1539705532186848e-05,7.328619744841156e-06
0.445,0.9812237566463168,0.9824910041935444,4.615414405902171e-05,2.7182108706618876e-05,0.9884481504249932,0.9892252579712514,3.390781018905852e-05,2.3842870116049544e-05,0.9937115842224452,0.9942767635567847,8.879850178653597e-06,7.36692843671959e-06
0.446,0.9808053439671032,0.9824248998090775,4.108551076302515e-05,2.7525461203680584e-05,0.9875502262074584,0.9891595703896314,3.085377185267734e-05,2.401600836006776e-05,0.9928166908764536,0.9942195057510324,1.5634927050718173e-05,7.571111409944559e-06
0.447,0.9809951479973552,0.9823688310601665,2.9290209261897337e-05,2.756904248654348e-05,0.9871591794807966,0.9890811236167916,3.672133579784767e-05,2.4329772393609823e-05,0.9941571082991584,0.9942170587899353,6.346446786711948e-06,7.540867741388712e-06
0.448,0.9822946430804672,0.982365921725116,1.9970887050741997e-05,2.7381403237930054e-05,0.9885062645069508,0.9890585801028138,3.0249032296089503e-05,2.4475950698309338e-05,0.9938175623308712,0.9942013922485953,8.06112285436037e-06,7.553715633131663e-06
0.449,0.9815333161342278,0.9823332704983736,3.579926441696711e-05,2.7589284588247814e-05,0.9872365641627756,0.9889871284380187,4.10030306030792e-05,2.488409139038548e-05,0.9936488846661616,0.9941797252665951,8.92745671845035e-06,7.587640539438528e-06
0.45,0.982132364348212,0.9823253918195356,2.9452523405008468e-05,2.7635297592967635e-05,0.9883998406027652,0.988964097524153,2.2925522986892252e-05,2.4835724205039533e-05,0.9935966062962112,0.9941568578377566,1.0603478508117592e-05,7.662117179490666e-06
0.451,0.9819677011142912,0.9823113647223084,3.144320261355483e-05,2.772933410707219e-05,0.9883791093696982,0.9889411567946375,2.91144596178256e-05,2.494138791272625e-05,0.9931745411710128,0.9941183355860173,1.0830424640024235e-05,7.74035878152361e-06
0.452,0.9826093145286656,0.982323049037041,3.824291371891477e-05,2.7988966816832163e-05,0.9883759281486032,0.9889189909490647,2.501056794735253e-05,2.494309631276833e-05,0.9941891671221512,0.9941211132953613,6.9788158556431526e-06,7.721552489019565e-06
0.453,0.981591705223841,0.98229436886722,3.2012876629260974e-05,2.8088336855952182e-05,0.9877968916846982,0.9888749870252228,2.5807585116211984e-05,2.4964444774891336e-05,0.993637530017568,0.9941021492318397,1.0819635511884066e-05,7.798059330755489e-06
0.454,0.9831280562142946,0.9823270625108895,3.522896577319317e-05,2.8264673328851912e-05,0.988594724779609,0.9888639963414559,4.4197319852743545e-05,2.54393969666739e-05,0.9937429057982012,0.9940880612444769,7.196606457345639e-06,7.783206566448354e-06
0.455,0.9828256271645944,0.9823466140787013,2.9023852370444032e-05,2.828342104616864e-05,0.9889442430308264,0.9888671432725054,2.7201967736319044e-05,2.5482923166331273e-05,0.9929321595765552,0.9940427317377095,1.3723554288543296e-05,7.929901817180448e-06
0.456,0.9824498256735203,0.9823506615947625,4.422749968938104e-05,2.867715435096296e-05,0.988068145800739,0.9888358100186644,4.20087039593149e-05,2.589102139712481e-05,0.993993174741744,0.994040788324884,1.007343021075872e-05,7.98283548222376e-06
0.457,0.9819826511296562,0.9823362298031196,3.7071061177632274e-05,2.888443818952865e-05,0.9887390647307928,0.9888320160835203,2.5931417603502688e-05,2.5892018963680454e-05,0.994170326250875,0.9940458682466117,9.65399494394164e-06,8.024104030378196e-06
0.458,0.9819704108122688,0.9823218839520346,3.77194942492178e-05,2.9102615315774712e-05,0.9878854530714531,0.9887948959439063,2.8827715060508272e-05,2.5964514455911686e-05,0.9939465764986284,0.9940419744503185,9.06279919043496e-06,8.049754068537076e-06
0.459,0.9820982737510696,0.9823131149196673,3.510582410727811e-05,2.9250860979736486e-05,0.98814448378777,0.9887693895706524,2.6777644727922937e-05,2.5984594223457394e-05,0.9936248437768348,0.9940256163755914,7.536239663500168e-06,8.037073136293579e-06
0.46,0.9821319078110604,0.9823060087547473,2.872916858335941e-05,2.9237978136112354e-05,0.9877217759289776,0.9887283066607847,2.578158628111384e-05,2.597958107855854e-05,0.9937647006203498,0.9940153843797207,1.0242753853409189e-05,8.091540941384672e-06
0.461,0.981545369976881,0.9822761797677477,3.443220345389659e-05,2.9366245663456327e-05,0.9879918640974854,0.988699426545432,3.177843879653614e-05,2.6122779552902314e-05,0.9938647065917504,0.9940094754438246,6.3580044148146255e-06,8.048732547404863e-06
0.462,0.9823488888544264,0.982279031105887,2.8774112197520578e-05,2.935162341070134e-05,0.9880439185932652,0.988673720338546,2.2660409840622248e-05,2.6037279158182734e-05,0.993029027860542,0.993971026500019,1.0791860574299192e-05,8.116471855611597e-06
0.463,0.9825145298684927,0.9822882663558574,2.902643268652024e-05,2.9343593113819624e-05,0.988242738695233,0.9886568190896197,2.790848066893317e-05,2.6083486821991963e-05,0.9944171529001128,0.9939885216612575,4.701407740023045e-06,8.032139872319854e-06
0.464,0.9823593973465766,0.9822910558077445,3.489568741593591e-05,2.9480696786716913e-05,0.9879129037304292,0.9886276459249914,2.63106148599087e-05,2.608909553224108e-05,0.9933906091805622,0.9939650741023154,1.1122613638573151e-05,8.108456174113313e-06
0.465,0.9815677620669104,0.9822626913349072,4.302757414547665e-05,2.9815223102086466e-05,0.9881009313723452,0.9886069904432997,3.8520364234994905e-05,2.6396073030034107e-05,0.9935706568261112,0.993949606751382,1.21644097093296e-05,8.208613808637749e-06
0.466,0.9820074294218544,0.9822526810595984,3.592937625712363e-05,2.996620548053757e-05,0.98744919377207,0.9885615866331813,2.8458394350364247e-05,2.644699981746948e-05,0.9930952371607912,0.993916102047468,1.3811422428211846e-05,8.346969088582404e-06
0.467,0.9810104354045232,0.9822039655240343,4.069753355777095e-05,3.023120330656687e-05,0.987251979020776,0.9885102294511645,3.0687924762024674e-05,2.6551724589890222e-05,0.9933495125793992,0.9938938828436663,1.10794199939252e-05,8.414443826511981e-06
0.468,0.9831024588604902,0.9822392005705117,3.11683042355153e-05,3.0254343880394916e-05,0.9891543704126616,0.9885354898908312,2.456178319454526e-05,2.6502585394367127e-05,0.9933413964962856,0.9938722167039876,1.0857169155300305e-05,8.474763973538086e-06
0.469,0.9817748646116574,0.9822209913104333,4.08052527153284e-05,3.05148851769163e-05,0.9872173458172702,0.9884837979471023,4.806890973322574e-05,2.7035138389787105e-05,0.9936392021780992,0.9938630788760355,7.592631815635513e-06,8.452980839997761e-06
0.47,0.9806606472167864,0.9821598013240541,4.621215201148535e-05,3.0902508330057656e-05,0.9868227405310954,0.9884186584172546,4.9725597966939984e-05,2.7595449148355155e-05,0.9926679229285906,0.9938162099985597,1.452368864570422e-05,8.602888905283727e-06
0.471,0.9817545358251364,0.98214390855392,4.24295614726342e-05,3.118715293698186e-05,0.9883984347706104,0.9884178653327994,3.861213593925959e-05,2.7867490965324107e-05,0.993249250238996,0.993793976274845,6.901901754027761e-06,8.560885384256829e-06
0.472,0.9821365849935554,0.9821436213553792,4.322552552420413e-05,3.148442319838108e-05,0.9874530938860954,0.9883800311459062,3.583936136884862e-05,2.8064344815919474e-05,0.9928626724720412,0.9937574545450094,1.1374145197993795e-05,8.630354780901121e-06
0.473,0.9822286748808808,0.9821469567888116,4.672755952794081e-05,3.1860829653319966e-05,0.9883159348519572,0.9883775175649527,3.605564217409139e-05,2.826167795287495e-05,0.993303361449809,0.9937396469669902,9.611427637296452e-06,8.654580907856139e-06
0.474,0.9814674404070628,0.9821203090794313,5.351798983267708e-05,3.239561968690836e-05,0.9875240809745364,0.9883440494531504,5.373030302427229e-05,2.8890586209755515e-05,0.992706660945715,0.9936991376988868,9.143096751127184e-06,8.666644050117994e-06
0.475,0.9814360785866694,0.9820934765032171,3.8031434887580126e-05,3.2534787124649914e-05,0.987750351781015,0.9883207671846689,3.467762721821927e-05,2.9033487926823387e-05,0.9936442481872692,0.9936969851683881,9.694028599412324e-06,8.692013667504226e-06
0.476,0.9815325334919236,0.982071478731869,3.9456255552888336e-05,3.270570136253441e-05,0.9872989295453846,0.9882806951090902,4.0820875092366353e-05,2.932455799597647e-05,0.9928840836227032,0.9936651066674166,1.5286939167085202e-05,8.854864466774975e-06
0.477,0.9811469401569748,0.9820352223073503,4.1378301881006205e-05,3.2919856490422064e-05,0.9875024328005854,0.9882501750102968,4.710885351914255e-05,2.9763710943704613e-05,0.9935440134811628,0.9936603579137286,8.865113379911078e-06,8.855117546263498e-06
0.478,0.981633836850316,0.9820194816970973,5.5312599556976666e-05,3.34728061427625e-05,0.9876383185537488,0.9882261806332097,3.18068038893526e-05,2.9814161553111308e-05,0.9930842311396078,0.9936377647010228,9.813041501102757e-06,8.87877180408366e-06
0.479,0.981202969793128,0.9819874616144285,3.44214008726394e-05,3.349622998730846e-05,0.9873800238377662,0.9881929980054867,5.120908537673864e-05,3.0342470802502065e-05,0.9929757598175468,0.9936118037187115,1.3370098338024424e-05,8.989677052892944e-06
0.48,0.9819700635219978,0.9819867793361301,4.312143608165294e-05,3.373390673972867e-05,0.986958306397583,0.9881445787151178,4.562601254465219e-05,3.0719869741407626e-05,0.9932860711976558,0.9935990298912889,1.5521069195381883e-05,9.150957762936313e-06
0.481,0.9810305084880436,0.9819492785099058,4.471669780722393e-05,3.400510606621807e-05,0.98558880500947,0.9880443522721637,4.3986949719742494e-05,3.1047475277422435e-05,0.9926931429890722,0.9935635049065349,1.171341210975618e-05,9.214232743653567e-06
0.482,0.98094916296767,0.9819100582838689,3.676121258032026e-05,3.407316280263963e-05,0.9875673712080836,0.9880256471282494,4.788404242186404e-05,3.146322184110938e-05,0.9928345698391544,0.9935349192112812,1.558534141160871e-05,9.371554988316304e-06
0.483,0.9818715661206018,0.9819085487869488,3.977103563758625e-05,3.42138605453029e-05,0.987619964274026,0.9880097379933227,3.075453678495887e-05,3.1445722260029225e-05,0.9917456040761948,0.9934647499753525,1.972772646544321e-05,9.627280237312523e-06
0.484,0.9814961941867892,0.9818923780150061,3.623653595781498e-05,3.426380644567909e-05,0.9868745507885786,0.9879652208389289,2.963484484355721e-05,3.140100628509964e-05,0.9925843600220116,0.9934302248720781,1.543285149612166e-05,9.770637140711665e-06
0.485,0.9794031590967602,0.9817947615676474,4.394683660512426e-05,3.4502909006686853e-05,0.9855956528727212,0.9878722965866905,6.969762282308012e-05,3.2346662649004636e-05,0.9926831572873144,0.9934009280982881,1.4777410039002592e-05,9.89426912394967e-06
0.486,0.980848988838781,0.9817576724340192,4.114726034115603e-05,3.466697736835215e-05,0.9865599392790972,0.9878208315845143,4.777754761912135e-05,3.272769608457248e-05,0.9929804514474828,0.9933844388147496,1.0615794840486304e-05,9.912085692678872e-06
0.487,0.9809140030277989,0.981724587353261,4.209451795285652e-05,3.485038466632975e-05,0.9876142440179112,0.9878127301098439,4.7205335044297285e-05,3.3085190548922906e-05,0.9925112590687764,0.9933501964655556,1.399051714730698e-05,1.0012793872535977e-05
0.488,0.9826856576417348,0.9817622763907534,3.504567727486212e-05,3.485520699413309e-05,0.9880877535303364,0.9878235153439008,3.543099515440408e-05,3.31431151107137e-05,0.9932394247368656,0.9933458524754377,1.1903788926163595e-05,1.0059487897935196e-05
0.489,0.980801517001407,0.9817245995456434,4.373533513743684e-05,3.5074482193508446e-05,0.98713254179722,0.9877964183375305,6.119230460725758e-05,3.383572804601347e-05,0.9929658892051324,0.9933309519525373,1.3200789150556577e-05,1.0137055411303346e-05
0.49,0.982567584966498,0.9817576578027629,4.798695532865599e-05,3.5393326809471315e-05,0.9866033932186176,0.987749633031219,3.871653088327866e-05,3.395624854506506e-05,0.9924601166764964,0.9932968015440584,1.3553881619514348e-05,1.0221426285013317e-05
0.491,0.9818001784651408,0.9817593252799768,3.3230413451895854e-05,3.533991858132275e-05,0.9873317061156776,0.9877332437378789,3.836961363595724e-05,3.406522656253937e-05,0.9929669953680916,0.9932838679665301,1.079882369564006e-05,1.023568380140025e-05
0.492,0.9821083502268988,0.9817730125348311,4.093265883466828e-05,3.547801839821851e-05,0.9870213244760914,0.9877053253313075,4.36751569275254e-05,3.43025216207162e-05,0.9921755427666384,0.9932404042267429,1.491157876424122e-05,1.0351144239207255e-05
0.493,0.981586543489334,0.981765700022199,4.879652717935297e-05,3.5806887804928676e-05,0.9874546437608892,0.9876954946800837,2.876577140508783e-05,3.416580453110514e-05,0.9925310176238114,0.9932125851403035,1.2667735610678447e-05,1.0408347041896755e-05
0.494,0.9813021051996396,0.9817475198305853,4.651995131792371e-05,3.607142149356969e-05,0.9867980090546168,0.987660299160532,4.310846380203783e-05,3.438662228695342e-05,0.9923459560920442,0.9931785996827692,1.4972756017339913e-05,1.0521054293307663e-05
0.495,0.980595533962796,0.981702343908248,4.967845770192242e-05,3.640741454589848e-05,0.9868210917023102,0.9876273890597942,3.443781393785599e-05,3.438788634172458e-05,0.9925285018060688,0.9931531056450291,1.371182294422998e-05,1.059984265558455e-05
0.496,0.9812172672821422,0.981683321293051,4.272796619371085e-05,3.65634851830524e-05,0.9870999345392882,0.9876067045661749,4.266430325529859e-05,3.4592252310555814e-05,0.9930781346276778,0.9931501656047607,1.239013187003142e-05,1.0644049489727773e-05
0.497,0.9807097095392752,0.9816451404353171,3.719778535455516e-05,3.657914766282787e-05,0.9864268586341124,0.9875604360926223,3.746672064147019e-05,3.466323022309762e-05,0.9921792912856796,0.99311209209742,2.016275914906533e-05,1.0879090570001694e-05
0.498,0.9812488452921556,0.9816295994474944,3.69027056957312e-05,3.658713712177006e-05,0.9856972128257648,0.9874873685049899,4.546551200992978e-05,3.4929965640059766e-05,0.9924259624901174,0.9930851850508515,1.5034779135349436e-05,1.098170493834691e-05
0.499,0.9819331749738236,0.9816415043714324,2.9433460761346643e-05,3.641049512220384e-05,0.987186459445228,0.9874755681483798,3.410199091708303e-05,3.4909520892032585e-05,0.9923367987744858,0.9930558365661297,1.8351032612760638e-05,1.1163671903342519e-05
0.5,0.9804440426065776,0.9815945450814696,5.912723885020894e-05,3.697142719929309e-05,0.9860430043864188,0.9874193891712612,4.636782486965104e-05,3.51924544993771e-05,0.9925432987935814,0.993035737043469,1.2501637604607952e-05,1.1196709555607784e-05
0.501,0.9817149554506928,0.9815992670572227,4.847872103875419e-05,3.7255570175883844e-05,0.986105122477132,0.9873678492955605,3.683009263273077e-05,3.523289175424183e-05,0.9926836361232148,0.993021929162812,1.180348020122486e-05,1.1211692193555405e-05
0.502,0.980018303088152,0.9815372684640254,3.349996849859458e-05,3.7162835366378225e-05,0.985671813308041,0.9873013380737395,3.6338060050622254e-05,3.5260181009131726e-05,0.99184071539409,0.9929756070496212,2.125379371484095e-05,1.1459655756156834e-05
0.503,0.981088982612603,0.9815196886250327,5.289282444890618e-05,3.7551246105887866e-05,0.9866384959441188,0.9872753442622475,4.845250832565376e-05,3.5585930860703784e-05,0.9923392790416994,0.992950653007707,1.5920538127037275e-05,1.1569805522405797e-05
0.504,0.9814658560537104,0.9815175775436102,4.621960837876943e-05,3.776528831339845e-05,0.9866882704850302,0.9872523217590634,4.0293454440421805e-05,3.570217066554711e-05,0.9923430925409802,0.9929268271048606,1.2874309109976264e-05,1.1602016777404056e-05
0.505,0.9808934776364838,0.9814931030352866,4.743082186918925e-05,3.800395278406715e-05,0.9860827076201892,0.9872064545338796,4.578429073577692e-05,3.595112162473529e-05,0.9923166778778788,0.992902899682081,1.478830922604853e-05,1.1680693737787253e-05
0.506,0.9824498283712048,0.981530621679095,5.156998936276982e-05,3.833892940983485e-05,0.987180617585718,0.9872054413201402,2.3576621196312223e-05,3.564556676536084e-05,0.991735067971626,0.9928571023562157,1.4593011346943666e-05,1.175260555375645e-05
0.507,0.9794583948443344,0.9814493578750272,4.456041405538302e-05,3.8492552021831624e-05,0.9855883615936808,0.9871420264237357,5.573019112585476e-05,3.6141501840510606e-05,0.9922698903156282,0.9928340744311778,1.2229942591997311e-05,1.1764392091342752e-05
0.508,0.9813617345529574,0.9814459216660495,4.394584241820911e-05,3.862720604637779e-05,0.9867417000778372,0.9871263273501175,3.732260108671836e-05,3.617066584156875e-05,0.9923260144759634,0.9928141505098046,1.472948206343519e-05,1.1837606842229472e-05
0.509,0.9814891072827502,0.9814476152197732,5.81552481543608e-05,3.910939696555294e-05,0.9864584450936942,0.9871001358871099,4.259781069890864e-05,3.63293663845774e-05,0.9920728122335052,0.9927850784183497,1.0405966603121116e-05,1.1802256451288765e-05
0.51,0.9807208544924162,0.9814191147970314,3.15893058494298e-05,3.892370930350255e-05,0.9855960285210632,0.9870411512802542,4.118598021506379e-05,3.644928690864274e-05,0.9923298496620228,0.9927672263089675,1.5495585554393127e-05,1.1893452905659875e-05
0.511,0.9809034624013824,0.981398893133052,4.797829636769436e-05,3.9147286870042576e-05,0.9854762352425102,0.986979782019608,4.349419193299202e-05,3.66232410283263e-05,0.9913283533993033,0.9927107999164325,2.4484777115135325e-05,1.2204360250888686e-05
0.512,0.9816609899522494,0.9814091714403733,3.402005121644013e-05,3.9020684308170664e-05,0.9863613596711958,0.9869555301611886,3.256630059889779e-05,3.6523066375467e-05,0.9922270241953576,0.9926918283182612,1.3690374780707424e-05,1.2241053170653698e-05
0.513,0.9815214886162476,0.9814135760357883,4.798830217578815e-05,3.924211405190574e-05,0.9873484593234576,0.9869709391489326,3.38828173381025e-05,3.6457872956615875e-05,0.9924978381927412,0.9926842208618705,1.2179910824337944e-05,1.2239543434815718e-05
0.514,0.9805852416852772,0.9813810923337664,5.235223544832076e-05,3.9565830848492556e-05,0.9851286691262566,0.9868986932612385,4.268665341204715e-05,3.661167480136662e-05,0.9921728750312768,0.9926641680829643,1.5937443891008054e-05,1.2330852466485162e-05
0.515,0.9807633673863544,0.9813568678245905,5.401147543333663e-05,3.992252428002239e-05,0.9865753676300048,0.9868860138239688,3.619130830154618e-05,3.6601295065907916e-05,0.9919216971767336,0.9926350515751137,1.7072234412868438e-05,1.2447927186600002e-05
0.516,0.9812229752128858,0.9813516171336368,4.111653163697624e-05,3.9952006817756225e-05,0.9869854836476112,0.9868899146015885,2.6127597476364325e-05,3.634267757699711e-05,0.9917353582067676,0.9925997694802302,2.2844183655116268e-05,1.2704632492340794e-05
0.517,0.9818487739653782,0.9813711134810452,3.163573090835729e-05,3.9746660730665285e-05,0.9872941358910652,0.9869057664177285,2.9246017530711116e-05,3.616744633313321e-05,0.9921313142088232,0.992581398684269,1.430529663472922e-05,1.274415620727848e-05
0.518,0.980185950734432,0.9813246365081492,5.272936149098041e-05,4.006723028914144e-05,0.9853373985997436,0.9868442617941857,4.461740199461697e-05,3.63760931012868e-05,0.9909554156386992,0.9925176346399178,2.457983937025884e-05,1.303640354439789e-05
0.519,0.9811803539849028,0.9813189783696972,3.361663021018591e-05,3.990795182955275e-05,0.9869629289007968,0.9868489154064446,3.087815606486112e-05,3.624033783334912e-05,0.9915136102260188,0.992478261131504,1.5328944098210813e-05,1.30930110419154e-05
0.52,0.9802098353135456,0.9812754825614651,7.02742697323303e-05,4.065775758295726e-05,0.9869616992651082,0.9868533383030771,4.008759981052845e-05,3.6335334506129105e-05,0.9912169044960384,0.9924287961630095,1.8067925354435057e-05,1.3215851729619604e-05
0.521,0.9806342374658228,0.9812503356937982,4.701614051770522e-05,4.081475880260638e-05,0.9857792687337444,0.9868112179258474,3.7448369971830507e-05,3.636281758278888e-05,0.991937552542423,0.9924095317064031,1.785420452747006e-05,1.333038195749338e-05
0.522,0.9809974602880748,0.9812404190107771,3.2915196894982515e-05,4.061970291100475e-05,0.9868220930438398,0.9868116444010818,3.010969607313604e-05,3.620841557852311e-05,0.9910131772344656,0.9923547727050533,2.14333878154048e-05,1.3530461284771362e-05
0.523,0.9826757876967376,0.981296707981274,3.3643349360610126e-05,4.04474429781241e-05,0.9884589413649444,0.9868762442847948,2.67379901942532e-05,3.597457209148348e-05,0.991909496622484,0.9923373108971429,1.9541815552505403e-05,1.3678893481505879e-05
0.524,0.9806370599274118,0.9812708394290736,5.123822188833004e-05,4.0713888434824937e-05,0.986107811849978,0.9868461096782631,4.035832281986455e-05,3.608281547915787e-05,0.9920736856747624,0.992326972652701,2.0026627776958707e-05,1.3835631468396504e-05
0.525,0.9806484223465404,0.9812464309150644,4.544641678223015e-05,4.083074375464618e-05,0.9857783023688508,0.9868042348801537,4.6274390916365045e-05,3.63344652781179e-05,0.9919097363853108,0.9923106104454873,1.1781714893221128e-05,1.3784916277559904e-05
0.526,0.9806074469213184,0.9812213727182757,4.415344650693072e-05,4.091278769335849e-05,0.9852062988641712,0.9867415707202748,4.836716928176453e-05,3.663157594477015e-05,0.9913251395233652,0.9922719645254992,1.969372450727388e-05,1.3930816147756874e-05
0.527,0.9800158307311716,0.9811740965601868,3.7440118466095536e-05,4.082704084208651e-05,0.9854838387411796,0.9866922478957582,5.613962277108754e-05,3.711326696696449e-05,0.9920524113039876,0.9922633545949283,1.7791508976836504e-05,1.4026144044587067e-05
0.528,0.9809403407018428,0.9811649296634585,6.467845206490819e-05,4.1415977518468205e-05,0.9854692925783632,0.9866442888620154,4.073575783132042e-05,3.720271315150871e-05,0.9910202188409528,0.9922146041714879,2.0427547541027884e-05,1.4184206863770058e-05
0.529,0.9801287342749015,0.9811242945488076,6.309984019016772e-05,4.195139301082959e-05,0.9854193321816508,0.9865962513435137,5.459678161611318e-05,3.7632205528957624e-05,0.9909627664584624,0.9921655124948071,1.867564985584803e-05,1.429510906774662e-05
0.53,0.98146977537152,0.981137842816805,6.47725737676758e-05,4.2514890734902917e-05,0.9867571658881058,0.9866025617180165,3.846878914231409e-05,3.76528623462865e-05,0.991323986630211,0.992132511479437,2.204140319602426e-05,1.4486379587786542e-05
0.531,0.980566152790692,0.981115423599395,5.331752739041701e-05,4.278162794242128e-05,0.9864709610735036,0.9865974009082668,5.109415742031652e-05,3.7984752941870596e-05,0.9922999407358531,0.9921390773328348,1.622493405316579e-05,1.4529307733757011e-05
0.532,0.9808262482416984,0.981104083388949,4.700091581099542e-05,4.288580996141362e-05,0.9851863099157966,0.9865420640049416,4.81260438073694e-05,3.82351601647163e-05,0.9915412647401468,0.9921156337010457,1.7126939470205313e-05,1.459344806438423e-05
0.533,0.9796902501135965,0.9810486389451807,5.519960650586358e-05,4.318986021717836e-05,0.9857610726643392,0.9865114368926629,4.258707816233975e-05,3.834261701406963e-05,0.9909730264432564,0.9920708255719981,2.628168141615288e-05,1.4882052015831274e-05
0.534,0.9795722692475114,0.9809907420926887,5.337358865729558e-05,4.3441315058334774e-05,0.9849115261763348,0.986448695294207,5.0619544824593946e-05,3.864575676790703e-05,0.9918621143486714,0.9920626408179155,2.044417664411553e-05,1.5019391024144548e-05
0.535,0.9798922628448908,0.9809476644739822,6.070049975294494e-05,4.386747562855035e-05,0.9838645098527806,0.9863473546859651,6.166447550543662e-05,3.921413067874888e-05,0.9906629416493566,0.9920077506529826,1.793099502869901e-05,1.5091283807307726e-05
0.536,0.9817527020206775,0.9809792345746594,4.794468835474327e-05,4.3968149359063234e-05,0.9869890749196464,0.9863725201859683,4.0124798529040455e-05,3.9236616709256445e-05,0.991390701575821,0.9919835526493382,1.5728401985231407e-05,1.5107015403389797e-05
0.537,0.9801464058595252,0.9809465746242443,6.752097758597951e-05,4.454971087855176e-05,0.9850966196807838,0.986322484870811,3.749943847256758e-05,3.919372266675684e-05,0.991467222298287,0.9919633043997802,2.822553959656323e-05,1.543093526514594e-05
0.538,0.9811224839883294,0.9809534730308417,3.859616686956212e-05,4.44027072759846e-05,0.986323051330397,0.986322507084913,3.859373736751498e-05,3.917890796137417e-05,0.991040519258714,0.9919271167463356,2.179326546396405e-05,1.558803252663185e-05
0.539,0.9816491218416395,0.9809807533769815,4.225307221422979e-05,4.434962898106237e-05,0.9856358986663571,0.9862955812639671,2.164350641969458e-05,3.874592785643993e-05,0.9912461660416836,0.9919004127965283,2.275690002751899e-05,1.5765044555436325e-05
0.54,0.9796151003394328,0.9809271983547349,5.37133302950567e-05,4.458083524667643e-05,0.985848719198974,0.9862780572610367,3.918615408387187e-05,3.875679781679607e-05,0.9917295762989056,0.9918937133258874,2.028775033302744e-05,1.587671812107486e-05
0.541,0.9804058809800108,0.9809067545356905,6.085656215715238e-05,4.498271142792816e-05,0.985324319153164,0.9862406557658278,4.750949350151166e-05,3.897291719117363e-05,0.991913614831407,0.9918944937771006,2.145129338589152e-05,1.6014364140318582e-05
0.542,0.9808605312324024,0.9809049418570938,5.198048361160921e-05,4.5155498602065584e-05,0.9853900036312804,0.98620729685792,4.443963503769708e-05,3.910789996907975e-05,0.9913965443641845,0.9918749663487505,1.6141122514553814e-05,1.601749402518872e-05
0.543,0.979554265423224,0.9808519741527817,6.195267135683005e-05,4.557024987258867e-05,0.9849314159810976,0.9861572623127645,6.808183163901548e-05,3.982331649468204e-05,0.9894968389234668,0.9917817064479184,2.3124297222714605e-05,1.6192973297716613e-05
0.544,0.9797275186889703,0.9808078778592649,7.230245443118592e-05,4.6230314029315345e-05,0.9841171219632348,0.9860772568073766,7.314577014837193e-05,4.064610524832835e-05,0.99098427184759,0.9917504345022271,2.1157400546757835e-05,1.6315553553998374e-05
0.545,0.9796817650210968,0.9807637165707063,4.891432704980262e-05,4.629658690788564e-05,0.9851877451983344,0.9860423739985569,3.365907018070904e-05,4.047358338533133e-05,0.99141550997743,0.9917373002069028,1.9021851850245192e-05,1.6382376694196703e-05
0.546,0.9807903455073004,0.9807647608427474,5.9920066994927146e-05,4.663297384577853e-05,0.9846936272683352,0.9859894819690146,6.333070402170143e-05,4.1037964642601306e-05,0.991828091395415,0.991740860645729,2.084304192013254e-05,1.64925181196424e-05
0.547,0.981640460460392,0.9807991020047889,3.871242206446188e-05,4.643740199326477e-05,0.9863060202335088,0.9860018952344933,4.266819424851089e-05,4.1078217775571484e-05,0.9911430430135658,0.9917174168166308,2.691838111837937e-05,1.6749950353786408e-05
0.548,0.980660248340557,0.9807936567629681,5.583364880665352e-05,4.666941117982273e-05,0.9858317837548785,0.9859952241959716,4.1349517510063137e-05,4.1084916623735324e-05,0.9903552555676972,0.9916639987275925,2.4260359563018152e-05,1.69353950282354e-05
0.549,0.9796915987944352,0.9807504388027612,5.112826943149755e-05,4.677950787651776e-05,0.9848310862262032,0.9859495717258754,4.693815243397518e-05,4.122944284352318e-05,0.990821010918565,0.9916309403816382,2.2625018612617623e-05,1.70758813874605e-05
0.55,0.98004015467119,0.9807225845226851,4.781645683565084e-05,4.680511187914646e-05,0.9846500115222554,0.9858986085798914,5.279110049535378e-05,4.151491949143565e-05,0.99126840699512,0.9916167233858809,1.81051555220997e-05,1.710129588584718e-05
0.551,0.9811881210902612,0.9807408408589245,4.859706065870554e-05,4.684935807515716e-05,0.9849767978468964,0.9858624591388748,5.250157998534237e-05,4.178619841372494e-05,0.9908534722510578,0.9915867919684092,2.0054811563130803e-05,1.7174223100658484e-05
0.552,0.9803865641858728,0.9807269476558726,3.939275473561922e-05,4.66652421919562e-05,0.9843629118546467,0.9858036533622303,4.1182624010625297e-05,4.1771295162305496e-05,0.991005173405168,0.9915639833969944,1.6720978716892377e-05,1.716303174633493e-05
0.553,0.9794566831858804,0.9806771333622868,4.449001129348087e-05,4.661153215528947e-05,0.9840642907633262,0.9857354430633509,5.5633941024310864e-05,4.211358674066995e-05,0.9906776111002658,0.9915292236986335,1.715429107883162e-05,1.716281592484562e-05
0.554,0.9813349446395894,0.9807029298832861,4.273525778248223e-05,4.651582057893572e-05,0.9848845224435964,0.985702073626867,3.81511452179455e-05,4.201574755595948e-05,0.991401510924085,0.9915242153544712,2.272904458110819e-05,1.7300255246162423e-05
0.555,0.9800877240237518,0.9806788041630159,4.697603313963167e-05,4.652718397918257e-05,0.9849901955112674,0.9856741568376863,4.38966581583936e-05,4.206219031269714e-05,0.9908329549302928,0.9914971071022187,1.5636557651618524e-05,1.7259175833579795e-05
0.556,0.9807224492665532,0.9806805157357233,4.3955558298828665e-05,4.6463686355881125e-05,0.9846007927307312,0.9856320641271263,6.566157668433037e-05,4.264489756959661e-05,0.9916403196548536,0.9915027232808178,1.607795740258584e-05,1.7230009628116463e-05
0.557,0.980282015737315,0.980664888284633,5.143076093637561e-05,4.658633147801083e-05,0.9856069566068172,0.985631079518476,3.635404538317793e-05,4.248956623277049e-05,0.990937702046252,0.9914805655851002,1.4018100985404751e-05,1.71507023977999e-05
0.558,0.979712850703362,0.9806275534771286,4.154077279887595e-05,4.6461748489016956e-05,0.9846563718871132,0.9855928556893899,3.17755566623582e-05,4.222502004051021e-05,0.9907670195678864,0.9914525833880502,1.9675089657322027e-05,1.7213033594436236e-05
0.559,0.9795038887416592,0.980583488192936,7.515275325392199e-05,4.717017553189011e-05,0.9835864424679898,0.9855141728171611,6.377540617225873e-05,4.275713372719307e-05,0.9909807210005288,0.991434078980508,1.583795652131933e-05,1.7179080730372636e-05
0.56,0.9800636186636448,0.9805631011523722,7.14162708617221e-05,4.776885046372681e-05,0.984672752358042,0.9854811759360884,4.918780972009368e-05,4.2915917418312886e-05,0.9909845199253842,0.9914164492134679,2.252930012504535e-05,1.731118621737351e-05
0.561,0.9802891933648816,0.9805523596704089,6.281993902243608e-05,4.814048585893212e-05,0.9845911578747696,0.985446273266689,4.450827975237621e-05,4.2955235385450034e-05,0.9904210143573404,0.9913774125520763,2.8314540538992253e-05,1.7582876594846744e-05
0.562,0.9802329113911312,0.9805398322867946,6.491811243679211e-05,4.8554752134551604e-05,0.9850945473388916,0.9854324800929253,4.75478256403662e-05,4.3068633740784814e-05,0.9911523779659724,0.991368587666267,1.543030004591763e-05,1.7529726057387086e-05
0.563,0.9804383534724956,0.980535852725415,4.996484767576957e-05,4.8589569627356255e-05,0.983843805011394,0.9853701791087951,7.618451834310264e-05,4.388631739423785e-05,0.9900291608864688,0.9913160611254269,2.8319101497217648e-05,1.7796132829667587e-05
0.564,0.9813700460513368,0.9805685661894493,6.047080147493708e-05,4.888293599772135e-05,0.9847023028865756,0.985343987884176,6.104331797722802e-05,4.430995082315781e-05,0.991166212800196,0.9913101847204668,2.727887849118685e-05,1.8030276789780757e-05
0.565,0.980252556367294,0.9805561736473047,5.821391292124428e-05,4.911333249728069e-05,0.984670765332075,0.9853175869995684,5.453696018113024e-05,4.4562471773145084e-05,0.9907003615973278,0.9912862700879953,1.633712992993278e-05,1.798847033018429e-05
0.566,0.9803238318906616,0.9805470622057977,6.321565634312851e-05,4.9461540983626216e-05,0.984192256531258,0.9852734563926284,7.259703491893653e-05,4.5254689091727524e-05,0.9902402331425048,0.9912452490309936,2.513394368270279e-05,1.8164903270421676e-05
0.567,0.9791596684642194,0.9804926546076865,5.667126185627022e-05,4.96395602585109e-05,0.9839494093511604,0.9852215329788536,7.572193105709297e-05,4.600697290662391e-05,0.9915837367392876,0.991258523058868,1.559759357045578e-05,1.8101512382027305e-05
0.568,0.9804445525129089,0.9804907682510152,5.830488291064904e-05,4.9853520572192014e-05,0.984062210700833,0.9851760693597847,5.364658108041397e-05,4.619560673214702e-05,0.9894289362880432,0.9911867745575416,2.6154581558103443e-05,1.8300355203717714e-05
0.569,0.9797592893517172,0.9804620828037881,5.925483686023469e-05,5.008565366881631e-05,0.98416615706711,0.9851364649558801,4.4843824270052574e-05,4.616222912423827e-05,0.9898164393610928,0.9911330359220198,3.206921900347813e-05,1.8640329829919986e-05
0.57,0.9794528404264912,0.9804225046710855,6.898937252336465e-05,5.055241574836789e-05,0.98296296107384,0.9850512295089667,6.778998650343552e-05,4.669625193149781e-05,0.989568811013542,0.9910716937683439,3.5792139518231073e-05,1.906383456038008e-05
0.571,0.9800422550265728,0.9804075929202263,5.9054302925830695e-05,5.0762340462976326e-05,0.9840003606870916,0.9850100189666727,5.7210038299933486e-05,4.695585354191422e-05,0.9913576761648843,0.9910829087643573,1.6221429905357447e-05,1.8993651203020425e-05
0.572,0.9806050124928956,0.9804153348642993,5.1547092079352857e-05,5.078171718783288e-05,0.9835597891891056,0.9849531472103453,8.627962062681585e-05,4.79268178562608e-05,0.9908086689632362,0.9910721542622876,2.11890649172018e-05,1.9047859345569302e-05
0.573,0.9798167599712972,0.980391861338947,6.585239811626326e-05,5.115383542106047e-05,0.9828364710871896,0.9848701403030721,6.71543805710022e-05,4.84015758781883e-05,0.9896897461736508,0.9910179421800648,3.151299396440951e-05,1.935564264304171e-05
0.574,0.9804628963887556,0.9803946470271903,5.717768294999409e-05,5.1302573432002536e-05,0.9846855175526552,0.9848629001951722,4.510558613677456e-05,4.8320192849174264e-05,0.9897113812433304,0.990966704495985,2.963002065985758e-05,1.9609332754311608e-05
0.575,0.9803620203488326,0.9803933675496006,5.346526279577765e-05,5.135597353176331e-05,0.9846467856220552,0.984854425113828,4.800980348726609e-05,4.831252886230301e-05,0.9897751624768684,0.9909199773577295,3.124150173385934e-05,1.9896548752293694e-05
0.576,0.9786609547019632,0.9803254297905192,5.301888813992228e-05,5.139703342347835e-05,0.9835910883054076,0.9848048824936344,5.735734231758473e-05,4.8535859067735414e-05,0.9901904679918664,0.9908913691471558,2.456341950075945e-05,2.0011780891478683e-05
0.577,0.9790603607201878,0.9802758192384956,7.399193225610618e-05,5.195493576146517e-05,0.9832318188207452,0.9847431937218427,7.690583864979071e-05,4.9236356912612286e-05,0.9900810585272052,0.9908595922599414,2.2596655397483983e-05,2.007560536535596e-05
0.578,0.9790032591474486,0.9802259149209619,5.42569522895352e-05,5.201177603359494e-05,0.9835042143775988,0.984694606296347,6.409716246343961e-05,4.960329269316675e-05,0.9895790232913404,0.9908093738687767,2.6935818660982912e-05,2.0244994414407936e-05
0.579,0.979593468567418,0.9802011131030625,5.576197256607293e-05,5.210437404742766e-05,0.9844241790698992,0.984684001307026,4.026618015691866e-05,4.9372745288970344e-05,0.9900660878150962,0.9907802253959499,1.5433881704494507e-05,2.012620077855308e-05
0.58,0.9792230480887388,0.980162757612136,5.808586472156422e-05,5.2252066059675966e-05,0.984421784875286,0.9846737183096578,5.971344250506846e-05,4.962807267525211e-05,0.9899153740619218,0.9907463096572116,2.244440977287956e-05,2.0183440849605037e-05
0.581,0.9801109110911584,0.9801607244152264,6.943606196837984e-05,5.267636473323377e-05,0.9832365378903504,0.9846173582929763,5.737746737764926e-05,4.981941687194372e-05,0.9896580234782416,0.99070363176766,3.594715071854498e-05,2.0572670527223473e-05
0.582,0.9789664770638457,0.9801138911855705,5.501581650069035e-05,5.273412930347116e-05,0.9828964069993223,0.9845498700066767,4.2620024446349874e-05,4.96416530833417e-05,0.9897532197380124,0.9906663607075226,2.249970152977447e-05,2.0620251810686952e-05
0.583,0.9794936287030354,0.9800895671665527,7.478252916878646e-05,5.327853726315348e-05,0.9820236608643056,0.9844508029810995,8.083492795551745e-05,5.0411861680460155e-05,0.9893244410983902,0.99061373640892,3.837949177621167e-05,2.1058753999244836e-05
0.584,0.9791298910523611,0.9800519328089923,4.776870255747188e-05,5.314249122456896e-05,0.9842016759498288,0.9844410332935621,5.1233395940303536e-05,5.0432146586919856e-05,0.9908122618334962,0.990621521719717,1.5356275984591263e-05,2.0917951309971973e-05
0.585,0.9793720204002476,0.9800252695771808,5.318571425316312e-05,5.3143558465483286e-05,0.9842217767515216,0.9844324349977649,4.301145768317661e-05,5.024891873204355e-05,0.9898505900163532,0.99059128910379,2.408379961031395e-05,2.0996120816935517e-05
0.586,0.980115674273026,0.9800288148593831,4.619622581632756e-05,5.297201850351808e-05,0.9834773341065772,0.984394980060726,6.301891289111574e-05,5.056422885507463e-05,0.9897276181915224,0.9905574196561331,2.6535879590488067e-05,2.113290568924577e-05
0.587,0.9785589906663316,0.9799711746947583,7.287764190415647e-05,5.3463517848502855e-05,0.982636612605359,0.984326024474012,8.045226415992185e-05,5.130220874545793e-05,0.9902398054882736,0.9905449641985286,2.543120405095181e-05,2.1239037046541512e-05
0.588,0.9799375981837164,0.9799698579688308,7.80778776658751e-05,5.4071282799252736e-05,0.9843881914165992,0.9843284623933368,5.835397977563876e-05,5.1476327402398676e-05,0.9894902512943688,0.9905036029080374,3.307113997790897e-05,2.1531189168664746e-05
0.589,0.9800744503374268,0.979973959630357,4.316733753927239e-05,5.380204829546001e-05,0.9841453717977964,0.9843212823699603,5.5443391404600975e-05,5.157428006839995e-05,0.9899981669635972,0.9904837818905476,3.326074322610849e-05,2.1820809172348766e-05
0.59,0.9801454388003474,0.9799806843037099,6.493760727066224e-05,5.4077001651301326e-05,0.9835309258920172,0.9842902879981849,5.251261820262216e-05,5.159744901927999e-05,0.9895344161411204,0.9904465518610486,3.675150824485394e-05,2.2189470128137707e-05
0.591,0.9803498783117252,0.9799951625001435,7.865354440987381e-05,5.468383262793282e-05,0.98314172163638,0.9842452461799472,6.158275040509977e-05,5.18440007923036e-05,0.98968953881738,0.9904168650749383,3.115753211832477e-05,2.2410904764793373e-05
0.592,0.9783752071644076,0.9799316348397458,5.914539457867386e-05,5.4793995140145264e-05,0.981504956499452,0.9841377838392434,9.188917660993986e-05,5.283277495228738e-05,0.9897638331447624,0.9903912559795677,2.3726241716653047e-05,2.2443382364482123e-05
0.593,0.9788180260917798,0.9798879639083389,7.375967110995021e-05,5.526228546197365e-05,0.982942696728656,0.9840909176779215,6.068058082017578e-05,5.3026548775132985e-05,0.9891271135314454,0.9903416817657862,3.761933357073202e-05,2.2818098830467374e-05
0.594,0.9795488933771236,0.9798746670247285,5.0091683443543125e-05,5.5134615737550544e-05,0.9834258371255176,0.9840648360875656,4.1934460643134086e-05,5.275266890001566e-05,0.989486305282269,0.9903081375898778,2.7874154354916792e-05,2.2942940234461244e-05
0.595,0.979558882083424,0.9798622833015102,6.28808553888616e-05,5.532588170136334e-05,0.9830035804183032,0.9840232182180823,6.64360110709364e-05,5.3090530591147084e-05,0.989936557084673,0.9902935658053248,2.63797218926059e-05,2.3027799390109478e-05
0.596,0.9782854006120096,0.9798004447645237,5.002842123839715e-05,5.5195079683371855e-05,0.9823504688296932,0.9839576202026993,3.733409237924333e-05,5.270148117230137e-05,0.9899994606292496,0.9902820322689814,2.0789202005712027e-05,2.2972525158730755e-05
0.597,0.9789221556406086,0.979766002053705,6.298229387023628e-05,5.5387357329676844e-05,0.983930196238246,0.9839565447531105,6.62285754187271e-05,5.303548480705895e-05,0.990022157362597,0.9902718410961592,3.220881821918182e-05,2.3200582670394204e-05
0.598,0.9794529560108745,0.9797537257382736,5.8023543698598855e-05,5.5452448599683486e-05,0.9823634929318908,0.9838940721325368,6.352474035692915e-05,5.329447976022855e-05,0.989781061252652,0.9902525948277452,3.411470655119767e-05,2.3470068239694776e-05
0.599,0.9790899558849896,0.9797276955478952,7.12735044152512e-05,5.584309340800444e-05,0.9824613037694824,0.9838378851377917,6.995404884977668e-05,5.370582867711262e-05,0.9896883638867892,0.9902304681241328,3.7578416100137e-05,2.381842380520923e-05
0.6,0.9792565111219038,0.9797092177272315,8.316060081908594e-05,5.651760221383259e-05,0.9819214206858063,0.983762729668938,5.823362602762541e-05,5.381762654863758e-05,0.9893062617234016,0.9901942247357973,2.3484305661071155e-05,2.3810173944524038e-05
0.601,0.9796284611703794,0.9797060508034273,4.674416553526474e-05,5.627628193477268e-05,0.9824386823738656,0.9837108062455032,8.340575503768136e-05,5.454820021056085e-05,0.989364130560386,0.9901616720229743,1.999303262893343e-05,2.371592320777865e-05
0.602,0.9795381972052036,0.9796994683093674,5.7455934446647445e-05,5.630540925792633e-05,0.98302573609648,0.983683940749414,6.268509150276088e-05,5.474911180083707e-05,0.9895617578331812,0.9901381459762728,2.032752007859777e-05,2.3632258643913426e-05
0.603,0.9803212483733464,0.9797238518413308,5.344189351016317e-05,5.6234704927129314e-05,0.9827186171490492,0.9836460849218824,5.337593496221799e-05,5.471520608562793e-05,0.9892476817634483,0.9901032258110029,2.009339974308684e-05,2.354487911734247e-05
0.604,0.979392174499782,0.9797108448867384,6.11035674231923e-05,5.635492414930485e-05,0.9816816558152897,0.9835690484862002,7.900116804948195e-05,5.5314861438277474e-05,0.9903426741746384,0.9901126159429259,2.021852317703337e-05,2.346274660196619e-05
0.605,0.9798500733968412,0.9797163048283198,6.128528789892962e-05,5.647666191606278e-05,0.9845598647355068,0.9836079040254515,6.00847695199138e-05,5.543263732399041e-05,0.9892979586562244,0.9900806685982977,2.8296727668229483e-05,2.3582104541753464e-05
0.606,0.980641346659559,0.9797525809786208,5.3529316803136616e-05,5.6403887735143244e-05,0.9820894076489092,0.9835483551478476,6.933662907978725e-05,5.577594683569382e-05,0.9887194129930912,0.9900272860254615,3.331547091759784e-05,2.382243532707117e-05
0.607,0.9805946952221704,0.9797856050666524,4.650195832955916e-05,5.615939490556974e-05,0.9843543472870132,0.983579962682764,4.796724650656537e-05,5.55831388322674e-05,0.989328656405612,0.9899998887854266,2.485850003144988e-05,2.3848017249625772e-05
0.608,0.9798258613896564,0.9797871837459882,6.399762042677916e-05,5.6352931913736655e-05,0.9825713427858817,0.983540408961261,5.009392779345752e-05,5.54476023541738e-05,0.9895065541080922,0.9899805423274642,2.8651385007814164e-05,2.396661927536868e-05
0.609,0.9783847278664232,0.9797321854761255,5.193589999549178e-05,5.6243869080911644e-05,0.9834303570834212,0.9835360932013398,5.088584910683041e-05,5.533496614483401e-05,0.988214763426464,0.989911296095957,3.0583216107194844e-05,2.4129992510495017e-05
0.61,0.9793086373250468,0.9797155757446886,7.167822427466786e-05,5.662496534891801e-05,0.9833492528821428,0.9835287661299891,5.5626685428541953e-05,5.534216911048635e-05,0.9889743971243684,0.9898745549597676,3.2846230953849914e-05,2.4345208883328008e-05
0.611,0.9790678073936327,0.9796901730642228,7.447163155228646e-05,5.706562498944274e-05,0.9821486885212458,0.9834746454393813,7.465362761791989e-05,5.581899656200712e-05,0.987936792683008,0.9897985642821511,4.073473061470832e-05,2.4749889548737618e-05
0.612,0.979757590794876,0.9796928168968005,6.558360465056677e-05,5.727594604083672e-05,0.9836923097334402,0.9834831812940608,6.774348551981117e-05,5.611342918038818e-05,0.989561599643563,0.9897892715512147,3.287981320962482e-05,2.495062894471371e-05
0.613,0.9794218815576576,0.9796821919815276,0.000103427610914,5.841549631225819e-05,0.9828038186871196,0.983456539623169,8.544542393492629e-05,5.6837677865148045e-05,0.9879555706361672,0.9897173617113244,3.79381792362509e-05,2.527131004041188e-05
0.614,0.9798615897436358,0.9796892271878928,5.274348976908264e-05,5.8275446409514484e-05,0.9828008053300306,0.9834308245528208,7.098400282393795e-05,5.718697073347928e-05,0.9897806687732816,0.989719844341208,2.444436125099607e-05,2.5250891499521615e-05
0.615,0.9800301787467908,0.9797025978372758,7.020874812643274e-05,5.857009657018009e-05,0.983675563124743,0.9834404221438869,4.7949302157266565e-05,5.695887958195013e-05,0.9889510320318848,0.9896896948388488,3.3417316577888526e-05,2.545253212828348e-05
0.616,0.9796976434978344,0.9797024035494545,8.962811606412568e-05,5.933696311615864e-05,0.9824221369027756,0.983400489389292,7.649981249576223e-05,5.744137292740427e-05,0.988870051020049,0.9896575519439603,3.367470398059272e-05,2.565554921152189e-05
0.617,0.9800833734804032,0.9797173435467615,7.796365909599653e-05,5.979688262754642e-05,0.983402623924599,0.9834005730965589,7.003049026511451e-05,5.775221606893783e-05,0.9888493931183512,0.9896258594409635,6.151919052085799e-05,2.6541073321940122e-05
0.618,0.9782761188308694,0.9796608249303977,8.087815582888881e-05,6.0317409097308145e-05,0.9821299048185756,0.9833507429679627,5.80525792057878e-05,5.775963245986346e-05,0.989683058645761,0.989628102547036,1.976519404732286e-05,2.637376727336031e-05
0.619,0.9781817337004978,0.9796028213527012,6.060526159156496e-05,6.0324516582356515e-05,0.9816355746667048,0.9832834814658905,6.404217314010477e-05,5.7914757271499815e-05,0.9886942251077164,0.9895914799023231,3.1583657366399256e-05,2.6502406825487765e-05
0.62,0.978167332507405,0.9795465276724434,6.433482435500992e-05,6.042353674550435e-05,0.981868856527015,0.9832280059780422,6.570819034694064e-05,5.810718814173731e-05,0.9876853788793856,0.9895167308425339,3.2360225713381344e-05,2.6647044647533504e-05
0.621,0.980450120328838,0.9795819626786069,4.702110124392738e-05,6.009261170109634e-05,0.9835108760379502,0.9832390989215775,7.739561805254908e-05,5.858344669370312e-05,0.9878467161737052,0.9894512400711515,3.111567366745579e-05,2.6757381403616885e-05
0.622,0.9794416692478316,0.9795764609754347,7.08024905131589e-05,6.035705370740493e-05,0.9834634056224052,0.9832478952627935,5.218802583536196e-05,5.842553473665439e-05,0.9891073028618728,0.9894377523374432,2.8058297870601148e-05,2.678950286517644e-05
0.623,0.9784549884125442,0.9795324816592084,9.351867415611156e-05,6.117586082408994e-05,0.9816395838933551,0.9831848242286483,7.085310392501092e-05,5.8732388924020206e-05,0.9889008054156042,0.9894166955953937,3.431393188675256e-05,2.6975291615801204e-05
0.624,0.9793618593897624,0.9795257905898133,6.219503537008236e-05,6.120102567785757e-05,0.9820653757523652,0.9831409242883687,6.15640123602495e-05,5.880230569144527e-05,0.9884742937893092,0.9893797386617939,2.5996843866194743e-05,2.695113236394888e-05
0.625,0.9806033531436816,0.9795680479448976,5.7222564368196445e-05,6.110279187429195e-05,0.9836088893826532,0.9831592758607071,4.375188024552617e-05,5.8430689525858057e-05,0.9882920368613238,0.9893370836891954,3.0224966570395537e-05,2.703196793361032e-05
0.626,0.9783569376986104,0.9795205534254021,7.56931200273252e-05,6.146304757351424e-05,0.980333422340008,0.9830484580755041,7.290248579256644e-05,5.878801850628827e-05,0.9872859685259012,0.9892566478003827,5.01811117260964e-05,2.7603552814765003e-05
0.627,0.9785540120609252,0.979482649842456,4.657476486200424e-05,6.10954349748748e-05,0.9816996499847784,0.9829955636405382,7.503221964226925e-05,5.918911063411327e-05,0.9879585392925766,0.9892057415843561,3.342876986196327e-05,2.7747385600443086e-05
0.628,0.9787136498743996,0.9794524929809442,7.668417912700689e-05,6.148034293213611e-05,0.9817007485430488,0.9829447865778588,0.000106971094975,6.036891484457796e-05,0.9882114133887768,0.9891667483217592,4.494848523051835e-05,2.8172104875879706e-05
0.629,0.9785277933226324,0.9794162302492232,0.0001136164228134,6.276765581104133e-05,0.9825289109995132,0.9829284777316389,7.925337418327023e-05,6.0835198611466936e-05,0.988152876868295,0.9891269886568929,3.3340565723443e-05,2.8299721417597807e-05
0.63,0.9769790705440118,0.9793206553587659,8.936482695361323e-05,6.342437721290114e-05,0.9798933392241036,0.982809452692057,0.0001032926100906,6.188353155772095e-05,0.9887624188350156,0.9891126918011245,4.061410448963501e-05,2.8603780780556247e-05
0.631,0.9769216767292768,0.9792265777653988,8.987595111949515e-05,6.407750358744373e-05,0.9805773460529068,0.9827219190983149,9.591535409203056e-05,6.272382487823938e-05,0.9880786020219452,0.9890721392607414,3.881859990787347e-05,2.8855998958831448e-05
0.632,0.97805320887422,0.9791805632990528,8.018760781337736e-05,6.447528458788659e-05,0.981654840435094,0.9826800728762048,0.0001095733508131,6.388060518426885e-05,0.9877780704096192,0.9890213914626302,4.586948669765302e-05,2.9276085761428062e-05
0.633,0.980464460020019,0.9792309121900977,7.455981257881337e-05,6.472428567536059e-05,0.98368673433149,0.9827195497960407,7.34315263923844e-05,6.411643077465234e-05,0.9883144581108934,0.988993668586077,3.0106612540050355e-05,2.9296592628109308e-05
0.634,0.9772797557394306,0.9791543962508171,0.0001040281555644,6.56947531051181e-05,0.9808317689030006,0.9826455191727468,9.083280379618224e-05,6.477609533012344e-05,0.9879078811909464,0.9889510886882071,4.307171084317256e-05,2.9636719531809096e-05
0.635,0.979233353609968,0.9791574926178441,8.637300540528108e-05,6.62053280090411e-05,0.9827007827950576,0.9826476863736228,6.867779127664214e-05,6.487243364750701e-05,0.9884237617654006,0.9889304092010281,2.241477233806061e-05,2.9458399578020927e-05
0.636,0.9769746953404904,0.9790718927245746,6.539618664733623e-05,6.618534918048389e-05,0.9800548843648648,0.9825460078634278,7.049539252317146e-05,6.501127234328753e-05,0.988468197769037,0.9889122832625102,3.996433148748865e-05,2.9717805687246164e-05
0.637,0.9776472397252484,0.9790160239794778,9.0149800123192e-05,6.677706487078823e-05,0.9822865885900054,0.9825358345585831,7.000719637032147e-05,6.513462866976593e-05,0.9886287689338248,0.9889011650535372,5.069242352785168e-05,3.0235698231669346e-05
0.638,0.9792235037575284,0.9790241604413656,6.560954520297654e-05,6.674823718417577e-05,0.9830750135590156,0.982556978833119,7.005929721178092e-05,6.525622559469437e-05,0.9883270358377786,0.9888786501823212,3.438285017831764e-05,3.033809718900448e-05
0.639,0.9775066139677484,0.9789646488149245,8.667259460301983e-05,6.724019730059946e-05,0.981027093327108,0.9824969833230544,8.665074262528583e-05,6.578448599817637e-05,0.987825077550224,0.9888373336084963,4.710604132732433e-05,3.075212106827256e-05
0.64,0.977891811797117,0.9789225767749938,9.4874398607939e-05,6.792252417050894e-05,0.9801570283026853,0.9824052203810425,7.248618493455835e-05,6.594996026708975e-05,0.988134199676496,0.988809759728799,2.9228626074646823e-05,3.071450385767319e-05
0.641,0.9772947044200708,0.9788587386434038,9.061893195907246e-05,6.848293003139852e-05,0.9814608546168416,0.9823681864294911,0.0001030222631546,6.686532696336946e-05,0.9882812606045022,0.9887890342729363,3.921418446355306e-05,3.092437278810476e-05
0.642,0.9780030618534196,0.9788251826908431,8.370281907955182e-05,6.885873023862437e-05,0.9816253697900846,0.9823390563651899,0.0001068646402003,6.785296558253229e-05,0.9884951713350836,0.9887775102361537,2.4409624345208383e-05,3.076351459740975e-05
0.643,0.9793724034880488,0.9788466423299568,7.62542125457645e-05,6.90413349663951e-05,0.9831282512199084,0.982370005183033,8.400631575796187e-05,6.825181422943144e-05,0.9878467532930402,0.9887410099638618,3.664905733510539e-05,3.0908836820459657e-05
0.644,0.9777463544581512,0.9788034937859497,6.622786863621225e-05,6.897186657795824e-05,0.9822077701610508,0.982363643025306,7.399985493713039e-05,6.839374133207686e-05,0.9879442060414416,0.9887097627512073,4.773460727220591e-05,3.132428844500967e-05
0.645,0.9791409550388928,0.9788167275605792,5.853253967789951e-05,6.871410511599094e-05,0.9803449350774324,0.9822844780077165,7.592123650369797e-05,6.857960562955162e-05,0.9881933632004126,0.9886895117884245,4.946805509392228e-05,3.177228321151048e-05
0.646,0.9768587113773894,0.9787399426121948,7.072718309820369e-05,6.876381080234499e-05,0.9796708563860078,0.9821819830421272,9.972093699681656e-05,6.934852827599946e-05,0.9874256062344712,0.9886399468647245,3.861494846424945e-05,3.194123810341415e-05
0.647,0.978835832323458,0.9787437029930297,9.420083799958396e-05,6.939188625243392e-05,0.9817734368464937,0.9821659616226859,9.508511645384726e-05,6.998400030180718e-05,0.9867123334294492,0.9885643541809653,5.90082644662472e-05,3.260956049162353e-05
0.648,0.9779180592243468,0.9787113248060132,7.708524268677303e-05,6.958184587837223e-05,0.9811460501232075,0.982125965093283,5.8477799697604126e-05,6.969989627238907e-05,0.9876332260776206,0.9885278393533725,3.591805948040963e-05,3.269125191404637e-05
0.649,0.9776761162386892,0.9786707283915971,0.000101002962685,7.035767675074499e-05,0.9799454215636598,0.9820404535822935,9.32087356005767e-05,7.028036206030822e-05,0.9869252969451447,0.9884649945530325,5.602326572000113e-05,3.3267351635029835e-05
0.65,0.9779712732412932,0.9786432987778524,9.18897048861233e-05,7.088933231967168e-05,0.9808150016589692,0.9819923966441111,9.552855266408316e-05,7.090377482270211e-05,0.9882619221955348,0.9884570309311677,2.6034825814942815e-05,3.30887705647526e-05
0.651,0.9804153157353206,0.9787127896389474,6.263694044314414e-05,7.068556935048889e-05,0.9815787409430254,0.9819761748519075,6.370156180582435e-05,7.072594222204969e-05,0.988148380181049,0.9884449269801795,4.795930480219966e-05,3.3455944622273405e-05
0.652,0.9788800142944556,0.9787193474685767,5.436575780948212e-05,7.02826106419688e-05,0.9797435179803956,0.981888619680454,7.191280399327029e-05,7.07552474799763e-05,0.9867574448673536,0.9883787512110328,3.693185276810749e-05,3.3541769599716335e-05
0.653,0.9777446077195188,0.9786811223803693,6.257686073560302e-05,7.009234502849923e-05,0.9801675971382984,0.9818211286003534,9.40199731624779e-05,7.13296857057129e-05,0.9875082614536964,0.9883446143577959,5.2080830613471845e-05,3.3999524634566114e-05
0.654,0.9791063641326322,0.9786977985275207,7.023764334793763e-05,7.009593264470284e-05,0.9808022867194808,0.9817811740167807,8.348053612555135e-05,7.162970698622305e-05,0.9874245649217428,0.9883085339877463,3.619191988358608e-05,3.4053657901561274e-05
0.655,0.9794719763819058,0.9787281584433856,6.539957209440318e-05,6.997997301845475e-05,0.980159053740598,0.9817175614569164,0.0001136062490718,7.266616576729349e-05,0.9877433066750418,0.9882863682107726,4.1246149431313655e-05,3.423125044809807e-05
0.656,0.9782783473619096,0.978710518793128,0.0001094381332404,7.09542494520931e-05,0.9807863363423136,0.9816810428249634,8.180119750414887e-05,7.289172230849296e-05,0.986714001017952,0.9882247067522176,5.464842891449538e-05,3.473537876298427e-05
0.657,0.9772562481719224,0.9786534885726771,9.242641979028629e-05,7.148442696060502e-05,0.9794152579004564,0.9815921885141804,0.0001286082396715,7.426743998831863e-05,0.9874259681346814,0.9881933836691706,3.4608720625689795e-05,3.4732251398837754e-05
0.658,0.9785099087630772,0.9786478579919072,8.986560738384112e-05,7.19382836540187e-05,0.9793327809663982,0.9815035842966031,8.156149196651576e-05,7.444754019060091e-05,0.9871435694911176,0.9881522144857096,3.8178951522397e-05,3.4817355178097195e-05
0.659,0.978940216712466,0.9786593230397744,7.205749129187366e-05,7.194122705492999e-05,0.981354946826346,0.9814977553761999,7.264327741554273e-05,7.440299045543395e-05,0.988243564427918,0.9881557968363851,3.5650824911485995e-05,3.483793469478703e-05
0.66,0.9776360375261072,0.978619194196094,7.503324834539939e-05,7.20175733215044e-05,0.9804637950146134,0.9814572079110324,7.627622246809151e-05,7.444924313520522e-05,0.988750466400044,0.9881791172114348,2.739701341117882e-05,3.465420809444678e-05
0.661,0.9773544299797492,0.9785695955993661,9.947099866410956e-05,7.269543621142288e-05,0.9809558822861963,0.9814375480826041,8.948218051039145e-05,7.482042706748098e-05,0.9884630155658076,0.9881902504802357,3.760849258549469e-05,3.472715344817775e-05
0.662,0.9783248919436452,0.9785599993775717,0.0001015845832944,7.340874903495521e-05,0.9807819073988064,0.9814118366832353,0.000103431549958,7.552687509084586e-05,0.9876171310565266,0.988167775208714,4.608298155218766e-05,3.5007544481708545e-05
0.663,0.9782262575658044,0.9785469114633827,8.598282254810563e-05,7.371922021932368e-05,0.9810162891793706,0.9813963250164146,6.523099603870805e-05,7.527265566385677e-05,0.9877256470579362,0.9881504368498573,4.214274098625753e-05,3.518372230563747e-05
0.664,0.9781671647775618,0.9785320194364855,9.35171121571331e-05,7.420805741574972e-05,0.9808752946867813,0.9813758924544651,8.333858467472848e-05,7.547181455090554e-05,0.9879320470066596,0.9881418725422795,3.869484886972781e-05,3.527041685227296e-05
0.665,0.9784988557123016,0.978530718898282,6.656830742323149e-05,7.40194214785574e-05,0.9804492167305636,0.981339552229993,5.937825392706211e-05,7.507444239945909e-05,0.9879431480446468,0.9881340794247241,4.685199866374364e-05,3.55563820397877e-05
0.666,0.9771488502977096,0.9784765279727617,0.0001022434558624,7.471631170252313e-05,0.9790620717747248,0.9812502392709502,7.507546534277001e-05,7.507446765733623e-05,0.9870754153518346,0.9880925631865658,5.073596071167959e-05,3.5931186712872145e-05
0.667,0.9777631184432696,0.9784485511284641,7.757019945133344e-05,7.478677811462922e-05,0.980565955953204,0.981223404631035,0.0001017747061891,7.57337332547636e-05,0.9873850713609376,0.9880648184090864,4.384696910482729e-05,3.612663826292213e-05
0.668,0.9772768128312168,0.9784026006069975,8.216662823096984e-05,7.496899675692193e-05,0.9792221864802624,0.981144925487857,7.803075723264295e-05,7.57904499338241e-05,0.9869873797052297,0.9880225659108904,4.222774802109816e-05,3.627728304826161e-05
0.669,0.979121592497166,0.9784307963673998,6.955144867902868e-05,7.483523005115229e-05,0.9808800172172436,0.9811345369282238,6.641378505274937e-05,7.555892719434616e-05,0.9876226275499572,0.988006882053597,3.6005819411327634e-05,3.627058023807391e-05
0.67,0.9768642133344078,0.9783693617386476,9.676037316576276e-05,7.537659195121102e-05,0.980372169102666,0.9811046401507473,0.0001458528996455,7.729458193055058e-05,0.9864527867244428,0.9879459371387208,4.907417547758623e-05,3.6586718591662416e-05
0.671,0.9767591489626032,0.9783062161395799,0.0001101117596611,7.623425094111812e-05,0.97931745154807,0.9810345543231832,0.0001034997654812,7.794162389799101e-05,0.9883399021556144,0.9879613867472282,3.148627162367805e-05,3.646078155196905e-05
0.672,0.9772119960760484,0.9782633055488484,8.72530478796213e-05,7.650632016466597e-05,0.9787511646909168,0.9809450096317117,0.0001044618699323,7.859644518085169e-05,0.9870218226363928,0.9879245410958188,4.769318895969379e-05,3.673812511125672e-05
0.673,0.97737328537415,0.9782284027968958,9.050438357630356e-05,7.685195156239278e-05,0.9799176823799262,0.9809047222885002,7.441848169219601e-05,7.849328552813606e-05,0.9874989671666298,0.9879078519221233,3.371578588854718e-05,3.66634994077411e-05
0.674,0.9774643574324458,0.9781984402335809,7.406987104497204e-05,7.678325817705469e-05,0.9797365249271636,0.9808589106272666,0.0001118061962753,7.931582700397012e-05,0.9869706197270208,0.98787109771839,5.118862022608633e-05,3.7022144571031333e-05
0.675,0.9776838501414707,0.9781782602299668,6.500082653836398e-05,7.649233377702545e-05,0.9818037027732788,0.9808959612996627,6.803185132829742e-05,7.903721016543827e-05,0.9877568960354814,0.9878666192210206,3.092934703619544e-05,3.687170504193607e-05
0.676,0.9762189687714165,0.9781014252708007,0.0001001537073811,7.707656554140604e-05,0.97878105334883,0.9808130237329555,9.492866726169816e-05,7.942959203528575e-05,0.9858395369312484,0.9877871257978847,6.512933179236612e-05,3.756942459997428e-05
0.677,0.9778336669770884,0.978090924945556,9.594777739154948e-05,7.754252163642462e-05,0.980340106720664,0.9807944779677659,0.0001148486512325,8.030413717016221e-05,0.9860546278318671,0.9877191847011719,5.406316161039736e-05,3.79766775814293e-05
0.678,0.977108094837682,0.9780523825883811,9.649947795447496e-05,7.801059487379743e-05,0.9789279183396756,0.9807212795509715,8.462619962411834e-05,8.041085481676166e-05,0.9875964066285956,0.987714369874796,3.522354602334004e-05,3.790869898931317e-05
0.679,0.9759992757675356,0.9779718685954,0.0001182359737377,7.900381460555475e-05,0.9788255274550568,0.9806469363315177,0.0001346379776163,8.174979679523638e-05,0.9870348098922268,0.9876877204637126,3.2099845102567216e-05,3.776527042599916e-05
0.68,0.9783254108336727,0.977985732996902,9.981268507695244e-05,7.951761412899788e-05,0.9801526749540074,0.980627553532398,0.0001127759929941,8.251587609027263e-05,0.9869507532385228,0.9876588197882127,5.346027051512289e-05,3.8152801482877804e-05
0.681,0.9763395700623584,0.9779211775876991,0.0001148360786487,8.038967539939093e-05,0.9782361706043412,0.9805337738097218,0.0001515185878036,8.421964756662664e-05,0.9861108443176878,0.9875981148677954,4.202155887381069e-05,3.8248326402521395e-05
0.682,0.9782674075428924,0.9779347552330018,0.0001224094429169,8.142720100837531e-05,0.9809726876054224,0.9805509861154369,9.145230253902515e-05,8.439823172351626e-05,0.9870077237080508,0.9875749622732938,4.343985147104657e-05,3.837651226661584e-05
0.683,0.9764459436721666,0.9778763704659061,0.0001033979610505,8.19696891580277e-05,0.9786459391462536,0.9804762783911499,0.0001212887478438,8.530910908012311e-05,0.9875464422114212,0.9875738438394948,3.518553432739202e-05,3.829772265194106e-05
0.684,0.9785227860764284,0.977901720097693,8.144450828237691e-05,8.195672172323207e-05,0.9787599999457116,0.9804089733540693,0.0001227608572046,8.623384401298759e-05,0.986948107934186,0.9875493051765398,3.134427600579014e-05,3.812603253493681e-05
0.685,0.9782467898401048,0.9779152522444551,8.75211404987024e-05,8.209411483901283e-05,0.9796563718673656,0.980379459570275,9.945444915678094e-05,8.656027884949205e-05,0.986130764091668,0.9874936761143844,3.775663215286412e-05,3.811691153389222e-05
0.686,0.979161699913799,0.9779641325452167,4.856733162564852e-05,8.12662926810614e-05,0.9819055078394272,0.9804393046004416,7.574636121188693e-05,8.629326842449241e-05,0.988647514172984,0.987538924665705,4.089735342555304e-05,3.8185564449150005e-05
0.687,0.9782084207604412,0.9779737124752262,5.875279140754798e-05,8.071040353136294e-05,0.9798836966577752,0.9804175160536691,9.158642924634844e-05,8.64239638073532e-05,0.987188812418898,0.9875251947736725,3.5532772725201146e-05,3.812006339190273e-05
0.688,0.9782412460676244,0.9779842039886543,6.84540734172913e-05,8.04077779746647e-05,0.9791640247217522,0.9803683595308459,0.0001055618984596,8.689650559386571e-05,0.9866872993078748,0.9874923361279531,3.5102155545743844e-05,3.804554711880078e-05
0.689,0.9767098908437934,0.9779342309241471,8.087313654671653e-05,8.041926831428688e-05,0.9779842254251992,0.9802748640757173,0.0001609672523543,8.872541363910225e-05,0.9865002993824372,0.9874534327261659,4.341324227889578e-05,3.817808285378433e-05
0.69,0.9784793715262328,0.9779556089869752,6.856885703798585e-05,8.012666545471736e-05,0.9797945258402584,0.9802560272821689,9.525942236432872e-05,8.888674724963076e-05,0.9868158839445048,0.9874284308131582,6.787106016584735e-05,3.891124306806464e-05
0.691,0.9771583669828106,0.9779243445946534,9.553475455131832e-05,8.050711224111464e-05,0.9783067409818548,0.9801795846821525,0.000101999848976,8.921052766005157e-05,0.9869981939628092,0.9874115587798102,3.76762551109584e-05,3.888074952687503e-05
0.692,0.9779056207741004,0.9779236103271807,9.398204380476096e-05,8.083982672186008e-05,0.9802298214757496,0.9801815547524897,8.609976784052791e-05,8.913371874765093e-05,0.9866360606602972,0.9873811470888475,5.6485757891477873e-05,3.9315441249714676e-05
0.693,0.9768519830453954,0.9778815857278931,0.0001108042042613,8.15796881584226e-05,0.97856128389618,0.9801180147189059,0.0001216021193551,8.993540793624484e-05,0.9861218245204482,0.9873317618900844,3.711481249266093e-05,3.926110471789814e-05
0.694,0.9760632636240284,0.9778102789787185,0.0001084003144592,8.22419260742371e-05,0.9784430227629916,0.9800523287598475,0.0001221462420831,9.073073744991253e-05,0.9857580304467004,0.9872700469315175,4.28386251039105e-05,3.93494385851855e-05
0.695,0.9759597630012092,0.9777377097246954,7.910058162562404e-05,8.216436198757542e-05,0.9784232233223265,0.9799884422720988,0.0001212965230752,9.148544846104294e-05,0.9854945014921648,0.9872004176985987,5.793621042141461e-05,3.980837137815012e-05
0.696,0.9791097280213248,0.9777915143637812,4.901148127952938e-05,8.134577207076152e-05,0.9814096377376068,0.9800441754276112,9.370721232805094e-05,9.154030684620381e-05,0.986281629157304,0.9871643867754092,7.618418075859952e-05,4.0706539806921194e-05
0.697,0.978795992268134,0.9778309056541495,6.961358211338489e-05,8.105608827502443e-05,0.9800407545583856,0.9800440412758769,0.0001205340785683,9.225620267432332e-05,0.9866841050626608,0.9871455521984379,4.6830570312797385e-05,4.085775048528534e-05
0.698,0.9764965282564748,0.9777785771287486,8.103927231104758e-05,8.105567306590722e-05,0.9776006494373974,0.9799482219880896,0.0001405984392044,9.344983851828927e-05,0.985947673704532,0.9870985765712241,5.23129281625683e-05,4.1140594467195375e-05
0.699,0.9789269962478752,0.9778236131726376,6.004457817651536e-05,8.053688044092656e-05,0.978356090721234,0.9798857854678185,9.290314806981876e-05,9.34363399845714e-05,0.9857418599946391,0.9870453719995913,5.68896692289616e-05,4.152946062955793e-05
0.7,0.9752933005563172,0.9777243852268959,0.0001165423517726,8.142590468945717e-05,0.9777337232597486,0.9798013908714206,0.0001288088873571,9.430973647636547e-05,0.986841499166584,0.9870373769865319,2.746109958680126e-05,4.1182093586674875e-05
0.701,0.9770759730353548,0.977698957297815,7.743149501161011e-05,8.132727726132771e-05,0.9792096968451048,0.9797781871841132,8.940547307065421e-05,9.418864351755924e-05,0.9849716511594736,0.986956368130566,6.335320320520299e-05,4.172952855124023e-05
0.702,0.9763402532356242,0.9776456747855704,9.34777895985042e-05,8.16272899967048e-05,0.9784233017577206,0.9797250544222922,0.0001059373364551,9.447873478346518e-05,0.9856801428323824,0.9869063200796551,3.839078289544619e-05,4.1647090363522135e-05
0.703,0.9764817046266095,0.9776000288969823,8.81397346262656e-05,8.178809114314273e-05,0.9770252496951524,0.9796191797271069,0.0001131663560268,9.494015765783187e-05,0.9862200443073096,0.9868794073042682,3.838855200058192e-05,4.156663260391304e-05
0.704,0.9768107423178404,0.9775690764821131,8.37739328799137e-05,8.183712428567218e-05,0.9765548303144516,0.979499009161901,0.0001202359040086,9.556474415595971e-05,0.9847871827624312,0.9867973592830172,6.852998431605585e-05,4.223239455416936e-05
0.705,0.976017295112407,0.9775082223107502,0.0001280357048046,8.297783027760004e-05,0.977726299431532,0.979429491133257,0.0001290335326204,9.639113421199859e-05,0.9860246926990414,0.9867670586326641,7.048965977417908e-05,4.293010499007234e-05
0.706,0.976810199355171,0.977480848861511,0.0001052705306558,8.352826746521145e-05,0.9788378353585584,0.9794062889460131,0.0001112238110076,9.675737323919619e-05,0.9846215438792036,0.9866829207991927,4.328502748070066e-05,4.293886851060808e-05
0.707,0.9779497093400676,0.9774992355469451,7.048941565674661e-05,8.320632042640941e-05,0.9803301008310344,0.9794425168630737,6.867027586491613e-05,9.606386448850054e-05,0.9854048053355589,0.986632798624147,6.204774023223083e-05,4.341069262181016e-05
0.708,0.978089079661919,0.9775223666887094,7.007153523695313e-05,8.288200466356197e-05,0.97818213597847,0.9793930901617155,0.0001062723113757,9.631592496698991e-05,0.9873691282976648,0.986661674297619,4.2449337006705446e-05,4.338695544033492e-05
0.709,0.9769424844141592,0.977499626207354,6.595328207339555e-05,8.246401141368512e-05,0.9786135743726266,0.9793625209150839,9.798094818550756e-05,9.635703666118431e-05,0.9850115651016886,0.9865969641330711,5.065243867292711e-05,4.3566350130757764e-05
0.71,0.9752050430620316,0.9774096425545941,0.0001301238205545,8.364079709778386e-05,0.9772837414901168,0.9792810001533184,0.0001103664460417,9.670294808422338e-05,0.9842919438650384,0.9865065711813814,5.833350698744751e-05,4.393097137236721e-05
0.711,0.977491691988496,0.9774128601794531,6.190067520073617e-05,8.310400384297331e-05,0.9790192326145452,0.9792707347596407,7.671511114035568e-05,9.620942113435018e-05,0.9861513196631764,0.9864926397492946,4.108752169761123e-05,4.386076272252474e-05
0.712,0.9786647219523608,0.9774619527979995,9.585622923896066e-05,8.341887367537508e-05,0.9791265163339976,0.9792650791351055,0.0001293594811358,9.702794131515326e-05,0.985919885805518,0.9864701788103225,5.41512748230697e-05,4.411484949717088e-05
0.713,0.9754180493928004,0.9773817997232841,0.0001231519951673,8.43999386148857e-05,0.9780135976100998,0.9792160014282416,9.315643324517792e-05,9.693234850271194e-05,0.987101980905237,0.9864949553630649,3.5817328363614646e-05,4.390997238801562e-05
0.714,0.9739431438780832,0.97724695047445,0.0001459033379865,8.59185413875264e-05,0.9773157830619827,0.9791414830609358,7.951222366360182e-05,9.650222187311576e-05,0.9853680313193904,0.986450762263312,5.91333537360484e-05,4.428585842619059e-05
0.715,0.9757664524922128,0.9771888917300474,5.6554788288991856e-05,8.519351029827164e-05,0.9781808707666292,0.9791038119905702,8.729291690162523e-05,9.627483158031656e-05,0.98709687695452,0.9864761000943403,4.347084936388247e-05,4.4265734741516676e-05
0.716,0.9772868686281772,0.9771927339613468,5.852407272578112e-05,8.453500553526371e-05,0.9784482912760007,0.9790781052958806,0.0001266546691275,9.702495117582174e-05,0.9859074090342164,0.9864537984841388,5.275329809953251e-05,4.4475304249024775e-05
0.717,0.9772104552475648,0.9771934289137474,0.0001012198651059,8.494697745680527e-05,0.9779862103410318,0.9790352858858857,0.000130734366766,9.785728258717921e-05,0.9856439451810696,0.9864220395310768,5.550938460650895e-05,4.47477507307031e-05
0.718,0.9776735789601216,0.977212258327331,9.282934620547943e-05,8.514160388265656e-05,0.9767489065081152,0.9789456239495009,0.0001333401943095,9.873340403080917e-05,0.9863580066464306,0.9864195284375612,5.249789585942486e-05,4.4939112375194244e-05
0.719,0.9764572835264522,0.9771826514723941,8.767253516159105e-05,8.520409602458601e-05,0.9769618533590416,0.9788678290243836,0.0001550972298612,0.00010012510369203506,0.9862284962786528,0.986412036980349,4.059254096122159e-05,4.483178960433545e-05
0.72,0.9752995952096882,0.9771088061287574,8.100133383196966e-05,8.510032409983228e-05,0.9760139329199689,0.978755911530091,0.0001265237672871,0.00010077692266409081,0.9844016712652988,0.9863331991091693,6.866351704206203e-05,4.542022742524377e-05
0.721,0.9768224248054328,0.977097575488627,0.0001498247069959,8.669845729267291e-05,0.9778147396737534,0.9787190028298419,0.0001576975454237,0.00010218237038748376,0.9850699611682544,0.9862836603663875,5.313242779744908e-05,4.561065215937295e-05
0.722,0.9781904387354754,0.977140432870857,0.0001079935355257,8.722426178392317e-05,0.9776174012285016,0.9786758027670437,9.646071494768686e-05,0.0001020410949202274,0.9846954495015408,0.9862213775873729,7.295638374015502e-05,4.6285855524411495e-05
0.723,0.9756291663940068,0.9770811675188228,7.731276585634099e-05,8.697953344836268e-05,0.9799487924935496,0.9787257239327897,7.699056273686788e-05,0.00010142256315762255,0.9870256549182396,0.9862529178748582,3.0437348736819956e-05,4.58945343035196e-05
0.724,0.9765549531739892,0.9770605316621623,0.0001130889120686,8.762420956914909e-05,0.9772275310696362,0.9786669712714887,8.312448138107481e-05,0.00010097075859539548,0.9846411583074094,0.9861897116173103,4.1588754529917735e-05,4.578821873616041e-05
0.725,0.9773447886648188,0.9770716789956,9.977197943532336e-05,8.792415455197704e-05,0.9789655644524072,0.9786786808079955,8.129591933954657e-05,0.00010048496001773466,0.9850075635792368,0.9861433528707186,6.623441151715231e-05,4.629306308291317e-05
0.726,0.9750628522769904,0.9769929014772222,0.0001497481576736,8.94506733851372e-05,0.9765049363545814,0.9785934359274683,0.0001073866385113,0.00010065537185891094,0.984941085034436,0.9860962051124325,6.146214721395456e-05,4.6667608428388e-05
0.727,0.9760511579596378,0.976955970358885,7.49117330990684e-05,8.909168715074646e-05,0.9774334203103237,0.9785479451189523,0.0001045386066989,0.00010075125421519231,0.9856194643802658,0.9860775093974454,7.733347208293341e-05,4.742479036194566e-05
0.728,0.9777205065744676,0.9769859521712613,9.34211775898054e-05,8.919858816506682e-05,0.9769834212197293,0.9784865912405506,0.0001255511640565,0.0001013635977587122,0.985770824957162,0.9860654825566497,5.254472716159911e-05,4.755120857324398e-05
0.729,0.9764265454364256,0.9769640146522478,0.0001071278150291,8.964128518858896e-05,0.9779585629992132,0.9784658842506939,0.0001449163188764,0.00010243897374404085,0.9859699743682092,0.9860617371374952,3.9222550504539264e-05,4.73455626653133e-05
0.73,0.9763619869714748,0.9769404057235899,0.0001031488874224,8.997480627836375e-05,0.9777411319420528,0.9784374625915313,0.0001041516740793,0.00010248126264716267,0.986409291298218,0.9860753667124257,4.569053330641846e-05,4.730469773711707e-05
0.731,0.974873012180278,0.9768593314669886,0.000133588508074,9.105168795207838e-05,0.9767792375906356,0.9783724341601229,0.000121072101595,0.00010294029577064563,0.9856391330277726,0.9860582595091056,5.4160551169534014e-05,4.7473978092030265e-05
0.732,0.9759275579481176,0.9768227913289932,8.352273373174522e-05,9.086578782297193e-05,0.9767925585438788,0.9783104782536028,0.0001233832918905,0.00010344506117454997,0.985821180203316,0.9860489622814275,7.28652952195588e-05,4.810092427792188e-05
0.733,0.9765427622626004,0.9768118097969777,0.0001552139426766,9.245463136025658e-05,0.9771193195012288,0.978263766145666,0.0001557094465161,0.0001047355399935459,0.9853408883078124,0.9860211946746188,5.6728184841912646e-05,4.8313943085108315e-05
0.734,0.97731910851918,0.9768317038645152,8.882723493477696e-05,9.236506600500572e-05,0.9775239163085504,0.9782347524265632,0.0001096020667224,0.00010485570116265493,0.984884603798902,0.9859766224834138,7.314980875801985e-05,4.892717441442536e-05
0.735,0.9769374606558338,0.976835851189665,7.893504173691253e-05,9.203346042631409e-05,0.9762337692376154,0.9781562824975841,0.0001371380507682,0.00010565279631369681,0.984169823488533,0.9859057676208688,8.624449982235445e-05,4.9848589971098594e-05
0.736,0.9772915382385158,0.9768537212700121,0.0001005959134305,9.224487904463383e-05,0.9786081493596946,0.9781740027666866,7.47340600684595e-05,0.00010488937063486799,0.985055101089418,0.9858724081490469,4.560047397285771e-05,4.97436982053428e-05
0.737,0.9758487394630068,0.9768143102187568,9.17308811110822e-05,9.223218773613235e-05,0.9759183579587212,0.97808554610755,0.0001281439716311,0.00010546355838166015,0.9839301805314752,0.9857962423601219,0.0001063214001812,5.114067866617548e-05
0.738,0.9766197970147676,0.9768066822499728,8.901530746759213e-05,9.215275858454203e-05,0.9769955009407856,0.9780427992382648,0.0001564378319778,0.00010672218256617532,0.9833082618563456,0.985698674497228,7.42308612529606e-05,5.1710806697010235e-05
0.739,0.975600016988755,0.9767593620436502,8.373034348415204e-05,9.194479769448231e-05,0.9760988161758644,0.9779665646083662,0.000125214897193,0.00010717879285521662,0.984994207948946,0.9856710483580796,4.948114444788971e-05,5.165575330195277e-05
0.74,0.97789937509084,0.976804068437658,7.433442455349297e-05,9.150997361862472e-05,0.9782080926821716,0.977976036297535,9.94418085119382e-05,0.00010698775618381526,0.9851634807083332,0.9856511437443639,6.573988037160342e-05,5.200350956403148e-05
0.741,0.9771823254731477,0.976818902046893,0.0001117013637421,9.200852651450355e-05,0.9783476036066138,0.9779906075645579,0.0001055980702384,0.00010695344294692509,0.9837400020429696,0.9855761970109754,6.160233243592476e-05,5.224051756152674e-05
0.742,0.9772929525819872,0.9768374922639556,9.82743362939462e-05,9.21632378832213e-05,0.9786682910997452,0.9780171833894673,0.0001255628474871,0.00010741293446498535,0.9842692036114532,0.9855249423678566,4.208369994681144e-05,5.198973191524926e-05
0.743,0.9760580127002352,0.976806924437927,9.2527217563099e-05,9.217222503672524e-05,0.9758203273495714,0.977931032172216,0.0001154266065413,0.00010761080293144538,0.9858921469951089,0.9855393425493176,5.963084860544664e-05,5.217840148235073e-05
0.744,0.975105789073752,0.9767402132471746,0.0001374380206987,9.328989911459276e-05,0.9740881179998072,0.97778032965565,0.0001869374458923,0.00010956948566804599,0.9847211294696891,0.985507255761881,5.643728426252031e-05,5.228355909229573e-05
0.745,0.9760504339626068,0.9767131630791521,0.00011726981175,9.388199578017664e-05,0.9771938918283404,0.9777573320937946,8.912953633068428e-05,0.00010906479551210749,0.9835910127657848,0.98543210897772,5.964848974218964e-05,5.246540924939846e-05
0.746,0.9765999178874064,0.9767087220912405,0.0001166456310971,9.444406090278301e-05,0.9771609637316396,0.9777339450992001,0.0001538614568474,0.0001101708860198507,0.9838218902364592,0.985368963144729,6.861158783878664e-05,5.286408036330977e-05
0.747,0.975770129757298,0.9766719145487327,0.0001504454246795,9.58268107529585e-05,0.9751853893801026,0.9776340017376662,0.0001210279178821,0.0001104389609053255,0.9832443351218076,0.9852856443987316,0.0001000678904709,5.402960664610218e-05
0.748,0.976450678159754,0.9766632386119101,9.038876433250286e-05,9.569253798978043e-05,0.9750839294737156,0.9775339989037853,0.0001315692781796,0.00011096069718116414,0.983436283364203,0.9852131204365928,9.247108795568598e-05,5.4978779109338284e-05
0.749,0.9767510305840535,0.9766666814343471,0.0001176601307082,9.623494773402944e-05,0.9770059454657508,0.9775132909258231,9.156201245726192e-05,0.00011048171726949468,0.9834967620487975,0.985145812264522,5.699495695855664e-05,5.502856128281413e-05
0.75,0.9753138778933552,0.9766136303150923,0.0001150878721297,9.67004520798523e-05,0.9761275497338732,0.9774589481339817,0.0001067050394664,0.00011038846595775033,0.984976039772501,0.9851391545197369,5.463247965328865e-05,5.501878148865725e-05
0.751,0.9753070761427396,0.9765623928965684,0.0001382612524186,9.772664476628818e-05,0.9775703949930302,0.9774633185990425,0.0001016223985274,0.00011017201983032959,0.9851684380330218,0.9851403028928069,4.422938198196513e-05,5.4752376540375255e-05
0.752,0.973576085610543,0.9764452828069199,0.000109165735483,9.800909147359758e-05,0.974370454944081,0.9773420298282591,0.00019489259572,0.000112263886071624,0.984480927994486,0.9851144450536569,8.380710261572076e-05,5.546977724249302e-05
0.753,0.9747755128268818,0.9763798016312318,8.22333912299862e-05,9.76195679799286e-05,0.974859338357619,0.9772446693784297,0.0001261299647984,0.00011260625841299315,0.9843886807930562,0.9850859837101038,7.153092059916723e-05,5.586634871482078e-05
0.754,0.9768327060069965,0.9763975625871442,0.0001024097588292,9.773784430633474e-05,0.9766614124558476,0.9772217965579362,0.0001139103168561,0.00011263845738938532,0.9831039468420624,0.9850082567741019,5.441776632619391e-05,5.583058124567088e-05
0.755,0.9752629011162316,0.976353066058873,0.0001095280752717,9.802896114223589e-05,0.9777176107512232,0.9772412402517907,0.0001231225070714,0.00011289732283314333,0.9830981454192228,0.9849333504464592,0.0001140779498373,5.726878798596085e-05
0.756,0.976937413722408,0.9763759816535215,6.078479881575316e-05,9.710935212830328e-05,0.9772459799074064,0.9772414261206384,0.0001198931295059,0.00011307005881306957,0.9847561533669904,0.9849264015413821,4.021664179235034e-05,5.684774730825468e-05
0.757,0.9759231087677523,0.9763582219325108,0.000104297531681,9.728683805590938e-05,0.9754526756652706,0.9771712790439571,0.0001486440513442,0.0001139484290619974,0.9844891571220992,0.9849092547014101,8.543384371950216e-05,5.755357689987697e-05
0.758,0.9753120123307124,0.9763171941049891,0.0001798700950237,9.932593096312754e-05,0.9762202894255227,0.9771339853334301,0.0001488673843548,0.00011481062554926833,0.9827237546952516,0.9848235488188153,8.822515538107707e-05,5.831089987829368e-05
0.759,0.974682868833909,0.9762531029178877,0.0001169017735835,9.975990241544851e-05,0.9752062130166756,0.9770583864190473,0.0001153445565592,0.00011482380903189411,0.9838320756211998,0.9847846675169478,7.18217765411279e-05,5.864450179395395e-05
0.76,0.9752068572538918,0.9762120736761621,0.0001124548941312,0.00010007335902187172,0.9757146681172106,0.9770056915836809,0.0001085334328768,0.00011466849109180795,0.9832825487202844,0.9847257608974707,6.478120440937554e-05,5.879602532540075e-05
0.761,0.97393741717636,0.9761228714604834,0.0001258820401569,0.00010071061044926109,0.9745641136515748,0.9769099434294803,0.0001267567454157,0.00011496696652657515,0.9844722111209528,0.9847158177689797,4.473751551652216e-05,5.844890160389777e-05
0.762,0.9748381997182748,0.9760724921764751,0.0001195712108125,0.00010117630431485464,0.9756036198906736,0.9768587150554093,0.0001252168090294,0.00011522004907352149,0.9829641999777202,0.9846471268752045,8.145211413683339e-05,5.901688219620236e-05
0.763,0.9768646597889388,0.9761035575730423,0.0001218027989697,0.00010168560051059908,0.977456086558728,0.976882141388873,0.0001486958314456,0.000116046611652232,0.9834154205900392,0.9845988246679429,7.087879352269447e-05,5.930976891369515e-05
0.764,0.9752699326765768,0.9760708664006319,0.0001365957735287,0.00010254758014316996,0.9756654818088896,0.9768344292484814,0.0001789821848844,0.00011760057651691983,0.9826223810346728,0.9845213170744811,9.19112456940546e-05,6.011474369745895e-05
0.765,0.9754377716295566,0.9760460391547073,0.0001562267012212,0.00010387299061795673,0.9764634024030152,0.9768198791761102,0.0001863892616649,0.00011929906266965341,0.9834201857969912,0.9844781354557559,6.933553187666733e-05,6.034241749302553e-05
0.766,0.973114423319112,0.975931073827821,7.600789349133914e-05,0.00010318496348902227,0.974683050819019,0.9767360819856358,0.0001188122369477,0.0001192870422807689,0.9831786299799364,0.9844271744567039,5.755483566243607e-05,6.027358830808296e-05
0.767,0.9752187984061016,0.9759031414583416,0.0001426479805832,0.00010415935902723423,0.9744649533756888,0.9766470181185789,0.0001194816710339,0.00011929184792926269,0.98429436892009,0.9844219663964445,5.518566211446577e-05,6.0147960493818756e-05
0.768,0.977182399575775,0.975953308443339,7.936537604252554e-05,0.00010354716188316282,0.9749011171487612,0.97657855141388,0.0001750668366112,0.00012066900821862627,0.9843403820188394,0.9844187670090875,4.295693055393464e-05,5.9723490595644916e-05
0.769,0.9751625622524308,0.9759222987887937,8.008222757840727e-05,0.00010296778075844643,0.9727233860971176,0.9764273684602811,0.0002182820039067,0.00012307920577103233,0.982457433621876,0.9843418519742947,6.392364821853461e-05,5.9827198196779885e-05
0.77,0.9755139731849202,0.9759062860200143,9.140401222003246e-05,0.00010268225559455953,0.9753444457809084,0.9763849009042271,0.0001090922426165,0.00012273384863821605,0.98455021524613,0.9843500230829941,6.845297168590114e-05,6.0040180269272154e-05
0.771,0.9762717236666156,0.9759206169081164,8.951726028712832e-05,0.0001023571939656079,0.975744723318626,0.9763597959008703,0.0001184327287689,0.00012262764814225028,0.9841321324960938,0.984341478354096,5.73966780116394e-05,5.997490860529227e-05
0.772,0.9746654483407756,0.9758713946113577,0.0001205154891403,0.00010280554695497623,0.974740805357911,0.9762963060756561,0.0001676093949718,0.000123738308612521,0.9834435878257418,0.9843062669608272,4.806519015119447e-05,5.968084146847911e-05
0.773,0.976656778060102,0.975902193962289,0.0001035144982743,0.00010282305192666497,0.9770620770699984,0.9763263363107284,8.834883915447512e-05,0.00012286449450983562,0.9844249439819668,0.9843109209616563,5.8410247504752e-05,5.964946877650903e-05
0.774,0.9750224072139254,0.9758676925211766,0.0001232074451411,0.00010332637030122942,0.9732951062762162,0.9762074645446688,0.000170264840224,0.00012403487347121436,0.9825923138574194,0.9842435246046274,9.190362590334848e-05,6.044586775524003e-05
0.775,0.9739436610588896,0.9757922403069691,0.0001088630368014,0.00010346307812229781,0.9738641151323324,0.9761155684892828,0.0001545282736991,0.00012478779696804978,0.9826609909480412,0.9841814644612317,5.220091066330972e-05,6.024228855847871e-05
0.776,0.9768018547990728,0.9758318330321497,0.0001142815252859,0.00010373020028639501,0.978275879475649,0.9762002865671797,0.0001058640399795,0.00012432054368824102,0.9847346270630176,0.984203157112282,5.071109431897343e-05,6.00069504186158e-05
0.777,0.971941296927744,0.9756792629888396,0.0001901096076479,0.00010586302525226142,0.97321790933858,0.9760833305974305,0.0001627815521725,0.00012527019826001092,0.9828968216097258,0.9841519282690444,6.108487532934851e-05,6.003356584966777e-05
0.778,0.975251829923484,0.9756625009078451,7.542392941976078e-05,0.0001051114426072387,0.9750705540051212,0.9760436138683202,0.0001073457378836,0.00012482761897268782,0.9857057655425456,0.9842128630640837,4.730885494315459e-05,5.971937544358958e-05
0.779,0.9756523388115366,0.9756621023942643,9.90180619849308e-05,0.00010496098875848939,0.9732580818243104,0.9759343773175745,0.0001225329374753,0.00012477096016793964,0.9833766037162496,0.9841800685798548,8.080822059838215e-05,6.024008769117192e-05
0.78,0.974740018130942,0.9756259422270751,0.0001208615622963,0.00010535359552834771,0.974525380741797,0.9758791225498968,0.0001177226628508,0.00012459692812839698,0.9812171506755012,0.9840638757208605,5.721093905021174e-05,6.0165293894550675e-05
0.781,0.9754049211657216,0.975617274734473,8.935707946430077e-05,0.00010495861980752214,0.9738045749071592,0.9757977677403776,0.0001364942508934,0.00012489068919588112,0.9831469281330496,0.9840279169919267,0.0001005212500423,6.11617372954289e-05
0.782,0.9770749868274968,0.9756744399145917,0.0001072949067662,0.0001050163059074809,0.9758064811597356,0.9757981094430975,0.0001345474522623,0.0001251291277992635,0.9847108099565848,0.9840546971081879,3.748683941451418e-05,6.0577171893221194e-05
0.783,0.9751278942826784,0.9756530067525558,7.884531582821053e-05,0.0001043701085973882,0.974842787412746,0.9757606458340642,0.0001030225021153,0.00012458328516935403,0.9844461041305947,0.9840700464031843,4.381911138478301e-05,6.016339260592165e-05
0.784,0.974406169243859,0.9756041111639795,0.000142821400056,0.00010531952323596031,0.973421342429998,0.9756689084456692,0.0001548375816399,0.00012533030486256132,0.9829531901222708,0.9840262481176582,8.256829196161019e-05,6.071660001761345e-05
0.785,0.9751695269633516,0.9755870686463078,0.0001281495408214,0.00010588322739394081,0.9763205264688406,0.9756944620936366,0.000138016975622,0.00012564355600357607,0.9819501649600368,0.983944833091869,9.110517192678744e-05,6.14669351531946e-05
0.786,0.9751446352170314,0.9755697183157479,0.0001576723364965,0.00010716197087297233,0.9746006439548708,0.9756515672646654,0.000112935051084,0.00012532976574775286,0.9820149162364652,0.9838691500779315,7.475971825840641e-05,6.179515203138627e-05
0.787,0.977813825374624,0.9756577225141353,8.9384020530037e-05,0.00010672300912124448,0.9739557811835416,0.9755850658497193,0.0002073834966268,0.00012735578386275937,0.9821808688642928,0.9838029429715144,8.728828960047288e-05,6.242461223959371e-05
0.788,0.9755395218635532,0.9756530871945045,8.2698991691425e-05,0.00010612982348610138,0.97349956784197,0.9755032816141211,0.000241263778463,0.0001301683270322024,0.982339159857046,0.9837455397121233,8.260792796022276e-05,6.292296573063697e-05
0.789,0.9741046233191716,0.975592363120962,7.773745630830142e-05,0.0001054287773603631,0.9747022943092049,0.9754718703472616,0.0001441586410188,0.00013051376689485094,0.9817335639313384,0.9836666387011122,9.721657782093164e-05,6.376972161199479e-05
0.79,0.974009282704029,0.9755302815359841,0.0001519633708762,0.00010657777970549493,0.9723027003889378,0.9753475891724251,0.0001827437399215,0.00013180339589898886,0.9816317175093442,0.9835868378700624,9.815556714870056e-05,6.461875486179785e-05
0.791,0.9744965009087618,0.9754897411192301,0.0001426299779158,0.00010746795746635936,0.9736809496194564,0.9752822307585831,0.0001885019863632,0.00013320336113853347,0.9815702045383962,0.983507754209997,0.0001575007909412,6.691213853897005e-05
0.792,0.9741699915178532,0.9754379862329017,0.0001106144232738,0.00010754564798244513,0.9745985444179732,0.9752554195295396,0.0001458917648915,0.00013351665506772267,0.9829770679361116,0.9834869429835701,6.936600697466211e-05,6.697272788487193e-05
0.793,0.977424589970985,0.9755158922618461,0.0001023359077136,0.00010741701241650204,0.9756239563502604,0.9752698719538817,0.0001247928863492,0.00013330125336469064,0.9837108108365472,0.9834957221150594,5.579866901277673e-05,6.669682518863022e-05
0.794,0.9753736605361966,0.9755103145471147,0.000121149517304,0.00010775608662089415,0.9773497315157806,0.9753514350739562,0.0001035063955711,0.00013256557784270081,0.9816231750204338,0.9834222888956623,0.0001033454164526,6.760172870235373e-05
0.795,0.9742312359021414,0.9754601546002529,0.0001138357487633,0.00010790620173968349,0.974116608632834,0.9753030105076376,0.0001871119988045,0.0001339124030889758,0.9807849587862476,0.9833188641854892,0.0001126599109272,6.871427644245536e-05
0.796,0.9717466400757624,0.9753145265796844,0.0002012720543981,0.0001102115314972917,0.971259012895238,0.9751444223659748,0.0002302644360771,0.00013629146569622494,0.9810213076741952,0.9832287639301441,9.81435057557666e-05,6.944092409947042e-05
0.797,0.9743487069173884,0.97527665129881,0.0001426896275725,0.00011101345981659458,0.9745345188413812,0.9751205045806965,0.0001761539088254,0.00013727572357722455,0.9828824227332597,0.9832151819224232,6.452513090602339e-05,6.931954648655453e-05
0.798,0.9739418692504868,0.9752243069047583,0.0001329767865758,0.0001115557641949687,0.9735516997338484,0.9750589828219967,0.0001585590531723,0.00013780123790173147,0.982822925783838,0.9831997993287532,7.635822121567587e-05,6.9493340928781e-05
0.799,0.9753704691101373,0.9752300387559495,0.0001332105965649,0.0001120904514273931,0.9749131975941918,0.9750532657542395,0.000131610511717,0.0001376483804612367,0.984999719917921,0.983270384449897,5.6613940770541305e-05,6.917533104035268e-05
0.8,0.974846555634089,0.975215000202151,0.000135138849928,0.00011265954770059182,0.973713412257299,0.9750007224798496,0.0001508920873679,0.00013797538557804424,0.9810253387182593,0.983182343440813,6.0676634458598255e-05,6.896548667517496e-05
0.801,0.9747862290573974,0.9751981856474549,0.0001734542583685,0.00011416065170352233,0.9743373536473326,0.9749747080158293,0.0001481606006294,0.0001382268723754371,0.9815895119532366,0.983119879460908,8.449798946160944e-05,6.934900527164644e-05
0.802,0.9735376467705208,0.9751330664758104,0.000154522194728,0.00011515723303596343,0.974642459659615,0.9749616786685268,0.0001815902680848,0.00013929757352898318,0.981329361780643,0.9830496630812896,9.190115843713998e-05,6.990584857264347e-05
0.803,0.9746929281767,0.9751158061503552,0.000136833213984,0.00011569244245423687,0.9728075745342184,0.9748772039965931,0.0001964628452282,0.00014070906175112758,0.981483743451866,0.982988254468371,0.0001505977418823,7.189824104526899e-05
0.804,0.975096600886889,0.9751150530027682,0.0001435993341242,0.0001163815015230714,0.9746412832552104,0.9748679522028133,0.0001611162204328,0.00014121294222355893,0.9815063396855174,0.9829301401631609,0.0001004824733485,7.260402457455447e-05
0.805,0.9726325706928688,0.9750177007553212,0.0001676842013503,0.0001176482348794907,0.9714021402816848,0.9747320380098278,0.0001931312565339,0.00014249487593791417,0.9812927686201884,0.982865929514417,7.677486473987603e-05,7.270700828456385e-05
0.806,0.9739600427098064,0.9749762239692226,0.0001451986379478,0.00011832849175970064,0.9733231045680428,0.974676785717993,0.0001882240632071,0.00014362399169673426,0.9820863672919272,0.9828353584468684,0.0001240163395717,7.397390538006206e-05
0.807,0.9731717703694914,0.9749054610829585,0.000151067608491,0.0001191368650289288,0.9726741411538768,0.9745982506370472,0.0002113849434138,0.00014529710165003877,0.9823185459980336,0.9828150912920122,7.928349578927294e-05,7.410500638051308e-05
0.808,0.9734980435659067,0.9748502682391526,0.0001259507742134,0.00011930510970352062,0.9710654388448888,0.9744597089981389,0.000210146268229,0.00014689831567171865,0.9808272349394322,0.9827371361409305,7.158217077624339e-05,7.404271414212276e-05
0.809,0.9751628646878928,0.9748625269234169,9.868152131689606e-05,0.00011879588528896357,0.9723942178480768,0.9743787093451953,0.0001833586315915,0.00014779857040337618,0.9822864409384509,0.9827194618192646,7.285713958302622e-05,7.401344069564721e-05
0.81,0.9770784144627288,0.9749494244739783,0.000129220566802,0.00011905328483740011,0.974871765624104,0.9743980448855447,0.0001211438383287,0.0001471404288581271,0.9823625304370694,0.9827054645101589,6.75545390375116e-05,7.3853961639321e-05
0.811,0.9740886371693872,0.9749156681090924,0.0001857648251977,0.0001207004833954276,0.9733853788215292,0.9743583324908773,0.0002023022995367,0.00014850245038167622,0.9805870755970836,0.9826223904351362,0.0001088697185375,7.471854824546758e-05
0.812,0.9739201637735077,0.9748766287233832,0.0001250870858936,0.00012080879457018521,0.9742524953880392,0.9743541820162562,0.0001246145778096,0.00014791262635685981,0.980829990889708,0.9825521002568842,0.0001016377526317,7.53832199707556e-05
0.813,0.9757665619691238,0.9749115280663534,8.373103616733444e-05,0.00011989329434652297,0.9742979699596234,0.9743519776218784,0.0001475753139557,0.00014790429765544936,0.9825098992853352,0.9825504453168235,7.997728239476374e-05,7.549665361285988e-05
0.814,0.9742120344656456,0.9748840969447569,0.0001253274949511,0.00012002747214154203,0.970842963616512,0.9742143692295111,0.0002291845715488,0.0001499112180330979,0.9813228847756889,0.9825023056877594,9.042544152034308e-05,7.586526566631376e-05
0.815,0.9757716596918988,0.9749189033269977,0.000128983109635,0.00012024859899695081,0.9744940755223862,0.9742253381037415,0.0001596702431107,0.00015015218161931295,0.9806733500998714,0.9824305819392147,8.195947827275051e-05,7.601574005418826e-05
0.816,0.9737855744774112,0.9748744590583864,0.0001130397494101,0.00012007060270793644,0.9731791070418784,0.9741843094346487,0.0001150474885478,0.00014928539906012138,0.9793246340773374,0.9823087800622783,0.0001095752137092,7.684436904691454e-05
0.817,0.974691643857836,0.9748672898348354,8.460435140845776e-05,0.0001191948927852996,0.9720167145117924,0.9740993057121837,0.0001949458617397,0.00015041281790974996,0.982400970938148,0.9823123953907437,6.183014943197433e-05,7.647364756901069e-05
0.818,0.974179051884083,0.9748403001112764,0.0001144059702309,0.00011907664778211165,0.972173500730643,0.9740237839482018,0.0001348972227231,0.00015002971678805346,0.9815515415328868,0.9822825579845532,9.2496576666315e-05,7.686927545412862e-05
0.819,0.9733540839902908,0.9747820171261397,0.0001567510873036,0.00012000688087087046,0.971835790248506,0.9739379802737038,0.000228917738858,0.0001519775692144802,0.979831678038821,0.9821864450455048,9.71200280705886e-05,7.736929404485922e-05
0.82,0.9736534540431494,0.974737759750336,0.0001463195477619,0.00012065657635930279,0.9713707032068988,0.9738373027416722,0.000151154980976,0.00015195725839347557,0.9814497312408564,0.9821575543080676,8.983075805263965e-05,7.767698451875326e-05
0.821,0.9756646714238024,0.9747741092277269,0.0001194096199435,0.0001206257873115534,0.9712210874221592,0.9737347060624756,0.0001535512293033,0.00015199661570046064,0.9812347957257082,0.9821213676969947,8.489692302793648e-05,7.785525460797997e-05
0.822,0.9755146623440756,0.9748031505264072,0.0001542272483447,0.00012145545302778728,0.972497927776384,0.9736862049532171,0.0001455593566034,0.0001518376710291537,0.9801346322539128,0.9820434565031482,8.994527387047776e-05,7.815377360632968e-05
0.823,0.97396388076218,0.9747702379866335,0.000111637577304,0.0001212130363399118,0.9733460102510252,0.9736728639845037,0.000155969407879,0.00015193968922438164,0.9814083962483708,0.9820185521794313,0.0001024235717037,7.875302788858915e-05
0.824,0.9711243095446052,0.9746272604006717,0.0001852414034606,0.00012279398369745363,0.9714510310078142,0.9735857332795353,0.0002135327462701,0.0001534605054681538,0.9816455954747968,0.9820039264263084,9.043223478006768e-05,7.904140337126333e-05
0.825,0.9768331677316786,0.9747137665705152,8.177619859191915e-05,0.00012178119886676942,0.9748228528186044,0.9736342477712636,0.0001258151084011,0.00015277790306249695,0.9813025039935446,0.9819764196642392,6.763642957592419e-05,7.875979907633244e-05
0.826,0.9738476828105224,0.9746798025014959,0.0001449206713532,0.00012235254387373207,0.9717886907685817,0.9735618729868447,0.0002192122371928,0.00015441825701259217,0.9818717604727828,0.9819723153822213,6.659359210653617e-05,7.845939890040175e-05
0.827,0.9732611930107208,0.9746241707567597,0.0001387120955331,0.000122756483425909,0.9714560949772784,0.9734792934570577,0.0001544476214503,0.00015441898206044585,0.9817899592980712,0.9819651641632351,6.442948566341462e-05,7.811298128529648e-05
0.828,0.9751400335874189,0.9746444006716874,0.0001419560407632,0.0001232305465757994,0.9724293563743134,0.9734381194538129,0.0001751383426895,0.00015493057121799625,0.983176204213734,0.9820126559299214,6.510200702030578e-05,7.779172265756632e-05
0.829,0.9744265812110812,0.9746358587320558,0.0001570197820137,0.00012406484869526355,0.9709674537707608,0.9733412306034971,0.000236401850054,0.00015694220775630308,0.9789887801302496,0.9818940725652284,0.0001505077681086,7.958718059121343e-05
0.83,0.974478887040294,0.9746297029794377,0.0001358566829606,0.00012435600510024176,0.973258730369349,0.9733379953001972,0.0001366393223742,0.0001564409019386056,0.981979832990907,0.9818974357191764,9.255788425268376e-05,7.990744488285235e-05
0.831,0.9749109294768904,0.974640731469534,0.0001224479597613,0.00012430889286911957,0.9713868727203402,0.9732614806892225,0.0002072811720751,0.0001576962172647676,0.981504709817473,0.9818820347034234,8.425796724417759e-05,8.001486518928108e-05
0.832,0.973751660088784,0.9746058659251908,0.0001543162830663,0.00012504981609201017,0.9709414486012036,0.9731704990387118,0.000237047467475,0.00015965550741495492,0.9795364798800436,0.9817900521613301,0.0001097257025793,8.074846612055633e-05
0.833,0.97249554081847,0.9745231080778686,0.0002014984120578,0.00012693743576572578,0.9700385907962172,0.9730476791076336,0.0002245785798016,0.00016125854625650453,0.9810860924988444,0.9817624459000561,8.693527254241754e-05,8.090122677458589e-05
0.834,0.9750707477172368,0.9745445841421575,9.370197409411666e-05,0.00012611680707389454,0.974021019446622,0.9730858493170056,0.000112783555035,0.000160061632880494,0.9807243329766692,0.9817217355893352,8.503222686723008e-05,8.100322677794005e-05
0.835,0.9731462157641566,0.9744897461665496,0.0001599355203761,0.00012695183704049032,0.9695789548414862,0.9729483240434557,0.0002324468154584,0.0001618489213574366,0.9821610938487734,0.9817389653249995,5.719449303054475e-05,8.041535680287276e-05
0.836,0.9727513984076632,0.9744215756662011,0.0001220355124665,0.0001268304463090608,0.9714711764661974,0.9728903966874848,0.0001677626225569,0.00016199493867245608,0.9816837974665432,0.9817368018795698,7.110208709473757e-05,8.018539952384122e-05
0.837,0.9739541946216695,0.974403246997788,0.0001317813808281,0.0001269526916070132,0.9702487513969472,0.9727868027545225,0.0002436294285521,0.00016401060510879288,0.9800879083031871,0.9816721393863783,0.0001607450679996,8.217452715982463e-05
0.838,0.9725241618024816,0.9743295573822859,0.000117973696205,0.00012673098801474223,0.9719187042940558,0.9727527596776414,0.0001999649609291,0.0001648983669892994,0.9818524718413156,0.9816792112473562,0.0001135732099411,8.294980328521662e-05
0.839,0.9726394616414002,0.9742632791179373,0.0001632939751655,0.0001276337778292652,0.9700024547173448,0.9726449045811593,0.0001827282731602,0.0001653386115901746,0.9811659757351792,0.9816590843645259,8.963768823584864e-05,8.311493624848456e-05
0.84,0.9734125889620472,0.9742299187196671,0.0001694053987411,0.0001286651758857543,0.971247047660562,0.9725900866627045,0.0002184212610704,0.0001666492943051871,0.9808212877638524,0.981626229595872,0.0001236973744299,8.41169717681558e-05
0.841,0.975272816457006,0.974270816670151,0.0001480746855873,0.00012914442304308592,0.9739471540793172,0.9726433049927677,0.0001843888979868,0.00016708730921475103,0.9804492366423684,0.98158007300946,8.95638695677571e-05,8.425146307303028e-05
0.842,0.9731837842574692,0.974228187948085,0.0001411363110485,0.0001294405190457547,0.9712215637107182,0.9725875504326873,0.0001243236619292,0.00016603141668014164,0.9799915438931116,0.9815177777499954,9.131910615366412e-05,8.442597278021904e-05
0.843,0.9725231847519918,0.97416132507765,9.33326738257738e-05,0.0001285489673044833,0.9707497000676044,0.9725154778693506,0.0001578926867767,0.00016583046038455145,0.9802511661087906,0.9814681067052422,0.0001069571162687,8.49822973154443e-05
0.844,0.9724606053999216,0.9740946301883272,0.0001492247268484,0.00012905947988997224,0.9715690883641316,0.9724783645554204,0.0001743514916055,0.00016604085621888095,0.9805907439535088,0.9814337003228213,0.0001073306066776,8.553410742764585e-05
0.845,0.9720058752371896,0.9740127182294591,0.0001287776122172,0.00012905252019429294,0.9721581415726924,0.9724658067913917,0.0002052049460186,0.000167007870789518,0.9782829684465532,0.9813101422100265,0.0001463271377838,8.703516991749855e-05
0.846,0.9729617168236592,0.9739715024880551,0.0001248415652399,0.00012894854599708268,0.9723507381832668,0.9724612942969555,0.0001203806880948,0.0001658565823190011,0.9806180178691016,0.9812830000790099,9.351648435252885e-05,8.719520237392424e-05
0.847,0.9738985909857804,0.973968643213456,0.0001187666850701,0.00012869714202167742,0.9700812092609092,0.9723679576288752,0.0002103752197197,0.00016695580794213853,0.9801207380079748,0.9812374211742635,0.0001027759831895,8.757991301425259e-05
0.848,0.9737321385939572,0.9739593685224952,0.0001336659765518,0.0001288198292949302,0.9713287646151628,0.9723272049616708,0.000143881015464,0.00016638605997551685,0.9805787158860688,0.9812115895943342,8.614771777037935e-05,8.754455016846427e-05
0.849,0.9736181025456696,0.9739459855430118,9.750528116887109e-05,0.00012804663057021119,0.9737337155839064,0.9723823622409742,0.0001302909350245,0.0001654948223159999,0.9807093414222394,0.9811918935875854,0.0001116040957123,8.813861302566809e-05
0.85,0.9721410485605564,0.9738752037005625,0.0001227889299067,0.00012791681079983176,0.9705536063886324,0.9723106463251961,0.0001401809759312,0.0001648697890675495,0.9807677088190148,0.9811752588907788,8.891742831579467e-05,8.81578430329665e-05
0.851,0.9739129910992294,0.9738766855593337,0.0001127906524278,0.00012754332540537637,0.971947339733766,0.9722963990078852,0.0001426457211897,0.00016432104664706096,0.9805503857086908,0.9811507540601087,9.44324255442137e-05,8.831277099726635e-05
0.852,0.9735628127131208,0.9738643768202665,0.0001484709828269,0.00012806005769083477,0.9711558808323016,0.9722516728049212,0.0001564252153739,0.00016412608784889285,0.980105729246702,0.9811097726948771,7.350865714584463e-05,8.79472373194853e-05
0.853,0.9732120626989892,0.9738387958743341,0.0001275145674808,0.00012804658879667224,0.9703543473853256,0.9721772678865056,0.0001917873879319,0.0001648090829171124,0.9797599199224284,0.981056837292036,0.0001081340346773,8.844567676366041e-05
0.854,0.9725657887395732,0.9737888740259121,0.0001892037429404,0.00012955664199498386,0.9689142824833552,0.9720493076746173,0.0002097578439748,0.00016591892887619334,0.9805068684926516,0.9810352698881385,8.519381725459535e-05,8.836538393576683e-05
0.855,0.9726168636885708,0.9737429128362124,0.0001142370627537,0.00012917838077680977,0.9698653714153768,0.9719636631154314,0.000230611829944,0.00016751628446799567,0.980626499034924,0.9810192396586007,9.34482595607208e-05,8.84908870383939e-05
0.856,0.9723691772546856,0.9736890408526231,0.0001182260933632,0.00012890795392545947,0.9696029917766626,0.9718710877688129,0.0001676369247075,0.00016751926323935943,0.9774227724750713,0.980878201729835,0.0001726851530419,9.056975781645484e-05
0.857,0.972247819915532,0.9736325223845018,0.0001545887584818,0.00012954204786885337,0.9714066679314204,0.9718528752261703,0.0001219350289755,0.00016639372658424614,0.982572617276515,0.9809446493983321,9.103444223435676e-05,9.058123150585326e-05
0.858,0.9717202629407892,0.9735575318180817,0.0001737762030264,0.0001306342492370362,0.9695277648315624,0.9717616944263816,0.0001754340246551,0.00016661694382184456,0.9790829622952222,0.9808716420609553,0.0001210570645972,9.133372121613094e-05
0.859,0.9735360285842604,0.9735566885540103,0.0001360419896183,0.00013076777369164195,0.9704009798698128,0.971708333071222,0.0001657749067648,0.00016659615278328266,0.9802877342915576,0.9808487437170573,9.909700736904751e-05,9.152540729505364e-05
0.86,0.9727023316260032,0.9735231843607551,0.0001649641160996,0.00013161212782978113,0.9694517649582473,0.9716198402040465,0.0002559441374405,0.000168802275873282,0.980890307135124,0.9808503736550206,5.389196861622114e-05,9.059618658186165e-05
0.861,0.9726950764596914,0.9734907095411056,0.0001581276711346,0.00013226683260622544,0.9711515661273328,0.9716014765147636,0.0002101038229127,0.00016982206716363555,0.9811637481824912,0.9808626628521764,8.258882020944535e-05,9.039847383087277e-05
0.862,0.9723014318137804,0.9734440711988575,0.0001321674997025,0.00013226437994192318,0.9670218355307888,0.9714218827506862,0.0002916879105781,0.00017283110034998836,0.97914918620803,0.9807954676896609,8.640139905017698e-05,9.029978062589865e-05
0.863,0.9733860070742592,0.9734417941743635,0.0001262612497702,0.00013211615450483364,0.9698771360293912,0.9713613044478904,0.0002062080800209,0.0001736552233089995,0.9805064485374728,0.9807841336052613,0.000115517958489,9.09224516874004e-05
0.864,0.9718470692216156,0.9733792559409224,0.0001692224697747,0.0001330323598246646,0.9712837312177788,0.971358262360435,0.0001721165561743,0.00017361723152770815,0.9778077580441118,0.9806674129950201,0.000130361114536,9.189624583662035e-05
0.865,0.9740417719023255,0.9734052369590166,0.0001399185797757,0.0001332023899477315,0.9710142750747844,0.9713447726629585,0.0002173721568377,0.00017469760005908553,0.9779250990767124,0.9805598712727337,0.0001477376415949,9.327504573852898e-05
0.866,0.9727071827218456,0.9733778622830491,0.0001163036639381,0.00013278513745170603,0.969441645552697,0.9712701402272619,0.0002878512721276,0.0001774915179010653,0.9792575715755488,0.9805088006963735,0.0001021937917873,9.34952616913852e-05
0.867,0.9727659465817766,0.9733538655888816,0.0001267333888706,0.00013263571156012978,0.9714652675629676,0.9712777922796424,0.0002056295391443,0.00017818628386087222,0.9790469542989024,0.9804514733866687,0.0001257194959005,9.429092179896015e-05
0.868,0.9730739759745436,0.9733428895255741,0.0001073471091087,0.00013201130162026668,0.9702277548911052,0.971236614342837,0.0001644363910859,0.00017784678033404687,0.9799146560802818,0.9804304217275948,9.903294327703571e-05,9.440800874955941e-05
0.869,0.9746630470547566,0.9733946604090715,0.0002036040075703,0.00013377902276254106,0.9710008524376396,0.9712273687779274,0.0001836175725093,0.00017798926903035326,0.9805560529585536,0.9804353484425343,8.584454405397173e-05,9.419656517590715e-05
0.87,0.9709174497803597,0.97329751489422,0.0002680679363892,0.00013709479842174063,0.9679881580897778,0.9711003409078038,0.0001978813887104,0.00017848043248133147,0.978644184263968,0.9803651067100415,8.01115120927919e-05,9.38487860859566e-05
0.871,0.9734449454659212,0.9733032964852671,0.0001334286944954,0.00013700427733676426,0.9723571597844852,0.9711496279225756,0.0002092359926017,0.00017923982903066222,0.9807126621457766,0.9803787363349723,0.0001045333169975,9.41126016651133e-05
0.872,0.9735530665056026,0.9733130913880254,0.0001207270385474,0.00013660237020453732,0.9702186336437162,0.9711131183430124,0.0002032431170044,0.0001798325028101884,0.9792454393762716,0.980334293316984,0.0001913546038086,9.651363876478598e-05
0.873,0.9711294779735056,0.9732274594894167,0.0001362725110117,0.0001365942255330771,0.9697442102555784,0.971059435672917,0.0001558602532165,0.00017924059541047873,0.97974125887596,0.9803110370643948,0.0001245403677299,9.72056567666541e-05
0.874,0.9716391666818116,0.9731651734969615,0.0002036093101789,0.0001382489189874875,0.9679133915143904,0.9709360613921905,0.0002592140613959,0.00018121524889919645,0.9780658184570143,0.9802229892758701,0.0001436462963391,9.835233922964413e-05
0.875,0.972313691107812,0.9731317820307204,0.0001788494743016,0.00013925140183851072,0.9702756124502042,0.9709101614336813,0.0002579658808254,0.00018311032623781774,0.9796270899173968,0.9801996206735771,9.859743519201223e-05,9.835839098182406e-05
0.876,0.9720353264400952,0.9730887837722646,0.0001131705156151,0.0001386074293368108,0.9690806700070528,0.9708384166718527,0.0002517144711886,0.0001848042557489738,0.9786573755919328,0.980139140474297,0.0001026014243285,9.84631572376809e-05
0.877,0.9721934089700092,0.9730536710349212,0.0001496130087825,0.00013887917204014332,0.9671412281115316,0.9706934288851734,0.0001064341797167,0.00018286919213633261,0.97830407215336,0.9800671770107309,0.0001133487999099,9.883070397164003e-05
0.878,0.9722929366952736,0.9730238383157194,0.0001588400034837,0.00013937203207750221,0.9691467581709354,0.970632775131674,0.0002221021415087,0.00018383790693902218,0.9792798279021984,0.980036300575102,0.0001062974106036,9.901506709899681e-05
0.879,0.970661192182768,0.9729311855261918,0.0001589060049434,0.0001398543523968161,0.96851927129731,0.9705498926283657,0.0002184903560794,0.00018469352297008433,0.9793004507239428,0.9800074437181939,0.000126403705415,9.96913297757618e-05
0.88,0.9728274634830764,0.9729271179950892,0.0001585754732103,0.00014031660229497583,0.9676688927865986,0.970436912242414,0.0003144740435875,0.00018789798027988973,0.9779022489998856,0.9799248870625741,9.363459232498358e-05,9.954178070240793e-05
0.881,0.9706359634290458,0.9728372687964209,0.0001643740645033,0.00014091061370944527,0.969386266606215,0.9703957104527591,0.0002701353098767,0.00018992853163451626,0.9799462970310486,0.979925726669181,8.096265867953324e-05,9.908303694727532e-05
0.882,0.9695694165626092,0.9727091177284283,0.0001560490330437,0.0001412844018423325,0.9681848119959572,0.9703090085524924,0.0001837714995925,0.00018977650615151855,0.9783696547060222,0.9798647042392532,8.216039076455823e-05,9.866519383033669e-05
0.883,0.9739806888714564,0.972758983263449,0.0001615014343355,0.0001417835878313515,0.9694187309761416,0.9702740957063609,0.0001790473286184,0.0001895115881869241,0.978830388834603,0.9798241428508355,0.0001000172576747,9.869857812289265e-05
0.884,0.9714564005290086,0.9727079015875886,0.0001667546815552,0.00014240015804860235,0.9677928890993548,0.9701767934864782,0.0002291687797343,0.00019049077810460766,0.9791620560961176,0.9797981786643761,9.51478277217967e-05,9.861090527322022e-05
0.885,0.971469550036282,0.9726593387816549,0.0001289545610076,0.00014206816799723718,0.9677504749938804,0.9700816437416705,0.0002047907469988,0.0001908438637573478,0.977774946418444,0.9797188362233591,0.0001134013063493,9.897610036258556e-05
0.886,0.9731291121623744,0.9726777612671733,0.0001457759726678,0.00014215971873010459,0.9673511951852956,0.9699745673276949,0.0002646161043207,0.00019266540056657217,0.9803339220959836,0.9797429572379719,7.126568344471158e-05,9.829189253550302e-05
0.887,0.9712040257487043,0.9726199677174294,0.0001857473144322,0.0001432359556640118,0.9694423255281092,0.9699536951002603,0.0002827142787921,0.00019488882966474033,0.9770528176978716,0.9796374615697326,0.0001831686434432,0.0001003876147859624
0.888,0.9728280050087612,0.9726281260425796,0.0001702805468825,0.0001439037233502291,0.96909523207278,0.9699200298834963,0.0002022054759983,0.00019506948759939201,0.9799518468652666,0.9796497904048516,9.387823117766747e-05,0.00010022688926433426
0.889,0.972664371702992,0.9726295474410273,0.000177849747757,0.0001447418967945876,0.968221646882084,0.9698534266285391,0.0001613871096523,0.00019423782394417858,0.9788126259412891,0.9796169604258883,0.0001158156482815,0.00010061179689540535
0.89,0.9703982585303628,0.9725420459151188,0.0001526762335554,0.00014493780634474245,0.9701434613160558,0.9698648005378535,0.0002026795972458,0.00019444626279166967,0.9779813875260348,0.9795528203121686,0.0001160368413037,0.00010099266219041941
0.891,0.9723577274834672,0.9725348177413285,0.0001911739503411,0.0001460794395327088,0.9688916161770637,0.9698266364452736,0.0001920612658731,0.00019438737397871737,0.9790584916244855,0.9795334348734359,0.0001048670859469,0.00010108832697477063
0.892,0.9725352609766612,0.9725348351231062,0.0001216880913402,0.00014547718402030545,0.9704348072702156,0.9698504862815458,0.0001619595492446,0.0001935866869462814,0.9783209112208572,0.9794858849262761,0.0001015957141408,0.00010110085505297492
0.893,0.9734556698513828,0.972570946288921,0.0001795061628927,0.00014631740572286842,0.9685603146089552,0.9697998913139932,0.0001781235752949,0.000193204881719408,0.9767939128681612,0.9793803173945852,0.0001810535483624,0.00010307499563323892
0.894,0.9718111244598968,0.9725411493544495,0.0001566295582561,0.00014657202677366576,0.9718742385294532,0.969881238263619,0.0001444653238649,0.00019200143584364933,0.9780919200766128,0.9793297920095666,0.0001220483461222,0.00010354347342418285
0.895,0.9697497722451128,0.972431683585456,0.0001966009680236,0.0001478073092764751,0.9647278143766108,0.9696791432092265,0.0003002740315248,0.00019467483327395877,0.9789887487850184,0.9793164177654667,8.75005204113581e-05,0.00010314735112666848
0.896,0.9707488567571824,0.9723656903765041,0.0002508079931293,0.00015035053604391764,0.9669230230997647,0.969571060067679,0.0003147467466083,0.0001976395718813866,0.9775747664004308,0.9792481177119359,0.0001194002011119,0.00010354865606546608
0.897,0.9732925994678286,0.9724020397526345,0.0001266297989786,0.00014976483883116052,0.97006351795019,0.969590372141503,0.0002060197038333,0.00019784648872015333,0.9783294646673084,0.9792120921023426,0.0001419438463975,0.00010449668545843258
0.898,0.9688904344458468,0.9722643297406036,0.0001955599532663,0.0001508955823998474,0.9684904016809824,0.9695472360450119,0.0002055429080696,0.00019803652376621986,0.9782623848754892,0.9791748486816817,9.249068121362651e-05,0.00010420024090855229
0.899,0.9727802652281664,0.9722845625048219,0.0001253379649533,0.00015026453011591728,0.9671332774492568,0.9694525710020412,0.0002710177747362,0.00019983852996671985,0.9788402999399872,0.9791617291231838,0.0001208242891733,0.0001046107112369221
0.9,0.9691182154440784,0.9721603920318515,0.000142778549695,0.0001500796910928074,0.9646589810380616,0.9692645870818852,0.0002363728881232,0.00020074061288597532,0.9768685736793284,0.9790718014587189,7.996862807747558e-05,0.00010400226473793615
0.901,0.9716296594907392,0.9721395789910234,0.0001337484393985,0.00014967645030944211,0.9711746320078148,0.9693394908044708,0.0001662522069819,0.00019988904730642906,0.9787715720982434,0.979060027758308,6.343235784789586e-05,0.00010300053863992381
0.902,0.9731134836033352,0.9721777713287612,0.0001510989554643,0.00014971157389357978,0.9711560768516606,0.9694107294729881,0.0001908855360517,0.00019966673838613453,0.9795183322664536,0.9790780004841177,7.911873998959046e-05,0.00010241086459804843
0.903,0.9716970656400342,0.9721589201252816,0.0001725176177186,0.00015027468608783926,0.9682864036349812,0.9693666382636545,0.0003209213657812,0.00020266067980887452,0.9777920291991112,0.9790275702376469,0.0001423642285659,0.00010339736741390738
0.904,0.9720433445215364,0.9721543877486643,0.0002349438165665,0.00015236528190592589,0.967944651836339,0.9693108740900344,0.0001742717028538,0.00020195971741364838,0.97730830065285,0.9789601479009882,0.0001244451544245,0.00010391706585955769
0.905,0.973063121734592,0.9721900243755633,0.0001583318752521,0.0001525126051986851,0.9676970301166794,0.9692475860910792,0.0002256444951848,0.0002025445267423675,0.9773064456826256,0.9788952968336014,0.0001763095726377,0.00010570453516588942
0.906,0.9703684066348396,0.972118588385731,0.0001770162460468,0.0001531176333688201,0.9672395627620304,0.9691688400781753,0.0002171710638344,0.0002029056758069925,0.979462127821169,0.9789175254997805,9.986442052214844e-05,0.00010556033480406632
0.907,0.9722269957335644,0.9721228396542734,0.0001345144335915,0.0001526582951019391,0.9688768674363388,0.9691573901706524,0.0001859116665945,0.00020248607064054461,0.9774866260432958,0.9788614117956045,0.0001486334106998,0.00010662386754402544
0.908,0.971481257248722,0.972097679559938,0.0002091473314296,0.0001540530861246684,0.9694250035740946,0.9691678848139247,0.0002298848823899,0.00020316258451201136,0.975608990543464,0.978733865864148,0.0001345958178346,0.00010731453298443443
0.909,0.9728999991348244,0.9721291430726786,0.0001393846539857,0.00015369090261448348,0.9703273280045536,0.9692133531743415,0.0001924842158335,0.0002028989210874278,0.9777665993741348,0.9786959338449318,0.0001761138271275,0.0001090132809906909
0.91,0.9684315140073788,0.9719841380112942,0.0002109067961447,0.0001551036407285501,0.9655529051594012,0.9690698061933635,0.000257895348426,0.0002042568575670471,0.9764168831788992,0.978606559309009,0.0001919677291241,0.00011106153897249696
0.911,0.9707568386614628,0.9719360086250264,0.0002116903768438,0.00015650084409155166,0.9683969794424656,0.9690434208305833,0.0002539735935067,0.00020548443129582458,0.9790513061891354,0.9786240003631315,9.156651011813798e-05,0.00011058018023461807
0.912,0.9701897631258009,0.9718675284093705,0.0001545769851661,0.00015645334140196367,0.9654608393986572,0.9689029274410959,0.0001882449404449,0.00020505876485442775,0.9774056047226062,0.9785762201419343,0.0001290495664597,0.0001110362144630763
0.913,0.971421120703795,0.9718500222248382,0.0001814869030691,0.00015707145403661695,0.9679269246166314,0.9688646528205286,0.0003578292735118,0.00020883087618477422,0.9783435170499052,0.9785670945304821,0.0001253260001844,0.00011138904867892954
0.914,0.9714399202422922,0.9718339397941501,0.0001488583672442,0.00015686866176985056,0.9653480385538714,0.9687267463786988,0.0002677804506738,0.00021028642123594577,0.9745950026804922,0.9784113262226393,0.0001802937119795,0.00011309039839246232
0.915,0.9737463954761522,0.9719089380561894,0.0001318163372551,0.00015625008585505235,0.9682399076296756,0.968707654663051,0.0003045277036826,0.00021261336648475376,0.97856196676005,0.9784172336946946,0.0001288866811331,0.00011348043006560898
0.916,0.9732814472592616,0.971962761946506,0.0001008777288762,0.00015488286716237607,0.9667355222148888,0.9686303161356722,0.0003587329284834,0.00021622125690932997,0.9777794155249092,0.9783922212174481,0.0001116492180594,0.0001134352149542837
0.917,0.9713505873393914,0.9719387550991682,0.0001553401896492,0.00015489415907564582,0.9672184792561576,0.9685749499835344,0.0001591561593521,0.0002148122421529806,0.9737399785940826,0.9782097803302572,0.0001491194010192,0.000114316305969389
0.918,0.9725067220181948,0.971961028311679,0.0001106090381047,0.00015380069929718531,0.9701326599972768,0.9686360366507399,0.0001361240558911,0.00021286932397118711,0.9762028069947076,0.9781310754935689,0.0001288356749826,0.00011467480890844585
0.919,0.9708330544784696,0.97191679404371,0.0001749870703067,0.00015432381956967847,0.9663201446792942,0.968545217357742,0.0002385025857623,0.0002135022440162025,0.9751204431472644,0.9780130114799884,0.0001777149140766,0.00011623135471701079
0.92,0.9727005689443116,0.9719475303143219,0.0002118755787169,0.00015574485066146413,0.9674468015853354,0.9685021422294123,0.000246181060165,0.00021430912836653828,0.9749550406193728,0.9778930910540821,0.0001768696490891,0.00011772859655518228
0.921,0.9721931456395252,0.9719571622878593,0.0001440139515015,0.00015545519883000984,0.969975100715315,0.968559905307291,0.0001847826339704,0.00021358007912132313,0.976923326604072,0.9778550610756503,0.000101603436825,0.00011733044446260605
0.922,0.971178773039339,0.9719266372192898,0.0002401130662314,0.00015754551654604618,0.9652301548374064,0.9684293268574916,0.0002462389332272,0.00021438647058166175,0.978043149511835,0.9778624370927556,0.0001023445949356,0.00011696042348620188
0.923,0.9719584419182208,0.9719278844623852,0.0002071021988621,0.00015876913833301042,0.967343172576442,0.9683867325719603,0.000205649250536,0.00021417073675313004,0.9776570102855132,0.9778543811395304,0.0001800233230479,0.00011851753211911441
0.924,0.9722647347796052,0.9719410942787469,0.0001883014791017,0.00015949833193304095,0.9672669472698756,0.9683428194228589,0.0002534831351664,0.00021514141325823112,0.9774162195011596,0.9778371983301825,0.0001752832298016,0.00011991915428565874
0.925,0.968392262237566,0.9718019243947789,0.0001900445227536,0.0001602525588676926,0.967064417520042,0.9682926860149053,0.0001845877050078,0.00021438700070802686,0.9753908419864864,0.9777412627872923,0.0001144169678271,0.00011978329782974583
0.926,0.9717020952828856,0.9717980095276458,0.0002036379866077,0.0001613238039981985,0.9673790794078696,0.9682568583048254,0.0001699235209883,0.00021328913701009256,0.9767606582193402,0.9777028077061962,0.0001888593129497,0.00012148887845177959
0.927,0.9711437902330604,0.9717723538690347,0.0001448625447946,0.00016091735315324965,0.9655126412099202,0.9681492419481624,0.0002421785738388,0.0002140024564386912,0.9729965941162232,0.977518250310511,0.0001896806406696,0.00012317262566875593
0.928,0.9706332356574316,0.9717276825666188,0.0001120795866788,0.00015971148237490027,0.968917841453197,0.9681793831052227,0.0002137168176127,0.00021399540362816588,0.979232620194264,0.9775854805020306,6.448230688692817e-05,0.00012172348199368548
0.929,0.9699430976377226,0.9716576988439171,0.0002105561947513,0.00016096690737306938,0.9660997623786588,0.9680978293512398,0.0002716255560113,0.0002154183703550593,0.9760163742560256,0.977523946923756,0.0001312899245528,0.00012195969045216497
0.93,0.9688870352507536,0.9715490453696753,0.0001776253037361,0.00016137822580217635,0.9636552532271327,0.967923610679706,0.0003323683183975,0.00021830602339588338,0.9755435510999764,0.9774462843424312,0.0001460891966408,0.00012255548072899271
0.931,0.969496353410455,0.9714685476457844,0.0002838492689533,0.00016440220217907574,0.9655574644749324,0.96783082063246,0.0003594279713891,0.00022179051594214939,0.975903816379881,0.9773857954027234,0.000267117492141,0.0001261249131128383
0.932,0.9722109480103254,0.9714976613855704,0.0001552671186992,0.00016417664456208516,0.9664508086603244,0.9677767025159055,0.0001947065226523,0.000221121775366488,0.9760650839359832,0.9773340027961845,0.0001388321773829,0.00012643867272472785
0.933,0.971202605274694,0.9714860905576929,0.0002590429683205,0.0001665190229285518,0.9649964059882896,0.9676676712795285,0.0001618107708701,0.00021965730611837484,0.973900348851442,0.9771993497003123,0.0001519529169945,0.00012706865406527661
0.934,0.97042222371994,0.9714443702895457,0.000271331208221,0.00016910697812317913,0.967484082457638,0.9676604717178857,0.0003978842846976,0.00022405797225991052,0.9775965941210626,0.9772149279128907,0.0002906813217065,0.00013110847302284822
0.935,0.973295673690537,0.9715169704229178,0.0001375804056173,0.00016832854423349348,0.9674083688142358,0.9676505853295072,0.0003804042214937,0.00022791837347879113,0.9793027777129388,0.9772968043756376,7.96289338705137e-05,0.00012983737328962778
0.936,0.9683725851933228,0.9713936611982278,0.0002147498380124,0.00016947474901909363,0.9637153846617326,0.9674962637346926,0.0003153186582073,0.00023007640520224457,0.9760308132888847,0.9772471576663531,0.0001323039906639,0.00012989827742237558
0.937,0.9730247740850968,0.9714576264094775,0.0001452527457358,0.00016887667486347434,0.9696070881074714,0.9675790411610761,0.0002199807471016,0.00022982712969338818,0.977763237607454,0.9772673960954159,0.0001119316667173,0.00012945465740461307
0.938,0.9689828866168396,0.9713605777901584,0.0002365891422635,0.00017054858764008202,0.9635736857920428,0.9674219684015062,0.0004294192189366,0.00023475532943161573,0.9758812168137764,0.9772130361235869,0.0001900521423656,0.00013095089160234261
0.939,0.9675280319587138,0.9712102818751998,0.0002407623722297,0.00017228226133496596,0.9634141700614132,0.9672647998391495,0.0003172489879361,0.00023679220989005937,0.9777103902405108,0.9772325402066036,0.0001642244766803,0.00013177246160488978
0.94,0.9722619170809278,0.9712515224715028,0.000205656926007,0.00017310632712994593,0.9667129058039264,0.9672431569358074,0.0002607283098582,0.00023738322470452414,0.9755066872684311,0.9771648596992242,0.0001196807386427,0.00013147390054387442
0.941,0.9701746783572964,0.9712092932905536,0.0001894880640944,0.00017351081446269302,0.962935715754738,0.9670742376738047,0.0002050766758774,0.00023658553214031671,0.974799986787342,0.9770721195850327,0.0002066470181796,0.0001333300269065877
0.942,0.970711140555376,0.9711897578891742,0.0001765294013828,0.00017358534747311842,0.9659760785160516,0.9670311726087947,0.0003473061214761,0.00023931937385423242,0.9772228285510977,0.9770780297405647,0.0001515078674459,0.000133778862475775
0.943,0.9695381851296728,0.9711249903299779,0.0001948639094667,0.0001741107440659126,0.9655292399241384,0.9669722732878278,0.0002976458373713,0.00024075953344823342,0.976969025075137,0.9770737550478027,0.0001537489322391,0.00013427195061841725
0.944,0.9689950879073688,0.9710414647447776,0.0001586728932154,0.00017372956256317602,0.9622043169875992,0.9667852946093874,0.0002991452350006,0.0002422011557097493,0.9740106025754408,0.9769536314214355,0.0002074642014827,0.00013607916669034826
0.945,0.9699075471293536,0.97099699738731,0.0001709203646119,0.00017366019965075363,0.964479960841722,0.9666948893635966,0.0002014355384803,0.00024119459725898323,0.9752688517597884,0.9768875616307828,0.0002117165857579,0.00013794675728582632
0.946,0.970464250241589,0.9709761053423799,0.0001338802689172,0.0001726779791381895,0.9661123364842912,0.9666720441526434,0.0002651874867335,0.00024178701428342205,0.9745124150279508,0.9767944186267502,0.0002298450032011,0.0001402158497790042
0.947,0.9711452628179988,0.9709827389688747,0.0001600461423741,0.0001723660819339445,0.9679105082641208,0.9667206113727014,0.0002566548963539,0.00024215412248292074,0.9741196757999318,0.9766895267511888,0.0001490261520785,0.0001404333881075217
0.948,0.9698644277072774,0.9709388836252827,0.0002083096087172,0.0001732535764229567,0.9673166682687256,0.9667439861529376,0.0002058858484289,0.00024125860954277365,0.975436557981068,0.976640390720988,0.0002163261653607,0.00014230728384330142
0.949,0.9690131605715336,0.9708633650741553,0.0001838115054832,0.00017351426602953623,0.9645637997296496,0.966658488646142,0.0003070798228766,0.00024288382468777743,0.9750640968960362,0.9765785752768723,0.0002269548329967,0.00014439734678659352
0.95,0.9678617772136114,0.9707456557462908,0.0002375952735536,0.0001750965131298061,0.9624747720997022,0.9664944213305955,0.000295809130089,0.0002441906223527569,0.974854522013456,0.9765109653449736,0.0001915868966144,0.00014556252085708623
0.951,0.9700032883050614,0.9707165432976153,0.000184584152829,0.00017533077583855965,0.9650293272786112,0.9664369666618903,0.0002287200529507,0.00024380863298459056,0.9761261844241512,0.9764958758970981,0.0001243457446785,0.00014503864984003706
0.952,0.9695801896433256,0.9706719804092118,0.0001959924250897,0.00017584094001787934,0.9639118409005644,0.9663379421222305,0.000281958941894,0.00024475061592114087,0.9755469700580026,0.976458663903408,0.0002276767841736,0.00014707909760247625
0.953,0.9692010819529876,0.9706142981168109,0.0002941029668808,0.00017876099006543594,0.9656872467456143,0.9663124246564808,0.0004074617545035,0.00024876817490062736,0.9732795619583444,0.9763339932388956,0.0003067057800515,0.00015102049717122249
0.954,0.9715690546050912,0.9706517395477238,0.000195891971211,0.0001791839772544355,0.9654579516351564,0.9662789159105465,0.0004023762267611,0.00025256096630656404,0.9762411944841964,0.9763303540720446,0.0001142339778648,0.00015011218805207255
0.955,0.9701927179924368,0.9706337387024184,0.0002772468148279,0.00018160528188710838,0.9640454916606708,0.9661913306458455,0.0002751943514337,0.0002531198153223326,0.9766691842593932,0.976343641530372,0.0001571482717486,0.0001502859185138034
0.956,0.9716260465579348,0.970672652735968,0.0002078625619293,0.00018225360978970574,0.9686055485311886,0.9662860058570354,0.0002155976737604,0.000252193342690715,0.9777582102650768,0.9763991148140859,0.0001240517895937,0.0001496381622438505
0.957,0.9689876623664676,0.9706065746822621,0.0002037457114252,0.00018278427896614707,0.966807235148391,0.9663064462214022,0.0001694269061506,0.0002501497269726881,0.9756778100281908,0.9763708283518939,0.0001494632739511,0.0001496338440143978
0.958,0.971809245890555,0.9706537382590578,0.0001562347298118,0.0001821287345422742,0.9649979712782296,0.9662551334785326,0.0003120831493519,0.000251678947279068,0.9742768914063092,0.9762887131775573,0.000146645303973,0.00014956005290222977
0.959,0.9705877916596034,0.9706511521179026,0.0001850919426529,0.00018220190017466894,0.9662381448293448,0.9662544672569958,0.0002796795607873,0.0002523703204524284,0.9758204146030924,0.9762703485275783,0.0001219963248558,0.00014887946702422751
0.96,0.9671696852936073,0.970514624007146,0.0002840421169434,0.0001847164734293445,0.9636340076480348,0.9661517041350759,0.0002410008283428,0.0002520895922520649,0.9733944326286632,0.9761575675119345,0.0002125348019472,0.00015045120368969647
0.961,0.9693140773924128,0.9704675437477446,0.0001866515273222,0.00018476425253783095,0.963540142077504,0.9660492899367398,0.000290095370187,0.00025302800652247335,0.9748504724067928,0.9761063088803603,0.0001280963592841,0.00014989923222265042
0.962,0.9699479573216616,0.9704471678094668,0.0002108870139139,0.00018540925899183597,0.9662988517786336,0.9660590766756376,0.0002507643867587,0.0002529721146764304,0.9743097974494288,0.9760358574516964,0.0001570290764763,0.00015007527775985258
0.963,0.9700871521467898,0.9704330495481853,0.0001612988805497,0.0001848139410053629,0.9652916489295298,0.9660289814699079,0.0002677841451784,0.0002533378438247792,0.9737418547519112,0.9759458965615088,0.0001338225370854,0.00014967397552081041
0.964,0.9706115260722492,0.9704400486275605,0.0001740513965053,0.00018454819916574743,0.9670481669722708,0.9660689495288242,0.000279340579375,0.0002539798866781314,0.976676162303194,0.9759745344337317,0.0001870032273925,0.00015059568544394184
0.965,0.968325395841988,0.970357121067342,0.0001945157602728,0.00018479431178577196,0.9631518516946572,0.9659545535353276,0.0002102164000614,0.00025289930676124163,0.9743914442128468,0.9759124524642853,0.0001402428822464,0.0001503400606735311
0.966,0.9689060447668216,0.9703002161143804,0.0001962837306382,0.0001850780011402623,0.9629860361407144,0.9658381410884801,0.0003837562290377,0.0002561303418804248,0.9749187593834258,0.9758734841081731,0.0001759884699735,0.00015097335473056466
0.967,0.9685677151758648,0.9702322749011053,0.0001635745758892,0.00018454705236843142,0.9630480771811276,0.9657287268176036,0.0002113370731566,0.0002550243352448527,0.9753657614506543,0.9758535734157214,9.55721230742647e-05,0.00014960542308421559
0.968,0.9677200821611288,0.9701337575387533,0.0002446466977795,0.00018603099423097747,0.9641070175472696,0.9656651303756297,0.0003827308609285,0.00025817758279375375,0.9755715377385438,0.9758425131930869,0.0001800908627044,0.0001503581499886938
0.969,0.971110235991872,0.9701720508114247,0.0001977962455963,0.00018632149426479308,0.9630378911521806,0.9655621013864748,0.0003213559509412,0.0002597375425016562,0.9751942962816044,0.9758170929220483,0.0001378290494704,0.00015004878948195855
0.97,0.9685001972025514,0.9701064879248023,0.0002297620286155,0.00018739410005160458,0.962799176810382,0.9654537514030986,0.0002233751498752,0.00025883970564636867,0.9726328064543242,0.9756922189429219,0.0002028640880607,0.00015135287092880227
0.971,0.96748418878062,0.970003652664246,0.000214444488046,0.0001880620108665083,0.9613057849071744,0.9652910860503173,0.0003092042437224,0.0002600832744881754,0.9752508478065572,0.9756749102709076,0.0001999036173345,0.0001525516547910793
0.972,0.973965963393893,0.9701590373987421,0.0001273520032198,0.00018656299833152415,0.967077278414778,0.9653611328097078,0.0002443731612516,0.0002596953704575139,0.976639248098536,0.9757127274406185,0.0001281067772859,0.00015194807756852886
0.973,0.9706167371218766,0.9701769864074925,0.0001850101784204,0.0001865246570991383,0.9636363610009302,0.9652934946995597,0.0002387247598445,0.000259177577602704,0.9755395091288034,0.9757059345656455,0.0001857192586259,0.00015278193389120303
0.974,0.9707866246883256,0.9702008937910547,0.000126569996131,0.0001850442950994576,0.9624048142162442,0.9651802131119788,0.000305681994346,0.0002603258348066047,0.97267142753133,0.97558693428979,0.000158029241485,0.00015291149704170804
0.975,0.9701508115244878,0.9701989297806011,0.0002075388755795,0.0001855997168398766,0.9627734911517848,0.9650858318586379,0.0004378894352294,0.0002647101212381472,0.9750207898501037,0.9755647325470572,0.0001413190687435,0.00015262526424413328
0.976,0.9706928952628444,0.9702183009759832,0.0001269041305709,0.0001841504431044049,0.9647123196332402,0.9650711843203871,0.0003826219402215,0.00026762152417688213,0.9729005143816084,0.9754602534033141,0.0002405459865536,0.00015479614627711776
0.977,0.9709168387139278,0.9702456946127653,0.0001368462388037,0.00018298243805960093,0.9652378154211094,0.9650777188733566,0.0002470344087275,0.0002671132003384769,0.9757439116030064,0.9754713772542825,0.0001416629154944,0.0001544718689737458
0.978,0.967577167574318,0.9701410464936105,0.0002440526197555,0.0001844903437809181,0.9641243397735562,0.9650403314576781,0.0003019750246237,0.00026797398612354314,0.972877407569569,0.9753696529529212,0.0001566861762873,0.00015452654322841707
0.979,0.9681852591871416,0.9700643489521804,0.000234386941251,0.0001857223585336091,0.9644338340543012,0.965016547245781,0.0002694443497555,0.00026801029139841636,0.9751547535872952,0.9753612255268181,0.0001565492528194,0.00015457648667512193
0.98,0.9699897436266526,0.97006142325314,0.0002262389934913,0.00018672276927357703,0.9624835158870518,0.9649172126826935,0.0002841552684305,0.00026840893280672426,0.976440809730688,0.975403562162264,0.0001347336049345,0.00015408653897768947
0.981,0.9697209121607874,0.9700480698769695,0.0001984372937258,0.00018701201679099252,0.96317606349039,0.9648489323222109,0.0003557839970314,0.0002705663418004979,0.9744093280969912,0.9753645725910769,0.0001462762039715,0.00015389369119970774
0.982,0.970164399413757,0.9700526318195886,0.0002282421349638,0.0001880300444004608,0.9656325669924488,0.9648796630935927,0.0002537307186258,0.0002701506474010152,0.9749811218530616,0.9753495353072332,0.0001563636173967,0.000153954677031748
0.983,0.9702589301567464,0.9700607219504574,0.0002183678208518,0.00018877912530068273,0.9657239434939632,0.9649127721289015,0.0003178087527912,0.0002713273907442794,0.9750453948170712,0.9753376082291877,0.0001260258194518,0.00015326507560984703
0.984,0.9695484744640724,0.9700406338137365,0.0001775548611714,0.00018850198297643478,0.9633459784848224,0.9648513292408982,0.0002159872316937,0.0002699609670636822,0.9759654169414428,0.9753622281786879,0.0001187203881966,0.00015241212036486577
0.985,0.9693956968513348,0.9700153421681521,0.0001624238360478,0.0001878580781138449,0.9630124674123142,0.9647792170123262,0.0002289496869205,0.0002689483428623731,0.9748385979432292,0.9753416936596503,0.0001073552974342,0.00015129960621816278
0.986,0.9696488615453094,0.970000970379021,0.0001253345115239,0.00018631428634583084,0.9618468695989992,0.9646642229961172,0.0004270349152313,0.00027285171502054354,0.9743746105948274,0.9753037688335788,0.0001622166371471,0.00015156916253745883
0.987,0.9672485086723518,0.9698930307042496,0.0003217468658318,0.00018965830065488922,0.9602462132954568,0.9644909677137384,0.0003831128879933,0.0002755742131192573,0.973149095807286,0.9752192718521555,0.0001622779327422,0.00015183357661664856
0.988,0.9660270464696696,0.9697414234793642,0.0002741180231476,0.00019174372590208678,0.9608000023534512,0.9643462239741194,0.0004355066263004,0.00027952316159374435,0.9732014465278926,0.9751401414472823,0.0002406064842947,0.00015402550026350785
0.989,0.96931848801347,0.9697248377748193,0.0002263638803354,0.00019259854453025532,0.960775711579,0.9642062038801932,0.0003512228086229,0.00028129352324916937,0.9747343696110214,0.9751242288262525,0.00019550511583,0.00015504968830240892
0.99,0.9689636243746388,0.9696949862689299,0.0001524761753597,0.00019160786874805664,0.959581159289845,0.9640248295825324,0.0004591914710467,0.00028568606517102564,0.9740068952151072,0.975080411821894,0.0001925861207776,0.00015597651379581966
0.991,0.969003725710608,0.9696678780117407,0.0002025864540911,0.00019187894492942231,0.9624850971431308,0.9639644479182421,0.0002752054911281,0.0002854272855649741,0.9752358603982144,0.9750865078444948,0.0001693943072265,0.00015630781733738634
0.992,0.9697999570101328,0.9696730575803051,0.0002665338302904,0.00019372227543253356,0.9632303202903324,0.9639356585995006,0.000315627436678,0.0002861729683086557,0.9743582789980776,0.9750579498505177,0.0001988437689814,0.00015735808774856107
0.993,0.9688503799724388,0.9696407957133298,0.0002154770920072,0.0001942594313974456,0.961339388732088,0.9638338440948963,0.0003458231157892,0.0002876458114566127,0.9723013019167052,0.9749498460099761,0.0002916658534424,0.00016067432887745514
0.994,0.9661935106185888,0.9695056080625556,0.0002060113685946,0.00019454960268631977,0.960845735426496,0.9637166633628022,0.0002396409901125,0.00028646050722566684,0.9710694238482998,0.9747976725918712,0.0002640275196722,0.0001632262595148511
0.995,0.9678973587698432,0.9694425394628414,0.0002123376985105,0.00019498881492897415,0.9589904541978832,0.963531321826923,0.0004323559769176,0.00029006286450268363,0.9751663987077436,0.9748121324395523,8.513846960629918e-05,0.00016129816593650207
0.996,0.9665943934229057,0.9693308474612753,0.0003046492104663,0.00019769647901680875,0.9608214283041884,0.9634250514926982,0.0002571604271774,0.00028925045864265213,0.9739953832214594,0.9747801030584508,0.0001989294293146,0.0001622273329336614
0.997,0.9675653933791176,0.9692616139678573,0.0001991027827665,0.00019773120256618999,0.9582270396164452,0.9632212078897079,0.0004040261371358,0.00029208442601335677,0.9725077282285548,0.9746909903200234,0.0001573760709059,0.00016210754868604109
0.998,0.9674598279920976,0.969190955694298,0.0002291769151798,0.00019850763991480873,0.9605840321468772,0.9631177892331262,0.0003227529898135,0.0002928416745023804,0.9709012353656864,0.9745423724786768,0.000223158741129,0.00016361498553674571
0.999,0.968426138290898,0.969160962854949,0.0001899285423273,0.00019829581034471098,0.9611185279912684,0.9630393868314846,0.0002995267047398,0.0002930067369774063,0.9721096158350978,0.97444697025736,0.0002174518116047,0.00016494428988432725
1.0,0.9681573346146948,0.969121604884743,0.0001800883271456,0.00019784624285823908,0.9644310866938938,0.9630939632966771,0.0002187198729832,0.0002911724934216915,0.9733797694270448,0.9744051192444064,0.0001735525512596,0.00016515683954794927
1.001,0.9676832426381344,0.9690651985221309,0.0002176642576586,0.0001983355765570921,0.9617733572162174,0.9630421748229336,0.0002012871845401,0.0002889531030785794,0.975227895086603,0.9744373849637084,0.0001261384577298,0.0001641934227127784
1.002,0.9678006811069356,0.969015609603888,0.0002010353748283,0.0001984022382428114,0.960595499609212,0.9629462267753368,0.0004722874960731,0.0002934798782149563,0.9716111707757072,0.9743265530347671,0.0002047983821932,0.00016519601430504475
1.003,0.9693592638735404,0.9690290862419134,0.0002181599354333,0.00019889008261795977,0.9636323108410192,0.9629731320328145,0.0002423848369484,0.00029221827225756443,0.9737931001105704,0.9743056333122495,0.0001402007571336,0.000164578847461211
1.004,0.9640260785005532,0.9688328898598992,0.0002159065084044,0.00019931024127941603,0.9587551608108728,0.96280772139666,0.0002683618776546,0.0002916292254771565,0.9715616196917828,0.9741980249349763,0.0001998192043415,0.00016544897972998988
1.005,0.968959553536342,0.968837857062897,0.0001985244516429,0.0001992908390661659,0.9637726750254388,0.9628455627154356,0.0001945886580152,0.0002892331620826856,0.9719912460803954,0.9741114845877379,0.000189697961602,0.00016604772002321304
1.006,0.9668821382086612,0.9687611622058682,0.000193724294568,0.0001991533935229818,0.9607207960401888,0.9627622385320925,0.0003503377625223,0.00029074191764930985,0.972462111761373,0.9740468033004295,0.0003161723755519,0.00016975450164173115
1.007,0.9679322289318026,0.9687286550186498,0.0002852013545987,0.000201278034537491,0.9594468115810064,0.9626322217889127,0.0004076795079377,0.00029362926555806464,0.9710060127024543,0.9739275566103127,0.0001953226525782,0.0001703858140106202
1.008,0.9662910495904417,0.9686330626489162,0.0002093150509314,0.0002014764793867501,0.9616611931554182,0.962594142234658,0.0003126760189251,0.00029409955576472155,0.971213151137764,0.9738211093368794,0.0002039857668301,0.00017121544247541065
1.009,0.9683809889503676,0.9686231774058359,0.0002303547503538,0.00020218952311442542,0.95817019004599,0.9624206539135337,0.0004032725992731,0.0002967951864689869,0.973240524635598,0.9737983413093781,0.0001762681991732,0.00017134020190006383
1.01,0.966486974541664,0.9685394047444958,0.0002590724820497,0.00020359404061918036,0.9614006662030884,0.962380654395477,0.0004729264047744,0.00030114410544004915,0.9741304438490812,0.973811364938386,0.0001454864349511,0.00017070183728395809
1.011,0.9688721030712724,0.9685524517377028,0.0002405409570769,0.00020450631016146048,0.964595712795564,0.9624675194307745,0.000285457974053,0.0003007567935539007,0.9739754259209384,0.9738177987024077,0.0001445709613561,0.00017005663047084377
1.012,0.9688736136875674,0.9685650463239719,0.0002066938105758,0.0002045603225173767,0.9630747808487796,0.9624913336040296,0.0002339666155468,0.0002991076533559931,0.9712163407089698,0.9737157807418807,0.0002925031219499,0.00017308000063118962
1.013,0.969121458077384,0.9685868663927332,0.0001744584720198,0.0002038170669494468,0.96255043546977,0.9624936513242547,0.0002721870798022,0.00029844294783606723,0.9730720116312584,0.9736905348944054,0.0001169778393246,0.00017169476208024465
1.014,0.9689369677992548,0.9686005958596555,0.000254429575,0.00020506675850639572,0.961414227470317,0.9624513209770414,0.0003108008361973,0.000298748080882059,0.9715875184564672,0.9736080636615451,0.000160394447319,0.00017141574196265065
1.015,0.9697820560458448,0.9686469276316629,0.000160794907391,0.00020397362637996583,0.9611538471652996,0.9624004396510908,0.0004016714860208,0.00030128939952774785,0.9721380846956246,0.9735504174275874,0.000202287542267,0.00017217800863691845
1.016,0.9663409254406572,0.9685564961731922,0.0002380509302009,0.0002048150412892177,0.9575278757869669,0.9622093587152427,0.0004146535764094,0.0003040885150066164,0.9742079637644712,0.9735762035584455,0.0001484563835879,0.00017159228949984096
1.017,0.966813197346397,0.9684881315133178,0.0002894448404701,0.00020690466596057574,0.9588913240950911,0.9620792397105309,0.0005366785874609,0.0003098314797591928,0.9711210047765833,0.9734799212532745,0.0001528245502509,0.00017112888853068137
1.018,0.966717261545949,0.9684186856322444,0.0001660684185502,0.0002058963635552753,0.9614757585569452,0.9620555737829392,0.0002453536061962,0.0003082394334982109,0.9719811275307368,0.9734211450288612,0.0002304476362959,0.00017259354896948266
1.019,0.9670236538399268,0.968363978503134,0.0002002169250576,0.0002057561305059356,0.9606678596960913,0.9620011536226706,0.0002433656754983,0.00030663761231286373,0.9735585319751636,0.9734265327522457,0.0002180916157483,0.00017371695802586489
1.02,0.9662031389229044,0.9682792396960661,0.0001542645419539,0.0002044847332576101,0.9590842337144188,0.9618867646066607,0.0002781757584972,0.00030593485049018447,0.9695064362442692,0.9732728034774231,0.0002400762369549,0.00017535545874032581
1.021,0.9685626367257296,0.9682903533050725,0.0002470931307647,0.00020553679245541857,0.9616618932664486,0.9618779461227308,0.0002750536621583,0.00030517235201277964,0.9738137614765536,0.9732940175166046,0.000192205546457,0.00017577151028892623
1.022,0.9679184136358936,0.9682757674356929,0.0001791064476088,0.00020488419134803262,0.9601015589122016,0.9618082838791806,0.0004142737205564,0.00030786621296473017,0.9727367830456172,0.9732721651844091,0.0001982739255703,0.00017632712548111177
1.023,0.9701047100936132,0.96834749067718,0.0001852115636153,0.0002043984474533522,0.9636995255824842,0.9618824502204866,0.0002625309438481,0.0003067468236037219,0.972938573284256,0.973259083149109,0.0002109900317207,0.0001771829997093291
1.024,0.96645609556613,0.968273318319884,0.000286484482053,0.00020642526312266262,0.9610264811874536,0.9618488828074264,0.0003588697168103,0.0003080338086212847,0.9742109473211532,0.9732964111558559,0.0001671408988574,0.00017693504660185164
1.025,0.9708125282717588,0.9683728951807417,0.000227034120683,0.00020693412380320966,0.9644492348627328,0.9619508573978306,0.0002344814250121,0.0003062177003838607,0.9740092055196028,0.9733243638760029,0.0002166627674441,0.00017791597798075913
1.026,0.9675871261481672,0.9683420807088761,0.0002592312744023,0.0002082254114724341,0.9560457283277568,0.9617192837088081,0.0003581319003216,0.0003074995324811991,0.973188325163888,0.9733190290245474,0.0001604439343318,0.00017748456949556252
1.027,0.966801681201411,0.9682816728850538,0.0002205704207368,0.00020853022651602424,0.9619735762746974,0.961729255966294,0.00023700282695,0.0003057588730852209,0.9727616480127974,0.973297170945655,0.0002061198877895,0.00017819161439176846
1.028,0.9696578701238814,0.9683356414042237,0.0002204698832935,0.00020882503285623297,0.9627775084011578,0.9617703639049161,0.0003312414909997,0.0003063880735276052,0.9734921707002742,0.9733048179948558,0.0001969051366662,0.0001786536766701873
1.029,0.9678396820038156,0.9683161920159724,0.0001981895731243,0.00020856242891221366,0.9589816452359806,0.9616610023884873,0.0003354016021365,0.0003071044569501042,0.9696381607383568,0.9731610275142087,0.0002352434979492,0.00018005095620805223
1.03,0.9693655080648792,0.9683573416649491,0.0003126131757302,0.00021113158315483308,0.9619317752940376,0.961671620933803,0.0004341213496074,0.00031024067652213344,0.9719095732222812,0.9731119508753096,0.0001697048306366,0.0001797954963173792
1.031,0.9656996784109424,0.9682531195765567,0.0002259416066301,0.00021149726274684275,0.9599528048679172,0.9616042163821996,0.0003243847267574,0.00031058991233043814,0.9700533240326056,0.9729920047246152,0.0002648734126061,0.00018189618560861823
1.032,0.9658202789292388,0.9681577140609756,0.0002291883571304,0.00021193407989214812,0.9607107538372,0.9615691786353369,0.0003253011958394,0.00031095315389858755,0.9731693043500734,0.9729989576511037,0.0002606133413744,0.00018383981908446048
1.033,0.9678099411623962,0.9681440759080902,0.0002294569577029,0.0002123667435418276,0.9611897770548258,0.9615543001419835,0.0004666176287916,0.0003147967211801741,0.9725974023704056,0.9729832103851939,0.0001724291333516,0.00018355807375770283
1.034,0.9692267775529432,0.9681865347961236,0.0001788146825712,0.0002115382975918772,0.9599420652998756,0.9614910752462147,0.000245775820221,0.00031309250140328435,0.971948171657018,0.9729426206311478,0.000247814759033,0.00018514465857942688
1.035,0.96810825730611,0.9681834650906328,0.0002128446338295,0.00021157055280762317,0.9605520956627775,0.9614542525174524,0.0002902090170259,0.0003125274770976311,0.9709922138607496,0.9728661340911322,0.0001933767237471,0.00018534791944777845
1.036,0.9662855858409451,0.9681090384533902,0.0002397040571768,0.00021226520723653826,0.958353671634266,0.9613326611102687,0.0005567995268171,0.00031855888573308386,0.9713252202009536,0.9728057060954389,0.0002815232515555,0.00018772261900615292
1.037,0.9658292428594806,0.9680196347046095,0.0003619648633124,0.0002159614950411221,0.9579151606898584,0.9611986414859388,0.0004655271521852,0.0003221877318185585,0.9710081346818156,0.9727352130988263,0.0002122998110147,0.0001883294632533172
1.038,0.9637628104592932,0.9678527004204796,0.0003197229643961,0.00021852350663029718,0.9567132540673058,0.9610227439401101,0.0002782794965719,0.00032110357786178175,0.9686886028629336,0.9725765225013403,0.0002377688731531,0.00018955018942376004
1.039,0.9664810891986464,0.9677989117451135,0.0002507459002205,0.00021931912128689485,0.9606211514419852,0.9610069952146933,0.0002460967701125,0.0003192515579172399,0.9711390424914982,0.9725201507362483,0.0002302711023421,0.00019055564406378155
1.04,0.965808467151508,0.9677208550943838,0.0002425493119628,0.00021989270624189023,0.962689083898183,0.961072959476791,0.0003527817965986,0.0003200794650452249,0.9706242730619804,0.9724458025921594,0.0001722963888142,0.00019010479825512256
1.041,0.9656149449964224,0.9676382703846598,0.000388019037802,0.00022404397368806434,0.9586393796636888,0.9609775249743164,0.0004602340425098,0.00032354007189640667,0.9699677843685314,0.9723486254069191,0.0002635350287436,0.00019191789036605638
1.042,0.9644244596490908,0.9675122385911081,0.0001857551929128,0.00022309857169355884,0.9593636554543324,0.9609142359735328,0.0003144252554891,0.00032331501470115155,0.9718981313457802,0.972330958973149,0.0001390341374634,0.00019061211868937227
1.043,0.967245713800693,0.9675017866385428,0.0002673212274528,0.00022419048911977437,0.95848026787152,0.960818786244042,0.0003890068895343,0.00032493703630206126,0.9709852165038966,0.9722781847586686,0.0002285107809887,0.0001915478881289145
1.044,0.9675350225527132,0.9675030900077259,0.0002340180795276,0.00022443314567306734,0.9599295474685356,0.9607839141351988,0.000343608855476,0.00032539806887428254,0.9702433825525127,0.9721983885937213,0.0001676798276341,0.0001909585533018497
1.045,0.9683554320314808,0.967536515185128,0.000196062079956,0.00022373262553186768,0.9584618070327208,0.9606928511115721,0.0003174459715406,0.0003252017207919589,0.9731976736603172,0.9722375762433917,0.0001814610536331,0.00019072404713717665
1.046,0.965490827419082,0.9674562921354791,0.0002542720577118,0.00022448668558573256,0.9594908665738509,0.960645714463034,0.0005657409869622,0.0003311409619322748,0.9721556498539792,0.9722343634438068,0.0001795783593525,0.0001904488449696394
1.047,0.9664701038222874,0.9674176180839814,0.0003502091162462,0.00022759094313306262,0.9580003170715422,0.9605419733888578,0.0004292986694056,0.0003335646090305049,0.9690556578359864,0.9721097083219316,0.0003507731384933,0.00019440746950128928
1.048,0.9652794432189332,0.9673337680892736,0.000252022351316,0.00022819418777958483,0.9572705909871406,0.9604136838829082,0.0004467812967682,0.0003363600828019448,0.968772436490516,0.971978834916778,0.0002840659083514,0.00019662125811498215
1.049,0.9670780772779898,0.967323740998635,0.0003357545030736,0.0002308499980338866,0.9565704872895158,0.9602629702910103,0.0003391777715427,0.0003364296553634483,0.9692107343560334,0.9718702819536115,0.0002581701326763,0.00019814098341286606
1.05,0.9687733091056828,0.9673805868067544,0.0001841635411884,0.000229697246012956,0.9593785728385534,0.9602282880379727,0.0002895441327818,0.0003352719881391554,0.972780733280051,0.9719059859271972,0.0002032422901671,0.00019826694160433457
1.051,0.9687137247068996,0.9674328667244072,0.0002158792342018,0.00022935606053612164,0.9591962846409484,0.9601878173165207,0.0004070336773901,0.00033704388170098873,0.9699835338222558,0.9718305956485721,0.0001954904796828,0.00019819838698898487
1.052,0.9652300340759484,0.96734648113035,0.0002502449200138,0.0002298718348442356,0.9555205321163625,0.9600047865243577,0.0004036054048942,0.0003386873761008949,0.9676958792606136,0.9716684499078678,0.0002627179826971,0.00019979146342629384
1.053,0.9668689406392303,0.9673277540522669,0.0002983583212899,0.00023156285920099273,0.9589229347394106,0.9599623609641637,0.0003191368184737,0.0003382046462829183,0.9689596252522368,0.9715622214899999,0.0004154087911581,0.0002051153480618803
1.054,0.9685980050334108,0.9673775678162333,0.0002113008716697,0.00023106256321254434,0.9607078628169572,0.9599915963309399,0.0002435106975445,0.00033586652409174633,0.9697424809632594,0.9714908591164022,0.000203231045588,0.00020506882207486893
1.055,0.9656270469580795,0.9673089199394429,0.000290865960116,0.0002325391902966418,0.9570682697607192,0.959876956073284,0.0004779189306041,0.00033937399091935803,0.969856270531432,0.9714267576032661,0.0002830154516534,0.00020699343021269063
1.056,0.9654870950830629,0.9672374758274279,0.0004645310560628,0.00023826738451332294,0.9571148523026988,0.9597686382783591,0.0004636397964018,0.0003424422824128764,0.9719300335859248,0.9714464939163115,0.0002801639907346,0.0002088001107194779
1.057,0.9662581558773412,0.9671990711235029,0.0002037705092048,0.00023741560981431332,0.9563818587845428,0.9596358233962488,0.0003263789935891,0.0003420456579974588,0.9689617397635985,0.9713490525769896,0.000304941712844,0.000211173977438696
1.058,0.9684040236942212,0.9672463241654918,0.0001714058268141,0.00023578573862905987,0.9587782332542852,0.9596021924102894,0.0001700735089525,0.00033779943209494994,0.9723642542673208,0.9713888644079829,0.0002435330714938,0.0002119729674153961
1.059,0.966745966221344,0.967226702285329,0.0002861981853464,0.0002370304903999053,0.9576642646065,0.9595261952415133,0.0003930012536453,0.00033916244003451615,0.9699730313348672,0.9713333415423704,0.0001622762324253,0.00021074588753905115
1.06,0.9669853138084012,0.9672172360705475,0.0002642323700465,0.00023770214174922863,0.9575849568897123,0.9594500682473249,0.000448568860492,0.00034186383313233117,0.9713569278266254,0.9713342664946941,0.0001816814913665,0.00021002824812735687
1.061,0.9691531134712684,0.9672931528313601,0.0002371314815297,0.00023768805137343727,0.958517624081482,0.9594135018094486,0.0003768646075635,0.00034272804978498363,0.9708789549904452,0.9713164111415864,0.000224928515493,0.00021039615596355878
1.062,0.9644233909917964,0.9671806131513773,0.0003429531198832,0.00024028718886759642,0.9607957676345896,0.9594677083123953,0.0004508258631536,0.0003453971315966478,0.9715155256182856,0.9713242195524374,0.0002359731509611,0.00021102768670426092
1.063,0.9660017644186,0.9671343837893076,0.0002606893881494,0.0002407909468745717,0.9560890810989706,0.9593352131275551,0.0005548760437186,0.00035056945041465025,0.9670547605841038,0.9711567897889735,0.000262324094752,0.0002122942646807915
1.064,0.9661480357361264,0.9670957034734965,0.0002300681268869,0.00024052618588721298,0.9560499275180082,0.9592063783977689,0.0004677225332685,0.00035346211912718725,0.967323890956363,0.9710064800308319,0.000259539877568,0.00021346082302372437
1.065,0.96783028733766,0.9671245106838559,0.0002968311750047,0.00024191643253213436,0.9561798529700042,0.9590876911260918,0.000481489559742,0.0003566232905004951,0.9674762373215656,0.9708680391402725,0.0003467635005316,0.00021675224715982813
1.066,0.968511040515334,0.9671788844027374,0.0001972094684756,0.00024081255687638254,0.957734319152074,0.959034617715346,0.0004646143862758,0.0003592897373098463,0.969919577437413,0.9708308445636898,0.0002858657226695,0.0002184587527280222
1.067,0.9672357629223332,0.9671811149329176,0.0002243661337707,0.00024040647235524203,0.959178297930184,0.9590402522335749,0.0004018392686634,0.00036034034302231217,0.9702970889672362,0.9708099129716721,0.0002318284326427,0.0002187888682814812
1.068,0.9669714601716995,0.9671728931775757,0.0002698455349005,0.00024113336278848015,0.9560253434917352,0.9589220205182087,0.000408951975522,0.0003615406302445628,0.9683392449163948,0.9707130240283278,0.000227998697198,0.00021901627146461196
1.069,0.9662597606578958,0.9671370840591569,0.0001818446138154,0.00023966944306070677,0.9601492041617428,0.9589701453669747,0.0004420950541723,0.00036352962836629375,0.9682935841631924,0.9706181440336166,0.000421557091329,0.00022401727936264494
1.07,0.9643203454067706,0.9670266237198477,0.0002662463291672,0.00024032566247076247,0.9561396466740708,0.9588591454182332,0.0004933322681289,0.0003667346318173141,0.966870999032008,0.9704711971708083,0.0005178555466386,0.00023127254522151827
1.071,0.9625766935446024,0.9668521166541518,0.0003130997816017,0.0002421225543012062,0.9559821504328988,0.9587463220854751,0.0003504376163283,0.00036633223637312965,0.970074603938321,0.9704556444950245,0.000170893082837,0.0002297816942984021
1.072,0.964148765828828,0.9667461028962959,0.0001988140443788,0.00024105320837716703,0.9565445076238182,0.9586599764203121,0.000354442017533,0.00036603865072274805,0.9680690662071716,0.9703620531896185,0.0002034047369646,0.00022913041140125345
1.073,0.9637906890486236,0.9666302043140342,0.0002047312587406,0.00024015637011451192,0.9525855278549206,0.958421762751081,0.00038077816946,0.00036640258945701086,0.9688846232006264,0.9703041147586777,0.0001491297450479,0.00022715508630605645
1.074,0.9665754657110728,0.9666280577021533,0.0002345550877198,0.00024001806684550308,0.9578915351960432,0.9584009695136285,0.0005029478813263,0.00036977407814522885,0.9686077929100624,0.9702375923332418,0.0003361700425504,0.00022984681362080131
1.075,0.9662275266680068,0.966612350602775,0.0002791980615353,0.00024098547412181883,0.9575676388587088,0.9583682898801023,0.0002543453506829,0.00036692398610904995,0.9703791512018572,0.9702431436614228,0.0001679885322531,0.0002283194486487207
1.076,0.9637152035555188,0.9664987369930786,0.0003886994644199,0.0002446327331416144,0.9554638785737174,0.9582543913974989,0.0003493201292996,0.0003664893229779417,0.9643259395393718,0.9700110964409502,0.0002816280596155,0.00022963571064793292
1.077,0.9625197634044292,0.9663426988131316,0.0003101017331663,0.00024624925166078133,0.9526381207119232,0.9580341454882607,0.0006688025565871,0.0003739538472647671,0.9671935157639924,0.9699006030810695,0.0002565538300896,0.00023030035557243452
1.078,0.9670762422259038,0.9663714652214757,0.0002176586279505,0.000245543310334585,0.9575853205812276,0.9580165445115143,0.000346835864973,0.0003732842674550781,0.9710740150857758,0.9699466192381169,0.0001674672497959,0.00022874892086186644
1.079,0.9640359931009096,0.9662798780794928,0.0002675434062089,0.00024608652257840765,0.957180140975472,0.957983744372846,0.0003134452032275,0.00037180675969633863,0.9666659913354356,0.969817967163502,0.0003815244765675,0.00023252115680530167
1.08,0.9688604306763292,0.9663810762205453,0.0003069200677062,0.0002475885854211027,0.9604886065826064,0.9580819742634248,0.0003584389879719,0.0003714766912586908,0.9702212918783912,0.9698337838189879,0.0001571340070774,0.00023065974570086748
1.081,0.9651820053334936,0.9663340538328177,0.0003486765109813,0.0002500845835831372,0.955464538076658,0.957979329707081,0.0004927185260586,0.00037447031680937096,0.9681783105103126,0.969768863297079,0.0002416163876027,0.00023093028006881985
1.082,0.9628279773361296,0.9661965606368691,0.0003012359291034,0.0002513475797688495,0.955051354703317,0.9578645071579138,0.0005000937833461,0.000377572130797998,0.9683203263379808,0.9697120579261339,0.0002901108256122,0.000232391528106959
1.083,0.9638661952350298,0.9661051737583656,0.0003549774577422,0.0002539063421879975,0.9556287016622304,0.9577768285110243,0.0006819430733702,0.00038508746271351653,0.9685210349819098,0.9696653511440075,0.0003708510792459,0.0002358102824561394
1.084,0.962398705824597,0.9659598220746884,0.0003994255093692,0.00025749940804439597,0.955684983840569,0.9576947953866927,0.0004604383486529,0.00038694797841576107,0.96473381756633,0.9694719576703731,0.0004669559577856,0.0002415175830816734
1.085,0.9623332289432908,0.9658176027362023,0.0002849894132869,0.00025817817360595266,0.9534713018809706,0.9575291681903898,0.0005677421024832,0.0003914120308619585,0.9676694026587104,0.9694012692385432,0.0002241291129274,0.00024108823813958415
1.086,0.965395565770251,0.9658010522669493,0.00024690820625,0.00025789990280703493,0.9562885578690667,0.9574805168052398,0.0003886362426349,0.00039134349288104213,0.968748253257995,0.9693756607687177,0.0002825769924869,0.00024211265182719186
1.087,0.9627963398138782,0.9656832204060446,0.0002302161652923,0.00025721635373258424,0.9524054127509342,0.9572814931168356,0.0005392073706631,0.00039499445282634654,0.967588334389044,0.9693055695381423,0.0002806908839347,0.00024306520076813583
1.088,0.9631682492142446,0.9655845940847976,0.0002632859315655,0.0002573662198519182,0.9535969321096698,0.9571370005283192,0.0004115506977826,0.00039540324899811337,0.9667873418620028,0.969206815511627,0.0002405433642652,0.00024300293320016097
1.089,0.962849209239878,0.9654773240908792,0.0002726468510916,0.00025774351938870723,0.9543905885947738,0.9570292980995527,0.0004233883628865,0.00039609423946450556,0.965448216765256,0.9690594194823576,0.0004167791722462,0.00024729370453470753
1.09,0.9661706334329048,0.9655045126925272,0.0001946298682882,0.0002561851576331121,0.9578637417869116,0.9570620213814099,0.0002992703133367,0.00039370352523908613,0.970556688889714,0.969118135929705,0.0001728578045846,0.0002454557810791174
1.091,0.9658653177393834,0.9655186619100509,0.0001946696837006,0.00025466625704216014,0.9558587007047366,0.9570148323352659,0.000439770238661,0.0003948409749532268,0.9684297962946102,0.9690911422185249,0.0001890523845848,0.000244063104622444
1.092,0.961357178005482,0.9653554664628128,0.0002895778694025,0.0002555282721621828,0.9550335799736624,0.9569371361642225,0.0006337159045103,0.0004007391213621409,0.9681231876545732,0.969053183216017,0.0004191427076679,0.0002483860577841316
1.093,0.9629207488285012,0.9652599873398986,0.0003354849786947,0.0002575025118296842,0.9544707646518368,0.9568404157127564,0.0005374956180775,0.0004041158249847968,0.9682536348442076,0.9690218283779067,0.000256657755291,0.00024859029722874897
1.094,0.9654045589006608,0.9652656568128698,0.0001843660231322,0.00025569667260255744,0.9555508021147854,0.9567898426304831,0.0003738550678894,0.0004033686457972445,0.9663352207364456,0.9689164712154966,0.0003067119735537,0.0002500254003479061
1.095,0.9651373012470392,0.9652606232612687,0.0002591919517975,0.0002557829757925574,0.955110537569058,0.9567239875300351,0.0004125549698202,0.0004035954686126295,0.9701967384747604,0.9689666777746835,0.0001912122984594,0.00024857322499261203
1.096,0.9636323018742056,0.9651967675205996,0.00025276985828,0.0002557085778292833,0.9574457764552085,0.9567522929780811,0.0003011495581559,0.00040106593995933913,0.9674599025917636,0.9689075885518239,0.0002755980900924,0.00024924050561236986
1.097,0.9674220227314042,0.9652840324308273,0.0002679719840505,0.00025601137798289796,0.9571099671235656,0.9567663194151589,0.0004325265286306,0.0004018427446179001,0.9694362326094788,0.9689283196913397,0.0002576020748674,0.0002494469641124971
1.098,0.964798992467968,0.9652650112558132,0.0002617177529286,0.0002561522761297074,0.956147776066596,0.9567420628132545,0.0005143070878062,0.00040461964198061363,0.9665823979990696,0.9688363227622311,0.0002629951672301,0.0002497814876462698
1.099,0.9652219472560684,0.9652633224715096,0.0002825210250313,0.0002568033563495089,0.9553131365832752,0.9566860264905102,0.0003471272671622,0.00040320007717026274,0.9695692554130776,0.9688650652191271,0.0002360808920079,0.0002494432013342066
1.1,0.96348974699582,0.9651937704920708,0.0002902902711882,0.0002576301937529445,0.9559765464065964,0.9566582037421213,0.0004102357349962,0.0004033737971165846,0.9713255497871488,0.9689615548100299,0.0002453349595312,0.0002493417632649952
1.101,0.9653815822942896,0.9652011356607851,0.0002966791447506,0.000258594365382529,0.9532894196308654,0.9565260945612878,0.000508837280729,0.0004059778337490243,0.9680429474080466,0.9689255309903443,0.000223750961101,0.0002487098916066166
1.102,0.9657028611726878,0.9652208111710558,0.0002392148999008,0.0002581158600619863,0.9520666843189294,0.9563512157282541,0.0003148696494181,0.000403728248950701,0.9679399153814754,0.9688868793978397,0.0002563425348863,0.00024889835193451246
1.103,0.9656905907981632,0.9652392339015307,0.0002716591051283,0.00025845026117473903,0.9536089561378,0.9562436761364715,0.0004812149296165,0.0004056415003251892,0.9659320835022832,0.9687710050489944,0.000311473458883,0.00025044341630363034
1.104,0.9641873771649602,0.9651979846177435,0.0002630419997714,0.00025856363743638635,0.9542008960862436,0.9561635671148939,0.0005942061074519,0.0004102974165505971,0.969159366945378,0.9687862349272838,0.000164204554668,0.00024831406169531706
1.105,0.9658306907143988,0.9652227966215339,0.0001432887389517,0.000255717343646607,0.9558381869463628,0.9561508071082848,0.000355139284022,0.0004089354873523439,0.9651650754040638,0.9686442286714712,0.0002859724056549,0.0002492438973486512
1.106,0.9647038885629536,0.9652024472859032,0.0003448671325056,0.0002579185730011757,0.9541779674147808,0.9560734408457946,0.0005087417591494,0.00041139983974242334,0.9676344111094548,0.9686046279827647,0.0002880700393935,0.00025020256752260924
1.107,0.9644500606300824,0.9651729419268514,0.0004098007547385,0.00026166875032806574,0.9531961546840132,0.9559606060943521,0.0005944256800496,0.0004159189962932691,0.9694099883162958,0.9686362107409424,0.000266728221596,0.00025061060836393216
1.108,0.9646677105606196,0.9651531289320971,0.0001981482470034,0.0002601003428385505,0.9556922785823916,0.9559500834468242,0.0003883631808836,0.0004152386057893191,0.970021658184586,0.9686905420132421,0.0002126331592667,0.00024967289357139753
1.109,0.9639579090987284,0.9651062575660826,0.0002563950796639,0.0002600088548589285,0.9530027552451644,0.95583450194872,0.0004082133680566,0.0004150651431292501,0.9689198308840326,0.9686995337336654,0.0002226765623076,0.0002490063174908027
1.11,0.9622829227085532,0.9649955385520618,0.0004385839882472,0.0002644181174117718,0.9503212504235066,0.9556182960065548,0.0005273293913136,0.00041783709987457183,0.963703987427936,0.96850362995697,0.0003710202938936,0.0002520190082662122
1.111,0.9672820497629812,0.9650852056583723,0.0002689911635819,0.00026453103213202304,0.9542242177057728,0.9555636262692692,0.0004408183856628,0.00041840453902984256,0.9688308177962612,0.9685164608526285,0.0001635456629582,0.0002498344812215474
1.112,0.9637646875788088,0.9650334206356443,0.0003189756696508,0.00026587534416953716,0.9545977013698984,0.9555257468614506,0.000467238511927,0.0004196103161384264,0.967360315624172,0.9684711218240617,0.0003162661482651,0.0002514747692967133
1.113,0.9651900557337124,0.9650395631885097,0.0003356650123232,0.0002675985458523605,0.9555718266773584,0.9555275539130549,0.0003651992125594,0.000418266832099425,0.9665989580775972,0.9683977036379258,0.0002270658057603,0.00025087207883901823
1.114,0.963952429387751,0.9649969304904407,0.0003476326848746,0.0002695746974331754,0.9536886275041312,0.9554554391519207,0.0003946143691892,0.0004176828206695374,0.9683285163028712,0.9683949904091002,0.000246635519907,0.0002507674724456341
1.115,0.9654169414878258,0.9650134015099459,0.0001807252362507,0.00026738088357679756,0.953602364712422,0.9553827695660579,0.000519408251458,0.0004201945597013746,0.9708506159893636,0.9684912894514635,0.0001598573461988,0.0002485227779703827
1.116,0.9637875480003631,0.9649653288232954,0.0002882098573152,0.000267895179224664,0.9525428657390622,0.9552714007885287,0.0006021481966768,0.0004246872420958703,0.966308003992226,0.9684056704138463,0.0002229007950558,0.0002478901364169305
1.117,0.9635039868341316,0.9649080212943085,0.0003175117201051,0.0002691202789995004,0.955708999495242,0.9552885615221254,0.0003189402228857,0.00042207620458448495,0.9681880781615156,0.9683971373843431,0.0002082344742268,0.00024691098426407913
1.118,0.9663622025872984,0.9649650480116806,0.0002786083614685,0.0002693545526407123,0.9571583317553845,0.9553618858449983,0.0003048451972325,0.0004191816118103369,0.9698191361844626,0.9684529020431712,0.0001234366830088,0.00024386223608491016
1.119,0.9622785825221976,0.9648596964238578,0.0003363617002352,0.00027100905011219505,0.9534474254893666,0.9552868089683068,0.0005202199283922,0.0004216763850592927,0.9642745862381976,0.9682890465214076,0.0003032358136938,0.00024532825034687036
1.12,0.9600112943658068,0.9646695630098165,0.0003854319144588,0.000273834306022011,0.9477626578633864,0.9549917442190943,0.0006975779092354,0.0004284887683723389,0.964534073167258,0.968141792664382,0.0002854330920836,0.0002463184933527237
1.121,0.9623522917405076,0.9645786896267063,0.0002504653057015,0.00027325729366841354,0.9523082069801068,0.9548865074646241,0.0003750930878688,0.00042717035650804346,0.9660678983581064,0.9680604634759007,0.0002924118893098,0.00024745660189488285
1.122,0.9612663420056586,0.9644487936415671,0.0002718436891335,0.0002732223898527364,0.9549247480777142,0.95488800709651,0.000457042309797,0.0004279079356016036,0.9665694247155068,0.9680019913676499,0.0001797094808066,0.0002457838334729369
1.123,0.9620566609012472,0.9643549845144956,0.0003410436519625,0.0002748969889171878,0.9520356449156828,0.9547761497560854,0.0003831616909696,0.00042680309005512597,0.965359795721674,0.9678983758521214,0.0004158141533203,0.00024998211297537286
1.124,0.965108717202142,0.9643845426591092,0.000173129579077,0.00027238421336555957,0.9524089442766508,0.9546833181686566,0.0005048688904723,0.00042873064068272475,0.9686721238017092,0.9679287189089679,0.0002194775443124,0.000249228913749121
1.125,0.9623378367681594,0.9643042796829936,0.0003287800967369,0.0002737767043130102,0.9547854704891232,0.9546873241420082,0.0003059506286052,0.00042569903544622064,0.9668285729635294,0.9678855759307154,0.0003224317620464,0.00025103639148486937
1.126,0.9659449018259764,0.9643686178062478,0.0001966458804263,0.00027187223952567055,0.9545364850819756,0.9546814088847521,0.0004602002887608,0.0004265509182441175,0.966359177427894,0.9678257171658988,0.0001990192212421,0.0002497520169109647
1.127,0.959201683352622,0.9641659929257135,0.0002979540578482,0.0002725162350398115,0.94850250874376,0.9544390990753013,0.0004620717935288,0.000427427976893128,0.9649069868367692,0.9677112571529918,0.0003309108676912,0.0002517559391524658
1.128,0.964084306108741,0.9641627895211263,0.0002169131015929,0.0002711433181645699,0.954063414733556,0.9544243663560172,0.0005623061821283,0.00043075830294833986,0.9658832125976392,0.9676395691312132,0.0002574836499304,0.0002518973641099466
1.129,0.96414969267269,0.9641622759192269,0.0002640855383957,0.00027096905199743617,0.95326177905592,0.9543787746971899,0.0005246444011493,0.00043307647821257627,0.9681336217100722,0.9676589437421488,0.0002461732742086,0.00025175602855682607
1.13,0.9620057701338784,0.9640777070648995,0.0002508477772896,0.0002704722303997086,0.9509964787372264,0.9542461356399365,0.000491531367622,0.0004345198088152873,0.9657927121015896,0.9675857581876169,0.0002451003895996,0.0002515916917924491
1.131,0.9620987141859716,0.9640000995010198,0.0003805835860459,0.0002731910293045698,0.9553377155179588,0.9542889426939767,0.0005285271396955,0.0004368409774790107,0.9684303910715728,0.9676188810458113,0.0002693030672034,0.0002520290097038333
1.132,0.9631178383437812,0.9639655010242654,0.0003656307170716,0.00027547349073093005,0.9495788865819595,0.9541042346111525,0.0005687446765078,0.00044009785893653146,0.9647366678979868,0.96750585307923,0.0002497549603159,0.00025197286033622966
1.133,0.9591038571412558,0.9637748483229708,0.0003668341469379,0.00027772930940272045,0.9478438344647608,0.9538587287230585,0.0005457603092515,0.0004427068083270399,0.9640056559743276,0.9673685904476652,0.0005084614742282,0.00025830591253113064
1.134,0.963606272741205,0.9637682375158428,0.0003675728570154,0.00027994766860304636,0.9499537847285286,0.9537055936644495,0.0006887665390348,0.00044878235723343955,0.9658205143473384,0.9673078815809857,0.0003888309818534,0.0002615287537489831
1.135,0.9618081305910726,0.9636913705776166,0.0005370515325174,0.000286295912156523,0.950811440859234,0.9535920974760097,0.0007411858144165,0.00045600219568244475,0.9698112647668056,0.9674060534706257,0.0002062509315768,0.00026016386925089684
1.136,0.9624834301944664,0.9636440003665127,0.0003098893193772,0.0002868784654212343,0.9524356410821816,0.9535467462448792,0.0005313494792808,0.0004578626224379699,0.964543119832638,0.9672937815632535,0.0004464423708345,0.00026476333842582594
1.137,0.9627122997658004,0.9636074630880535,0.0003140353624044,0.0002875490060874889,0.95181218391796,0.9534787241928431,0.0005411567599371,0.0004599192678083298,0.964882911794116,0.9671992376507385,0.0004343339383274,0.00026895026681847986
1.138,0.9625882866115896,0.963567495383094,0.0004201804188457,0.00029082385578523966,0.9495917198574354,0.953326292650278,0.0007632047434652,0.0004674077980715016,0.9655505508228606,0.9671345832653314,0.0004528356724548,0.0002734906472045856
1.139,0.9662118015493693,0.9636711936641246,0.0002187397469093,0.00028904400124508397,0.9539242435342368,0.9533497417045509,0.0004932999044959,0.00046804710934124317,0.9647468661451596,0.9670409472998345,0.0002355995038312,0.00027255506341758364
1.14,0.963606993005808,0.9636686759912494,0.0003787528856573,0.0002912590354281127,0.951707520784714,0.9532853408841653,0.000407250653962,0.0004665459622948346,0.9672462500307952,0.967048998387323,0.0002043814018104,0.0002708717631309781
1.141,0.9634735897419008,0.9636610255500985,0.0002959685184416,0.0002913753189593105,0.9508026631170176,0.9531879809717281,0.0004067889980537,0.0004650704816962809,0.9664926387304408,0.9670271803615629,0.0002128864396234,0.000269440026748068
1.142,0.9598962433929412,0.9635133870341315,0.0003685313806458,0.0002932804069021958,0.9509757788065288,0.9531012279456419,0.0003203673484062,0.00046149756482490403,0.9652238979448744,0.9669564634040456,0.0002685725586294,0.00026941860778217485
1.143,0.9643307413487544,0.9635454401445087,0.0002862311292165,0.000293106350663042,0.9504702865371776,0.9529980537727609,0.0005240036499508,0.0004630409249514764,0.966743720510158,0.9669481205454619,0.0002832383421294,0.00026975983579074987
1.144,0.9609107538974656,0.9634421191152128,0.0002775457015567,0.000292722137104859,0.9536486888162604,0.9530235688725062,0.0003957682643228,0.00046137987160261277,0.9625394062565524,0.9667752297890341,0.0004073846220761,0.00027315797866200837
1.145,0.962785896402594,0.9634163848911885,0.000369926383674,0.0002946284147979326,0.9520855800590176,0.9529867849974673,0.000337525363388,0.0004583217355973002,0.964626056381308,0.9666909484789272,0.0003540367746968,0.0002751549859715182
1.146,0.9604319114413152,0.9632993467166837,0.0003888347211949,0.00029695449643737384,0.9482690938027744,0.9528017774996362,0.0005716382472692,0.0004611196741571122,0.965102766229569,0.9666286668220897,0.0003926555346345,0.00027805623408666595
1.147,0.9629926616186067,0.9632873198500924,0.0003009109601133,0.0002970521868985082,0.9549686108891552,0.9528867513580487,0.0003026757108869,0.00045720747753314,0.9630440841592588,0.9664880949529591,0.0002638397198844,0.0002777052090446332
1.148,0.9619823322731216,0.9632361438666818,0.0002449484892242,0.00029576567584481633,0.9519970004222604,0.9528518591644883,0.0002947055582423,0.000453195084464214,0.9650850378219284,0.9664330731046834,0.00027079124513,0.00027753449388624653
1.149,0.9626742074458527,0.9632141071442964,0.0003452280163824,0.00029698696820377383,0.9500402585438092,0.9527416003166185,0.0005675513720662,0.0004560186965037804,0.9640374109045023,0.9663391255674214,0.0003169299837311,0.0002785072220305678
1.15,0.9629785405959964,0.9632048692404416,0.0003442372764104,0.0002981536424804852,0.9504321266938917,0.9526510327235702,0.0006415886337962,0.0004606006702641049,0.9640566788929074,0.9662496178546953,0.0005094300827327,0.0002842090210602721
1.151,0.9609821265584724,0.9631177028607565,0.0002649258639268,0.00029733320350384794,0.9535729855066792,0.9526871877346724,0.0003341694074003,0.000457478910687209,0.962498463004836,0.9661025137429361,0.0003313530005123,0.00028537306993563525
1.152,0.9617681772378484,0.9630647802873091,0.0003720645247495,0.00029917842131238937,0.950221551448574,0.9525904961156099,0.0005343586238891,0.0004593771752107195,0.9682278073496828,0.9661858585902595,0.0002411992480405,0.00028428235828389947
1.153,0.9629600190147964,0.9630606720021126,0.0003476864541343,0.00030037615051787294,0.9536223370946,0.9526309604677272,0.0004510918890595,0.000459172600244022,0.9655202959253064,0.9661597580935947,0.000374400117971,0.00028650748815272476
1.154,0.9644010312927226,0.9631132351115483,0.0003088203291386,0.0003005846487554225,0.9490750383413868,0.9524915125412041,0.0004369938365922,0.00045862497645014793,0.967881130571562,0.9662272628966522,0.0001544255011413,0.0002832462045228016
1.155,0.9595051462961104,0.9629717414325115,0.000377303909077,0.00030247895147941854,0.9474811620394274,0.9522950282078011,0.0006399844182707,0.00046310298735931265,0.964774815906156,0.9661703041911426,0.0002326337917894,0.00028199651531950345
1.156,0.9619111005670784,0.9629301476730828,0.0002771797987439,0.0003018542810415024,0.9532233902140178,0.952331434560986,0.0003463878271814,0.000460221131552441,0.9663123138095572,0.9661758731957863,0.0002781201150171,0.00028190080173178943
1.157,0.9667382602464948,0.9630794854210598,0.0002383987647146,0.0003002874781692281,0.9554177644703792,0.9524524671064525,0.0005759178429346,0.00046307784047546657,0.9663111004757066,0.9661811762263716,0.0002546191292307,0.00028122718018855044
1.158,0.96238546193278,0.9630522688136762,0.0002602137289218,0.00029929800287916504,0.9502654483929008,0.9523667016667055,0.0003794308674133,0.0004610124831159003,0.9676470463490494,0.9662386613292216,0.0002308762864984,0.0002799839482455798
1.159,0.963500092057726,0.9630698305095213,0.0002830483422299,0.000298896776690293,0.954015600715006,0.952431364374482,0.0004061077778534,0.0004596568113810195,0.961716502015921,0.9660613217483079,0.0003736161737518,0.00028229585504820965
1.16,0.9624775215372444,0.963046602706687,0.0003894461248531,0.0003011325630646901,0.9487056746825584,0.9522852588963673,0.0007142573209717,0.0004659432437166109,0.9661729161456633,0.9660656979991845,0.0002964070304087,0.0002826442791311858
1.161,0.9625431581792993,0.9630268597840443,0.0002567215412852,0.00030003599462568713,0.9493396317237768,0.9521697441052853,0.0007236879973255,0.00047230731170697256,0.9647285693045872,0.9660132615797886,0.0002627559358076,0.0002821532089256637
1.162,0.9604322879583178,0.9629251118693101,0.0004136131836335,0.00030284036966292513,0.9497761511520588,0.9520758777149627,0.0005888124908335,0.0004751839827965247,0.9636990427240216,0.9659225078991702,0.000361431452214,0.0002841106964142702
1.163,0.963938648369112,0.962964858398714,0.0003387212716607,0.0003037263178604035,0.951377226435075,0.9520484796255554,0.0004968328674738,0.00047571852315892805,0.9627120907506465,0.9657966091874634,0.0003356356901708,0.0002853829184823362
1.164,0.9632322579692452,0.962975344656382,0.0002554941615521,0.00030253540042068905,0.9482752743511556,0.951900510791265,0.0005486952147957,0.000477520416779594,0.9638526205770256,0.9657203743399952,0.0004372031962386,0.0002891315673158344
1.165,0.96596419274155,0.963092554385212,0.0003413546003764,0.00030349389918503015,0.9491149062500328,0.9517912713974912,0.0006018121913349,0.0004805893494846714,0.9623509095346396,0.9655882384652754,0.0004117054466721,0.0002921580828555034
1.166,0.9638761573330226,0.9631232839125771,0.0003832079349435,0.0003054621469815407,0.9516731836337166,0.9517866405047942,0.0004657908609552,0.000480223954706165,0.9655400440963944,0.9655863484900252,0.0002221709460723,0.00029043000540406174
1.167,0.963130583500918,0.9631235701709434,0.0003157725381735,0.00030571672454183667,0.9504149489985444,0.9517328486810198,0.0005643130768336,0.00048230022932660075,0.9676593423905836,0.9656676423684785,0.0001824652470364,0.0002877642089011498
1.168,0.9595076274472394,0.962981768495504,0.0003781341401534,0.00030750480887792905,0.9439231310018624,0.9514265852426216,0.000697618397762,0.00048761672731267316,0.9659620768849694,0.9656791888201057,0.0001786512481864,0.0002850700617230012
1.169,0.9614864905527948,0.9629231301448095,0.0003804902174401,0.0003093069177313203,0.9499236410045176,0.9513676462528919,0.0006019460357018,0.0004904396731988313,0.9650172726844324,0.9656532313245891,0.0003880488199937,0.0002876127471124073
1.17,0.9612267692321386,0.9628566061874498,0.0004471020154092,0.00031270926582214017,0.9521268408286718,0.9513974185891971,0.0004493874973537,0.0004894260392273442,0.9661177218872514,0.965671446640772,0.0002922848563488,0.0002877281078342938
1.171,0.9626294474585604,0.9628476980020031,0.0002734383393013,0.0003117396133154505,0.9496609922649338,0.9513293234392262,0.0003343199231282,0.00048559625858291206,0.9631789382323238,0.9655737012129897,0.0004026654744822,0.000290566067504619
1.172,0.961901080169948,0.9628105757340794,0.0002692855693885,0.0003106913653172518,0.9484319331132433,0.9512157002891877,0.0005171962121595,0.000486376504350237,0.9629013155058308,0.9654689017734933,0.0004285894751048,0.0002939740528774706
1.173,0.9625483210823496,0.9628002912379331,0.0003264402555112,0.000311080226803523,0.9554910685907878,0.9513833617912113,0.0003957218946737,0.00048413811892612015,0.9679513388033116,0.9655662522452508,0.0002578692337751,0.0002930825758625953
1.174,0.9637294228732526,0.9628367277726515,0.0003590614409464,0.00031226494814038666,0.9534087581023454,0.9514627890975302,0.0005151472260927,0.00048490377589319785,0.9646778526905424,0.9655314130470269,0.0004010665134223,0.00029574884592580356
1.175,0.9582754778999408,0.9626578552286237,0.0004930903165271,0.0003167297720511789,0.9491197345984244,0.9513709046073693,0.000450719726418,0.00048405972528887026,0.9632072768807328,0.9654402704522703,0.0004342690950888,0.00029916909899156365
1.176,0.96193519964135,0.9626295157938285,0.0003819496601829,0.0003183401396593728,0.9510974176642276,0.9513601796292069,0.0005506796017243,0.0004857046605095015,0.965198581712474,0.9654307924624744,0.0002928219318791,0.00029901237881594696
1.177,0.9637336666853884,0.9626728158287917,0.0003852151985746,0.00031999137568197424,0.9482233473801636,0.9512371665998327,0.0009572433275936,0.0004973475905609837,0.9622399024601588,0.9653056595212072,0.0008009627707802,0.00031140621565459495
1.178,0.9580311767308652,0.962490790766128,0.0003281168778126,0.00032019200536421234,0.9487523435879108,0.9511397225601496,0.0005473534780928,0.0004985823038333766,0.963953666803838,0.9652526401989575,0.0003499923016403,0.00031235895851844137
1.179,0.9632503678057728,0.9625205781010161,0.0003653716513165,0.0003213075521778512,0.9521689281686592,0.9511800835644049,0.0004469091861222,0.0004973064243837154,0.9643236494431732,0.9652162091889267,0.0003513466025527,0.00031332161639583225
1.18,0.9629270622333213,0.962536518655224,0.0002657792651267,0.0003199364833617709,0.9508992395598664,0.9511690700740308,0.0003886729494038,0.000494624116359515,0.9641109422899794,0.9651728653889681,0.000294691795884,0.00031286162082763805
1.181,0.9621998071691658,0.9625233142832218,0.0004162686635963,0.000322315055713245,0.944467670324227,0.9509062700838424,0.0007170836027639,0.0005001169431843246,0.9596974523727744,0.9649581433099016,0.0005124518094722,0.0003177897736336854
1.182,0.9600498224597888,0.9624263146038715,0.000399750853807,0.0003242270507279089,0.9489005365446987,0.9508276138666211,0.0007782121527016,0.000506983491567479,0.9592130117518932,0.9647328440331169,0.000514384512528,0.0003226439647175041
1.183,0.960990896909726,0.9623700237139051,0.0003283598814088,0.0003243290959299064,0.9495746815584368,0.9507784792663002,0.0003756425831222,0.0005037405061737629,0.9622591094387322,0.964635834833337,0.0003039882981235,0.00032218333097444146
1.184,0.957411512467868,0.9621755722924918,0.0003921394030281,0.00032600342450023493,0.9462452154335286,0.9506007042140345,0.0005083177619815,0.0005038535248356825,0.9622815493662842,0.9645435099130605,0.0003990421205397,0.00032408107886494484
1.185,0.96169220509279,0.9621566167160329,0.0004274662688495,0.0003285086799162702,0.9491003826641428,0.950541868074823,0.0005804482396815,0.0005057447523627428,0.959576426365732,0.9643487223229692,0.0004725497190371,0.0003277469712148805
1.186,0.9606912431401204,0.962099151085605,0.0003547662412605,0.0003291570147642769,0.9430386729992728,0.9502476251306836,0.0006966017123368,0.0005104572698929738,0.9583395777653132,0.964113069595218,0.000558792574974,0.0003334518009373369
1.187,0.9620809443473808,0.9620984370958707,0.0003385405284991,0.00032938870646143336,0.9483016238390112,0.9501713113545396,0.0005784870045281,0.0005121370164271771,0.9608057045583676,0.9639833690055376,0.0002804880294112,0.0003321440534922451
1.188,0.9559668396255832,0.9618579822931144,0.0004151408054775,0.000331506042239611,0.9431310691345596,0.9498952234243443,0.0008049938329166,0.0005193680489330995,0.957665162764386,0.963735596211767,0.0004413866500525,0.0003348414015554653
1.189,0.9642038207485184,0.9619499759580322,0.0003554368388847,0.0003320969261073919,0.9515179204764972,0.9499588586028601,0.0004418399739867,0.0005174537754776301,0.9619432317356365,0.9636653074087814,0.0004067584077023,0.0003366171301023033
1.19,0.960306538287489,0.9618855274219326,0.0002038017912893,0.00032892914500076784,0.9457479269434428,0.949793724027981,0.0006554843004238,0.000520861936587417,0.9653818776280132,0.963732623887967,0.0004140539209656,0.00033852914962979484
1.191,0.9631234795775058,0.9619340745652883,0.000322014664587,0.00032875841708931655,0.9444482060462422,0.9495840958718343,0.0006883674750752,0.0005249978758093433,0.9609448088736404,0.9636232978089737,0.0004222028382385,0.0003405951666324818
1.192,0.963503476210694,0.9619956197278532,0.0003028137000156,0.0003281178067911992,0.9514170146723708,0.9496559750404827,0.0004301523558567,0.0005226560111191514,0.9647821198123328,0.9636687418091054,0.0003820730266289,0.0003416193113237528
1.193,0.9615035582386686,0.9619763231988655,0.0002632178049974,0.0003265153376111033,0.9467213891233373,0.9495408932398103,0.0005904660465835,0.0005243303329824708,0.9613926453375656,0.963579483123947,0.0004799606525288,0.0003450351469090671
1.194,0.96288550881378,0.9620119775367053,0.0003509381122435,0.0003271183690835089,0.9478218827139108,0.949473481062324,0.0004664370723471,0.0005229008697569043,0.9634279013403948,0.9635735387402783,0.0002345734343519,0.000342307697216294
1.195,0.9638980029051272,0.9620859393158592,0.0002385078001247,0.0003249304538005726,0.9467162132768224,0.9493653529138729,0.0006442621113677,0.0005258974436238412,0.964097076467043,0.9635940696315239,0.0003060815228064,0.00034141322377407327
1.196,0.9593836151556476,0.9619799658193803,0.000339728120162,0.000325295828278633,0.9437718113244532,0.9491459983417389,0.0006292112790327,0.0005284484025228286,0.9617790362959782,0.9635228918536594,0.0005512947024177,0.000346595482506021
1.197,0.960692723256132,0.9619294857188606,0.0003401139241705,0.0003256617071895437,0.9489286658462772,0.9491374754987797,0.0005200864690089,0.0005282419350286573,0.96278302854596,0.9634938776062986,0.0003423134985717,0.0003464897545076425
1.198,0.9620325661491652,0.9619335280886765,0.0003805724700673,0.00032701752849516894,0.9458876897636695,0.9490100329209323,0.0005953789359659,0.0005298996387555047,0.9624072885691446,0.9634512662715082,0.0003524607186278,0.0003466371857204861
1.199,0.9596488324020452,0.9618439321793969,0.0003002352249772,0.00032635623705028004,0.9474769996584156,0.9489499139694612,0.0004716090891313,0.0005284603659252758,0.9634145464270596,0.9634498262776083,0.0002561289406296,0.00034440241423675796
1.2,0.9641514280661256,0.9619344222141706,0.000384616645811,0.00032779476566165746,0.9526470314923202,0.9490948989703575,0.0004770286655023,0.0005271904473963119,0.964631721104668,0.9634961750943557,0.0003225854317444,0.00034386372331102015
1.201,0.9622310689919642,0.9619460554211429,0.0003872570810532,0.00032926297097996877,0.9496697487740624,0.9491174420999146,0.0005991048525064,0.0005289661117200197,0.9630429077420342,0.9634783999040687,0.0004281810554475,0.00034594563274649106
1.202,0.960171289314923,0.9618764567503106,0.0003313598750238,0.0003293147463884585,0.9509599964170364,0.9491896991319586,0.0006085610792994,0.000530931419561488,0.964026402081497,0.9634998901855364,0.0002866324873212,0.00034448111063722307
1.203,0.9613796240765032,0.9618569731160437,0.0002949830193264,0.00032846704942396236,0.9448961223398726,0.9490213235714847,0.0006479063608378,0.0005338196897164616,0.9643710709309844,0.9635340541363382,0.000264430431725,0.00034250455066407975
1.204,0.9591852100827784,0.9617521980951313,0.0004379648524371,0.0003311706988810796,0.9442446397377694,0.9488340026368292,0.0006634050434992,0.0005370193280814706,0.9598720417582391,0.9633904458077852,0.0004311376201767,0.0003446930215162454
1.205,0.9591290549597468,0.9616493297368809,0.0004379152725763,0.00033380636736738393,0.9394782341794272,0.9484671097561468,0.0008985539508287,0.000545946108890053,0.9631191859788836,0.9633798081674361,0.0004376236598936,0.000346987605179886
1.206,0.9631940094291044,0.9617099054110858,0.0003894275473193,0.0003351797298353338,0.9459312000304836,0.9483676623159247,0.0007593621510894,0.0005512156407962148,0.9601088002175278,0.9632515333458711,0.000498470614318,0.00035072792639317637
1.207,0.963158474925512,0.9617667120587103,0.0004340747544046,0.0003376215822938365,0.948786257783968,0.9483840778244754,0.0007207172708523,0.0005554008662297023,0.9636228528606492,0.9632660948954703,0.0003314369996579,0.00035025160721452713
1.208,0.958248671412758,0.9616287496804378,0.0002761947556662,0.0003361048705252515,0.9452728987868676,0.9482620708033928,0.0007219808581758,0.0005595139524505973,0.9584025135421232,0.9630753662149468,0.0003957180216651,0.0003513742347318262
1.209,0.9608950469068592,0.9615999770226504,0.00042226321083,0.0003382322369525311,0.9461888984145056,0.9481807699253971,0.0005730732879784,0.0005598487508586915,0.962234860486326,0.9630424052059813,0.0003929470428308,0.00035240072382069067
1.21,0.95848029747119,0.9614776366480834,0.0004923000865618,0.00034203638138733116,0.9480163157807688,0.9481743207432549,0.000894694066208,0.000568116536422879,0.9631338124527296,0.9630459898038929,0.0003885970062782,0.00035329445919001266
1.211,0.9618968379351,0.9614940759142409,0.0004902220462868,0.00034569528669349395,0.9482661237908758,0.9481779208627694,0.0005273275783119,0.0005671094016547058,0.9660840613748314,0.9631651298654984,0.0002715059421584,0.0003512749896336748
1.212,0.9612957393888526,0.9614862980112844,0.0003147929872655,0.00034493226695453047,0.9459747067917096,0.9480915203109631,0.0004532884937944,0.0005642990088680293,0.9603324399155588,0.9630540439851086,0.0003651858313484,0.00035161846720687816
1.213,0.9606106855091376,0.9614519602661022,0.0002537947838569,0.0003426819587298958,0.9482306917610592,0.9480969780148885,0.0005162505338995,0.00056311262677004,0.9618654820722622,0.9630074337140166,0.000333107241395,0.00035116139990288084
1.214,0.95932846689101,0.9613686860160986,0.0003856333115427,0.00034374248595984237,0.948311997064047,0.9481054101344633,0.0004446949467065,0.0005601887334351355,0.9630185674782188,0.9630078703322206,0.0002772344528764,0.0003493360431861762
1.215,0.9599033307455432,0.9613112211035277,0.0002689587747396,0.00034189597457168685,0.9414644916212392,0.9478449819574741,0.0006152653536053,0.0005615486499825481,0.96013523313522,0.9628952178931225,0.0004113449790604,0.00035086712802257793
1.216,0.9641751859476294,0.9614235334503551,0.0002464136303268,0.0003395383858248978,0.9497575078278436,0.9479199829719984,0.0005041633157253,0.0005601317281490347,0.9647162302548148,0.9629666301426006,0.0002894468108408,0.00034935057698105143
1.217,0.96023910288902,0.9613770851930478,0.0003246154821903,0.0003391699190684877,0.9469142521681524,0.9478805425483182,0.0006898527229623,0.0005633347156752905,0.9600786348949188,0.9628533754270053,0.0003681238601374,0.00034981411483676406
1.218,0.9574744132419154,0.9612240392341798,0.0003788401198198,0.0003401494301981504,0.9437748573756732,0.9477195352866459,0.000856375420191,0.0005705702886263008,0.9587231381064076,0.9626914053360015,0.0004592384255146,0.0003525159496683175
1.219,0.9595395351182612,0.9611579802492417,0.0003715878434299,0.0003409256873149843,0.9464331154993758,0.947669087451851,0.0005016965235391,0.000568869701834023,0.9616112693924856,0.9626490470637067,0.0003091920988266,0.00035144622495617554
1.22,0.9567357608638242,0.9609845598811863,0.0004977722392599,0.0003447984416839972,0.9430233422099218,0.9474869013639323,0.0007111495751001,0.0005723827851245459,0.9581725062282814,0.9624734964427095,0.0005380856994618,0.0003560546070427373
1.221,0.961115000235389,0.9609896751891941,0.0003918764007256,0.00034596086042576593,0.9490335063071698,0.947547552538177,0.0005340838625097,0.0005714371327143021,0.959623628862254,0.9623617369297504,0.0004381568809677,0.0003580818236828612
1.222,0.9621521373038152,0.9610352619387871,0.0003014715202615,0.00034486235819948703,0.944420582980404,0.9474249262810094,0.0007429323178831,0.0005756715817308183,0.9624651146124624,0.9623657909565234,0.0002772056931296,0.0003560848821877177
1.223,0.9612864102292632,0.9610451108913548,0.0003320965914968,0.0003445471540833711,0.9487854291378756,0.9474782793342198,0.0005607425077147,0.000575302962619309,0.96302216420364,0.9623915310838612,0.0003538200384571,0.000356028960120295
1.224,0.960113029193264,0.9610085586679002,0.0002919336324153,0.0003432480547829241,0.9443289380748386,0.9473547757554206,0.0007239785301845,0.0005789739642875876,0.9607475577593662,0.9623270615417241,0.0004313401809725,0.00035788849643763454
1.225,0.9558475968193876,0.9608061680071743,0.0005003379376207,0.0003471268173221308,0.9422522034566694,0.9471546748809597,0.0007940713918392,0.0005842850118814577,0.9566327916811224,0.9621037568413083,0.0004821931897559,0.00036095774812450713
1.226,0.9579546734458904,0.9606943446910455,0.0003646379894505,0.00034755919194258455,0.9417328865820064,0.9469420557319811,0.0005608374594328,0.0005837060599691448,0.9629927544990609,0.9621386194945536,0.0003430424704293,0.00036051539558882277
1.227,0.9637583967283776,0.9608145035944703,0.0002625085713947,0.0003454591766204134,0.9503686371916672,0.9470764314754981,0.0005074205419275,0.0005818224669310784,0.9612097778336012,0.962102194331379,0.0003823411085103,0.0003610543020807114
1.228,0.9589915414606288,0.9607430148833394,0.000369342070594,0.0003460488777061813,0.9448363526794694,0.946988585248203,0.0005437338189993,0.0005808820064883179,0.966392701612904,0.9622704495188898,0.0002218620621605,0.0003576174566505808
1.229,0.9618159132820784,0.9607850893303487,0.0002813987807371,0.00034445257901558583,0.9489844592396156,0.9470668548164937,0.0004757479286661,0.0005782861033322124,0.9597189949453584,0.9621703924767906,0.0003768067333987,0.00035809126595300376
1.23,0.9601551985424196,0.960760387730822,0.0003946740255556,0.0003456926147326239,0.948422383213809,0.9471200127928591,0.0005825786637679,0.0005783920924787726,0.9553345522591862,0.9619023203113943,0.0005519712457592,0.000362878425948221
1.231,0.9570788911982916,0.9606160153177816,0.0005097112817891,0.00034974245836365004,0.9466720414044278,0.9471024452874304,0.0007054796703401,0.0005815300573642391,0.95905428714336,0.9617906327361774,0.0004109657204994,0.00036406576655442357
1.232,0.961454724089272,0.96064890585784,0.0002812996887893,0.00034805251343588746,0.9455067080533346,0.9470398673566814,0.0006311174212584,0.0005827544367196511,0.9600203410340686,0.9617212095321731,0.0003338103711001,0.0003633187197530819
1.233,0.9591015573450892,0.9605882255240067,0.0005317037200166,0.0003525871111292406,0.9451618582201732,0.9469662199395634,0.0009791451808032,0.0005925418624994966,0.959273608826754,0.9616252251907842,0.0006781383104982,0.00037109204298136023
1.234,0.9614357115541976,0.9606214602702887,0.0004459411160798,0.00035489214828851476,0.9466169542849177,0.9469525232472243,0.0006294511786879,0.0005934532036399514,0.9614147240742612,0.9616169702450381,0.0003810263200101,0.00037133733377219344
1.235,0.9574462734343314,0.9604969431394669,0.0003557040908464,0.000354912196252907,0.9466427041409418,0.9469403734783506,0.0005348293420481,0.0005920057008845964,0.9601193105120944,0.9615582384908051,0.0002797511192755,0.00036907594575992834
1.236,0.9593202636642126,0.9604507988463197,0.0003323713700619,0.0003543556326432523,0.9449827267771336,0.9468636030194794,0.0007224464056454,0.0005952264590268399,0.959821647839817,0.9614901368966486,0.0004018347763476,0.0003698848057744391
1.237,0.959471753819922,0.9604124049237158,0.0003201766355734,0.00035351170678967527,0.940733778095666,0.9466232177283495,0.0008514951072133,0.0006015540799697183,0.9592099741117353,0.9614007187482208,0.0004586572485103,0.0003720767179407576
1.238,0.9598384335392496,0.960389896241972,0.0004754559834514,0.00035652267658379324,0.942878854067964,0.9464763799377461,0.0011759259747361,0.0006157361020627214,0.9624777153605706,0.9614429539094894,0.0002592881466619,0.00036929181494621674
1.239,0.9553185148595232,0.9601910185406995,0.0006098966227453,0.0003627788234025985,0.9411770879861074,0.9462685645670936,0.0009038763347756,0.000622850675709956,0.9578884710127532,0.9613035624233429,0.0003841602065876,0.0003696589357274856
1.24,0.9621023895929408,0.9602659742682383,0.0003020542868247,0.00036127945212906953,0.9481587156172748,0.946342688137689,0.0005192760060212,0.0006202932764583807,0.9622734485031031,0.9613415971715689,0.0002847118161562,0.0003675614759849838
1.241,0.9604611439383912,0.9602736279807934,0.0003554223704695,0.0003611348328288332,0.9500572533660072,0.9464883573623288,0.0005815695871025,0.0006193371359804572,0.9572136348854692,0.9611797162976042,0.0004424895653725,0.0003694115522661578
1.242,0.9586171070083876,0.9602086663740323,0.0004329752836725,0.0003629086711212701,0.94284257736387,0.9463453855976833,0.0006277182727102,0.0006195440776281053,0.95891847397105,0.9610910401279354,0.0004272693423921,0.00037084013967667544
1.243,0.9605059492972874,0.9602203245278855,0.0003789836001336,0.0003633055829487352,0.9422573515087304,0.9461850705353714,0.0006738899477487,0.0006208859509644169,0.9545609155023194,0.9608349568092838,0.0005415196959304,0.00037505444970763316
1.244,0.9592100654788762,0.9601807065259635,0.0003727332850362,0.00036353836571632696,0.9416127254489756,0.9460057628849246,0.0007204539998758,0.0006233444213079088,0.9617284125193508,0.9608699942881098,0.0004076569974893,0.00037585945088742774
1.245,0.958180042589826,0.9601022491167033,0.0003946925980435,0.0003643076060207019,0.9416527489891244,0.9458350564576383,0.0006933170201492,0.0006250721397978178,0.9598106265968688,0.9608284504570808,0.0003285275470837,0.0003746907619046192
1.246,0.961829817614988,0.9601699969009497,0.0004047127371509,0.00036530526357947255,0.946739364098946,0.9458705195023954,0.0007135256246379,0.0006272561764605367,0.9640463600767962,0.9609546429911874,0.0002921519601866,0.00037265276680046986
1.247,0.960753704805956,0.9601928874070284,0.0003134681817629,0.0003640253356333839,0.9448215661485436,0.9458293840767542,0.0006167730262645,0.0006269973332458196,0.9608670309893784,0.9609512072264105,0.0003860377730956,0.0003729832607830658
1.248,0.9589138905953958,0.9601427306693173,0.0002913164840776,0.0003622300553480553,0.941700490883298,0.9456674666966188,0.0005896049696491,0.0006260740650088633,0.9577297009352068,0.9608248736463633,0.0003634457997421,0.0003727477679178566
1.249,0.9603554334936644,0.9601510719565466,0.0003324681847723,0.0003614951943461846,0.948676006659548,0.9457854486559494,0.0005139284384247,0.0006233050371919694,0.9620383126305988,0.9608724594888823,0.0003374704285406,0.00037187672250113394
1.25,0.9590226713362956,0.9601068209518309,0.0005436636421461,0.00036599318071161603,0.9449124816396623,0.9457512146553106,0.0006866944848273,0.0006248702087385213,0.9574175135983396,0.9607369714147435,0.0004145716906498,0.0003729309192455458
1.251,0.9625148839144728,0.960201254793503,0.0003639216949916,0.0003659420329160601,0.9480866367023446,0.9458427998336257,0.0007801763267705,0.000628704927702275,0.9634640523700324,0.9608439157659312,0.0003313583348664,0.0003719044356806283
1.252,0.9577201631718092,0.9601039570828485,0.0005367114221459,0.00037015856104519326,0.9410537793428176,0.9456549951084959,0.0009961690182966,0.0006377781151243599,0.9601978682202348,0.9608185805680608,0.0004412775676232,0.000373617352518717
1.253,0.9624337796981006,0.9601953226756033,0.0003151470262491,0.00036880025154405476,0.9442395264234008,0.94559948653261,0.0007835462823032,0.0006413773291287768,0.959889206024186,0.9607821345075167,0.0003388685095958,0.0003727593563971632
1.254,0.9569379816777476,0.9600675838129422,0.0004103453575396,0.0003698260566303648,0.9397326476481176,0.9453694144194925,0.0010134672523597,0.000650564734640654,0.9575137747739852,0.9606539635375743,0.0003759042764777,0.00037283700874483075
1.255,0.9587749351691496,0.9600168917092641,0.0004627290110794,0.00037211995674021816,0.944898930054382,0.9453509640522333,0.0006322291155754,0.0006501120033057093,0.959738315730728,0.9606180557804431,0.0005238635332116,0.0003765660587316656
1.256,0.9592654779458654,0.9599874245028562,0.0004634431932663,0.0003743748514692578,0.9461621392142388,0.9453827748429001,0.0006120768542256,0.0006491728638222496,0.9595032665721072,0.9605743385565868,0.0003539348317881,0.0003760072630046638
1.257,0.9571212877235644,0.9598750269820997,0.0004621034504241,0.0003765409897150569,0.9442016042485044,0.9453364544274336,0.0008293736353166,0.0006536222655875434,0.9575320701304292,0.9604550339124237,0.000567490329668,0.0003807352399593153
1.258,0.9564302038292828,0.9597399358780676,0.0004316085605738,0.00037790068282268053,0.9392718603262082,0.9450986272077777,0.0007086532091073,0.0006549810543164266,0.9605657072336248,0.9604593740426669,0.0002900236004823,0.00037849544639198106
1.259,0.959914901765853,0.9597467972854318,0.0002533468495178,0.0003748252795312012,0.9443687542787524,0.9450700047399728,0.0005264796037775,0.0006518081789944769,0.9579304893967948,0.9603602020957699,0.0003597370981386,0.00037803227729930487
1.26,0.9623648993001924,0.9598494679526772,0.0003127442914688,0.0003732924156284255,0.9468854856112584,0.9451412000682585,0.0006014091611311,0.0006505637588003191,0.9645609036338858,0.9605249354894214,0.00031700790872,0.00037652550276648215
1.261,0.9587478626339072,0.9598062677440979,0.000345182970079,0.0003725983552444889,0.9476265481811202,0.9452386647001354,0.000471775807154,0.0006461492414757176,0.9585938185615408,0.9604492054138182,0.000379414950069,0.0003765968471443221
1.262,0.9573501531243168,0.9597099495237144,0.0003774498471124,0.0003727181451671534,0.9446550530356153,0.9452157779681933,0.0004040279718583,0.0006401709385221998,0.958089435874252,0.9603566654318744,0.0005064059946883,0.0003798020112812112
1.263,0.9605849675996094,0.9597442639580632,0.0004016743544847,0.00037343311329845097,0.9446725304013324,0.945194474142042,0.0004787776872469,0.0006361859199721915,0.9557279619645216,0.9601751476488409,0.0006483142457308,0.0003864319429960174
1.264,0.9601509083831288,0.9597602107982619,0.0003348102713413,0.0003724794628797557,0.9421392830518616,0.9450746627267409,0.000804685517946,0.0006403464038727804,0.9595153965657094,0.9601492750573456,0.0004331665798124,0.0003875858846458049
1.265,0.9557250782147094,0.9596019703047892,0.0004525287784577,0.00037445598919032264,0.9417644716048332,0.9449448513101956,0.0007203644892408,0.0006423221590670528,0.9604402313257888,0.9601606851070884,0.0003416581810364,0.00038645186727273296
1.266,0.9539208349219396,0.9593791806819323,0.0005504925580866,0.00037880257113837983,0.9383263432303046,0.9446853019737292,0.00077723536502,0.0006456533493374967,0.952469531979184,0.9598590712589352,0.000627691232953,0.0003924083948203951
1.267,0.9541844540124944,0.9591754659105818,0.0007226956656646,0.0003872937586575475,0.9427045548677716,0.9446076256166328,0.0009613578939933,0.000653448523279617,0.9614591954535308,0.9599218212273508,0.0004731608942887,0.0003944022836961561
1.268,0.9578693487675636,0.9591242456304634,0.0004373182806745,0.00038852893204068234,0.9467445217242224,0.9446914254639893,0.0006946052880253,0.0006544647396930909,0.9617616428674666,0.9599939710955906,0.0003811991754114,0.0003940762810224584
1.269,0.9604227603506742,0.959175167776354,0.0003144626031643,0.0003867001337968207,0.9426868282821036,0.9446128138097977,0.0005094014100708,0.0006508829290851324,0.9572850054529408,0.95988773714882,0.000373747543966,0.00039357433689760746
1.27,0.9577771170149552,0.9591203422562992,0.0003874963524561,0.0003867197935168029,0.9415256561726632,0.9444917488044198,0.000968308944155,0.0006587206084695751,0.9578330145373622,0.9598071597915079,0.0004263870442896,0.00039438452720358267
1.271,0.9567811847669644,0.9590286105900507,0.0004679495302903,0.0003887254660297291,0.9453765312433586,0.9445264461549663,0.0007111816889942,0.000660015943791171,0.9605984862370758,0.959838192201138,0.0002859701890004,0.0003917076299639974
1.272,0.9595144033564776,0.9590476612867733,0.0003730342211936,0.00038833802788562714,0.9394250386997376,0.9443263909606436,0.0007113304189642,0.0006612829678695176,0.955000696591254,0.9596484864909464,0.0005012765414,0.00039441303518463996
1.273,0.9593135510732748,0.9590580883372244,0.0004538737118896,0.00038995619292276257,0.939818414550064,0.9441496075719935,0.0008117226345281,0.0006649975275401006,0.9574814526587132,0.9595635047720352,0.0007423356081127,0.00040300371599768
1.274,0.9565782092887344,0.9589608381784602,0.0003941617663132,0.00039006003424104497,0.9412683969081632,0.94403661891851,0.0006650530500026,0.0006649988984651007,0.9589707670186308,0.9595402601542546,0.0002948584362369,0.0004003334621764257
1.275,0.957648621997868,0.9589093787203978,0.0003422068636713,0.00038887847447389057,0.9359885677127388,0.9437210090673032,0.0009975657309811,0.0006732104251938922,0.9599621731955786,0.9595568057637183,0.0003388903325684,0.0003988163478651162
1.276,0.9611739520877478,0.9589981855191174,0.0003893450243476,0.0003888899942238587,0.9423817745129308,0.943668490065171,0.0008217450568565,0.00067687794696334,0.9565968486392152,0.9594407290137378,0.0006129723498809,0.00040410415038402524
1.277,0.9596736463319898,0.9590246741784457,0.0002825714326006,0.00038626484455414823,0.9412332748004676,0.9435729914273394,0.0007651358126001,0.0006790571535222726,0.9583824707302206,0.9593992286888939,0.0004189058368977,0.00040446962412510367
1.278,0.9576903979115324,0.9589723496189589,0.0004468981307673,0.00038776196273225094,0.9434567183907898,0.943568431700416,0.0006583584353205,0.0006785460740605004,0.9603795384269376,0.9594376722080329,0.0004340155331708,0.00040519915274351604
1.279,0.9558632075970526,0.958850422480845,0.0004114696221387,0.0003883473370385831,0.9403110224086308,0.9434406901595618,0.0008449695271908,0.0006826552951254467,0.95690542592846,0.9593383684323634,0.0004783144273463,0.0004070044681658073
1.28,0.9558096506753944,0.9587311765276901,0.0005589684905367,0.0003925602050261916,0.9364100769536932,0.9431649798377629,0.000830982406514,0.0006863176929375103,0.959072238122794,0.9593279319496353,0.0003812968364592,0.00040636971182737245
1.281,0.957059305570015,0.9586656129607226,0.0003838439879618,0.0003923449897900337,0.9406821491073084,0.9430676139267645,0.0005594123382231,0.0006831842273890059,0.9551046911993812,0.9591623146653115,0.0005053397211501,0.00040881341576126727
1.282,0.9579482696808208,0.9586374818517068,0.0003816731493775,0.0003920814875576254,0.9454140465621576,0.9431596308928584,0.0005307184301985,0.0006794196398040547,0.9542822080342582,0.9589709379346819,0.0005444868715534,0.00041216337763267844
1.283,0.960555464436925,0.9587126968550488,0.0003249304306347,0.0003904234367694048,0.9457499649247408,0.9432612126195988,0.0007362132461124,0.0006808219510709276,0.9604317957289624,0.959028226475634,0.0004992182840968,0.0004143128814959904
1.284,0.958832726179176,0.9587174038873674,0.0002795234010516,0.00038768516428254506,0.9444807406058158,0.9433090372465093,0.0007146153297061,0.0006816563554816727,0.9575133671134384,0.9589688202261362,0.0005179878730278,0.00041687275783010953
1.285,0.9572957721177472,0.9586616536218919,0.000374325492789,0.0003873552958506056,0.9390860906687464,0.9431434314983616,0.0005815782618856,0.0006791852914422632,0.9536638350270764,0.9587607815908789,0.0006275943610776,0.00042207576037943097
1.286,0.9588593465917808,0.9586694062873777,0.0003999986108077,0.0003876674764668302,0.9414720460828236,0.9430778869722619,0.0008916383070195,0.0006844310449133068,0.9590302558061504,0.958771349207164,0.0004128284272476,0.0004218474311662993
1.287,0.9561343933374252,0.9585699940148306,0.0004715662453866,0.0003897390510080593,0.938640271202055,0.9429038628244106,0.000823440361183,0.0006878633737100897,0.9548876477992916,0.9586190471911691,0.0004974254395583,0.0004237135548302996
1.288,0.9557287797499164,0.958458573847579,0.0005735317466106,0.00039427714225750526,0.9396810917049192,0.9427774796432541,0.0008871158984776,0.0006927831891364486,0.9545159183548008,0.9584581401779783,0.0004127130876852,0.0004234419383575811
1.289,0.9615515867756588,0.9585798684722096,0.0004301860449878,0.00039516378183109295,0.944089988919594,0.9428289505952674,0.000946474873039,0.0006990471813315742,0.9544761943836666,0.9583019854409464,0.0005962522790627,0.00042770886035030056
1.29,0.9567711648880092,0.9585089389198881,0.0004549254026835,0.0003966393774076957,0.939639408422164,0.9427038705100477,0.0005264335144619,0.0006947851154829397,0.9521008185545564,0.9580588024257938,0.0004962980492315,0.00042940242056958963
1.291,0.9573378004708256,0.9584630119218855,0.0003652226309496,0.00039586365527292787,0.9408337747223506,0.942630533420334,0.0008343256962536,0.0006982305619217218,0.9541596902869334,0.9579058960674071,0.000431076578882,0.0004294437578118714
1.292,0.9567402030971812,0.958395450791505,0.0003243352593601,0.0003940975220405122,0.9404402725310492,0.9425446408364404,0.0010033539556207,0.000705764472877253,0.9601342884191776,0.9579932840027705,0.0003291101170321,0.00042696638396545706
1.293,0.956833831260807,0.958334210809909,0.0003841664476983,0.00039385231032835875,0.944418348904473,0.9426181195842064,0.0005193794696863,0.0007011623740330315,0.9584829903046362,0.958012488171471,0.0002964688137457,0.0004237442217378084
1.294,0.955075211825713,0.9582064069281757,0.0005660158605048,0.00039810326218456764,0.9362996601290032,0.9423703368604729,0.0006858789747649,0.0007007850061498677,0.958984574536032,0.9580506092053753,0.0003949607638507,0.0004230335190739291
1.295,0.9557252551159192,0.9581091068571068,0.0004216766937407,0.00039868532222299077,0.933215788272212,0.9420113349550507,0.0006939724038679,0.0007006167937478438,0.954293179453552,0.9579032590190292,0.0004146112699603,0.0004228255623056913
1.296,0.955759641251174,0.9580169709509918,0.0005382126250095,0.00040213044081031235,0.9369433490915916,0.9418125904113858,0.0007652570038924,0.0007022128483193144,0.9498060676881196,0.9575857221040915,0.0008318812243554,0.0004329257021093888
1.297,0.9563663956815728,0.9579522425090539,0.0004786224464736,0.0004040191323081715,0.9349493459486848,0.9415434435697112,0.0008417740857781,0.0007056588047997786,0.955798857782864,0.9575156489934551,0.0004538158511939,0.00043344150825962375
1.298,0.957554336103162,0.9579366383362738,0.000278711753566,0.0004009251229565126,0.9366368050403632,0.9413510263724819,0.000885151025648,0.0007100907114873895,0.9522600104308432,0.9573095455204116,0.0004241953579368,0.0004332132082516528
1.299,0.954756005366464,0.9578119076315753,0.0006160779532427,0.000406237538519135,0.9388311670891312,0.9412522083613701,0.0006607275452339,0.0007088718678761922,0.9555591575598618,0.957240902855292,0.0007413072855585,0.0004408204694197238
1.3,0.9586511974877052,0.9578448209592666,0.0003058226433608,0.00040375815839176844,0.9414449422741468,0.941259766554028,0.0006159499558206,0.0007065774996772885,0.959041926900879,0.9573115312492366,0.0004228035255637,0.0004403756066084639
1.301,0.9558984253614908,0.9577684917201381,0.0004410863733143,0.0004046798427108434,0.9396104787802326,0.9411950886021143,0.0007941223382241,0.0007087391006290618,0.9550812872028692,0.9572240706983987,0.0004007373224701,0.00043939688354331907
1.302,0.9574097067389572,0.9577544217208761,0.0003745678814985,0.0004039363374957237,0.9385797008160424,0.9410925243752095,0.0007845460458689,0.000710610877054737,0.9588480465040322,0.9572877560241096,0.0006661014369855,0.00044499452683818814
1.303,0.9576482262025304,0.9577502571907449,0.0003950066067507,0.00040371585031683427,0.9412810570447891,0.9410999178132322,0.0008354058421113,0.0007136922342166277,0.9612142509638312,0.9574417362178241,0.0004376796124074,0.00044481391166705756
1.304,0.9560511614637324,0.9576836259857641,0.0004488785383855,0.00040483097841729517,0.94288221676315,0.9411698118896995,0.0007855633745698,0.0007154668302747308,0.9562515697498208,0.9573950630230005,0.00050790711181,0.00044637176846071063
1.305,0.9536034147027208,0.9575236177001545,0.0005626789086293,0.0004087284581756166,0.9355143617488648,0.9409480295312355,0.000938670787963,0.0007209780391065404,0.9527337153735284,0.9572122650759625,0.0007505780648632,0.0004538830350385505
1.306,0.9553375998570875,0.9574378915102304,0.0004444272593349,0.00040960991005609284,0.9372597516714736,0.9408033911837937,0.0007662977083605,0.0007220970432856507,0.9592041258726076,0.9572903772640661,0.0004130271077162,0.00045287424670960346
1.307,0.9563269100310312,0.9573943236090854,0.0003829780670972,0.0004089523336867374,0.9419354897800192,0.940847787207175,0.0005184246843221,0.0007170680961507477,0.9564109935068976,0.95725589162653,0.0004685400430656,0.0004532610564961713
1.308,0.957408256646687,0.9573948700027168,0.0004435213925035,0.0004098058906945588,0.9373854724147596,0.9407120101564921,0.0009397628140455,0.0007225667311604951,0.9555141063706412,0.9571875863223775,0.0004769165755637,0.0004538451433867276
1.309,0.9572589509573792,0.957389539844076,0.000379704607936,0.0004090626491449648,0.9349797128761832,0.9404872141847154,0.0007824395393102,0.0007240450721024632,0.9552994974715064,0.9571135436223434,0.0004494888020397,0.00045373757940285036
1.31,0.9587749077828168,0.9574438679985365,0.000433926319741,0.00040967656693745953,0.9407243981659912,0.9404965155173144,0.0008663837257288,0.0007275596067599038,0.9536154766610808,0.9569763645258232,0.0007968740173671,0.0004622100840439436
1.311,0.9574445462052736,0.9574438945948792,0.0006484207433783,0.0004155714848742708,0.941032900240614,0.9405175502123458,0.0007330768660966,0.0007276958353855012,0.9545289852293516,0.9568803888671381,0.0004685616163844,0.0004623669120029672
1.312,0.9573150451338984,0.9574388416748408,0.0005056275177224,0.00041779509062360746,0.93958994678688,0.9404811736074257,0.0007454173512422,0.0007281334036782593,0.9544802023392884,0.9567862639052617,0.0004921940061089,0.000463103383462373
1.313,0.95747475174852,0.9574402499130245,0.0004626174326717,0.0004189018151186222,0.9412015389629296,0.94050942322921,0.0006557714004811,0.0007263466875499342,0.956429123739158,0.9567722584085517,0.0005815479303338,0.00046602794017524797
1.314,0.9557101637380424,0.9573724033963585,0.0004769984092385,0.0004203362989240514,0.9348458047322435,0.9402873205430545,0.0008898464864719,0.0007303837196220818,0.9589623219209044,0.9568581432521734,0.0004171912739875,0.0004648220965656739
1.315,0.956887131066609,0.9573533731089173,0.0005221151644507,0.00042284935733211696,0.9363308404472184,0.9401321644608649,0.0007603439978495,0.0007311234795783143,0.950381148130326,0.9566041434434734,0.0006253157727067,0.00046878490338397107
1.316,0.954016658371538,0.9572225215505888,0.0005059341743054,0.0004249008342944203,0.9395400687310692,0.9401089450204807,0.0009109088827249,0.0007355626253350204,0.9552758817378342,0.9565520547491346,0.000312948219274,0.00046493708402323077
1.317,0.95600877139122,0.9571749235051235,0.0003421474679807,0.0004228575412990197,0.9350407713726266,0.9399101931127218,0.0008508213847848,0.0007384085206300768,0.9579117899177496,0.9566053776969233,0.000364522533601,0.0004624577124078669
1.318,0.95334162403723,0.9570245980357942,0.0004876525811429,0.00042445741882602924,0.9316700335676724,0.9395870496011514,0.0010785477232496,0.000746807019460189,0.9483806857000956,0.9562828407558712,0.0009728272484471,0.00047505942934710795
1.319,0.9591401167884712,0.9571075595555071,0.0003644026530518,0.0004229745851032087,0.942198793005484,0.9396894709111252,0.0009218680137018,0.0007511295131451673,0.9586312896988954,0.9563749367928526,0.0003768547022967,0.0004726346212717891
1.32,0.9605809178515522,0.9572437696847638,0.0002982900582617,0.0004198959548108256,0.934197179370057,0.9394740869291225,0.0008376533444022,0.0007532659040404028,0.959429356467224,0.9564947179565535,0.000415369125655,0.00047122065841705347
1.321,0.9551583470426842,0.9571619884046823,0.0004495947712066,0.0004206292589193633,0.9349914297947411,0.9392982964532645,0.0010115929035402,0.0007596443484724969,0.9516449768538668,0.9563045320309579,0.0008238469959906,0.000479927481567018
1.322,0.9529766954254352,0.9569978592682412,0.0004470624481062,0.0004212819302573099,0.9381788901377216,0.9392543981663803,0.0007938925480931,0.0007604899830310303,0.953009013952282,0.9561752960278725,0.0004347085839287,0.0004788109655759483
1.323,0.9590709478587348,0.9570791568600252,0.0004772813922002,0.0004226646330213319,0.9455396648384088,0.9395008792123423,0.0007651870421266,0.0007606059597988223,0.9591884780954164,0.9562934600305213,0.0005056981437613,0.00047947484651879654
1.324,0.95641514164564,0.9570531170476964,0.0006463352245627,0.0004281873636766746,0.9395688018798918,0.939503542846364,0.0008256486867382,0.0007622119530565848,0.9543235978442596,0.9562162105330207,0.0004421984751182,0.000478554442286683
1.325,0.9540816678836418,0.9569365896294981,0.0005331563227103,0.00043077918982565314,0.9374779857429036,0.9394241092344636,0.0007462325886079,0.0007618174008479753,0.953790252206326,0.956121074912366,0.0004701345726072,0.0004783465442699056
1.326,0.9569584721205372,0.9569374477664017,0.0005126695120116,0.0004328011730895038,0.9369570687406878,0.9393273625484333,0.0009079848931423,0.0007654264747317859,0.954670403501892,0.9560641858374455,0.0004152380399016,0.0004767883095941449
1.327,0.9593798979673948,0.957033230127225,0.0003438863275315,0.00043060574480412086,0.9367977646368112,0.9392281626303305,0.0008184487743946,0.0007667356673160529,0.9557713890092496,0.9560527036088888,0.0004966423220257,0.00047727853212331913
1.328,0.9561961597072014,0.9570004038362436,0.0003251973034101,0.0004280030672388362,0.9372898988999688,0.9391521522879634,0.000804801409638,0.0007676755621881999,0.9481606981519576,0.9557432131988132,0.000742882436324,0.0004838366532146943
1.329,0.952090426719715,0.9568078557140267,0.0004571446980823,0.0004287226136794156,0.935122739130032,0.9389941360856917,0.000768071822943,0.0007676853464043678,0.9530603679010384,0.9556380035792925,0.0006084758321425,0.0004869141638055045
1.33,0.9561322361499413,0.9567813608291605,0.0004444795552001,0.000429111673963877,0.9400705659078612,0.9390363490198944,0.0007084728052532,0.0007662233083512524,0.9565010523868906,0.955671848630571,0.0003747591714218,0.00048414490473430174
1.331,0.954518178887374,0.9566926085961492,0.0005284063527607,0.0004315633944279962,0.9321045030306936,0.9387645119222787,0.0009532474893119,0.0007708411893626267,0.9502990955415354,0.9554611524310009,0.0008245215232273,0.0004925492656847465
1.332,0.9553757707925222,0.9566409678979677,0.0003795778774191,0.00043027980141543086,0.9293145969452254,0.9383939270212177,0.0008282517413237,0.0007722587338554928,0.9467482643283176,0.9551194705446211,0.0009661929443654,0.0005042441713311828
1.333,0.9530535782008488,0.956500285949061,0.0004616727672807,0.00043105493637506716,0.9370450904174492,0.9383410314681288,0.0010538253308033,0.0007792109955085255,0.9493724538131478,0.9548940973394652,0.0005942839894656,0.0005064673767172179
1.334,0.9544301096417944,0.9564191025644623,0.0005466554581752,0.00043390927024667547,0.9385131089711072,0.9383477796055005,0.000527456536493,0.0007729948360266604,0.953088423204741,0.9548232865890838,0.0004916062655286,0.000506100435700215
1.335,0.9540944582007208,0.956327940040394,0.000555335038981,0.0004369074373759182,0.9393110679699266,0.9383855556197918,0.001032702910698,0.000779407381080274,0.955043052005502,0.954831904840708,0.000384364672952,0.00050309461439779
1.336,0.9560681726794236,0.9563177530850618,0.0004131427028867,0.0004363206538082831,0.9395781749176312,0.9384323250040207,0.0008168483046028,0.0007803318483277438,0.953023586118682,0.9547609903810207,0.0003875603065491,0.000500241915438563
1.337,0.9558826437516283,0.9563006899739468,0.0004727775609689,0.00043722082435545883,0.9328751496334242,0.938214396558115,0.0012697047070457,0.000792415128789916,0.9536822668405472,0.9547186874970806,0.000498502552302,0.0005001989682006232
1.338,0.9552317457384794,0.9562587705921638,0.0005077919540878,0.00043896332138588704,0.939407526048635,0.9382611859498999,0.0008639366070108,0.000794181091215123,0.9544425140752152,0.9547078571668113,0.0004551680917494,0.0004990870947080003
1.339,0.9557961407237944,0.9562406282443846,0.0004882399822079,0.00044018002906050463,0.9342935471320571,0.9381055922707688,0.0009200422222197,0.0007972887734621497,0.9507262344047764,0.954551715097712,0.0006362060946309,0.0005024727490270844
1.34,0.9565252025220006,0.9562517880199775,0.0003899655346284,0.0004389401650004526,0.938605579782494,0.9381251996241697,0.0007631078887181,0.0007964448009993336,0.9563811614517836,0.9546234580919892,0.0004231421176761,0.0005005139680060723
1.341,0.9565627992784652,0.9562639845399181,0.0004658515296573,0.00043960464314012787,0.9386229245138764,0.9381447182472954,0.0006651668113198,0.0007932033691553944,0.9509387852146832,0.9544789611164085,0.0005418396452631,0.0005015343550988384
1.342,0.9559478116391512,0.9562515856026331,0.0003235819908475,0.00043673988629339627,0.9340217600489265,0.9379830336120653,0.0006726160953686,0.0007902259056051031,0.9555327148778396,0.9545202847933274,0.000599716616778,0.0005039586084736327
1.343,0.9561326985410314,0.9562469233649232,0.0005299255449736,0.000439040766754636,0.934552804631996,0.937848514828533,0.0010293864942567,0.0007961311053248958,0.9526727658819124,0.9544478330713112,0.0004496873020833,0.0005026185762170812
1.344,0.9555334790714344,0.9562189451573354,0.000407481384964,0.00043826152275980545,0.9396442032197576,0.9379189339811301,0.0008126739475298,0.000796539570564523,0.9531387771415734,0.9543964975446548,0.0002755419224744,0.0004970117452604716
1.345,0.9524574979210308,0.9560714374225785,0.0004744889286335,0.0004391560266085386,0.934336809742632,0.9377784585207969,0.0006898077872308,0.0007939042178896162,0.9509728942070944,0.9542622385902407,0.0005139881222469,0.0004974309150626056
1.346,0.954688191580173,0.9560171924875823,0.0004146903246137,0.0004385519352012586,0.9350089824179304,0.9376698516148021,0.0010157231826319,0.0007993812293647344,0.9536382087736524,0.9542377668327275,0.0005017472552648,0.0004975374913638944
1.347,0.9541383249698832,0.9559435114084568,0.000549539263596,0.0004412923630628572,0.9373941333097116,0.9376590391322496,0.0007758936367483,0.000798801288806304,0.9522357845817468,0.954159257724846,0.0004155112292681,0.0004955121515590599
1.348,0.9567237508675136,0.9559741090343022,0.0003957134669163,0.0004401669582197323,0.9376512028906426,0.9376587318286571,0.0009745537071283,0.000803140854690798,0.9547250435787554,0.9541814454053914,0.000712983502207,0.0005008818145380216
1.349,0.9552398506129176,0.9559453145864049,0.0003966808599694,0.00043909322739873644,0.9289505403631496,0.9373172341241275,0.0008929709101149,0.0008053588807506525,0.9525616341519428,0.9541179233954523,0.0005954193620692,0.0005032160749708902
1.35,0.9533153382318992,0.9558421782587773,0.0004896876980895,0.00044034247358863183,0.933218057817396,0.9371564821120988,0.000817235617528,0.0008056521335105869,0.950788872419428,0.9539873723767847,0.0005481105360581,0.0005043245801829202
1.351,0.954895805518051,0.9558050656022781,0.0005914387968368,0.000444073247002167,0.9360656250201091,0.937113703402609,0.0011502857004879,0.0008141616043001504,0.955722454356324,0.9540554148073548,0.0005752476414203,0.0005060757668801394
1.352,0.9504112979121546,0.9555935453007045,0.0005687476979304,0.0004471516285065678,0.9302005150898104,0.9368425979785778,0.0013301916321819,0.0008269030864700704,0.949888105126788,0.953891990898313,0.0006101702258846,0.0005086460004358051
1.353,0.954723709013938,0.9555594340737724,0.0004568797682109,0.00044739182948692175,0.9333663028009056,0.9367062726774927,0.0008544204472182,0.000827582527476197,0.9497378112566808,0.9537290818927588,0.0008560120512117,0.0005172229399611361
1.354,0.9535133018157655,0.9554791935930662,0.0004089354557113,0.0004464422893936965,0.9314084023699511,0.9364985130575891,0.0008561621369676,0.000828288196846355,0.9510888211966094,0.9536255422576158,0.0005849004873159,0.0005188939905131057
1.355,0.9550128809379962,0.9554609068222791,0.0005385820710947,0.0004487173457319929,0.9341285854544652,0.9364055747202118,0.001129227692247,0.0008357188016710624,0.9522869430777228,0.9535730481721297,0.0005154957616319,0.00051881008362715
1.356,0.9504488022327188,0.9552643537011198,0.000719273421641,0.00045539774266801787,0.932552026656584,0.9362544551883049,0.0006975247944462,0.0008323066039618063,0.9536121009251592,0.9535745796526407,0.0005163314569022,0.0005187488829672746
1.357,0.95803060481688,0.955372834137032,0.0003028679359207,0.00045163157460018284,0.9353623584176538,0.9362194710012204,0.0009907454564083,0.0008362186743925841,0.9540005385041648,0.953591283921328,0.000526007055106,0.0005189280970941567
1.358,0.953505659890966,0.9552996116175785,0.0004653097643336,0.0004519693076800203,0.9317193088141552,0.9360429940527081,0.0010101565327641,0.0008405134363276834,0.9486581885576943,0.9533978292011855,0.0007781812818487,0.0005253294102979727
1.359,0.955297042465941,0.9552995108665339,0.0004060804610463,0.00045083624973844697,0.9253423256353704,0.9356233599971262,0.0014702685670625,0.0008560629457285434,0.9496487892042677,0.9532508080248359,0.0007023190917104,0.0005296995258884031
1.36,0.9572353132919784,0.9553754246871395,0.0003035905734473,0.00044720055402755433,0.935065077561918,0.9356014665682945,0.0011189163580712,0.000862553153440708,0.9500848568967768,0.9531266530786374,0.0004634083057718,0.0005280627056386104
1.361,0.9501723997426068,0.9551713844932362,0.0005701280726312,0.0004502358014004839,0.9293038545565524,0.9353545013913633,0.0008986937436681,0.0008634455136932362,0.9545006434095786,0.9531805350523997,0.0005316919481936,0.0005281523165658942
1.362,0.9558691992619682,0.9551987497782846,0.0002538241245685,0.0004453861303675954,0.9339520074938026,0.9352995016306745,0.0011000985281571,0.000869288798000986,0.9567328009981368,0.9533198395992913,0.0005263608883916,0.0005281080837714672
1.363,0.9542697749627744,0.9551623193933627,0.0004696849936433,0.0004459861023003289,0.9319827895038852,0.9351694344884475,0.0008830164915342,0.000869627753396868,0.9494903200763934,0.9531696623630992,0.0006555331202559,0.0005312543809686137
1.364,0.9510808746302448,0.9550022627359855,0.0006031568513822,0.0004498668615369184,0.9299865384963384,0.9349661836652274,0.0008491475518413,0.0008691220694078416,0.9538402843007012,0.9531959612626129,0.0006268815764509,0.0005336155462891641
1.365,0.9563590202778042,0.9550554689140961,0.0003846162766055,0.00044825573598305623,0.9396832056546152,0.9351511649197132,0.0007385988498978,0.0008658992738643836,0.9511272651587614,0.9531148359252068,0.0006420146561439,0.0005362920675201452
1.366,0.9546406274780304,0.9550392006224857,0.000668166540505,0.0004536856323910055,0.9346970784493028,0.9351333576071481,0.0009788935284278,0.0008686892554585422,0.9524798593888442,0.9530899348845652,0.0007626234767364,0.0005418804973773368
1.367,0.9493163396703086,0.9548147747027925,0.0004851429893767,0.0004544623572548498,0.9301532146936228,0.934938057885049,0.0011072304531942,0.0008745791615754721,0.9459323307885648,0.9528092445278593,0.0007462563583342,0.0005469268149318274
1.368,0.9517641842603076,0.954695143705048,0.0004255686856148,0.00045374893326373747,0.9310641063881122,0.9347861382185026,0.0006769471730218,0.0008696993593889617,0.9528344889957494,0.9528102345069922,0.0004073216712116,0.0005434797743461427
1.369,0.9494443314404328,0.9544892294985925,0.0006321515664224,0.00045815393655160573,0.9291396794141784,0.9345647084614702,0.0008510268439912,0.0008692383096260541,0.9511733877974774,0.9527460444399525,0.0007116806119237,0.0005476328814468231
1.37,0.9525233204301856,0.9544121350253216,0.0005382003810823,0.0004601303919721167,0.929100063518284,0.9343504086597766,0.0012462003878287,0.0008785460152606875,0.947910813469226,0.9525564275391396,0.0008144287742704,0.0005542204343560473
1.371,0.951179365988896,0.9542853597689912,0.0005194381244665,0.00046159478042876817,0.9326781644943763,0.9342848304572118,0.0006516585728314,0.0008729438561883593,0.9509967525250724,0.9524952638130978,0.0008526634160726,0.0005615893968675673
1.372,0.9559151856935296,0.9543492745111299,0.000498849445388,0.0004625146486993665,0.9353089847482048,0.9343249933705841,0.0009747718597007,0.000875458127880022,0.9558013046301488,0.9526249124725901,0.0005405778085988,0.0005610705922189557
1.373,0.952370630315864,0.9542716806211196,0.0005618577933659,0.0004649675658516266,0.9307178134586966,0.9341835353348237,0.001189505164015,0.000883212375685824,0.9507964951298122,0.9525532098316968,0.0006373317803958,0.0005629535845196186
1.374,0.9545107202730208,0.9542810547251157,0.0005524416982545,0.0004671274209726853,0.9315432339554316,0.9340799941042592,0.0009398218535658,0.0008846101405717494,0.9533825843576752,0.9525857343229116,0.0004143851099326,0.0005592852271224082
1.375,0.9537381395092004,0.9542597639323348,0.0004634590250915,0.0004670368432966067,0.932029612598851,0.9339995869864001,0.0008760397516367,0.0008843985260301433,0.9516557154848416,0.9525492629959283,0.0007580580552984,0.0005641931981884822
1.376,0.9537210895487326,0.9542386394467033,0.0006268937499508,0.0004709839274115251,0.933882307299868,0.9339949877830067,0.0009545265536834,0.0008861300822684953,0.9507948626255196,0.9524804629814025,0.0005762624097308,0.0005644912034117492
1.377,0.9504904479694242,0.9540916515456336,0.0007117066993902,0.00047692769955914687,0.9340816126639858,0.9339983848371627,0.0009234292393197,0.0008870510491092658,0.9473452981548388,0.9522790839685962,0.000847653508221,0.0005714828652588913
1.378,0.9556941403385332,0.9541544942433943,0.0004756284611652,0.00047689561959880246,0.9330603389596814,0.9339615987243203,0.0006745612583971,0.0008818043876101999,0.9507560055669242,0.9522193554038247,0.0007198729056225,0.0005751468168728077
1.379,0.9541462962217712,0.9541541727523503,0.0004941668535041,0.0004773220698186864,0.9378878521410432,0.9341155694465446,0.0006439463469061,0.0008759313495681234,0.9503226449409492,0.9521449746013592,0.000820636554985,0.0005812082918879236
1.38,0.946448969361839,0.9538520079135068,0.0005684072967503,0.0004795710877676152,0.9301727129123007,0.9339609476216724,0.0012792159909492,0.000885888995034323,0.9496865182994608,0.9520485645503043,0.0004863437269491,0.0005788659569511624
1.381,0.9492043660046464,0.9536697474464926,0.0006826435142423,0.00048458522175464454,0.9305636543703208,0.9338277204353448,0.0010568030448689,0.0008901090950302385,0.9455266581491464,0.9517928035149648,0.0011766061653553,0.0005936249744426228
1.382,0.948529365150992,0.9534681638270612,0.000630877123248,0.00048819736747052986,0.9256928478667416,0.9335087058248114,0.0014320041501532,0.0009034892198480897,0.946710270264682,0.9515934884855418,0.000816200702627,0.0005991206714348297
1.383,0.9530899894586192,0.9534533334596713,0.0003097987190054,0.0004837924625701563,0.932412419157045,0.9334657141907814,0.000806102460065,0.0009010846084954207,0.9474299101437136,0.9514302109035094,0.0006567548005188,0.0006005437363504832
1.384,0.9478394038569308,0.9532331793576031,0.000723257685481,0.0004897051841235105,0.9240212612763384,0.9330953434882542,0.0010041511467895,0.0009036294612928054,0.9474522549895286,0.951274212632373,0.0005488021107031,0.0005992661653468442
1.385,0.9506478467757598,0.9531317937661582,0.000419393437923,0.0004879690916247325,0.9314514457427228,0.9330308769099981,0.0008426192165396,0.00090212303549643,0.9502721780342948,0.9512349171579385,0.000811592427164,0.000604508789095416
1.386,0.9517477029042908,0.9530775156931439,0.000500158637511,0.00048827006806636874,0.933554188135192,0.9330513989188294,0.0008749369430544,0.0009014517739546514,0.9522024246277347,0.9512728586273423,0.0005146092225827,0.0006022890467123859
1.387,0.9566821889193516,0.953218875427505,0.0005428634786182,0.000489618053512093,0.9330461102266692,0.9330511915191368,0.0011012457652068,0.0009063849589238403,0.9499767075497646,0.9512220291733198,0.0007875409893087,0.0006068631687518012
1.388,0.9561983073451747,0.9533357158948647,0.0005754605964157,0.000491737622472676,0.931569292482652,0.9329930778314316,0.0008470550612568,0.000904920023178975,0.9492438726906712,0.9511444544092944,0.0006155063100379,0.0006070765796477542
1.389,0.9501724884579168,0.9532116677600823,0.0006365204238578,0.0004953125064574939,0.9315111018982568,0.9329349611281698,0.001184850848452,0.0009118318954079386,0.952244372071908,0.9511875884352793,0.0005208961257228,0.0006049486672051627
1.39,0.9543167546940516,0.9532550045025908,0.0005582922233023,0.0004968675611944027,0.9372489268487324,0.9331041362544663,0.0009724417125871,0.0009133284341037205,0.9492933192124812,0.9511133033677186,0.0005596100010845,0.0006038291939676154
1.391,0.9438750899224376,0.9528871647151338,0.0006930564973561,0.0005017117324576546,0.9313578018418832,0.933035652552012,0.0010456850618563,0.0009165964989865003,0.9480948953825102,0.9509949344271222,0.0007978687699195,0.0006086202946084026
1.392,0.9530815144747242,0.9528947862743334,0.0003667979356709,0.0004983805275987224,0.933269330192278,0.9330448163810421,0.0008813656826605,0.0009157266022870929,0.9477898486334482,0.9508692447881546,0.0006977936066312,0.000610822104781805
1.393,0.9503130554741418,0.9527935419292278,0.0006386655983499,0.0005018443565061589,0.9322051209300928,0.9330118871476716,0.0009972180835361,0.0009177387376265746,0.9472906408573416,0.9507289073791032,0.0006577816604694,0.0006119815999839678
1.394,0.9535986121653854,0.9528251133110379,0.0003503055628935,0.0004981026578984389,0.9355046554911336,0.9331096427689838,0.0006365160993863,0.0009107949687811358,0.9518517393251552,0.9507729400044386,0.000472549634371,0.0006085388354009315
1.395,0.9512220785157472,0.9527622492014187,0.0005168147190761,0.0004985646841003565,0.927752371302093,0.9328995536918508,0.0012508640084045,0.0009191917351915891,0.944675118949927,0.9505338097670067,0.0006361121655813,0.000609219658368348
1.396,0.9528275489914628,0.9527648099774989,0.0007223076163567,0.0005040892009461922,0.9315299557423636,0.9328458439683415,0.0010375746923327,0.000922114771170382,0.947466010135238,0.9504135038990942,0.0008244631523498,0.0006145343125407296
1.397,0.9491264301507276,0.9526221284156647,0.000690210785016,0.0005086847956145825,0.930640818866748,0.93275937239573,0.0009534323055026,0.0009228880436230294,0.9532297431002892,0.9505239446520823,0.0005521714663567,0.000612994489178161
1.398,0.9518986126452768,0.9525937552481984,0.0004237355533555,0.0005065872834600372,0.93112221318117,0.9326951700735904,0.0009999570864774,0.0009247909829527669,0.9515011490379855,0.9505622663927059,0.0005654835865453,0.0006118213804711768
1.399,0.951976764781676,0.952569559543629,0.0006138155442396,0.0005092348948373104,0.9334586221666128,0.932725109371356,0.0016082740585536,0.0009416671082762445,0.9419589134819984,0.9502248800040507,0.000901034817959,0.0006189624530017405
1.4,0.954337958754707,0.9526389085322987,0.0005865418361678,0.0005111437082034953,0.9296291238441368,0.9326036981742102,0.0008961308166288,0.0009405427553960607,0.9492649420900384,0.9501872353799719,0.0012567817320983,0.0006347110771769644
1.401,0.9530377678125784,0.9526545500727018,0.000477041402809,0.0005103016759715324,0.934415280335834,0.9326747406119209,0.0007909679689068,0.0009368495507913876,0.9473906173124323,0.9500775640832057,0.0006654818178091,0.0006354708485505974
1.402,0.9458516458105592,0.9523877695134022,0.000745384765863,0.0005161061967095934,0.926586058887439,0.9324359687795882,0.0009146456649117,0.0009363013066955928,0.9433302485530244,0.949812963474179,0.0004415732158173,0.0006306832526806394
1.403,0.956675156130477,0.952555902321915,0.0005679011868842,0.00051738508535588,0.9324575341262896,0.9324368144794588,0.0010532463660783,0.0009391888390260301,0.9500496559955768,0.9498222455338418,0.0005796131107401,0.0006294222615216138
1.404,0.9538458861194552,0.9526064899218185,0.0004540019862608,0.0005158200705634089,0.9303701781792556,0.9323557699186665,0.000911770822943,0.0009385118509745972,0.9495780190920324,0.9498126680263198,0.0005466943746184,0.0006273795976474603
1.405,0.9510347743247944,0.9525448540160529,0.0006014947582928,0.000517935494951789,0.9262485381897292,0.9321162706351787,0.0017969162120196,0.0009597070203831158,0.9511071258238982,0.9498634310772053,0.0006118226491099,0.0006269954754613478
1.406,0.9515105725205348,0.952504293957405,0.0003880193907248,0.0005147276899091473,0.9335898143593764,0.9321740566635786,0.0009649716290823,0.0009598370107213673,0.947132708163298,0.9497563439041109,0.0008037375262442,0.0006313594767152454
1.407,0.9481315068498954,0.9523328121100516,0.0008161928057058,0.0005221712730152376,0.9278262775588124,0.9320035555222151,0.0011254200216637,0.000963925480127351,0.9462197686044064,0.9496176546766716,0.0005919404929724,0.0006303861684746813
1.408,0.9489808800932636,0.9522013637956678,0.0005008085526964,0.0005216437984394638,0.9291231099637058,0.9318905968728618,0.0010074432595577,0.0009649999931997052,0.9472309645276248,0.949524058984552,0.0005011068572208,0.0006271940867153262
1.409,0.9507050868936354,0.9521426862700979,0.0007254045596775,0.0005266749283465758,0.9333069585435958,0.9319461404677926,0.0009200024460944,0.0009638889426538952,0.9506846760831832,0.9495695733805769,0.0007522164861571,0.0006302810595410491
1.41,0.9490685015926628,0.9520221300082378,0.0004939621897966,0.0005258672064070702,0.93148074304898,0.9319278895886234,0.0008795948403319,0.0009618076067940928,0.9513313974106864,0.9496386645190127,0.0005243090860566,0.0006276644676031615
1.411,0.9516967420828796,0.9520093696974395,0.0006700314284189,0.0005294268168271154,0.9348620171760524,0.9320429534155813,0.0007863754695975,0.0009574759490855348,0.9526953662288452,0.9497585351743003,0.0005232844789551,0.000625087183932839
1.412,0.9499831459210878,0.9519299099415042,0.0007112516763365,0.0005339163195310509,0.9321217962256776,0.932046045290487,0.0012732815150311,0.0009652736173804872,0.9471661403342782,0.9496568726315543,0.0006167441451686,0.0006248811829756973
1.413,0.951574385171734,0.95191596779367,0.0005863478149621,0.0005352109243565088,0.9249502926538276,0.9317677804812062,0.0011476541225878,0.000969776839731285,0.9418328296761772,0.949350047417618,0.0007985512919607,0.0006291693338148331
1.414,0.9524129947012604,0.951935459044948,0.0005390559028778,0.0005353058620977752,0.9323709774523952,0.9317914352643902,0.0007198318309826,0.0009636053580337866,0.9514077543988776,0.94943074180904,0.0007580862870397,0.0006323524684623607
1.415,0.950995163467335,0.9518985847085711,0.0005725543194494,0.0005362255770941117,0.930661060784529,0.9317471068534153,0.0008992571364607,0.0009620165130566732,0.9437307402543516,0.9492072123363072,0.0007154685412365,0.0006344047171728334
1.416,0.9506294245516624,0.9518488137220257,0.0004824053926266,0.0005348966836504694,0.927841638126648,0.9315939512170714,0.0008862351009501,0.0009601453670787331,0.9472965796304212,0.9491322855635274,0.0008002662848171,0.0006385000645220746
1.417,0.94937407813782,0.9517517652677431,0.0005623313185409,0.0005355740820428258,0.9282220116552816,0.9314617182930798,0.0010523161928162,0.0009624211899364484,0.94580812847925,0.9490019264621832,0.0007339457306193,0.0006408567476355864
1.418,0.9543307493394704,0.9518529018980068,0.000537907615713,0.0005356317001581387,0.932444153831696,0.9315002451769472,0.0010828998384842,0.0009653959713820719,0.9499066246242768,0.9490374048214809,0.0007219615601962,0.000642859335600046
1.419,0.9516774747778758,0.9518460224030996,0.0003908763381143,0.0005320574936879204,0.9258127170541616,0.9312772048584066,0.0010266353600354,0.0009669080550525244,0.9450452817134334,0.9488808509741065,0.0008624333824675,0.0006482809170041807
1.42,0.9531567536568158,0.9518974236287355,0.0004759878333275,0.0005306730576296384,0.926745621772924,0.9310994957177994,0.0011014074403398,0.0009702290275287533,0.9460475632795716,0.9487697416527521,0.0005636053978561,0.0006461901634449689
1.421,0.9521808326608368,0.9519085377084258,0.0007769415553039,0.0005367537612759165,0.9344067694207792,0.9312291927257593,0.0008407541255752,0.0009670321163694063,0.9463335328462478,0.9486742040524969,0.0006926057411344,0.0006473362270916214
1.422,0.9527900105816762,0.9519431052720826,0.000621774539643,0.0005388530397541161,0.9280175405924362,0.9311032455832761,0.001693277892991,0.0009849641108538904,0.9484402390908876,0.9486650289559633,0.000840125016036,0.0006520964441025937
1.423,0.947748204888042,0.9517785993746694,0.0006470662033542,0.0005415249697195503,0.9267164981791224,0.9309312162733092,0.0010862613119058,0.0009874652763119621,0.9467344841789562,0.9485893213176494,0.0007634770427719,0.000654846582341342
1.424,0.9487299357799366,0.9516590439395819,0.0004294619117709,0.0005387579806343984,0.928882493211524,0.9308508741924549,0.0008787063575714,0.0009847798709109606,0.9432083770946292,0.9483783038971387,0.0008248348984675,0.0006590438247148275
1.425,0.9519496651188984,0.9516704408485748,0.0005763390751517,0.0005396859088940849,0.9348268330992684,0.931006794149585,0.0011692980456218,0.0009893358752248085,0.947447570078597,0.9483418045317057,0.0005759855376802,0.0006569930028127379
1.426,0.9499819694031548,0.9516042262820877,0.0005763161041947,0.0005405903581607668,0.9267969010978322,0.930841700304418,0.0011344937518233,0.0009929200203260056,0.9417072231797834,0.9480816248708459,0.0012333877763617,0.0006712249725299963
1.427,0.9524553903078624,0.9516376052634906,0.0005991668566947,0.0005420366914579009,0.9306447175922528,0.9308339754921762,0.0012001514585453,0.00099803684596105,0.9463826480572244,0.9480149983291352,0.0009520104519044,0.0006781579473293643
1.428,0.9498312585650098,0.95156676813806,0.0005448893140736,0.0005421071265842145,0.9222988527039828,0.9304992647945999,0.0014195627518027,0.0010084448930188685,0.9473349786262958,0.947988330889808,0.0009062824402784,0.0006837906508589701
1.429,0.9474318250967408,0.9514046135089886,0.0005075501727439,0.0005412538684647005,0.9285131004256866,0.930421375995819,0.0008700561943494,0.0010050278881134495,0.9490814654607316,0.9480311989121973,0.0005187186348332,0.0006797147986114203
1.43,0.9510697713769946,0.9513914824449888,0.0005282468949016,0.0005409327086236364,0.9311010170139852,0.9304480285847667,0.0010392834605312,0.0010058737047163567,0.9460858868431736,0.9479549121643925,0.000783527266458,0.0006822780694224469
1.431,0.9526378805216198,0.9514403608009351,0.0006333339142591,0.0005432142198738947,0.92989762387168,0.9304264440862142,0.0009883909754331,0.001005442032388375,0.951138682736896,0.9480797659123339,0.0005636646243556,0.0006793493423837592
1.432,0.9497060717627254,0.9513723494661034,0.0006755413288007,0.0005464815558967788,0.9214630604539928,0.9300749388457349,0.0012561460109055,0.0010116322540801557,0.9426129682956128,0.9478653816920704,0.0009449324657584,0.0006859069503683183
1.433,0.9499150368880024,0.9513151999532367,0.0005168828299761,0.0005457507231579967,0.925120537312607,0.9298806485895338,0.0010974856549416,0.001013752091138463,0.9495390230324378,0.9479310146858102,0.0006262757845922,0.0006844345759047105
1.434,0.9522487982163248,0.9513518116498284,0.0005404437859621,0.0005456196876716782,0.9259346628947452,0.9297259040524833,0.0013605530159979,0.0010223150769374616,0.9451042832222794,0.947820162471554,0.0007238998235226,0.0006854090264631769
1.435,0.9474960417579166,0.9512006049874006,0.0005966313085127,0.0005468792338652837,0.9288885314108546,0.9296930659096744,0.0012751456377103,0.0010285578068330871,0.9428203580530016,0.9476240917100421,0.0004970281898146,0.0006807576477804961
1.436,0.948081563595824,0.9510782896387113,0.0006339256824201,0.0005490285288913285,0.9282769584343316,0.9296375322831903,0.0009715540394641,0.001027150306404223,0.9492396676682126,0.9476874476299704,0.0008260926415113,0.0006843461661442196
1.437,0.9523202063124484,0.9511269922533677,0.0006152069216994,0.0005506625632816513,0.9318411541537928,0.9297239488271356,0.0008268746101953,0.0010222052274854842,0.9440015194745424,0.9475429014277967,0.000773964361147,0.0006865589610825599
1.438,0.9534483519363864,0.9512180259664273,0.0004439409190793,0.0005480274609556673,0.9324626166237991,0.9298313475642597,0.0008061711623057,0.0010168710530366006,0.9487915587115224,0.9475918683800998,0.0007126302958803,0.0006872026977442324
1.439,0.9519019682351438,0.9512448472318672,0.0006262604198981,0.0005499591389542458,0.9290162882888297,0.9297993844554192,0.0010278224403873,0.0010171414576625438,0.9431151636299436,0.947416311331074,0.0006382798231172,0.0006859947255312193
1.44,0.9467005003744624,0.9510666375511846,0.0007065968977901,0.0005538267379378472,0.926559282222152,0.929672321622742,0.000931390325871,0.0010150241457664562,0.9416307001946322,0.947189424619841,0.000701334503382,0.0006863734854781521
1.441,0.9476417749489002,0.95093232921384,0.0004919752930334,0.000552299541767367,0.9276509282232152,0.9295930512933488,0.0010032245822976,0.0010147327985203117,0.9435467299849148,0.947046573849844,0.0005751412558415,0.0006836270106723089
1.442,0.9481665385336826,0.9508238668342259,0.0007965444736094,0.000558330280825195,0.9223370981340114,0.9293085041106297,0.0011872311903604,0.0010189920180719188,0.9470657305480548,0.9470473250929111,0.0006272298070539,0.0006822344871261753
1.443,0.9524334873457656,0.9508869892072275,0.0006088845828926,0.0005595785351972297,0.9294401577260768,0.92931366699751,0.0010896492355105,0.0010207366407247232,0.9473371653885064,0.947058691379013,0.0006016787092055,0.0006802454555725785
1.444,0.9485933174526814,0.9507970412952844,0.0005468827669428,0.0005592650594378611,0.9287430827347324,0.9292912911440677,0.000933463749411,0.001018581754519446,0.9502481996630394,0.9471837701352493,0.000669527132124,0.0006799808056108851
1.445,0.9484389016575744,0.9507045652310605,0.0006515935009135,0.0005615447740421978,0.9241609264521508,0.9290901003718356,0.000903082456236,0.0010157299199939288,0.9469648603462312,0.9471751854376407,0.0005353204901298,0.0006764089459693768
1.446,0.9524673691737882,0.950773694797442,0.0004651039106991,0.0005591635181571831,0.9294433207643714,0.929103952151935,0.0008802925029319,0.0010123857862393108,0.9481535230152546,0.9472135516171548,0.0007840417242874,0.0006790665454340193
1.447,0.9493459575810328,0.9507177051026809,0.0006456220701461,0.0005612982972186378,0.9203355858248592,0.9287600946489124,0.002037121676519,0.0010376879069869576,0.9449542649542928,0.9471249521401799,0.0006765167483853,0.0006790035874821991
1.448,0.946642570596747,0.9505578959063699,0.0007189699315549,0.0005651914239923727,0.9240573993113114,0.9285756752239085,0.0012362981336541,0.001042591863200961,0.94442884108182,0.947019222294754,0.0010523025866164,0.0006882208467200806
1.449,0.948026478538586,0.950458624637045,0.0007775047048978,0.0005704337272246056,0.9273581851091658,0.9285279305135266,0.000903065924952,0.001039146778305925,0.9426011690262944,0.946845965303834,0.0008112034293411,0.0006912574536983774
1.45,0.9468217808880894,0.9503160033135566,0.0005475944513346,0.0005698697944865808,0.9231499877995636,0.9283170307992537,0.0013583754681075,0.0010470289681775687,0.9418577055055368,0.9466503472725283,0.0007007107119611,0.0006914908674826422
1.451,0.94778487468673,0.9502167433674066,0.000592195585072,0.0005704210485751097,0.9219559217992238,0.9280675755443505,0.0010202372365783,0.0010463674439405498,0.9427184450244944,0.9464961550275074,0.0007416490583193,0.000692729341330461
1.452,0.9447862371228944,0.95000378233821,0.000814052000511,0.0005764366276352552,0.9246958473344474,0.9279353509086681,0.0013828422262017,0.0010546754632556397,0.9442724506396156,0.9464089509338646,0.0008634560145219,0.0006969448147425952
1.453,0.9452318734746206,0.949816648657285,0.0005067901884057,0.0005747169624690933,0.9227577985787558,0.9277323096408283,0.001517249890767,0.0010660970540583895,0.9364451701044048,0.9460182144307485,0.0010046807121849,0.0007045432319633928
1.454,0.9491053812752308,0.9497887558187731,0.0005830839968155,0.0005749235559097453,0.9219344266241368,0.9275049416793895,0.0017832181400903,0.0010838037475406589,0.9414950535699548,0.9458408355734625,0.0008462773820592,0.0007080428406077337
1.455,0.9486542861592634,0.9497442668125179,0.0005178879525554,0.0005735152694071688,0.9282187675758616,0.9275329348518001,0.0014622331199729,0.0010931476826624427,0.9463660968642376,0.9458614340554538,0.0006774378554078,0.0007072871619608217
1.456,0.9485683596120684,0.9496981528046571,0.0004494190970079,0.0005704511663849646,0.92932324292314,0.9276031430114604,0.0010401690630937,0.0010918395685990169,0.9424112260984994,0.945726131782632,0.0006001829611164,0.0007046426137918237
1.457,0.9501090522622854,0.9497142665088777,0.0005741354750377,0.0005705421369689829,0.9268981007239064,0.9275754942943015,0.0010736409584287,0.0010913902201997497,0.9440728351211862,0.9456612966194381,0.0010697300940172,0.0007136571194764009
1.458,0.9470351817360948,0.9496092043609254,0.0007322261477982,0.0005745343347672351,0.9222312484988808,0.9273659160278145,0.0011089863059144,0.0010918246914519633,0.943271945284038,0.9455675965670695,0.0006852184812796,0.000712954930878949
1.459,0.9503708150779676,0.9496390714478683,0.0008869936201365,0.0005822493788504269,0.9263938266638558,0.9273277948762866,0.0009658662226611,0.001088714605802806,0.9467350664183954,0.945613379698494,0.0005503173065032,0.0007089391870672021
1.46,0.9484019318450132,0.9495905561693249,0.0006379733579536,0.0005836252795690238,0.9197933847491656,0.9270323278124779,0.0019238139765835,0.0011093343433529468,0.9434485984805284,0.9455284863173974,0.0010163868272013,0.0007165304868235996
1.461,0.946680319305198,0.9494764292334767,0.0007047919209319,0.000586617048491564,0.9193135547518708,0.9267296308297089,0.0017857923068709,0.001126037009118822,0.9420808855274584,0.9453932862864195,0.0008312266848326,0.0007193624917127107
1.462,0.9504861342386248,0.9495160255081885,0.0005063295305975,0.0005846346406423278,0.9267812057533368,0.9267316533757336,0.0015358329745863,0.0011361554280192537,0.9459016289312588,0.9454132212920996,0.0006785195426452,0.0007183540238345005
1.463,0.949596300853862,0.9495191735609599,0.0007534646992173,0.0005888032840639321,0.9267037243885234,0.9267305581213332,0.0013766224587662,0.0011420928855685611,0.9449200410573556,0.945393880890737,0.0012191828777052,0.0007307201683745178
1.464,0.9484317300187236,0.9494765287161663,0.0005428155698378,0.0005876677849472376,0.9245707778717148,0.9266458608566422,0.0014347234586793,0.001149318331818209,0.9419787442036734,0.9452599539618325,0.0011290119756557,0.0007405545339863989
1.465,0.9487135735198292,0.9494466089045452,0.0007365743954629,0.0005913444913797231,0.9285397265488956,0.9267201300994757,0.0008113669019313,0.0011409738520679151,0.9454472130609556,0.9452672974559158,0.0006883692128765,0.0007392660075392409
1.466,0.9479264400791906,0.9493869944408058,0.0006739541399323,0.0005933842357884287,0.9242712764926988,0.9266240966247001,0.0010682412548307,0.0011391779854694655,0.9410425729390812,0.9451016219846674,0.0007917715164166,0.0007405624398572004
1.467,0.948759596904352,0.9493623906158468,0.0006804671970686,0.0005955344323632477,0.9309424680642444,0.9267934445242902,0.001078149594754,0.0011376711116246393,0.9455185984955976,0.9451179740047038,0.0008007664997622,0.0007420489598548547
1.468,0.9437540151931372,0.9491424543247601,0.0009403352100491,0.0006040480318122811,0.925439252159826,0.9267403389413701,0.0010570770537629,0.0011356811348873124,0.9422088541247512,0.9450038908721566,0.0010568626813988,0.0007498221381645818
1.469,0.9518466131847636,0.9492484997702504,0.0003486880379288,0.0005977428467781211,0.9226833084204024,0.9265812397052537,0.0010396356152376,0.0011333096405749738,0.943918051950436,0.9449613089536577,0.0008119104901234,0.00075135518389196
1.47,0.9484218586988477,0.9492160824733327,0.0006398602837983,0.0005987827834946687,0.9233780411955193,0.9264556240774211,0.0012120839020885,0.001135254684069135,0.9434292664830114,0.9449012288567696,0.0006543673973709,0.0007489604237309462
1.471,0.9480785792161232,0.9491714745024618,0.0006808430605355,0.0006008089631746893,0.9210460178049674,0.926243482654972,0.0014881457801059,0.0011439680444651045,0.9422190312270892,0.9447960446359979,0.0007970710199671,0.0007501483396873944
1.472,0.9500299209488334,0.9492051390689862,0.0005082356685656,0.000598523202813971,0.92655228580115,0.9262555925822732,0.0013708412064485,0.0011495698509338304,0.9423984559035684,0.9447020215484516,0.0008200461568296,0.000751874211715597
1.473,0.9471260917897568,0.949123607803134,0.0006152987314679,0.0005989374133980187,0.9195629968612608,0.9259931378481158,0.0012246331926343,0.0011514232667782865,0.9439830737162987,0.9446738275158182,0.00067917712826,0.000750079222000644
1.474,0.9471247172207892,0.9490452199371596,0.0007568935066651,0.0006028375638490578,0.9203462770060942,0.9257716923248992,0.0015159459597024,0.0011604238270974004,0.9392277238034916,0.9444602548212171,0.0010555545579915,0.0007576218228893071
1.475,0.9456424389815544,0.9489117775467437,0.0008092718182766,0.0006079347059336885,0.9198084661358146,0.9255378403174842,0.0011358304238187,0.0011598165825720003,0.9462590166214424,0.9445307944996574,0.0005457204601042,0.0007523896904748601
1.476,0.9475646612884132,0.9488589494581818,0.0008826659849134,0.0006147181943035579,0.9219415043583344,0.9253968075347724,0.0016877770908731,0.0011728526445053608,0.943353344882882,0.944484620004882,0.0006965447058404,0.0007510108019653674
1.477,0.9522181871342408,0.9489906842690076,0.0003667328231613,0.0006085950987197985,0.9280137680941613,0.9254994334390622,0.000797038189475,0.001163573275245352,0.947083720271809,0.9445865455055458,0.0007583510299122,0.0007511920421615854
1.478,0.9485263727345784,0.9489724759735396,0.0007751880264057,0.0006127085043416726,0.9235465282107486,0.9254228489203048,0.0011423984207573,0.0011630504393320667,0.948684389755581,0.944747245280057,0.0006802679312046,0.0007494408295453636
1.479,0.9446909225425904,0.948804571917424,0.0007159119689344,0.0006152567380353203,0.9266527174702534,0.9254710790595185,0.0010556503640763,0.0011603985856220478,0.9426274585272848,0.9446641163877915,0.0007501854150679,0.0007494592143730805
1.48,0.9500842716193548,0.9488547562194604,0.0005591049700828,0.0006138702746290852,0.9252093037436468,0.9254608133608568,0.0013237474711571,0.0011644318914377282,0.9383764256793544,0.9444175402815782,0.0010941335202684,0.0007579696910618538
1.481,0.9484556397870416,0.9488391045946596,0.0008223807638638,0.0006190186817706831,0.9244399614082937,0.9254207799509524,0.0011301357584223,0.0011635850733385817,0.9386280556616172,0.9441905016690307,0.0009909523885199,0.0007637223502583488
1.482,0.9437105704273148,0.9486379856077048,0.0007583219524619,0.0006224582687013305,0.9200244706275575,0.9252091599774859,0.0013992077944644,0.0011694029183046514,0.9383775199213936,0.943962541600496,0.0007263709587259,0.0007628000936773006
1.483,0.9453218601767926,0.9485079414731593,0.0008111090733686,0.0006271163132610162,0.9213000904739652,0.9250558631342106,0.0012874309648948,0.0011723171910599638,0.9447851172272088,0.9439947994682102,0.0007313128423606,0.0007620226306818265
1.484,0.9509165973242644,0.9486023985653596,0.0004036449592365,0.0006215985020505344,0.9269931923177938,0.9251318368276845,0.0005712728901033,0.0011574765910363424,0.9450744626354284,0.944037139200258,0.0010232518721026,0.0007684727354082655
1.485,0.9518786485312564,0.948730878956179,0.0005332546038929,0.0006194171712318275,0.9275048865959936,0.9252248976029124,0.0011098040732672,0.001156299491832166,0.9480628053860758,0.9441950084624469,0.0007228855413973,0.0007673471256795997
1.486,0.9481615241568544,0.9487085513169898,0.000711187160266,0.0006216830968869922,0.9212225117834074,0.9250679412962651,0.0012086776602448,0.00115759277994112,0.9456501194181028,0.9442520716371785,0.0005156409121138,0.000761132157443407
1.487,0.9477889687004388,0.9486724892535957,0.0005410332262558,0.0006196917420565923,0.9233312121507966,0.9249998342709526,0.0010913391844759,0.0011559568886950653,0.944755615813643,0.9442718184676281,0.0006837294455138,0.0007592209793710711
1.488,0.948946196472636,0.9486832228700287,0.0005303847932424,0.0006174866322093283,0.9176651755384864,0.9247122005951696,0.001457448595438,0.0011634011283677302,0.9405610749717952,0.9441262991148504,0.0007051016997221,0.00075788470086122
1.489,0.9470667624972592,0.948619832267175,0.0007796486076553,0.0006214906316030559,0.9204588869578628,0.9245454039819418,0.0017106350697448,0.0011769130775375345,0.9416047779151416,0.9440274159305481,0.0007766191685068,0.000758347280309259
1.49,0.9506816566065318,0.9487006881236202,0.0006238351113863,0.0006215485199927656,0.9264471289277542,0.9246199814307973,0.0008058964488686,0.0011677521731259558,0.942797594150954,0.943979187625466,0.0008755387076875,0.0007612408958000798
1.491,0.9443972628126536,0.9485319263467196,0.0006587936116692,0.0006224681518860109,0.9203813519658838,0.9244537606674673,0.0015260970450072,0.0011766001946538877,0.9403406976515812,0.9438365017441371,0.000785704892058,0.0007618449450903988
1.492,0.9459623649040068,0.948431159231319,0.0004582716238822,0.0006184139166266574,0.9248836373689208,0.9244706185773283,0.0011129980081478,0.0011750297702957128,0.9419447953464612,0.9437623171795224,0.0008300120576558,0.0007635280836722606
1.493,0.950442377226174,0.9485100305252349,0.0006210303086694,0.0006184785188993178,0.9277466569321494,0.9245990906696742,0.0012509002857512,0.001176903116356342,0.9446253347214708,0.9437961610046969,0.0009209846722519,0.000767415900674227
1.494,0.9466642186228104,0.9484376457447476,0.000594760286902,0.0006178928835413593,0.919325932184329,0.9243923001408372,0.0015217333846527,0.001185417443968598,0.9467466331292826,0.9439118657938963,0.000665737939078,0.0007649053337212337
1.495,0.949259151189136,0.9484698616445275,0.0008705348670168,0.0006241309572074196,0.9301207633748296,0.9246169457578565,0.0010978053220269,0.0011832541816984325,0.944967666831534,0.9439532697561566,0.0008916746543281,0.0007680354404028848
1.496,0.9471619960869512,0.9484185727991324,0.0005778210885716,0.0006229875036608562,0.9193696539228378,0.9244111696074637,0.0011563468518032,0.0011825898031825007,0.9427539923536594,0.943906239269784,0.0009415409449153,0.0007723195269340556
1.497,0.947201221050587,0.9483708335148758,0.0005528802043879,0.0006212564592343634,0.9165229168686022,0.9241018263628025,0.0012898162412424,0.00118523736955435,0.9434403132008754,0.9438879676592384,0.0007652766850116,0.000772145629602637
1.498,0.9437832018692238,0.9481909263915169,0.0006223480854377,0.000621283412967779,0.9225820298120349,0.9240422264980664,0.0011484749667411,0.00118432965590464,0.9464568901910748,0.9439887097193105,0.0008324880694112,0.0007736355663880335
1.499,0.9459340099095668,0.9481024198628131,0.0007558171564685,0.0006246052337949573,0.9229017863032724,0.9239975033531725,0.00112864200352,0.0011829546521420565,0.9445152385512472,0.9440093579087983,0.0005177519792428,0.0007673174531251883
1.5,0.9453204104976014,0.9479933214563342,0.0007643861493708,0.0006280566144264597,0.9200860418453414,0.9238441127058067,0.0020444136770803,0.0012042252453504081,0.9423430082983972,0.9439440108652531,0.0008605739441652,0.0007696200825335837
1.501,0.9454144771466052,0.9478921903069331,0.0005866855946008,0.0006270351077640977,0.915395677955652,0.923512801539134,0.0013936224549934,0.001208901719662581,0.9460080744774464,0.9440249545363196,0.0009445167433602,0.0007739385186033768
1.502,0.9421926803110828,0.9476686801110173,0.0009854801253051,0.0006358856020243695,0.9161020216920346,0.9232221827216005,0.001463948583969,0.0012151991731022456,0.939962768386409,0.943865653118676,0.0009358434492974,0.0007779361712131058
1.503,0.948397121644678,0.9476972464456708,0.0007371722372063,0.0006383865065967628,0.9248914451239474,0.9232876439922807,0.0010804644549339,0.001211872389937595,0.9408034211760686,0.9437455655915149,0.0010364835530047,0.0007843200571832687
1.504,0.950379891729268,0.947802448221498,0.0005552336484694,0.0006363333496059636,0.9225841769134746,0.9232600570480137,0.0013915489855534,0.0012163088490886025,0.946937608762108,0.9438707437550675,0.0008457181372598,0.000785836059160467
1.505,0.9470128459821744,0.947771483427799,0.0004340691174593,0.0006313391710344411,0.9275870112283858,0.9234297415256754,0.0005389566438052,0.0011995841032791355,0.9381357992272767,0.9436458439696639,0.000951609370799,0.0007899292273490728
1.506,0.9494461382828814,0.947837156167214,0.0007399195260848,0.0006340201674554377,0.9291274774034668,0.9236531821483338,0.0008582496018131,0.001191156090897258,0.9411124577996396,0.9435464954924081,0.0008386272583419,0.0007911316478674143
1.507,0.9485653442248144,0.9478657125616297,0.0006550802885117,0.0006345401704444812,0.925737057027092,0.9237349027318146,0.0013901318895233,0.0011960690735793823,0.9475287249564308,0.9437026613537423,0.0005107691310558,0.0007842091165881152
1.508,0.9455578552861422,0.9477752083547478,0.0010374059697066,0.0006444874741299657,0.9199729918915872,0.9235873768165116,0.0013895577566527,0.0012008465719268715,0.9392955646186908,0.9435298340307989,0.0012861761840675,0.000796603365167853
1.509,0.9437819191048772,0.9476186087763215,0.0007814075049279,0.0006478682156311492,0.9117352298830864,0.923122586740691,0.0012859871326437,0.0012029488079939538,0.9405532498697464,0.9434131052401695,0.0011829605928112,0.0008061430498010221
1.51,0.9471843926505902,0.9476015806929595,0.0004616467315035,0.000643270154294664,0.9208342601322268,0.92303284844232,0.0013444875115169,0.0012064435907969894,0.9430792882233124,0.9434000143767635,0.0008190435357029,0.0008064615803171178
1.511,0.9442627463158644,0.9474706460115048,0.000646275956959,0.0006433443716444007,0.9237446288427064,0.9230607613991979,0.001518887694209,0.001214158260017039,0.9400589219191542,0.9432689911431317,0.0016642097586046,0.000827640547682241
1.512,0.9446678137017192,0.9473607310189642,0.0006681378206344,0.0006439565555700797,0.9222477791639812,0.9230288797429149,0.0013805842609352,0.001218267543990327,0.9419841717234936,0.9432186060678518,0.0006322702333711,0.000822816589304188
1.513,0.944596781419338,0.9472523408385868,0.0006926570889648,0.0006451590378761222,0.9149587703368488,0.9227124048642456,0.0016776875647147,0.0012296112482057437,0.9361718570140608,0.942942262967703,0.0008827714525664,0.0008242969562983167
1.514,0.9443427382470362,0.947138238776173,0.0006873619497599,0.0006462010850831291,0.92070633216167,0.9226337353464976,0.0010099745849537,0.001224188120718039,0.9412088050944124,0.9428742842275739,0.0007892672774137,0.0008234320259554865
1.515,0.9436398271466444,0.9470010461632503,0.0010924887620906,0.0006572205338981284,0.9162716148473748,0.9223842404249634,0.0014997967955036,0.00123099327318188,0.9410545283417946,0.942802921251661,0.0015036519814131,0.0008402275804112301
1.516,0.9466010754515508,0.9469853610373012,0.000529101137252,0.0006540570920056314,0.917227290167644,0.9221820070815391,0.001213662313561,0.0012305653482529695,0.937700293737211,0.9426028182118787,0.0010912039479616,0.0008464245277581527
1.517,0.9447526800902796,0.9468978049217317,0.0006901320073021,0.0006549478306549269,0.920535894693686,0.9221174536545644,0.0008957582101287,0.0012222985053363209,0.944071837626508,0.9426604268163741,0.0007710956919604,0.0008445645565038873
1.518,0.9495074263262572,0.9470001430160268,0.0006322813244769,0.0006543881638357163,0.9207839737337792,0.9220651603243376,0.0014811461366121,0.0012286898048739945,0.9415927635613376,0.9426185576691178,0.0006780710912375,0.0008404536067442232
1.519,0.9487149878072332,0.9470673918313681,0.000529963139318,0.0006513159410081183,0.9224290595734572,0.9220794308831266,0.0008981176690055,0.0012205275299142786,0.9423192082317456,0.9426068184754953,0.0005621829402875,0.0008335827260909709
1.52,0.9443601596641512,0.9469612258640262,0.0006533746174477,0.000651366772525145,0.919118330297787,0.9219633092915447,0.0011736615372502,0.0012193703449102273,0.9372340708164664,0.9423961224888666,0.001106999338709,0.0008403337535630211
1.521,0.9471064202470842,0.9469669197614011,0.0005146125215288,0.0006479901243523958,0.9241316965152068,0.9220483440846295,0.0010238668325329,0.001214543097691034,0.9406633033708474,0.942328168797964,0.0007082182559485,0.0008370716425108106
1.522,0.9443498501135136,0.946864289579131,0.0006507798957761,0.0006480590075974255,0.9143753025003826,0.9217474404930903,0.0013020788369231,0.001216704473968369,0.9335995545238568,0.9419858701989793,0.0015957354413595,0.0008558040819885561
1.523,0.9425838092139288,0.9466964276040251,0.0007479637230515,0.000650525790695057,0.9176985831073252,0.9215886617720799,0.0021153876718053,0.0012388941825569352,0.9423732699398628,0.9420010623456806,0.0006831989738869,0.0008515422274675275
1.524,0.9436654197555016,0.9465775645511417,0.0007102350162748,0.0006520000925612235,0.9178251597145916,0.9214410734560999,0.0016161851403279,0.0012482100086747367,0.9359967745281224,0.9417656000783253,0.0013019432062021,0.0008626632392881342
1.525,0.947250588858936,0.9466039576612513,0.0007526288001565,0.0006544847520080204,0.918266147128894,0.9213165665413076,0.001497853809622,0.0012543740531425704,0.9333515534002808,0.9414356374635,0.0010223222176493,0.0008666054362847063
1.526,0.9432857028213164,0.9464738300204695,0.0006065513168987,0.0006533012104003829,0.9226550607156856,0.9213690565089302,0.0012348113387001,0.0012538910231563365,0.9423264623185812,0.9414705717715426,0.0005404606622207,0.0008585524789004097
1.527,0.9525406082985532,0.9467117428941199,0.0004960016155582,0.0006494172697869957,0.9251784147589688,0.9215184431069708,0.001284355350239,0.0012546432287633157,0.9434514991282472,0.9415482551972957,0.0006838351524279,0.00085423847083936
1.528,0.9417603073159352,0.9465175689498773,0.0006876105099287,0.0006503603127534576,0.9174986903895228,0.9213608057455023,0.0022714279554034,0.0012797490244828241,0.9346483366059384,0.9412776701544973,0.0009773752232104,0.000857278884478151
1.529,0.944537112707876,0.9464399039992106,0.000938155737525,0.0006574663726243599,0.915616387219712,0.9211355344307653,0.0014667732449799,0.0012843669064704064,0.9401092406622112,0.9412318493900939,0.0007674140068137,0.000855059998609893
1.53,0.9431799600683324,0.9463120630607449,0.0006480114997129,0.000657232918972225,0.916360013020095,0.9209482590813273,0.0011417955868571,0.0012808466269737817,0.9335361044541152,0.9409300554710359,0.0013165099453955,0.0008664538244564512
1.531,0.9485561737046452,0.9464000673997214,0.0006525674932598,0.0006571177232756219,0.9235905869421644,0.9210518797817523,0.0016463020053529,0.0012898702165633897,0.940162117659882,0.9408999402627554,0.0009510966394289,0.0008685437705051535
1.532,0.9465637811721525,0.9464064875476599,0.0005719511701768,0.00065501484542133,0.9213959197694574,0.921065371545976,0.0012023670902225,0.001287709645542627,0.9377997862176845,0.9407783655943212,0.0009644752285752,0.0008709124484821918
1.533,0.9492926559870044,0.9465196706237127,0.00071711137618,0.0006565480930943836,0.9168274645936284,0.9208991791164721,0.0011416091048067,0.0012841022247837152,0.9353208539611556,0.9405643455302753,0.0010290909042586,0.00087481808936556
1.534,0.9415234332669216,0.9463237397469759,0.0009098105328081,0.0006628014866675618,0.9137579410690432,0.9206191305655925,0.0017096830249579,0.0012946103926892505,0.9348946377306496,0.9403420040479371,0.0013682433949545,0.0008870014302442992
1.535,0.9428606608342815,0.9461879327307917,0.000680169073598,0.0006632303159744862,0.9124856736939306,0.9203001714725861,0.0017682782540881,0.0013063058954398395,0.9374625312710674,0.9402290835468833,0.0008615522545959,0.0008863730555369314
1.536,0.9459022217072488,0.9461767283769273,0.000945688691763,0.0006702045968581533,0.916829509969115,0.9201640670999011,0.0013898442012462,0.0013083685696572806,0.933864175112488,0.939979479294554,0.0013569533047004,0.000897992320948375
1.537,0.9485778182038618,0.9462708887622974,0.0004008093072509,0.0006635528613122951,0.9219982830817876,0.9202359971384064,0.001011262276542,0.0013010326118025825,0.94460130191249,0.9401607272403555,0.0011816424571234,0.0009049960280144249
1.538,0.9434897767924468,0.9461618255477935,0.0005879900669477,0.0006616871133032927,0.9162226381045016,0.9200786105096258,0.00104558608595,0.0012947252901765926,0.9387006449305249,0.9401034691105582,0.0008749197808401,0.0009042534046274047
1.539,0.942013946242176,0.9459991636142399,0.0008854499104488,0.0006672121206402189,0.9173736517844352,0.9199725336968732,0.001094072989841,0.0012897709123905286,0.9387419749661152,0.9400500771833252,0.0006382524624194,0.0008976854801284416
1.54,0.944999163320564,0.9459599479164487,0.0006064562258812,0.0006657119750906135,0.9190333219699456,0.9199357018644445,0.0015223567983105,0.0012955137737712687,0.937163852545282,0.939936891903402,0.0012825138643575,0.0009071874155415049
1.541,0.945184717621688,0.9459295467284189,0.0006795210415874,0.0006660529396954725,0.913958077723163,0.919701285231453,0.0013783995203871,0.0012975603354161039,0.9361202414011004,0.9397872193346842,0.0010653815624342,0.0009110934438598431
1.542,0.9432189314877264,0.9458232480915291,0.0006724009267563,0.0006662096801167275,0.917703099120028,0.9196229249917892,0.0012640939580125,0.0012967340051098421,0.9382569819766312,0.9397272100265253,0.0009314777366118,0.0009115967597302618
1.543,0.9414649440165728,0.9456523342062366,0.0009638648862093,0.0006735591913782726,0.9175986087208184,0.9195435400399864,0.0016540084595805,0.0013055555965782533,0.9398177539668128,0.9397307607692817,0.0008087235687852,0.0009090566809414947
1.544,0.9429800881360793,0.945547540242701,0.001063339907753,0.0006831834065974018,0.9159295494630832,0.9194018149193235,0.0015032226583266,0.0013104362647695705,0.9374574026170632,0.9396416094691948,0.0014119388593726,0.0009214735248533739
1.545,0.9503675379893036,0.9457365597621757,0.0005557486831459,0.0006800368702158832,0.924818009460434,0.9196142147052494,0.0013211185536345,0.0013107000249884578,0.9429628863805968,0.939771855622583,0.0012389304615182,0.0009293119677339869
1.546,0.9439910812326524,0.9456681096237631,0.0006329354797553,0.00067887387292056,0.9217085529235964,0.9196963456157727,0.0017180583816908,0.0013207582560181453,0.9414190720170708,0.9398364523439354,0.0007104073173007,0.0009239069146368687
1.547,0.9430291538295724,0.9455646211612458,0.0005979971983844,0.0006768769179937412,0.91549576170075,0.9195316168347916,0.0015441514509291,0.0013262741373739713,0.9382428024745364,0.9397739562706258,0.0007330774053298,0.0009191950749008917
1.548,0.940264988682415,0.9453567924365859,0.000438203857881,0.0006709837560156488,0.9117142215813236,0.9192250523150477,0.0013957515171815,0.0013279896282334166,0.9348940269645084,0.9395825864939152,0.0009853862530359,0.0009208294249782994
1.549,0.9405158030550992,0.9451669497157433,0.0007698452963533,0.0006734247817029983,0.91457555981907,0.9190427192759898,0.0011558795335615,0.0013237399962662088,0.9369850437671732,0.9394807220732587,0.0011719985828013,0.0009270311325788673
1.55,0.9457738224340192,0.9451907486458719,0.0005174618721549,0.0006695738456647737,0.9183424722770036,0.919015258609363,0.0016958970979751,0.0013329290605059345,0.9419616816974729,0.9395780146075418,0.0006051853212868,0.0009190843224235075
1.551,0.945045124904038,0.945185037910898,0.0005439184075732,0.0006664712422551052,0.917426426508666,0.9189529514681591,0.0010126955334006,0.001325022059836667,0.94190699245521,0.9396693470721562,0.0009132234216201,0.0009189396088234233
1.552,0.9466005397009388,0.9452405477850172,0.0005970006678951,0.0006647559194314014,0.9155716844812084,0.9188203527627884,0.0015378440740455,0.0013302769243850332,0.9374128049318772,0.9395808552235179,0.0010244642329211,0.0009215451550974402
1.553,0.949119830950127,0.9453926765365902,0.0006663393614718,0.0006647950167657322,0.9217130055723026,0.9189337901278675,0.0014856628269413,0.0013341136133370396,0.9405164976237176,0.9396175470823492,0.0005210365494646,0.0009116560537237898
1.554,0.9406740069904874,0.9452076306720372,0.0008173882946928,0.0006685627520231906,0.9123698368440496,0.9186763801951687,0.0013016682717087,0.0013333124937906608,0.9323861164813554,0.9393339615685848,0.001130107702999,0.0009170499216071283
1.555,0.9423724866578832,0.945096448553835,0.0006725154423462,0.0006686603493151168,0.909813569120662,0.9183288189765606,0.0016294853053757,0.0013406254027186863,0.9396841571534652,0.9393476947287762,0.0007266126691406,0.0009123477672252386
1.556,0.9459107947733848,0.9451283836996998,0.000794448653359,0.000671766233365583,0.9200725797426424,0.9183972017517009,0.0015145348732906,0.001344919463720462,0.942619668313262,0.9394760074183639,0.0006032618537295,0.0009047160162747265
1.557,0.9393008743734644,0.9448998539222003,0.0010044989595338,0.0006799818562339341,0.9097910894606056,0.9180597071520501,0.0017686461451555,0.001355381850916389,0.937360173410542,0.9393930335357042,0.000896678081791,0.00090451754875661
1.558,0.9451531682865076,0.9449097878188397,0.0008196279218802,0.0006834299072375457,0.9186757006907158,0.9180838637614095,0.001067615222312,0.0013482765020619595,0.9387724942569472,0.9393686986620275,0.0006862530553158,0.0008991283020049849
1.559,0.9410598718889954,0.9447588107235517,0.0008666723028911,0.0006879544108339298,0.913293714562467,0.9178960147732157,0.0013765885920141,0.0013489755660113952,0.9387213593268368,0.9393433128057457,0.0008354089242451,0.0008975549840356051
1.56,0.94348264083504,0.9447087648455709,0.0005195297419123,0.0006837957770333957,0.912199703240928,0.9176726300072436,0.0011298587514794,0.0013435652742945557,0.937478098453964,0.9392701671448916,0.0011954227289229,0.0009049097431686249
1.561,0.9466970513552022,0.9447867368655564,0.0007324721547462,0.0006849976629028476,0.914688499428812,0.9175556052786776,0.0017716010862244,0.001354134059774305,0.9408846015739698,0.9393334782989732,0.0009923856659066,0.0009070696424954884
1.562,0.939858589982698,0.9445934762034836,0.0009603245303783,0.0006917958571615008,0.9092323518339384,0.9172292031828055,0.0015856391193688,0.0013598502340852801,0.9307937710872848,0.9389985878200834,0.0008662649383214,0.0009060621189356342
1.563,0.9457595706135312,0.9446392053960345,0.0007689035847208,0.0006936997516691378,0.9212592398249864,0.91738724383544,0.0013999220624505,0.0013608396619461498,0.9425467542056768,0.9391377315999105,0.0009393334348096,0.000906883632907831
1.564,0.9445017230204622,0.9446338139303259,0.0008427095155197,0.0006973790050975469,0.916788990195222,0.9173637829083726,0.0015004758087399,0.0013642874680398227,0.9372158288391196,0.9390623628641932,0.0014701216008575,0.000920790743227576
1.565,0.9460988656801202,0.9446912669401217,0.0007511748033062,0.0006987072964113408,0.9205083618692976,0.9174870997303698,0.0010889960803597,0.0013574901498254986,0.9399509849631862,0.9390972107896439,0.0008434561006487,0.0009188812458799494
1.566,0.9440162549722582,0.9446647958825585,0.0006796460786186,0.0006982366490584336,0.9139006682913344,0.9173464553602115,0.0018567686108806,0.001369818013061427,0.9369226083246,0.9390119322616031,0.0010516238392395,0.0009221588407777161
1.567,0.9471767374531442,0.9447633033951305,0.0005751346786321,0.0006951970942330921,0.9157479416283958,0.9172837685471992,0.0013454950921975,0.0013692174471141695,0.942644103503718,0.9391543703495291,0.0008835787556832,0.0009212062460840242
1.568,0.9412430408490776,0.9446252538835206,0.0006123869563753,0.0006931523994711713,0.9154769243033808,0.9172129119101866,0.0017992118793097,0.0013798345935881334,0.93668677645177,0.9390576019613817,0.0007467316996161,0.000916898232590989
1.569,0.944069423283543,0.94460345660509,0.0008457660675009,0.0006969206381879546,0.9150119907152908,0.9171266012750926,0.0017945225799399,0.0013900738031276832,0.9401797012167364,0.9391016058537485,0.0010717464006485,0.0009207216441479646
1.57,0.9472672946231996,0.9447079208410943,0.0005137692101255,0.0006923983807049311,0.9169278444069096,0.917118806888105,0.0015338649777549,0.0013936242025011946,0.9395068476030776,0.9391174976870554,0.0008398351378099,0.0009187244464606049
1.571,0.9385259612891134,0.9444654910547421,0.0007233465311395,0.0006931625325675131,0.9122524356976748,0.9169279688022057,0.0010670186582512,0.0013855598680752688,0.9321115299155474,0.9388427538528786,0.0008918849737303,0.0009180617434302271
1.572,0.9471786086955816,0.944571887824971,0.0008483411884158,0.0006969941043168535,0.9184679213187223,0.9169883590969711,0.0011734641372542,0.0013803229364500573,0.934574443453962,0.9386753691313525,0.000859330387658,0.0009166115864975795
1.573,0.945613606579746,0.9446127395408446,0.0007783613575602,0.0006990031722981706,0.9144584625711264,0.9168891474685066,0.0014561428265295,0.0013821950325014017,0.9273568145246956,0.9382315042448169,0.0012718924455937,0.0009253839533888416
1.574,0.9468562324704,0.9447007196557291,0.0007830456031055,0.0007010782940464998,0.9167188492589866,0.9168824691073489,0.0013587484672699,0.0013816161049648213,0.9388420329058186,0.9382554465452483,0.0008540737025711,0.0009236232064550702
1.575,0.944596337398592,0.9446966262338806,0.0006532413869228,0.0006998971358459146,0.9197639349616428,0.9169954677683017,0.0015929455656612,0.0013868341163400404,0.9342902409780968,0.9380999482877129,0.001099879895063,0.0009279752234577351
1.576,0.9414278355124416,0.9445684383624516,0.0009018464897833,0.0007048835396468376,0.910133231374768,0.9167263604587513,0.001904476046183,0.001399615398558385,0.9370090944345556,0.938057169705236,0.0008983238677868,0.0009272430912189466
1.577,0.9463170720397532,0.9446370122321498,0.0005187103073159,0.0007002866697127404,0.9182477371222612,0.916786022288693,0.0012761493121107,0.0013965668532139978,0.941371403399727,0.9381871396540397,0.000786345660182,0.000923764142304454
1.578,0.938274590464919,0.9443875054961799,0.0007257287073666,0.0007009148681733295,0.9125233851645774,0.9166188600485314,0.0015269471415948,0.0013997861195937707,0.9341835146804782,0.9380301347531156,0.0015582513620925,0.0009394304934103317
1.579,0.935933038204726,0.9440559577592601,0.0009130295687543,0.0007061522681876745,0.9139019985178014,0.916512316459091,0.0015335834577984,0.0014030897575741318,0.9405260550725648,0.9381280139813293,0.0012208018661861,0.0009463779347134372
1.58,0.9442181434822374,0.9440623179836907,0.0005775835442595,0.0007029777317943862,0.9142403806046768,0.9164232209353885,0.0016821278606657,0.0014099795872800963,0.9350712420392108,0.9380081405718345,0.0011248316994765,0.0009507842005100559
1.581,0.940272988539348,0.9439137168290106,0.0008151340859149,0.0007057470244887199,0.9134437263075134,0.9163063780088051,0.0017567696439752,0.0014185423047293581,0.935373448304834,0.9379048193064619,0.0009610461968902,0.0009510375831367261
1.582,0.9422363456934968,0.9438479375687945,0.0007300866859546,0.0007063480037841738,0.9094379600759436,0.9160370282859478,0.001684494941735,0.0014251090365072752,0.9305901851835318,0.9376179709094843,0.00116228458786,0.0009562535585619922
1.583,0.9479307088578084,0.944008046246795,0.0005776834998044,0.0007031711024513399,0.9182375597067246,0.9161233236357822,0.0008089708168088,0.0014098957471320043,0.9376868187477672,0.937620670824711,0.0006097620978252,0.0009476982138524417
1.584,0.9417102215885086,0.9439179354758819,0.0008251403034861,0.0007061826876620747,0.9123385142128376,0.9159748997368431,0.0016366654103139,0.0014154949980747674,0.9365643469170982,0.9375792463577459,0.0010865026819035,0.0009511254846685172
1.585,0.9409223153124068,0.9438004601753535,0.0006823784046702,0.0007055949275882013,0.9142772365569368,0.9159083247101801,0.0017343977732934,0.0014233691406727582,0.9373394517459483,0.9375698426474793,0.0010594712820662,0.0009538006895425342
1.586,0.9447879287168242,0.9438391844318818,0.0005452243086707,0.0007016351592198679,0.9138661709158272,0.9158282402476565,0.0011479906402393,0.0014165696715262531,0.936884236981895,0.9375429561507899,0.0007356262334739,0.0009484136659359013
1.587,0.940843750100703,0.9437217164188945,0.0008555970808227,0.0007054366881483328,0.913125557986189,0.915722252707991,0.0017335260971632,0.0014243957561098815,0.9332131976097412,0.9373731616981998,0.0012072210672869,0.0009548039721420989
1.588,0.9392360319633588,0.9435458072245597,0.0009062327681045,0.0007103946160484852,0.9070713207476384,0.9153830004742517,0.0015646286928882,0.0014278582977587289,0.9319015585350692,0.937158589025136,0.0012367324693449,0.0009617651696038964
1.589,0.9438335462338054,0.9435570911072753,0.0006828717561888,0.0007097150392618263,0.9147958018215118,0.9153599730761051,0.0012295781834984,0.0014229624924683504,0.9301667067938132,0.9368843975650841,0.0011982801498696,0.0009676050456598397
1.59,0.939536345193398,0.9433994147969272,0.0009872094559315,0.0007165667532536701,0.9087163780892252,0.9150994399393646,0.0016639447194144,0.0014289126709114627,0.928249688261719,0.9365457815139718,0.0017540509643453,0.0009870234634051598
1.591,0.941095156388844,0.9433090517221003,0.0006438687695088,0.0007147717413093523,0.911984401181842,0.9149772815567168,0.0017274143922216,0.001436283083783318,0.932924165286903,0.9364037573482045,0.0010324025921767,0.0009881439357205064
1.592,0.9409162143815532,0.9432152149636474,0.0009519420209154,0.0007206277975959214,0.9119580299731244,0.9148588795338307,0.001674101156341,0.0014421551349575817,0.9331887219368856,0.9362776775281528,0.0010188355286857,0.0009889017528307582
1.593,0.9404825551819792,0.9431080518349546,0.001085018374833,0.0007296250957993061,0.912112886796681,0.9147511935441386,0.002437191076897,0.001466723923647444,0.9322672254375984,0.9361204048971506,0.0013173276703523,0.0009970110347448705
1.594,0.946428299367758,0.9432382576205546,0.0005550787044135,0.0007253153083576812,0.9162192269717244,0.9148087634824753,0.0015378750389131,0.0014684807413083243,0.9341602405808156,0.9360435357082747,0.0009920453294326,0.0009968884247371602
1.595,0.94538334310177,0.9433223786198179,0.0007872706434806,0.0007268450697187409,0.9116318676386151,0.9146841793317356,0.0017069384012647,0.0014743685847640373,0.9303964115103132,0.9358220798573742,0.0014487109204954,0.0010080445357435366
1.596,0.945073926274786,0.94339106676315,0.0006752407604701,0.0007255708892434659,0.9237435570204918,0.9150394490450201,0.0011940365863532,0.001467446807025498,0.9377622780020766,0.9358981660591272,0.0014578681034702,0.0010191512905022198
1.597,0.937414812605612,0.9431567038550113,0.0010055390355257,0.0007324836829788298,0.9116002761469648,0.9149045795196061,0.0021343258508508,0.0014839129562557523,0.9220705866428034,0.9353559080428009,0.0023497815792702,0.0010520063593606884
1.598,0.9381521359228964,0.942960446289046,0.0006643601171599,0.0007308016196252759,0.9056926194730682,0.9145433261844478,0.0019769454969837,0.0014960865992366893,0.93149925232335,0.9352046666420379,0.0010188443114096,0.0010511875433618961
1.599,0.9430238405667168,0.9429629323391507,0.0008433271778884,0.0007335800284712789,0.9125919182858578,0.9144668003845031,0.0018241907342305,0.0015041879359032032,0.9367734355893366,0.9352661869929124,0.0012573311459068,0.001056277508856832
1.6,0.9405224481857224,0.942867227078232,0.0007581011596812,0.0007341854885011534,0.9058098424543216,0.9141273118382215,0.0017579692905296,0.0015104541421902746,0.9374828942181888,0.9353531166880212,0.0012049536236401,0.0010599485240366659
1.601,0.9456862256655584,0.9429777760424408,0.0004807190262936,0.0007279270573355348,0.9143953328824934,0.9141378224674086,0.0013413751321544,0.0015062793518190183,0.933169816325134,0.9352674970659471,0.001357142491614,0.0010672866466928963
1.602,0.9433444341984456,0.9429921547936566,0.000534783129708,0.0007231580714681884,0.9081908178381952,0.9139046065995963,0.0012189780590123,0.0014991854927373708,0.9380876471877616,0.9353780911883712,0.000959329046359,0.0010646210269315655
1.603,0.9379452878527992,0.9427942384430348,0.0007461119190586,0.0007237248331370874,0.906500063458644,0.9136142323587746,0.0021585692400705,0.0015154665729184356,0.9327337936101524,0.9352743932441273,0.0013593614727739,0.0010718985688042157
1.604,0.9422874216755676,0.942774363275683,0.0008536239452881,0.0007269322186222976,0.9143972018147686,0.9136449370433234,0.0014270464732086,0.0015132833605799212,0.9353555767577976,0.9352775769113301,0.0009595660340236,0.0010691249259701264
1.605,0.9401868879050804,0.9426728936533064,0.0007760835720938,0.0007281458322882606,0.9094018548654876,0.9134785416638004,0.002003201645676,0.0015253801083600714,0.937140661046869,0.9353506390342924,0.0008989392732794,0.0010649228110888738
1.606,0.9443155152636036,0.9427373101870435,0.0006399744138895,0.000725968760229032,0.9133846087201992,0.9134748580189533,0.0011182174660281,0.0015153267097839733,0.938389581045146,0.9354698132307966,0.0007391396039623,0.0010568787812832794
1.607,0.9417269604804868,0.9426976886299236,0.0009309763065596,0.0007310306749532436,0.9110068709404732,0.913378074211954,0.0023289587349732,0.0015354163894182751,0.934300320889917,0.9354239507860562,0.0011211373345004,0.001058465412226912
1.608,0.9452290758948216,0.9427969587187432,0.0005559215760559,0.0007267069934989882,0.9124318121954484,0.9133409658975813,0.0017127389628654,0.0015397947245651177,0.940085789592629,0.9356067679941571,0.0005623080463206,0.0010462146130687316
1.609,0.939243391959228,0.9426576031595466,0.0011443621288425,0.0007370194659766058,0.9099326537927702,0.9132073065993532,0.0011858905079781,0.0015310563488469197,0.9356192902950085,0.9356072590647787,0.0007097376158385,0.0010379065390630467
1.61,0.9419005854370268,0.9426279161900359,0.0005458383126393,0.000732298943671981,0.9095913891130524,0.913065505913616,0.0012785041479258,0.0015248204920340527,0.933805405573195,0.9355365981435402,0.0009258697889181,0.0010351401995532948
1.611,0.9377073895061168,0.9424349543592939,0.0009082489136216,0.0007366433873744406,0.9061433310755064,0.9127940480768274,0.0019519375753321,0.0015353665928562268,0.9300564856577982,0.9353216917715503,0.001212689174343,0.0010395241248567443
1.612,0.9337252854951924,0.9420933987175644,0.0009489065323215,0.0007418844526817754,0.9015096267442512,0.9123515217500597,0.0019306217341651,0.001545125979061384,0.9328068093453664,0.9352230689313078,0.0009899258086143,0.0010382994750729804
1.613,0.9406818434292904,0.9420380436082202,0.0008783015844595,0.0007452527769232006,0.9033668863762432,0.9119991831079493,0.0025334300862347,0.0015695285496088733,0.9310182718987924,0.9350581749300327,0.0009600011733556,0.0010363661836725513
1.614,0.9391812422584552,0.9419260121827393,0.0006613518719283,0.000743181149639376,0.9042951515561236,0.911697064223564,0.0011483075910178,0.0015591280321127976,0.9300936840712832,0.9348634890140033,0.0012233269784778,0.0010409824995936685
1.615,0.94408324540204,0.9420106095638884,0.0007062199799314,0.000742268528165105,0.9150687996621776,0.9118292891427252,0.0019700722948498,0.0015692748040322295,0.9357954001447646,0.9349000345485431,0.00077714978139,0.0010344681114898742
1.616,0.9428891389159076,0.9420450616953402,0.0005523166788542,0.0007375783590463172,0.9160245727184216,0.9119938100672622,0.0011513502018985,0.0015589556780536188,0.9332961525714252,0.9348371372161072,0.0009690812566534,0.001032853621246998
1.617,0.9392820229680376,0.941936707235446,0.0006524229000127,0.0007354757551195613,0.9118609086802428,0.9119885982481635,0.0015855813611126,0.00155961310232668,0.9329445544953744,0.9347629182858824,0.0012837467314518,0.001039048512856993
1.618,0.9393843324484936,0.941836614106546,0.0007129410993137,0.0007349193438650956,0.909745450380606,0.9119006316651219,0.0016411927121653,0.00156162741368072,0.9272771730147856,0.9344693596478003,0.0011899508549034,0.0010427744966112255
1.619,0.939728444999194,0.9417539408082184,0.0009223591301662,0.0007395474867367278,0.9116467603257296,0.9118906759263222,0.0013344483120506,0.001556018053146643,0.9382477415217466,0.9346175314859942,0.001175010978414,0.0010460395949273434
1.62,0.9433615611570474,0.9418169847434665,0.0008837616697517,0.0007431083307617888,0.9093759802714838,0.9117920604104461,0.0011241410972612,0.0015453544246062615,0.9356188541832116,0.9346567990427479,0.0011634250811698,0.0010489380019950585
1.621,0.9384921955753586,0.941686600854521,0.0011073211402367,0.0007521012396377125,0.9045141261261116,0.9115066512228251,0.0027051871102159,0.0015739922686953884,0.930590616299525,0.9344973408959548,0.0010455040062185,0.0010488532119758843
1.622,0.9410408749419166,0.941661278269713,0.0007727754737202,0.0007526117145533294,0.9056412130749648,0.9112766340405561,0.0022758585582189,0.0015913223005354752,0.936048708667768,0.9345581788477907,0.00123564983433,0.0010534654742562328
1.623,0.9397998343241704,0.941588280467927,0.0011289895487942,0.0007619049944111287,0.9128246148000764,0.9113373391683806,0.0013718737741572,0.0015859038184026784,0.9322521166381712,0.9344677450356487,0.0009669403223843,0.001051329050753222
1.624,0.9393812479851203,0.9415017301744837,0.000729893585855,0.0007611145892615946,0.9101259754693332,0.9112898347095945,0.0009892069689481,0.00157117056286059,0.9312508676818354,0.9343415929825579,0.0010082204668533,0.0010502646412742119
1.625,0.933909763424193,0.9412040059881978,0.0010317897459129,0.0007677979264628615,0.9004086359288739,0.9108631210319191,0.0025980723297751,0.0015965261620436643,0.9294959052945244,0.9341515660143996,0.0012437994677522,0.0010550432789650265
1.626,0.9352631003979074,0.9409710292983825,0.0009862988213855,0.0007731930102881118,0.9050156301286456,0.9106338076631633,0.0022828372943226,0.0016134721159270949,0.93496297799313,0.934183386091997,0.0009362122175493,0.0010521091786831567
1.627,0.93845430843284,0.9408723343624789,0.0008872417130909,0.000776009027641267,0.9038840612517838,0.9103691117254621,0.0014882596742171,0.0016103804506996877,0.9313585438426722,0.9340726079645726,0.0008987623944852,0.0010483228383325897
1.628,0.9380634471718104,0.9407621819236291,0.0009620078908088,0.0007806015921639221,0.9002111461017521,0.9099707601323755,0.0025235001267972,0.0016329266155416015,0.9250068853283684,0.9337170894298195,0.0015820538073257,0.001061501380776864
1.629,0.9400739336969216,0.9407351917970916,0.0006469526825736,0.0007773016190876177,0.907741665895458,0.9098833446721043,0.0015142358041062,0.001629995978222209,0.9244027290135725,0.9333518203938882,0.0015198711429791,0.0010728191526830921
1.63,0.940903998172004,0.9407418116549313,0.0007276645888309,0.0007760760134022666,0.9113713472898604,0.9099416977159379,0.0018987733443594,0.0016366324563984358,0.9386293354003062,0.9335587817666889,0.0011620907299914,0.0010750233891598405
1.631,0.9412584108655684,0.9407620704475053,0.0010344450960913,0.0007824554969254527,0.909037354357022,0.9099062332704903,0.0019578214482554,0.001644563048789966,0.9344847756341992,0.9335950952516894,0.0014243765727115,0.0010836493936919802
1.632,0.9362844313136464,0.9405864767559813,0.0010256323080498,0.0007884598626322268,0.9041212578622386,0.9096793714897746,0.0013390461775431,0.001637019422339426,0.933037496977661,0.9335732286527079,0.0009240292508755,0.0010797081555977462
1.633,0.9388011954930042,0.9405164657260606,0.0009253754506267,0.0007918404944345595,0.9049498842421326,0.9094939014016318,0.0016678212067477,0.00163777996022605,0.9310856822231058,0.9334756778123313,0.0009599631170941,0.0010767514879803722
1.634,0.9391756047445944,0.9404638829424737,0.0007083392355496,0.0007897787349559186,0.9077956873863876,0.9094273047735829,0.0016046752644503,0.0016369625603303525,0.926320565690302,0.9331950851800948,0.0011209853943419,0.0010778436831991754
1.635,0.940642851397584,0.9404709013132624,0.0008522240767508,0.0007913205952471502,0.9122492835880868,0.9095379706094457,0.00119278577579,0.0016259952323170103,0.9420380839246828,0.9335418694445884,0.0009774454935474,0.0010753647155534525
1.636,0.9409079515606196,0.9404880405386489,0.000703956625137,0.0007891634601827021,0.9097164481771444,0.9095449697297476,0.0024403426641452,0.001646102576312768,0.9380649045740086,0.9337192433712324,0.0009364701142522,0.0010719352192250266
1.637,0.9343261760523472,0.940246398794088,0.0009727890819403,0.0007936974261520256,0.8999778043464701,0.9091697867735407,0.0021291434071548,0.0016580295104076331,0.9313782755704172,0.9336274407123768,0.0013824134178508,0.0010796013475861568
1.638,0.9426070142773364,0.9403389719502938,0.000659312940347,0.0007903792907000494,0.909310106653475,0.9091752895139302,0.0015528227007119,0.0016554318114028004,0.9400492369613056,0.9338792758593936,0.000556458381035,0.0010666842373009428
1.639,0.9423929789292084,0.9404195212435846,0.0008023224938601,0.0007906741846052359,0.908171033296918,0.9091359069171846,0.0016572767278261,0.0016554773648947336,0.9337741183221452,0.9338751520344034,0.001100020232116,0.0010675073482840306
1.64,0.9417967286241976,0.9404735293761578,0.0007674055920048,0.000790099651454608,0.9136708017298478,0.9093137459294458,0.0010324514541794,0.0016400940090746019,0.9352330468643034,0.9339284028120466,0.0008408954576948,0.0010619119929608399
1.641,0.9371648142496272,0.9403437758417841,0.000956465684019,0.0007942074547278027,0.9042338344931488,0.9091145337162577,0.0021341516107994,0.0016522929622036094,0.9285437910734844,0.933717241567397,0.0010466777277475,0.001061535838264214
1.642,0.9443018419481636,0.9404989941204657,0.0006459207994519,0.0007905460558321016,0.905366736991593,0.9089675612956827,0.0014713159727991,0.001647824394563992,0.9341856104573636,0.9337356089748466,0.0009428554380856,0.0010586054580128902
1.643,0.9398065920451284,0.9404718410979033,0.0006693348293043,0.0007875531860412916,0.9116014646191456,0.909070851622093,0.0015390701008402,0.0016451391033609352,0.9285129783783556,0.933530799931847,0.0010969954330861,0.001059553358631982
1.644,0.935347117372032,0.940270871540026,0.0010723461612974,0.0007945851113562572,0.902730585685442,0.9088222137422244,0.0022810837664232,0.0016608414407204976,0.9345961786345548,0.9335725794888158,0.001033713375446,0.001058915334355785
1.645,0.9384115734664094,0.9401979578900803,0.0008380016821808,0.0007956571254506904,0.9047053808708828,0.9086607693158973,0.0017369221170632,0.0016627199759388358,0.9315228749560952,0.9334921989189051,0.0013976571090374,0.001067279328792368
1.646,0.94261219185579,0.9402926337318729,0.0006897561661291,0.0007930422869489228,0.9067156439714726,0.9085844898906258,0.0016380210678941,0.0016621101263574842,0.9260864434814672,0.9332017771370447,0.0011436067889751,0.0010691639574388551
1.647,0.9424958131992618,0.9403790329266725,0.001027174870978,0.0007988233384064309,0.9115492524906982,0.9087007550906286,0.0015335208603375,0.0016589350827520529,0.928296218568984,0.9330094022912384,0.001236922222401,0.0010733061368206364
1.648,0.934245494052167,0.9401385019904174,0.0012297003806171,0.0008094622777202746,0.8975272483360005,0.908262578355153,0.0023978554083551,0.0016771800290632391,0.928409327372108,0.9328290071963706,0.0017517679605501,0.0010900582806164256
1.649,0.937832047628948,0.9400480527997714,0.0009623004268732,0.0008132360591808407,0.9054140678013384,0.908150872058925,0.0016571911976644,0.0016766864776706753,0.9287143819612328,0.9326676493440123,0.0011477207511589,0.001091482045321178
1.65,0.93851433424511,0.9399879069740985,0.000819698777184,0.0008133956324648694,0.9065534025314212,0.9080882261951013,0.0013433151047533,0.0016684550857467896,0.933840637305528,0.932713648871915,0.0007221813126017,0.0010823635087108202
1.651,0.9367101625134938,0.9398593679756433,0.0008899979016931,0.0008152870465198875,0.8949221276556409,0.9075719086053186,0.0018522059993644,0.0016729921453422863,0.9294265926009532,0.9325847447044263,0.0014169646578581,0.001090625265479889
1.652,0.9373973075917792,0.9397628165880408,0.0008162300925608,0.0008153103316073173,0.910430218585103,0.907683999192761,0.0015350637664803,0.0016695865063580395,0.9362109783994246,0.9327269499473673,0.0010044913296065,0.0010884985016311633
1.653,0.9386672179193508,0.9397198519343668,0.0008431062342217,0.0008159966501903885,0.9047647297577694,0.9075695180384475,0.001762505162663,0.0016718807941680388,0.9379431949622292,0.9329315085754011,0.0005448287083824,0.001075074556118848
1.654,0.9395310981697144,0.939712449825949,0.0007161366177883,0.0008135309703779913,0.9083570859995116,0.9076004030565286,0.0017308020677189,0.001673335640428554,0.9333431152010612,0.9329476500117015,0.0008889692347649,0.0010704793629989974
1.655,0.9342796739280576,0.9394993997907376,0.0009678289903953,0.0008173407980327396,0.9083282498978272,0.9076289460699128,0.0018333734969428,0.0016772871924412515,0.933792112384226,0.9329807661831729,0.0008742540234732,0.0010656342928872494
1.656,0.9404295643193604,0.9395358768310758,0.0009720613457967,0.000821161058471356,0.9123899977348636,0.9078156539783423,0.001257806348999,0.0016669296407513191,0.9277419781741764,0.9327753235161534,0.0011956213702468,0.0010688438503529173
1.657,0.9401646164067856,0.9395605332850251,0.0008221045947475,0.0008211843556633595,0.90248954158269,0.9076067868255715,0.0021978982777145,0.0016800399774664593,0.9273146553355556,0.9325611796659338,0.0013217122909446,0.0010750875155527118
1.658,0.9326868617496284,0.9392909775385391,0.0011152794917922,0.0008284459639628371,0.8982663782979614,0.9072404962950771,0.0021955105184889,0.001692767645146026,0.9260829906854102,0.9323071330392466,0.0016986543548896,0.0010904842276351042
1.659,0.9374055251246036,0.9392170382281886,0.0012493912297476,0.0008388396742291275,0.9083893230216772,0.9072855483235712,0.0022599582073983,0.0017067723503868227,0.9248018199256168,0.9320128070347905,0.0014551907762351,0.0010994893276005363
1.66,0.937844193870136,0.9391632011945393,0.000778278953137,0.0008373443477824082,0.903796288241568,0.9071487145948652,0.0015061689774134,0.0017018191806837753,0.9248121321080492,0.9317304276258987,0.0014036567243934,0.0011069996336941874
1.661,0.9443910109558882,0.9393682133420431,0.0008192445877164,0.0008368974401264573,0.9061049041666352,0.9071077808525818,0.0016354392790109,0.0017001801707659267,0.9310310107252632,0.9317029995121483,0.0012292919656038,0.0011100191974450422
1.662,0.939061341990226,0.9393561791713835,0.0009764093614172,0.0008403421789237595,0.9033332101958524,0.9069597584738867,0.0016388821963064,0.001698666640532358,0.9335469842728294,0.9317753126400181,0.0011901072151136,0.0011119966793627844
1.663,0.9369937810970612,0.9392635361096454,0.0011788091629462,0.0008486993884057952,0.9007989796655124,0.9067181593049308,0.0023097744090772,0.001713755721237169,0.925128346114322,0.9315146472860693,0.0013082878483657,0.0011168433748937206
1.664,0.9408247306693028,0.9393247594257104,0.0008485149026786,0.0008486948332026545,0.9073521563949548,0.9067430219359122,0.0020342282168699,0.001721668622363903,0.929446409752078,0.9314335399317951,0.0010040283288102,0.0011140578182003002
1.665,0.9368067892727276,0.9392260154981424,0.0008390260286746,0.0008484560972883815,0.9072462236190052,0.9067627553352491,0.0021431695691518,0.0017320760531487893,0.9300149237681986,0.9313779079253796,0.0012721450654311,0.001117961207020814
1.666,0.9373226647237172,0.9391513742913021,0.000746320453593,0.0008459342295428164,0.904429534668407,0.9066712564855689,0.0018536575579953,0.0017350780656141351,0.9273119183411564,0.9312184573534493,0.0017279639053682,0.0011330230020417372
1.667,0.936860244032989,0.9390615260458781,0.000765946338546,0.0008439592198885741,0.9055516006922926,0.9066273484152443,0.0021181572444291,0.0017445368107700601,0.9325899684512864,0.9312722421023841,0.0006615103746443,0.001121380714945504
1.668,0.9404026667743186,0.9391141197999346,0.0009436157185826,0.0008464198741773153,0.9059295616844208,0.9065999842297217,0.0016656629295532,0.0017425893075301375,0.9311422721797912,0.9312671452426746,0.0009472236708423,0.00111708054101703
1.669,0.9359116360980968,0.9389885322037841,0.0010731194256951,0.000852017393967878,0.9084224369406828,0.9066714529634848,0.0026833007820922,0.0017658167513464847,0.9321506841341468,0.9313017938266539,0.0013031961316227,0.0011216759876986513
1.67,0.9414408527322344,0.9390847016362724,0.0008902467261756,0.0008529613280964638,0.9060783680653804,0.9066481947321866,0.0016656821529807,0.0017633442921275763,0.9273603825614942,0.9311472286790007,0.0010133952261022,0.001119002388646887
1.671,0.9370949112030478,0.9390066706388911,0.0011169476071407,0.0008594795078259511,0.9067792907251434,0.9066533357515183,0.0013436971553855,0.0017529826344302411,0.9295003921602344,0.9310826468547354,0.0012209181116457,0.001121518826251796
1.672,0.939868685518136,0.9390404751439595,0.0007845948284133,0.0008576305033960092,0.9042561933378256,0.9065593301666677,0.0021492454637915,0.0017627669018218772,0.931685378741258,0.9311062833993049,0.0008824882839041,0.001115616837551853
1.673,0.9348638593500668,0.938876686289297,0.0009040925132123,0.0008587777135149299,0.8964364839649532,0.9061623558058162,0.0032471829841189,0.0017994191507674827,0.9315119520981114,0.9311221919757287,0.0009954732308473,0.0011126503287443334
1.674,0.9352379566441932,0.9387339910090968,0.0010254190201785,0.0008628923136794624,0.9081095254849244,0.9062387154010753,0.0014108171447921,0.0017898240395088315,0.9287162928615748,0.9310278429908599,0.0008863291699842,0.0011070621519848238
1.675,0.9402098449012368,0.9387918676323179,0.0010158702532224,0.0008666695467545968,0.9084151774910346,0.9063240668555834,0.0018780936067935,0.001792003534997342,0.9322699517152846,0.9310765531369158,0.0014263101465259,0.0011149448185167024
1.676,0.935797293179051,0.9386744333400329,0.0008731099864681,0.0008668285699573994,0.910577438259688,0.9064908657341757,0.0019265922596741,0.0017953267133844224,0.9276329413157348,0.9309415095360852,0.0012516311998421,0.0011183197908951072
1.677,0.938582119620289,0.9386708131941606,0.000948019632397,0.0008688332875485005,0.9124336112492424,0.9067239145779037,0.0010822005892248,0.0017777186609360365,0.9343517075895093,0.9310752427930822,0.0008728058398328,0.0011122577180293712
1.678,0.9356962931428552,0.9385541653490113,0.0008904530425163,0.0008693671086588165,0.903893389503525,0.9066129135945948,0.0012445859222512,0.0017645548896104849,0.9247052241625052,0.9308254381409027,0.0009133784526752,0.001107347118884824
1.679,0.9327574395693878,0.9383268427694181,0.0008115379897411,0.0008679392291793669,0.896836073424791,0.9062295080977397,0.0023932976403717,0.0017800794019749596,0.925138959986434,0.9306024389975902,0.0011848452131235,0.0011092606520759023
1.68,0.9373879930800606,0.9382900251345414,0.0009317776540385,0.000869515486583296,0.8935772521303925,0.9057333411970595,0.0022299447078273,0.001791187187304647,0.9210632288376236,0.9302283523246504,0.0014464389328505,0.0011175860417246579
1.681,0.9374271780223468,0.9382561879928867,0.0007485762586601,0.0008665293328074147,0.904217848961192,0.9056739101289862,0.0017011323266402,0.0017889636104981173,0.9247920175504964,0.9300151627256641,0.0011524020558072,0.0011184456963933627
1.682,0.9343239902854508,0.9381019841612225,0.0011084486986053,0.0008725026504814367,0.9031253841729292,0.9055739679346312,0.0020064470516567,0.001794333572008206,0.9252723496059292,0.929829170054302,0.0014733733624693,0.0011272093424693117
1.683,0.9336873820350212,0.9379288625092146,0.0015296537939397,0.0008887286046408999,0.8940575438351396,0.9051223434601413,0.0028050044447102,0.0018192884083712182,0.9262787899513154,0.9296899394620279,0.0011345775758892,0.0011273912741586916
1.684,0.934005182894016,0.9377749927203832,0.0010804224932741,0.0008934617870762876,0.9000217226598946,0.9049223191150335,0.0021661907963598,0.0018278538994326648,0.9252277452984312,0.9295149514556124,0.0013607359121529,0.0011331528701585486
1.685,0.9357568238786216,0.9376958488442356,0.0013793299220382,0.0009054585311494213,0.9003149496625217,0.904741637960033,0.0020194054658249,0.0018325835677386459,0.9301022629143212,0.9295379832775226,0.0011999843751231,0.0011348030307749572
1.686,0.9410851698179776,0.9378287633922254,0.0006410390681462,0.0008989296555197121,0.9041659260091486,0.9047190610207827,0.0015752246098933,0.0018262290255696252,0.9248971883757636,0.9293559913205908,0.001193053964923,0.0011362413254452793
1.687,0.9328660685309884,0.937634147907471,0.0008121079740223,0.0008967859102975537,0.907766619900038,0.9048385731336946,0.001240419365451,0.001811764589517313,0.9311901035948026,0.9294279172921284,0.0013173731755295,0.0011407137168053835
1.688,0.9282041676570274,0.9372643447603949,0.0010228615828644,0.0008998988898671055,0.9044218682548768,0.9048222317658977,0.0022825654191688,0.0018233893013605595,0.9317297688454872,0.9295181859804953,0.001301016724819,0.0011446718157686827
1.689,0.9369555310974008,0.9372522344206695,0.0013717240335745,0.0009115488934154362,0.9001410965052679,0.9046386578341084,0.0026203856539446,0.0018430682236465852,0.9277206119288832,0.929447692880432,0.001977626184943,0.0011652385903161968
1.69,0.9391099565407964,0.9373250862685177,0.0010227508609858,0.0009142946210097662,0.9107855812516376,0.9048797136544036,0.0014938179601766,0.00183444476035103,0.9286232250631732,0.929415360809167,0.0011453997845427,0.001164748743260061
1.691,0.9354567643795658,0.9372518187434609,0.000996935598054,0.0009163351389614757,0.8993869396172962,0.9046643107509876,0.0024073269927072,0.0018485900006561206,0.9253391363970236,0.9292555088714359,0.0015218265423629,0.0011735654790403782
1.692,0.93875974719764,0.9373109531926443,0.0008832033571631,0.000915517070275096,0.8987591693120134,0.90443273657691,0.0014868278150083,0.0018396576010104952,0.9284691381590164,0.9292246708042823,0.0007812908397133,0.0011638796854767466
1.693,0.932998907356598,0.9371418533559367,0.0010622900419264,0.0009191410942664863,0.9013563513060412,0.9043120940172682,0.0022506641381531,0.0018498059105695722,0.9192836516843887,0.9288348269172276,0.0017002067065921,0.001177122327973422
1.694,0.9396559366055732,0.9372404448559224,0.0006372327636428,0.0009121803947449138,0.907657680270964,0.9044432934781974,0.0020259579769254,0.001854155344306753,0.9327729930110848,0.9289892648032613,0.0009696977120008,0.0011720007325173077
1.695,0.9327798037873312,0.9370655177551932,0.0010089707895188,0.0009145702810356271,0.8946722017092448,0.9040601134088267,0.0025395322912557,0.0018710782318857393,0.9256711657834306,0.9288591432730718,0.0015088895444157,0.0011803189747864038
1.696,0.9386828322667776,0.9371289418536868,0.0007911881174172,0.0009115238078598634,0.8955016886131372,0.903724488907035,0.0022831341213216,0.0018812524513779827,0.9219610805483726,0.9285886310093581,0.0018362466639614,0.0011965147201981321
1.697,0.9341257121017864,0.937011168137926,0.0008980552226855,0.0009111912502012371,0.893442360019812,0.9033212681663596,0.0030498583097861,0.0019101069170176892,0.928843307575972,0.9285986183256958,0.0013556974078489,0.00120044515693025
1.698,0.930748418573073,0.9367655701157749,0.0011607562282714,0.0009173533484251918,0.8912116417126295,0.9028463808544486,0.002668710713913,0.0019288378749657217,0.9193230483675278,0.928234870484199,0.0021906867041437,0.0012248955655034216
1.699,0.937587154113341,0.9367977890960717,0.0007854958403866,0.0009140976074859672,0.8990288153101655,0.9026966724017317,0.0015401621457618,0.00191924094338044,0.930330643462696,0.9283170576598262,0.0014396658748096,0.0012301985361035741
1.7,0.9318282744359068,0.9366029061682221,0.0008809542835538,0.0009132792538086298,0.8961422742615199,0.902439637180547,0.0020151198178797,0.0019216083229977058,0.9258047087557644,0.9282185341733923,0.0013576367944638,0.0012333451597667897
1.701,0.9385702948651462,0.9366800586661408,0.0006886556545318,0.0009077329920980908,0.9051383076834004,0.9025454673963452,0.0016197567456543,0.001914155197631202,0.9290833171102456,0.9282524472297394,0.001393989331612,0.0012373116825284
1.702,0.9404175009543686,0.9368266250303849,0.0008274581148878,0.0009057508963645032,0.8986815063530678,0.9023939395122952,0.0016880867481498,0.0019085732606069698,0.9252951114287964,0.9281364732767612,0.0013740069826385,0.001240686875123711
1.703,0.9420507160635264,0.9370314913454101,0.0006673969102019,0.0008998656127555501,0.9036392561764968,0.902442775459911,0.001806829978669,0.0019060610808060321,0.9284983070801552,0.9281506628376786,0.0012921681090787,0.0012419580167028466
1.704,0.936443156767448,0.9370084194011763,0.0010528551022607,0.0009036431310149364,0.9004886497141694,0.9023661430777251,0.0020248902415349,0.0019089951341573624,0.92659769565954,0.928089762164026,0.0010926151421527,0.0012382705383188921
1.705,0.932432523684677,0.9368289725103331,0.0009343457210846,0.0009044012196586318,0.9008731837361036,0.9023075956525635,0.0018943629414138,0.001908633845447645,0.9189557251676947,0.9277315646347581,0.0012659962024666,0.0012389551226188354
1.706,0.9294531649338504,0.9365397251543927,0.0011376839797977,0.0009101612878102137,0.8914366172534418,0.9018812827741665,0.0023390407994387,0.0019192611776449547,0.9183416897190058,0.9273633342459051,0.0017380806679504,0.0012512792101578864
1.707,0.9384493829490372,0.9366146136953591,0.0009742639881149,0.0009117440705337862,0.9044550030461128,0.9019822129809095,0.0012970616172054,0.001903898225535336,0.9249836979198676,0.9272700151742957,0.0015289293486355,0.0012581347691326423
1.708,0.9332797257913824,0.9364838337775562,0.001227429527702,0.0009195387731799151,0.9005324159381619,0.9019253581949195,0.0019145245255746,0.0019041606033140834,0.92308618125885,0.927105943256043,0.0013816796281642,0.0012611852594791005
1.709,0.9338034608439092,0.9363787211134915,0.0011427181594424,0.0009250493753098529,0.9008085362164462,0.9018815612545872,0.0014804940766881,0.0018936997014220838,0.9223173901163438,0.9269181568584077,0.0017097873881569,0.0012722618552489227
1.71,0.9316882844804376,0.9361947824219992,0.0008775670495062,0.0009238769722035898,0.898208331112797,0.9017375130137327,0.0019170360189146,0.0018942759067922695,0.9250538896121,0.9268450483389448,0.001193487184442,0.0012703168016487518
1.711,0.9392474305125064,0.9363144941118229,0.0006905697162627,0.0009181162992173949,0.9011339062188098,0.9017138421590298,0.0019942898444891,0.0018967453867354011,0.9229055646382512,0.926690558782055,0.0016806942131714,0.0012804495772419037
1.712,0.9357637553383784,0.9362928965128643,0.0007589514168827,0.0009141863021227111,0.8971733738251362,0.9015357845773085,0.0021522695826356,0.0019030546261403446,0.9275817461768756,0.9267255073073422,0.0013619456073574,0.0012824618248990763
1.713,0.935891702260594,0.9362771634049322,0.0009109082135364,0.0009141053616637896,0.897287483072081,0.90136918451828,0.0021293215159867,0.0019086414629266746,0.9175893810283576,0.9263672278454211,0.0014289999846077,0.0012860800510647215
1.714,0.9330388190085328,0.9361501695070342,0.0012294095632834,0.0009218906505926689,0.8926610448299439,0.9010276888442276,0.002213458907715,0.001916167819588115,0.9214202293429834,0.9261732279041491,0.001474230786511,0.0012907257482362346
1.715,0.9319290938878316,0.9359846371298106,0.0009033192335327,0.0009214320970850154,0.8998342351358755,0.9009808867380178,0.0019027126296507,0.0019158355926760797,0.9184400706962462,0.9258699668371726,0.0018380276564727,0.0013042393756000981
1.716,0.9371699187886856,0.936031118763492,0.0011350965790716,0.0009267077633069064,0.8941455690440473,0.9007128350637444,0.0021792852715768,0.0019223405230193076,0.9192208854324192,0.9256092185467901,0.0015382305107558,0.0013100169344928316
1.717,0.9273002151490468,0.935688730386455,0.0008519597868587,0.0009248621342588027,0.8942315453667208,0.9004586668403318,0.0017565755085879,0.0019182475597000136,0.9254783094096376,0.9256040848551371,0.0009758368054917,0.0013017655732829273
1.718,0.9373851151085614,0.9357552552775179,0.0006529212375446,0.0009181475442164767,0.9004694489794676,0.9004590896693175,0.0023126713620224,0.0019279864190166157,0.9218958763491144,0.9254586649137245,0.0015853995500262,0.0013087688813506625
1.719,0.9291130238545876,0.9354947756138736,0.0016504424356469,0.0009362288995604379,0.8958801196457579,0.9002795222174131,0.0024403830798965,0.0019406381884210571,0.9200106088227976,0.9252450156552567,0.0017986790376499,0.0013208654284197795
1.72,0.9366510040308592,0.9355401179047359,0.000960177947617,0.000936820234080353,0.9015889502421136,0.9003308723360288,0.0019552085359162,0.0019409979500876037,0.928342736395887,0.9253664948999873,0.0012628879151923,0.0013194338848832986
1.721,0.9361984598176556,0.9355659352346544,0.0009106029931182,0.0009361728947973369,0.9047424967864564,0.9005038772164378,0.0016582484739683,0.001934016481541448,0.9313609570789484,0.9256015718481819,0.0011980317479146,0.0013164363012544418
1.722,0.9402511039992768,0.935749667343071,0.0011993057813642,0.0009426700031076299,0.8978196820988974,0.9003986146628088,0.002651930363634,0.0019517427502350913,0.9259525851618854,0.9256153370761703,0.0011052154720712,0.0013112209721388062
1.723,0.9395207856557968,0.935897554335727,0.0007182749584109,0.0009371293847200562,0.8980850842786362,0.9003078879810766,0.0028073782067667,0.0019728695516309336,0.9234775707483608,0.9255315031025307,0.0019153973654282,0.0013261389077755814
1.724,0.9323803453071318,0.9357596245698997,0.001006512860888,0.0009388425569711166,0.8980776518387699,0.9002204277402018,0.0019066585739807,0.0019712347126766066,0.9268669804499948,0.9255838747632156,0.0010941574003105,0.0013204109693196533
1.725,0.9381353180225496,0.9358527890190232,0.0008100771394121,0.000935663163944968,0.9003328822777124,0.900224837722065,0.0021961098030185,0.001976787184043073,0.9288028183148648,0.9257101078436724,0.0011260784592289,0.0013156126357371657
1.726,0.9344284171581472,0.9357969312989889,0.0009857919786255,0.0009369009124555986,0.8980027268537442,0.9001376961193857,0.0013372697582951,0.001960996630320901,0.920727213212806,0.9255147002110895,0.0009841861259265,0.0013074292651245568
1.727,0.9392929440560664,0.9359340298384822,0.0008465624225823,0.0009346703324587269,0.904955540829328,0.90032663120605,0.0025331702037285,0.001975124372874175,0.9274196565523352,0.9255894043813344,0.0012660302345894,0.001306407066839738
1.728,0.9353731414877958,0.9359120342168866,0.001260100582033,0.0009427056472630299,0.8965604811783117,0.9001789390480995,0.0028960224582452,0.001997862597204324,0.9251569667419124,0.9255724460425335,0.0014554167743817,0.0013100863188778111
1.729,0.9419561154966496,0.9361490570121713,0.0006655441459333,0.0009358621534030365,0.9052027039174626,0.9003759494351333,0.001980483835362,0.001997433491973649,0.9307000850859936,0.9257735299265909,0.0010640483258231,0.0013040113067036207
1.73,0.9338864858721106,0.9360603287321689,0.0011672309703656,0.0009415749636984084,0.9025236891201032,0.9004601745208184,0.0021744105986652,0.0020018032970771445,0.9181478817176658,0.9254744848987899,0.0016092727639626,0.001311548626635941
1.731,0.9335227639274828,0.9359608163868871,0.0011269962147791,0.000946153266194228,0.9026396396098954,0.9005456437399978,0.002067615354149,0.002003428286140647,0.923854132466152,0.9254109416661374,0.0010684233976541,0.0013055455345623154
1.732,0.9309416935886038,0.9357639880418563,0.0013112415021151,0.0009551677905379532,0.8899785327084135,0.9001312472289553,0.0026961150574296,0.00202053166320951,0.9273127544930292,0.9254855225613097,0.0014995522098202,0.0013103358228402878
1.733,0.934329588429598,0.9357077370766698,0.0011123476671862,0.0009590487751465519,0.8995946246630677,0.9001102032067636,0.0020294803417985,0.002020752618236399,0.9250230107522944,0.925467384843309,0.0022750615693056,0.0013341562116419004
1.734,0.9353239055908428,0.9356926848615393,0.0011701590010578,0.0009642613733171999,0.8945482724880094,0.8998920882766165,0.0030063623784024,0.002045088661697288,0.9232391475664272,0.9253800029893138,0.0017364963531338,0.001344090536123182
1.735,0.9335252547767632,0.9356076876033128,0.0009227058469045,0.0009632353109366394,0.8913457578423977,0.8995569380635099,0.0037879044720226,0.002088121150841123,0.928599026227222,0.9255062391947219,0.0011980476945745,0.0013404845400355602
1.736,0.9361799736728096,0.9356301301942735,0.0006641960006847,0.0009558516242637519,0.8966173094452317,0.899441658509852,0.0018135291427821,0.002081341101259419,0.9217033791868726,0.9253571074297082,0.0012505948409618,0.0013382650412929983
1.737,0.9310516264992,0.935450581029761,0.0008587881637487,0.0009534549956090593,0.8885865324343254,0.8990159672912039,0.0021042228871503,0.002081906083627095,0.924481406027058,0.9253227661982317,0.0011298489248302,0.0013331189643432995
1.738,0.932185873545917,0.9353225532852965,0.000876732661301,0.0009515606169841689,0.899383750608961,0.8990303901664101,0.0018077012928594,0.002075135594966164,0.925222860969288,0.9253188483461163,0.0009996595633173,0.0013248853988858675
1.739,0.9293258848522772,0.9350873898173349,0.001502829157233,0.0009651721858792018,0.8949023802660391,0.8988685074252191,0.001647474775059,0.002064576068548703,0.915751055306351,0.9249436407759295,0.0016507439726948,0.0013329312895971992
1.74,0.931866802953934,0.9349610922932798,0.0012480606226492,0.0009721570855525351,0.8951525873853428,0.8987227850707141,0.0022846342118696,0.002070009602951688,0.9213586468163212,0.9248030527775136,0.0011952936634812,0.0013295328296931005
1.741,0.9327854688509096,0.9348757737269123,0.0010907664267465,0.0009750857112610279,0.8953211106857961,0.8985893860752271,0.0026890167859558,0.002085293730927098,0.9231984989053874,0.9247401290962537,0.0015525231528754,0.0013350387635988363
1.742,0.9305764614084432,0.9347071732438351,0.0011128413166775,0.0009784870842342742,0.9011815277180047,0.8986910386886694,0.0018376743148264,0.0020791796712702907,0.9223520910243712,0.9246464805444152,0.0011628623777941,0.0013307874948135343
1.743,0.9355270672457076,0.934739325949791,0.000879812176684,0.0009760506667638971,0.8982155527805138,0.8986723921824672,0.0024199846967435,0.002087594610170864,0.9250215120805318,0.9246611876634787,0.0011016047640134,0.0013251286619542716
1.744,0.9319287201493984,0.9346291061144816,0.0008095589405117,0.0009719397599428552,0.9020999262539148,0.8988068052833083,0.0014032976656862,0.0020706983893193907,0.9243789191746916,0.9246501183109773,0.0014842236538487,0.0013290569333590722
1.745,0.9364181501008422,0.9346992647021819,0.0010054149331519,0.0009727663074294982,0.8949475514854655,0.8986554619971183,0.0024546697089503,0.0020801791626436105,0.9231636474371152,0.9245918253355317,0.0008616421125974,0.0013175158266735987
1.746,0.9319057538106472,0.934589715255455,0.001173392356261,0.000977720037030276,0.8950108802856017,0.8985125372241176,0.0017422444956328,0.0020718350967914917,0.9210552472397698,0.9244531359984431,0.0018297861798066,0.0013301644773682406
1.747,0.9364055059757564,0.9346609227346825,0.0009886182135888,0.000977989127809499,0.9070988265450142,0.8988492544523881,0.0012966662784396,0.0020526951259679884,0.9235516520108884,0.9244177836852057,0.0014711095389036,0.0013336446023444223
1.748,0.9345810406770586,0.9346577901049717,0.0010211718090299,0.000979055366851978,0.9014456487987308,0.8989510738385191,0.0015582520469839,0.0020404866548819614,0.9254671266790332,0.9244589343908459,0.001533869009397,0.001338588414864239
1.749,0.9274594164051096,0.9343755009402713,0.0008377523797558,0.000975566404207628,0.8948177203764843,0.8987889815458903,0.001988545864487,0.002039204166230234,0.916792144001035,0.9241582759441866,0.0013827495787953,0.001339678813973648
1.75,0.93252197088814,0.9343028134872465,0.0009303265305057,0.0009744493702890617,0.8970771529658434,0.8987218510133393,0.0014929910637706,0.002025717422959626,0.9257974809776264,0.9242225584945175,0.0013863291820473,0.0013408306749137383
1.751,0.936272902119319,0.9343800718649748,0.0009402519480922,0.0009736049894940774,0.900714749739114,0.8988000039045462,0.0017543061081543,0.002019015909013815,0.9229869632753664,0.924174103780041,0.001581051945655,0.0013467620643147571
1.752,0.9339104449913628,0.9343616551248332,0.0012650434994433,0.0009808010020854162,0.8978351039274077,0.8987621646897563,0.0035786910812474,0.002057526407093657,0.9223091807903676,0.9241009695451518,0.0013336749605434,0.0013464389259500323
1.753,0.9298842075853068,0.9341860689468124,0.0013762313413436,0.000990564714165865,0.8893145750669703,0.8983916709790588,0.00289278015142,0.002078149956336283,0.9161576159152452,0.9237894654812339,0.0025617242551687,0.0013764459711159255
1.754,0.9298438148290892,0.9340157844716076,0.0012326862028884,0.0009965430225293843,0.8891835451037523,0.8980305680035565,0.0022017915800205,0.002081202835933424,0.9175901195287208,0.923546353875253,0.0013286175361137,0.0013752650221035248
1.755,0.9283589334269848,0.93379394717574,0.0007874494640566,0.000991380218616476,0.8899628314506581,0.8977141861779526,0.0018217445203522,0.0020747964577709247,0.9143338641086876,0.9231850797667602,0.0024428341594128,0.001401624753888939
1.756,0.921343321737778,0.9333056873546436,0.0013187902008363,0.0009994644157083237,0.8841735205009695,0.897183179680816,0.0025780511193246,0.0020872224987969414,0.9183456227413768,0.9229952971383139,0.0012309652008315,0.0013974109377640639
1.757,0.93477775308421,0.9333634154224696,0.0007120870747468,0.0009923686788944589,0.8915465387846093,0.8969621349397883,0.0021765331432634,0.0020894276998948786,0.9263421348822192,0.9231265456772905,0.0011568854307052,0.0013914720363552029
1.758,0.9316015793776756,0.9332943238128699,0.0012148338080351,0.0009978616450460795,0.8870600598488011,0.8965738182695534,0.0030400712582089,0.0021129003803470768,0.921796681309096,0.9230743941334397,0.0019540128043051,0.0014053619318601387
1.759,0.933025425248899,0.9332837787711457,0.0008547237167889,0.000994327375212569,0.8920273918980446,0.896395527039298,0.0022151106021172,0.0021154240895265857,0.9133617556981644,0.9226935063516642,0.0017794079847255,0.00141459763686916
1.76,0.9311782727880886,0.933201209909065,0.0010579505579607,0.0009958983179964736,0.8971509330986216,0.8964251508063303,0.0021971626076878,0.0021174423245429123,0.9191123275268992,0.9225530679663794,0.0015925530565786,0.00141899159784964
1.761,0.932910007857167,0.9331897902207552,0.0009137570811988,0.0009938701393101112,0.8979462682186231,0.8964848024695575,0.0024311726086526,0.002125188751311053,0.9179989324325796,0.9223744744160343,0.0015811689813739,0.0014229959776897452
1.762,0.9362859130876376,0.9333112068037702,0.0006649522836719,0.0009857487107758345,0.8941668182980789,0.8963939011294996,0.0022567820281921,0.0021284379680241656,0.9242336582646886,0.9224473835865697,0.0010632068648902,0.0014141122958922256
1.763,0.9307148522493472,0.9332093889781066,0.0009271688922464,0.0009843022955035028,0.8909499834421575,0.8961804141613685,0.0022340468924384,0.00213104559578748,0.9192655884246688,0.9223226073057109,0.0015416264182138,0.001417260792739672
1.764,0.9301255451642666,0.9330884539265835,0.000998077968631,0.0009846424355807251,0.8996157364988253,0.8963151326844059,0.0024830760236814,0.002139737705118194,0.924257282952506,0.9223984769389186,0.0013614045092833,0.0014158816252469219
1.765,0.9352051656569644,0.9331714622297356,0.0009340165489071,0.0009833924136875493,0.898016198311135,0.8963818411403561,0.0017378830879624,0.002129815368892125,0.9242611414930446,0.9224715226077078,0.0015427145598609,0.001419013302644798
1.766,0.928826521515624,0.9330010723978096,0.001146508378685,0.0009874199683788444,0.8914367183223348,0.8961879147553358,0.0025976493026001,0.0021413668240454083,0.920007206827346,0.9223748827731838,0.0014353735716774,0.0014194172599048622
1.767,0.9335008796175188,0.9330206726809354,0.0006092941305173,0.0009780835279378185,0.8917663505935991,0.8960145200823264,0.0013863601262318,0.0021227246833586525,0.9206326902607076,0.9223065614981847,0.0017825110245515,0.0014283825380442855
1.768,0.930935866024388,0.9329389155571493,0.0012708607297555,0.0009853125946493661,0.8952742570176326,0.8959854901582207,0.0022118093376197,0.002124924304451518,0.9175873966317792,0.9221214962093062,0.0020206467948593,0.0014430063468545327
1.769,0.9290885302528914,0.9327879200550214,0.0012960935416883,0.000992986198279957,0.8965060951618427,0.8960059060407157,0.0016381019941786,0.002112904000494162,0.9189433797925524,0.9219968641929629,0.001725967757236,0.001449993048345433
1.77,0.93839121341277,0.9330076570494429,0.0007879806630416,0.0009879243332123434,0.8988913315051934,0.8961190599804992,0.0017148831713742,0.0021030763257010765,0.9227839917622253,0.9220277319407771,0.0013265745142593,0.0014469456771334297
1.771,0.9312919067074972,0.9329403727223077,0.0012788356055005,0.0009951073275898288,0.886537249257134,0.89574330269723,0.0024160473728434,0.00211080400587743,0.9238502822935708,0.9220992045036318,0.0012880220199168,0.0014430216362145004
1.772,0.932011407746976,0.932903942723275,0.0010856762358542,0.0009973435969296896,0.8915661974008092,0.89557949464639,0.0022171001397645,0.0021134286017758766,0.9263898921454118,0.9222674667640938,0.0012010973786207,0.0014370481977553943
1.773,0.930926738373779,0.9328264052978046,0.0010347874223426,0.0009982681358287739,0.893148710010435,0.8954841697587055,0.0022909067465465,0.0021178107781899664,0.9146728055078585,0.921969636910908,0.0016257862670957,0.0014417083969983648
1.774,0.934117213762177,0.932877025237584,0.0010889096511008,0.001000506197934256,0.8976165694926618,0.8955677932776842,0.0018172795355038,0.0021103902536791968,0.914454457265868,0.9216749239836516,0.0017870438616144,0.0014502351985938224
1.775,0.9352096371657418,0.9329685002151588,0.0009092433432278,0.0009982527941143433,0.8924613759999755,0.8954459729922839,0.001736823594691,0.0021011663855560313,0.9201488897210968,0.9216150795027671,0.0017377329929075,0.0014573339095645306
1.776,0.9309742991449526,0.9328902962516212,0.0011093150510664,0.001000995072063777,0.894067478562242,0.8953919143871842,0.0019644291984154,0.0020977901587130527,0.9155918937051162,0.9213788761381534,0.0026186114365716,0.0014860074287498905
1.777,0.9333368068308132,0.932907806470413,0.0009017182556661,0.0009985437926465503,0.8911658937903421,0.8952261880892688,0.0017244306130994,0.00208857140450037,0.9226756758458956,0.921429731028653,0.0010298584249459,0.00147474449038436
1.778,0.9313027618299564,0.9328448635433363,0.0010039363611351,0.0009986769424857739,0.8891124899729195,0.8949864352219611,0.0017470615098942,0.0020801390614236743,0.9184601919451992,0.9213132785155765,0.0014036155606686,0.0014729882205148349
1.779,0.9266050423713458,0.9326001646738464,0.0010658722241144,0.0010003360852420364,0.8868637112213407,0.8946678970258584,0.0032708598257913,0.0021095395741241095,0.9207748185245382,0.9212921624374966,0.0014352285810765,0.0014720558837385798
1.78,0.936430851398254,0.9327503876826467,0.0007253776094857,0.0009935469870752133,0.8967093496343281,0.8947479539908965,0.0027434343092352,0.0021251912959787045,0.9170183666181948,0.9211245626014455,0.0015660435819769,0.0014743765676456988
1.781,0.925772312166374,0.9324767376624007,0.0010367677215442,0.0009946141657040772,0.8857823814005705,0.894396362908923,0.002775143579311,0.0021412395005054275,0.9167763956595572,0.9209540462507833,0.0018875375948731,0.0014845780744908198
1.782,0.926947220135158,0.9322598938378029,0.000806942158566,0.0009899802889846185,0.8902832160613827,0.894235063032549,0.0023744343197148,0.0021469973972760297,0.9185941518228148,0.9208615013712551,0.001888049627306,0.0014945403350541577
1.783,0.929502700572943,0.93215176861173,0.0016783009543777,0.0010069758609696328,0.8994371634037166,0.8944390669686731,0.0019306620204289,0.0021416557830328904,0.9248315114219828,0.921017188039911,0.0016552760260382,0.0014985091175475909
1.784,0.9317950117125342,0.9321377781450948,0.0008231988921569,0.0010024381580359851,0.8974905893535206,0.894558734513177,0.0024286040208043,0.0021487409247062587,0.9144338126773304,0.9207590164570647,0.0015594613633534,0.001500014111271191
1.785,0.9396768616097178,0.9324334284770409,0.0006739102949787,0.000994326358948151,0.8988541498660411,0.8947271821740737,0.0014796340459651,0.002132219767206477,0.9219946585164616,0.9208074730084135,0.0016566932166692,0.0015038827311575616
1.786,0.9305133394163384,0.9323581308668174,0.0009015023368648,0.000992034407785599,0.9026286662186218,0.8950370442934678,0.0018464473063159,0.002125163657061031,0.9195343144892842,0.9207575452233496,0.0017260295756356,0.0015093678384286242
1.787,0.9367019015021226,0.9325284748132999,0.0007060209541822,0.000984972347202799,0.8988605180203347,0.8951869844396194,0.0016933535835534,0.0021145016799373854,0.917465438811104,0.9206284430111047,0.0011943081311778,0.0015015885863977397
1.788,0.9349734859256178,0.9326243576020182,0.000975570210028,0.0009847401956676186,0.894846586582662,0.8951736355040525,0.001830825066821,0.002107497319119697,0.916586822464118,0.9204699480876934,0.0011077354319865,0.0014918638171530177
1.789,0.9389575753306092,0.9328727190815708,0.0009909375883448,0.0009848932177090306,0.8926582238813418,0.8950749919110049,0.0037355657467253,0.0021476965395544035,0.921894557336024,0.9205258151170398,0.0016349023644947,0.0014953956331367631
1.79,0.9376014215477608,0.9330581583939703,0.0008017451384795,0.0009803710429132396,0.8995583635023942,0.8952508104047848,0.0016661409386683,0.0021358062778041296,0.9265242030135422,0.9207610460149419,0.0010161696704101,0.0014835628933163516
1.791,0.9286185022172946,0.9328840542301792,0.0014226525845189,0.0009912915748047375,0.8899155141486645,0.8950415831006232,0.0030576574771554,0.0021585680358128033,0.9239805568815572,0.9208873013430444,0.0021353648651983,0.0014996567691652888
1.792,0.9319620945406212,0.9328478989482357,0.0014560444712244,0.0010027669549632478,0.8978486509990188,0.895151664194678,0.001973107242024,0.0021539887569538207,0.9186560167029064,0.9207997999846076,0.001571594292335,0.0015014330043052818
1.793,0.933473326265537,0.9328724255096986,0.0009530612422575,0.0010015396534149576,0.900725486265914,0.8953702454523734,0.0017505682417511,0.002144027756578445,0.9253206666775556,0.9209770888745272,0.0009456004192617,0.0014877087429461808
1.794,0.9273239116832568,0.9326548367321912,0.0013123002296707,0.0010092127540632476,0.8957518464885844,0.8953852101988914,0.0018327695397473,0.00213634236850854,0.9133898602244752,0.920679550496094,0.0020185726959441,0.0015008164948720553
1.795,0.933955292845716,0.932705835011153,0.0007743091903849,0.0010034126660711897,0.8901818748375547,0.8951811578317802,0.001880894761756,0.0021300350201936625,0.9207754894595744,0.9206833128083873,0.0015018057409034,0.0015008409206999898
1.796,0.9331234135425274,0.9327222106398344,0.0015011794836958,0.0010157032047779702,0.8893148103608564,0.8949511049897831,0.0026835868059939,0.0021437029655220633,0.923678353755668,0.9208007653945552,0.0021426223955223,0.001516687376868442
1.797,0.9284632931415728,0.9325551942673534,0.0009702754996768,0.001014581533047077,0.8853391717679019,0.8945741664320623,0.0026064336075802,0.002155128413474116,0.9139466045804928,0.920531974774396,0.0016970922195349,0.0015211418174281076
1.798,0.9270252288504596,0.9323383328784557,0.0013002363939324,0.00102163473948869,0.8922715835945194,0.8944838690658841,0.0029215218717423,0.0021740517087399974,0.9116204869335884,0.9201825046629918,0.00239692327701,0.0015427660509980308
1.799,0.9311205764188396,0.9322905777231766,0.0011437210423131,0.0010246492161016382,0.8909881423711028,0.8943467817445201,0.0030122874220695,0.002194748886846899,0.917422805530758,0.92007428116761,0.0019372084629472,0.0015525053698115905
1.8,0.9325024424852832,0.93229888614522,0.0011617669656091,0.0010280348395462669,0.8896172168189086,0.8941613086101824,0.001637702253029,0.002180994648974852,0.919018297751766,0.9200328700532632,0.0017496528628157,0.0015573732091450252
1.801,0.927474139810496,0.9321096804066035,0.0012302616516019,0.0010330280941649244,0.8866316441963747,0.8938660276527781,0.0032004109619278,0.0022061654221341843,0.9129321980431488,0.9197544123273763,0.0022722577506904,0.0015750246793066395
1.802,0.937752863098836,0.9323309816886519,0.0009477525946304,0.001030922526275183,0.9010057789999728,0.8941460179016877,0.0018342781831362,0.002196983021171271,0.9213743570539652,0.9198179395715562,0.0015153679978832,0.0015735516748270485
1.803,0.9244875040876596,0.9320233943317502,0.0014474738720101,0.0010412077446883908,0.8824453768599062,0.8936871692333825,0.0030991450401246,0.002219258626577526,0.9151848951212078,0.9196362515538955,0.0019533432978166,0.0015829292457650622
1.804,0.9272735652824622,0.9318371265258958,0.001493731947068,0.0010523811817841834,0.8856882308044436,0.8933734853734241,0.0032183765281487,0.002243928204394098,0.9212520172345242,0.9196996149139203,0.0019739311048611,0.0015925836126563227
1.805,0.9276283485486512,0.9316720764091411,0.0014933986363215,0.0010632705016493025,0.8876168946600637,0.8931477367179982,0.0021475347727042,0.002241548119661014,0.9181706608840056,0.919639655932355,0.001295994169219,0.0015852604165220675
1.806,0.9265503564978448,0.9314712246479138,0.0011318660032964,0.0010649642177393544,0.8933029875361316,0.8931538249853759,0.001700133534648,0.002228179858302668,0.9151924038424184,0.9194652538896124,0.00105633044119,0.001572200417131152
1.807,0.9343977420082862,0.931585990034595,0.0007174729396746,0.0010563841861822,0.8950636817891691,0.8932287213306227,0.0025457093327246,0.002236020092239012,0.9173666593410236,0.9193829560641775,0.001559302457669,0.0015718819489962841
1.808,0.9280908639446906,0.9314489262663634,0.0011551087071275,0.0010588218286746763,0.8913292801727937,0.8931542334420803,0.0017075979546723,0.00222297263205218,0.9175754301095768,0.9193120726934088,0.0011956512999861,0.0015625923033417118
1.809,0.9295346966285716,0.9313738584374305,0.0010774987287312,0.0010592829867007633,0.8907156913920077,0.8930586043420774,0.0019609565309013,0.0022165030986904294,0.9167412615534734,0.919211256570274,0.0019920747849834,0.0015731968090612598
1.81,0.92704820501375,0.9312042249698352,0.0012869579192276,0.0010649045899730311,0.8946952519489326,0.8931227866011697,0.0028875047479945,0.002233071040648555,0.922881705731598,0.919355195753071,0.0013204659880815,0.0015669565418765746
1.811,0.929398582763438,0.931133415471545,0.0009525480619388,0.0010621303547129267,0.8882107439485432,0.8929301574775373,0.002923403090672,0.0022501162764516033,0.9187318767476556,0.9193307518705058,0.0018216193572746,0.0015732445126271433
1.812,0.9270946659820756,0.9309750331386246,0.0013031599454555,0.0010680817026324963,0.8861319348461758,0.8926635605116016,0.0025477389540907,0.0022574649845414577,0.9119574383204324,0.9190416023195226,0.0016527445115725,0.001575207475564066
1.813,0.931176628662572,0.9309829388454461,0.0007371142883197,0.0010599096677111925,0.880330241954617,0.8921799009603472,0.0032121639730113,0.0022810377990715772,0.9153573930166812,0.9188971235233327,0.0017625014663814,0.00157983201854721
1.814,0.9243417455984844,0.9307224998945848,0.0012557015127504,0.0010647440342553705,0.8853228573418215,0.8919109972890326,0.0031877575588133,0.002303425941287422,0.9112317060345791,0.9185965189159305,0.001775280984754,0.0015846579189473778
1.815,0.9287540270853288,0.9306453048824571,0.0008801812233465,0.0010601869278131762,0.8912021891791989,0.8918832008925686,0.0025898749093629,0.002310498755313977,0.9160857809173272,0.9184980586022597,0.0016566191490536,0.0015864347394438276
1.816,0.9280704568903068,0.9305443304513924,0.0010432421496257,0.0010597685382283002,0.8850233414910691,0.8916141867983922,0.0022806672726926,0.0023097621754961653,0.9223454975297533,0.9186489385602007,0.0010570903067238,0.00157336450653716
1.817,0.9346169957170116,0.93070404281475,0.0010401840518224,0.0010592849706627225,0.8926212576202648,0.8916536797717989,0.0020781588516663,0.0023040435749077737,0.9154109341958482,0.9185219579968926,0.0015425562403194,0.0015726038086058573
1.818,0.9217668578278444,0.9303535649721263,0.0013023589833929,0.0010652867981375417,0.8914867942590977,0.891647135241889,0.0018661717771776,0.002293231925581103,0.9178282942431146,0.9184947554967444,0.00160272179529,0.0015733474625980583
1.819,0.9338938576804476,0.9304923999802959,0.0009915649339783,0.0010634665051953381,0.8988955504725102,0.8919313868195604,0.001739570471922,0.0022795612724043346,0.91657650086489,0.9184195298249069,0.0013489347950924,0.0015678064090794003
1.82,0.934424798832785,0.9306466117000014,0.0009096992826855,0.0010596697836518854,0.892217929489259,0.8919426237869995,0.003299225831081,0.0023047381750877093,0.9160438466313526,0.918326365778101,0.0016686748463067,0.0015702969877763706
1.821,0.9279357786234446,0.9305403045205286,0.0013447263720346,0.0010667082179329403,0.8852494295858361,0.8916801455830324,0.0020010192242963,0.0022972389417348347,0.9176411055718368,0.9182994928288357,0.0014679329842306,0.0015677694815159813
1.822,0.9332332023372863,0.93064590835648,0.0009735847489023,0.0010644088730186036,0.8882870218255867,0.8915470819062699,0.0021821696559231,0.0022943977248012118,0.9148390412018352,0.9181637888434631,0.0021731005317597,0.0015827159272010114
1.823,0.928323232452012,0.930554823026893,0.0009655639694661,0.0010619682581160725,0.8894349935907588,0.8914642549135047,0.0021061936577988,0.002289750710801152,0.916224299069215,0.9180877304209435,0.0009373508194225,0.0015667809862682089
1.824,0.9269278954594204,0.9304125905732666,0.0009433277236982,0.0010590388622045202,0.8761688769744489,0.8908644361707967,0.0024338764703368,0.002293309371530427,0.9045229933354794,0.9175557799470038,0.0022624437129979,0.0015839578437183248
1.825,0.9326097428301022,0.9304987534068679,0.000694341989023,0.0010500340011383098,0.8964091995788572,0.8910818778730737,0.0029547323766614,0.002309640803755883,0.9192474697799332,0.9176221207247657,0.0017063324346798,0.0015869794385568797
1.826,0.9222084543844198,0.9301736436412817,0.0013025815114415,0.0010562697421334503,0.8753902412956013,0.8904665195759179,0.0033926582690137,0.0023363819757375574,0.915652128172453,0.9175448661148711,0.0022790218847878,0.0016040669063650508
1.827,0.9291723323866642,0.9301343765332575,0.0013718946486866,0.001064062949702664,0.8944224312164235,0.8906216533657417,0.0021317677747018,0.002331329773242847,0.9219056961368997,0.9177158790569114,0.0017723173431644,0.001608221238137874
1.828,0.9324266011719848,0.9302242676955607,0.0010322740417607,0.001063278038395455,0.8902126427223529,0.8906056137326677,0.0020952038594893,0.002325499503767451,0.9137911077016656,0.9175619664547449,0.0019324895431894,0.0016162278629539611
1.829,0.9239717974533525,0.9299790727841014,0.0010143897393482,0.001062070919900461,0.8846177493986336,0.8903707955234899,0.0032490370072911,0.002348302898916183,0.9161337679103788,0.9175059586686912,0.0018016381277478,0.0016208058941834386
1.83,0.9303952925368324,0.9299953951273457,0.0010417884658742,0.0010615701185664793,0.8974188207791066,0.890647188670769,0.0019882994528758,0.002339413924939877,0.9128700494612072,0.9173241583076135,0.0025361480756266,0.001643406935700554
1.831,0.9283417496153183,0.9299305462837367,0.0014705225822824,0.0010716677102631687,0.8861531712835211,0.8904709526947985,0.0020967920650559,0.0023334232617328657,0.9174473873656755,0.9173289908196943,0.0016468592730579,0.001643492178598266
1.832,0.9255907984631744,0.9297603600946951,0.0011516956767769,0.0010736437094363473,0.8883577752698152,0.8903880829918579,0.0024142596882231,0.002335419222880773,0.911231539680879,0.9170898750887605,0.0015894311318564,0.0016421573379379732
1.833,0.9268498526923856,0.9296462225495065,0.0012449934009769,0.0010778745660175956,0.8758110493390344,0.8898164346133157,0.0036781545066616,0.002368573180504991,0.91456746678838,0.9169909571161966,0.0018279197748239,0.0016467440647746627
1.834,0.9259798840751394,0.9295024445701195,0.0015892738403279,0.0010905017085931588,0.8890557736862892,0.8897866047730403,0.0025852145810187,0.0023739223508880453,0.9122418269214968,0.9168047167164045,0.0020041143468543,0.001655568022356876
1.835,0.9326957340558472,0.9296276716087756,0.0011727402678837,0.0010925322903040362,0.8906597442690569,0.88982084553759,0.002733661648942,0.0023828048026918467,0.9146389463320616,0.9167197845444695,0.0021304089194457,0.0016672924889516618
1.836,0.9267795126347208,0.9295159790999891,0.0010844890673016,0.0010923336922052107,0.889251181359089,0.889798505765884,0.0031100478146291,0.0024007614202705444,0.9179689077363886,0.916768769767682,0.0019075231797634,0.0016732241109470136
1.837,0.9262517247779412,0.9293879691265754,0.0011235977047203,0.0010931056431315092,0.8830281485952824,0.8895330015631153,0.0021967360589231,0.0023957237570273976,0.915008866099656,0.9166997539375632,0.0018174747302867,0.0016767858546344132
1.838,0.9294196787538708,0.9293892126413712,0.0009513933252048,0.001089606573553072,0.886298395137386,0.8894061542523024,0.0016430408978599,0.0023771389950726445,0.91324584935378,0.9165643066989834,0.0023930685135629,0.0016944718462128944
1.839,0.930941963563098,0.9294501048343801,0.0011397005432492,0.001090843461693717,0.8919151832829583,0.8895045475476222,0.0033686542312505,0.002401620852756048,0.9111822937986304,0.9163532473695578,0.0016929004649322,0.0016944330466750995
1.84,0.922953013518106,0.9291953169396242,0.0010729312479729,0.0010904011848117217,0.883730218791261,0.8892781032826669,0.0027081094907052,0.002409188473446151,0.9111122674296724,0.9161477187444642,0.0017900546088204,0.0016967940729009092
1.841,0.9256212181195648,0.9290551562015826,0.0019469407900633,0.0011115503108673163,0.8853095150894014,0.8891224723731269,0.0041219385183864,0.0024514785980125765,0.9171801226233788,0.9161882051710882,0.0016332290866371,0.001695224567067235
1.842,0.92977727283312,0.9290834745008586,0.0010801219932147,0.0011107743030240418,0.888905806022494,0.8891139756534943,0.002119882000361,0.0024432910277001917,0.9137441360152476,0.9160923593218395,0.001872507758026,0.0016996019298069574
1.843,0.9297952872793928,0.9291113887274679,0.0009260199740611,0.0011062124677410064,0.8868180174285064,0.8890239380760437,0.0025334823776937,0.0024455179746136115,0.9140520502328012,0.9160123472007007,0.0013850181231518,0.0016918344284080644
1.844,0.9214312338353984,0.928810206182681,0.0017991721680039,0.0011233225837968804,0.8778595608949591,0.88858611936306,0.0031698761615987,0.0024634033619465767,0.9141648752665916,0.9159398973209317,0.0016120070242083,0.0016898633813907864
1.845,0.9267058770013534,0.9287276834696878,0.0013417382410798,0.0011287155629890512,0.8883023788430826,0.8885749922838453,0.0020206934219839,0.0024524722523178687,0.908437847727395,0.9156456992976557,0.001489858192087,0.0016849249816548904
1.846,0.9267768714597108,0.928651181037924,0.0011908186381707,0.0011302489722527956,0.8802915815331492,0.8882501526465632,0.0026639065099566,0.0024576928512719115,0.9124963453400023,0.9155221952208851,0.0012010966079508,0.0016729786020572585
1.847,0.9260211419664152,0.928548042250806,0.0012872285747676,0.0011341250118210623,0.877905895756657,0.8878444955136258,0.0028644496576276,0.00246773622920662,0.9102641933905884,0.9153159990706774,0.0019724841230433,0.0016803738001062965
1.848,0.9253156134005448,0.9284212803351095,0.0013613970757365,0.001139736667720209,0.878008784958563,0.8874587813742115,0.0025341289623134,0.0024693755559499976,0.91729008405493,0.9153934141680989,0.0014485142101932,0.001674648871960294
1.849,0.9299027066636416,0.928479375485248,0.0009768265205824,0.001135714194951374,0.8860076557883441,0.8874018744884913,0.0027759977376789,0.002476946474017378,0.9126972605184396,0.915287682652426,0.0015092780710695,0.0016705656423086693
1.85,0.9268622522583544,0.9284159588881148,0.0010804756475771,0.001134350280201392,0.8850095678793187,0.8873080585430336,0.0032207891951673,0.0024953129609593516,0.9118905163134076,0.9151544604430526,0.001849208518044,0.0016749765775120108
1.851,0.9276286927038986,0.9283850857044199,0.0009920483753127,0.0011308366529201896,0.8862056944930017,0.8872648285802872,0.0025221990505594,0.0024959768150235504,0.913235670082038,0.9150792137622286,0.0022454526150367,0.00168906240559904
1.852,0.9233549331457764,0.9281878248197672,0.001445520138027,0.0011386066155154196,0.880290004661381,0.8869913060736634,0.0028158671456813,0.002503875341706458,0.9154319287628728,0.9150930457230382,0.0012961399266782,0.0016793606159960562
1.853,0.9254830862355704,0.9280817566399948,0.0014686791538897,0.0011467565547345377,0.8873474438307885,0.8870052722602172,0.0032056510635328,0.002521203137307108,0.9152655575574145,0.9150998108930137,0.001574151912166,0.0016767628702224749
1.854,0.9223213215155046,0.9278558572233481,0.001662766424653,0.001159497539176969,0.8812767432018366,0.8867806240618494,0.0029735547840002,0.002532372313768666,0.908916906535432,0.9148573440554615,0.0017694118817492,0.0016790505001367149
1.855,0.9212905620004228,0.9275983946655862,0.0017272058350669,0.0011735150279643745,0.8880264162291234,0.8868294786566445,0.0016304975252308,0.0025101038004714344,0.9121965950509,0.9147530009572433,0.0021573082968,0.0016908593346222282
1.856,0.9277861557756236,0.927605757846372,0.0009366308199327,0.0011676660351734689,0.8931488878392445,0.8870772986245896,0.0024926656864128,0.0025096732297539377,0.9136118478033116,0.9147082498531677,0.0018926454590189,0.0016958417080641217
1.857,0.9301919513911332,0.9277071772010685,0.0011979703788404,0.0011684142905726525,0.8859946458288157,0.8870348416522064,0.0015061449787855,0.0024848947544213835,0.9140140154890264,0.9146810249761426,0.0012730094684215,0.0016854014058507235
1.858,0.9293556115078044,0.9277718216836858,0.0011281257269331,0.0011674195112235278,0.8833863725975452,0.8868917644343766,0.0023989788424135,0.0024827733738779787,0.911849583007428,0.9145699880361929,0.001759608939679,0.001687233690636607
1.859,0.9247779079013017,0.9276544133000628,0.0010226783233212,0.0011638456547321124,0.8907681166819151,0.8870437782480055,0.0027808234252507,0.0024901326344057002,0.9130996259424826,0.9145123267776161,0.0017790757885549,0.0016895013967580463
1.86,0.925259708713854,0.9275605033162898,0.0011183984255366,0.0011627235009248158,0.8868568496324228,0.8870364477140611,0.0027071104025671,0.002495490110162772,0.9141305917434496,0.9144973567762763,0.0017400629711967,0.001690749830694803
1.861,0.9273867686998778,0.9275536901940776,0.0009081761924666,0.0011564383821974524,0.8819864566853646,0.8868384088501906,0.0024620352407186,0.0024946640640036567,0.916002649562668,0.9145563878659386,0.0014275062912671,0.0016842499902151066
1.862,0.9279329930524955,0.9275685648159765,0.001358654469516,0.0011614313720077869,0.8824472213894522,0.8866662054203577,0.0018384874083562,0.0024784621712716204,0.9196685563237604,0.914756865060363,0.001144165312542,0.0016709145660750296
1.863,0.929678984323622,0.927651326365296,0.0011728476905203,0.0011617132564155032,0.8867629752277543,0.8866700003147654,0.0024624058240665,0.0024780657182542102,0.9158445984236172,0.9147995212706868,0.0016294813321248,0.0016698915232614437
1.864,0.9282958571574796,0.9276766020826365,0.0012032922586818,0.0011627398984467698,0.8867507018936304,0.8866731650825639,0.0027002673101676,0.0024835521773138003,0.9119059796837576,0.9146860490515916,0.0016323661531761,0.0016689649709136574
1.865,0.9336695199366388,0.927911618469068,0.0010805022025052,0.0011607093380531508,0.8906355398455515,0.8868285523281711,0.0028495903761887,0.002492590157532934,0.9086407637138588,0.9144489790383471,0.0021981944255038,0.0016820323648541549
1.866,0.9288197152911472,0.9279472301091495,0.0009725237052704,0.0011560627792190088,0.8892976647222192,0.8869253802651925,0.0029910427783651,0.0025048976296522464,0.912356628166472,0.9143669260629793,0.0016256440171382,0.0016806400599722793
1.867,0.9246500655485004,0.9278179295381437,0.0012179037438212,0.0011575897166165936,0.8826053159664176,0.8867559659789661,0.0027680111833133,0.00251139426060684,0.9180914469629392,0.914512985706115,0.0018240543036024,0.0016841811524075908
1.868,0.921312579146042,0.9275628177580613,0.001608153868463,0.0011687147574029246,0.8766731183443159,0.8863605601893719,0.0031019939738706,0.002525976969576316,0.9140891781451166,0.9144963658017621,0.0015129364449475,0.00167995288802586
1.869,0.9286286343608734,0.9276046144875834,0.0009537165780668,0.0011634061603822796,0.8897568310602844,0.886493747282349,0.0026306029573577,0.0025285603272993135,0.9167120810632976,0.9145832565963322,0.0017480794597393,0.0016816350255990315
1.87,0.9309047427999766,0.9277340312841479,0.0009587031442002,0.0011583517649209937,0.8810336030624859,0.8862796239796094,0.0035262012351024,0.0025531934361339576,0.913166694859951,0.9145277051556898,0.0018196057374877,0.001685041709843196
1.871,0.9299976317554388,0.9278227999300809,0.0010523374938348,0.0011557341285978778,0.8796216994907994,0.8860185289016168,0.0024156394290026,0.002549797040896146,0.9177914270587816,0.9146556942499288,0.0019036951813378,0.001690440560991211
1.872,0.9263423402614503,0.9277647426881738,0.0011349038432942,0.0011552198005656883,0.8805947480966584,0.8858058316151479,0.0031061847113715,0.002563535008068377,0.9106600909373892,0.9144990039239469,0.0018773669961709,0.001695056028526512
1.873,0.9276261776048174,0.9277593087633362,0.0016678981813134,0.0011678785260162492,0.8858904695221927,0.8858091507487574,0.0026020812954366,0.002564486768250309,0.9070009970369448,0.9142049644381822,0.0020785806354015,0.0017045257719061414
1.874,0.930542163677619,0.9278684403286023,0.0011690432915776,0.0011679072856597393,0.8793375962793292,0.8855553642989759,0.0028504715650253,0.0025715481212570984,0.9175183797777636,0.9143349022946364,0.0016024260763585,0.0017020047917691626
1.875,0.9254632657277913,0.9277741197560214,0.0013729957089665,0.001172971197346326,0.8806530312521194,0.8853631159441971,0.0026264917836621,0.002572904754896728,0.9135575710271432,0.914304418715519,0.001701769342055,0.0017019989781959736
1.876,0.929155271364742,0.9278282825642065,0.0013871617969382,0.0011782598541263721,0.8860117940663095,0.885388554301927,0.0031121916175577,0.0025862204799007027,0.9108130463924876,0.9141675021538315,0.0020746872821532,0.0017112011585405965
1.877,0.9282109231260156,0.9278432880764343,0.0010645256504737,0.001175451602184331,0.8861815465500555,0.8854196520371478,0.0020911941240429,0.0025739976069165597,0.9188931079312548,0.9143528200274558,0.001305454886709,0.0017011827320756187
1.878,0.9217226930466524,0.9276032647419331,0.0015077713662916,0.0011836570284585845,0.8798693056098075,0.8852019913929384,0.0027092023736493,0.002577335996218603,0.9117770769487632,0.914251810494958,0.0014846471931137,0.0016958361755580404
1.879,0.9274329130467668,0.9275965842832993,0.0011374525124456,0.0011825161762113502,0.876599811461138,0.884864651003456,0.0036969460826748,0.0026049806897113486,0.9054997117632496,0.9139085909368516,0.0020646361102157,0.0017049423467841555
1.88,0.9278073676232886,0.9276048502966322,0.0010628554042588,0.0011795615892495588,0.8889357089889329,0.8850243003362198,0.0032277168457973,0.002620356891096187,0.9181264220159532,0.9140739960772085,0.0016104788233688,0.0017026099141072332
1.881,0.927091332355782,0.9275847123381675,0.0012989066865175,0.001182508381774693,0.887093270320769,0.8851054364140453,0.0030656480212674,0.0026313517338164643,0.9080728984062636,0.9138386589136421,0.0017415918971359,0.0017035724322067064
1.882,0.924051202220367,0.92744614331394,0.001063834587921,0.0011795781646425031,0.8879737333462707,0.8852179186466816,0.0021101898675637,0.002618483539588001,0.9175212174534728,0.9139830729740277,0.0014151211044715,0.001696450177200899
1.883,0.929866854308686,0.9275410731568712,0.0010859149728591,0.0011772654932404438,0.8802806561497928,0.8850243005095487,0.0030292215633343,0.0026286252191866748,0.9183903819882272,0.9141559086216434,0.0011510309056356,0.0016829830346931141
1.884,0.9235569802979406,0.927384834221227,0.0014832695128645,0.001184821148045976,0.877372516590498,0.8847242305519388,0.0026843529565095,0.0026300012127008186,0.9167182746725732,0.914256393564817,0.0013625183938303,0.0016750703275113163
1.885,0.9134307633103388,0.9268376157541333,0.0026112275692295,0.0012200410596801372,0.8792885203571583,0.8845110654462611,0.0039685404934208,0.0026630515653111885,0.9031167398131564,0.9138195443980852,0.0026143825322035,0.0016982632214543334
1.886,0.9225608905629696,0.9266699010407543,0.0013043148251131,0.0012221218933945312,0.8752894846985804,0.884149434828705,0.004295516865167,0.002703359350492814,0.9090071189871914,0.9136308218329521,0.0017532450194639,0.001699620796713829
1.887,0.92168097844912,0.926474257017553,0.0014429633369253,0.0012275747685434391,0.8859749022417539,0.8842210217860794,0.0033754310564698,0.0027199537136033567,0.9065566330338026,0.9133534026643579,0.0015513768917128,0.00169596045338047
1.888,0.9295415775237168,0.9265945440962262,0.0010834312888574,0.0012240156702795861,0.8869655224123236,0.8843286492616185,0.0024236593124515,0.0027126378024638046,0.9094849114812212,0.9132016971277643,0.0016736528139187,0.0016954096474678336
1.889,0.9244694816786732,0.9265112083151458,0.0008728337067222,0.0012153445106855764,0.8775490222004074,0.8840627815337279,0.002590385676701,0.0027096192314573155,0.912910907027342,0.9131902935944144,0.0013729938803007,0.0016874487643279044
1.89,0.9267487794517444,0.9265205248303066,0.0008355873021377,0.0012059677894868635,0.8782494232555256,0.8838348066992885,0.0018142572114289,0.002687511527259083,0.908062598246464,0.9129892075023379,0.0013320049513903,0.0016786723738850006
1.891,0.9240865315958534,0.92642507411523,0.0018183640309444,0.001221088684337667,0.8811615950233405,0.8837299748688592,0.0023942904386837,0.002680271500380678,0.9126771311500042,0.9129769692140111,0.0018534486627049,0.0016829878378064797
1.892,0.924946448586995,0.9263670888003973,0.0010843346394823,0.0012177120412548183,0.8817038995411626,0.8836505209344396,0.0028273564901688,0.0026839032285235946,0.905709369024324,0.9126919652850038,0.0023213607762313,0.0016987501325824012
1.893,0.9288213890076472,0.9264633358673483,0.0013027553438735,0.0012198118758873784,0.8789663725834853,0.8834668288422454,0.0024832851304919,0.0026789496952388616,0.9073907450035166,0.912484074293573,0.0022732929011706,0.00171293637378211
1.894,0.9305376061050178,0.9266231111707863,0.0010621314245836,0.0012159185314107419,0.8768192497569637,0.883206139466352,0.0031815251531595,0.0026913589658048034,0.9109615264360444,0.9124243665344542,0.0017400497639865,0.00171360584020691
1.895,0.9275152042562336,0.9266580952133529,0.0012341781202175,0.001216369385455353,0.8866528445641677,0.8833413043721486,0.001500002863046,0.0026619427657366846,0.9127923564679916,0.91243879751224,0.0014387306905951,0.0017068187994757537
1.896,0.9226853985700528,0.9265023031881253,0.0012208152383143,0.0012164791596000184,0.8813162053647645,0.8832618887248003,0.0026654315526658,0.002662028908623823,0.9027973333361724,0.9120607008778843,0.0016854036546361,0.001706290030467367
1.897,0.9218675835690492,0.9263205494775734,0.0012994848055612,0.0012185286817225165,0.8807555663477601,0.8831636015727594,0.0033027414042194,0.002677848970243467,0.9056467528401626,0.911809173503856,0.0023703234307141,0.0017226859168932125
1.898,0.9216220269435142,0.926136293691924,0.0013265819566844,0.0012211966638203408,0.8796310999246733,0.8830250720963638,0.0027343037272293,0.002679242914860401,0.906364809684632,0.911595669040357,0.0022859577416521,0.0017365938631835555
1.899,0.929565716402576,0.9262707808570475,0.000895708648639,0.0012131599227047521,0.8796352444475052,0.8828921376787616,0.0021023383473786,0.002664998357638628,0.9133106333343048,0.9116629225420805,0.0012431958957125,0.001724411197320073
1.9,0.9240758326990696,0.9261847044586955,0.0009806710422129,0.0012074194565197681,0.8860768750014071,0.8830170293384731,0.0023523350901465,0.00265727827695981,0.91372261019933,0.9117436946070706,0.0017596443681913,0.0017252811521563996
1.901,0.9262529142327512,0.9261873793517957,0.0009074270892048,0.0012000122375737195,0.883229901852185,0.8830253772801875,0.0019167417691541,0.0026389934249152246,0.9141167359158991,0.9118367550505542,0.0012327111515258,0.0017131189299186072
1.902,0.9240233660018512,0.9261025160831705,0.0011248092768219,0.0011981553743452796,0.87714553822379,0.8827947953564071,0.0036355680140466,0.002663600204893777,0.9108136119654124,0.9117966317923133,0.0018848317621727,0.0017173587529372269
1.903,0.9219399052657976,0.9259392764432736,0.0013328974563209,0.001201482339332332,0.8748687698231272,0.8824839708256903,0.0033378860687633,0.0026802492385695677,0.9120717557444769,0.911807420966908,0.0019708408405432,0.0017236175699151524
1.904,0.9254490660389462,0.9259200525058491,0.0019110249183864,0.001219001909185519,0.8754392595089755,0.8822077076367996,0.0051803563398494,0.0027419802781073416,0.9020682872381236,0.9114254941540144,0.002519874782368,0.0017432782418275682
1.905,0.9308184247238,0.926112145534004,0.0010382883990687,0.001214539847207326,0.8812857416775057,0.8821715521089841,0.0025184330435655,0.0027364605933038392,0.9099654980237126,0.9113682394038065,0.0014736249331374,0.0017366201354401564
1.906,0.9177583728175436,0.9257845466039468,0.0019303380699944,0.0012322138773995994,0.8748458236309938,0.8818842686392591,0.003893948453341,0.0027650405404652505,0.915430707906654,0.9115275518941144,0.002490513379902,0.00175523478345156
1.907,0.9296407202878656,0.9259357691013553,0.0010392386418402,0.0012274490567685031,0.88718218240012,0.8820920299632145,0.0017681726956579,0.0027404265196058096,0.9097390742342892,0.9114574155152977,0.001610817504235,0.0017516689247054722
1.908,0.9164745542301788,0.9255647410671914,0.0015421640308893,0.0012352197968702513,0.8806586405137642,0.8820358186122557,0.0021953585665592,0.00272696805162935,0.9098310217599196,0.911393635368028,0.0015162926056024,0.001745857163739964
1.909,0.925975142615176,0.9255808352455438,0.0010139970142533,0.0012297575059414378,0.8796482764926538,0.8819421895095262,0.0022998183423177,0.002716421145226593,0.9039068109225004,0.9111000344093798,0.0025334751915107,0.0017653045224503526
1.91,0.9282656210538622,0.9256861209635171,0.0010776143886634,0.001226000885761733,0.8851269249283154,0.8820670810945767,0.0016179725477516,0.002689298957634618,0.9111903736872916,0.9111035771261606,0.0022124037605494,0.001776344009810823
1.911,0.925172052969994,0.9256659614343594,0.0013690063451646,0.0012295318847593344,0.8790387556927775,0.8819483232356826,0.0026670538292325,0.002688749695204936,0.9081862212811546,0.9109891710145919,0.0019719135372658,0.0017811728870319335
1.912,0.92489429941257,0.9256357001786031,0.0015024555515907,0.0012362707407304792,0.8755137920337774,0.8816959886787452,0.0019618710558232,0.0026708020744794607,0.9060438447892466,0.9107952366528136,0.0018680271718035,0.0017833174372732068
1.913,0.9233645296318952,0.9255466346669675,0.0015778551328567,0.0012447049232521142,0.8787755426740764,0.8815814613844445,0.0033983586330982,0.0026887664339515288,0.9108890053544558,0.9107989138567996,0.0019833492021563,0.001788256493196246
1.914,0.9279136503573036,0.9256394588116866,0.0012990087326597,0.0012460457580523016,0.880419734871653,0.881535903481982,0.0023566539147316,0.002680566124834987,0.9077070355913048,0.9106776637287409,0.0014544805361984,0.0017800151115419782
1.915,0.91939850275737,0.9253947154370077,0.0020514607722997,0.001265932548527546,0.8772550522438856,0.8813680269628409,0.0026434888502405,0.002679650636573395,0.906259794748865,0.9105044139648243,0.0018619898389921,0.0017820391788864257
1.916,0.926630556875036,0.9254431798071264,0.001284138644842,0.0012663820817698783,0.8842235371918078,0.8814800077561337,0.0024140896275168,0.00267309357462138,0.9106825727453616,0.910511400583669,0.0024466495093556,0.0017984493105029484
1.917,0.9218092903477194,0.9253006743381301,0.0009356280819648,0.0012582153163425923,0.874943744480995,0.8812236837061281,0.0026003072070191,0.0026712963803595955,0.9037531244949876,0.9102463701488187,0.0021996124166798,0.0018083545723838583
1.918,0.9243715835267504,0.9252642394043505,0.0011277998499238,0.0012549951813692886,0.8720392298514433,0.8808635090451601,0.003284024901001,0.002686425479634692,0.9092307265823394,0.910206540989349,0.0020763348907253,0.0018149713703675976
1.919,0.92718736057074,0.9253396559206796,0.0013793781209043,0.0012580663650615111,0.8760726279644442,0.8806756313557202,0.0028010051341557,0.0026892546069068155,0.9137657691982308,0.910346118566168,0.0014815596904993,0.0018067389832103558
1.92,0.921977146265874,0.9252077927969617,0.0013779898331975,0.0012610274383488196,0.8764442605033889,0.8805096952438642,0.0037649569333961,0.002715815158178156,0.9046087668398928,0.9101211243808238,0.0030083009428039,0.0018364071797435297
1.921,0.9258593917854328,0.9252333456984705,0.0015922452677248,0.001269205656358103,0.8713198675799912,0.8801493098452811,0.0026213553423923,0.002713482817047641,0.9069873044786476,0.9099982294826993,0.0025568691217156,0.0018541963634959265
1.922,0.924652133836998,0.925210553076452,0.0008517255819275,0.0012588975063721622,0.8776344236102919,0.8800506868556737,0.0023021475784891,0.00270332639140422,0.9012791763070775,0.9096563058287532,0.002149134460608,0.001861478785646842
1.923,0.9266992743985972,0.9252689343047714,0.0009907083850585,0.001252275552759479,0.8782462589008869,0.8799799249750938,0.0025751761636206,0.002700162188249069,0.9062973839210444,0.9095245834009998,0.0015747103935942,0.0018543980846085053
1.924,0.9235210730409862,0.9252003907257995,0.0014543006031699,0.001257263825609119,0.8902246104485014,0.8803816773466001,0.0023320313471011,0.0026910725378503537,0.9114431167050058,0.9095998200011569,0.0020262605703737,0.001858641602775547
1.925,0.923107576601926,0.9251183195836868,0.0013107309679878,0.0012585840019641481,0.8760536134871804,0.8802119493521131,0.0029946500833247,0.0026985682797139175,0.9053581529914936,0.9094334801184251,0.0017355405920035,0.0018556020716453728
1.926,0.9218552562240164,0.9249903563146803,0.0012489562057191,0.0012583462786000727,0.8769032350574278,0.8800821958503606,0.0020836276435644,0.002683384560302818,0.9129486631852204,0.90957133043477,0.0019568417075114,0.0018581018157408304
1.927,0.9214804665884356,0.9248527135803176,0.0014752212933136,0.0012637012172349747,0.8760089301328678,0.8799224599398707,0.0030108446725993,0.0026914699951743363,0.9089778054570036,0.9095480549454458,0.0023395422336038,0.001869989233465842
1.928,0.9169919800986812,0.9245444495222144,0.0012775138237051,0.0012640422692465827,0.862388311150021,0.8792348462618373,0.0032196291252232,0.0027045109613483822,0.8983306538456106,0.9091081568630993,0.002835233844457,0.0018938224337372285
1.929,0.9253427344496168,0.9245757548134851,0.0012663379776331,0.0012640989534042743,0.8767886497281941,0.8791389169860082,0.0031195273927415,0.0027147582806420394,0.9072730462294688,0.909036191740212,0.0025844147890181,0.0019108740968305832
1.93,0.9215893976625328,0.9244586427683498,0.0013340990866184,0.0012658273517552404,0.87143632964756,0.8788368547374416,0.0028753615533808,0.0027187237935491692,0.9054527439005222,0.9088956643739496,0.0019072140340127,0.001910783724909154
1.931,0.9173017273410304,0.9241779794182587,0.001977772361688,0.0012834062408893826,0.8711616297799785,0.8785358655234234,0.0037160090232843,0.0027433481202092957,0.9049504675939332,0.9087409507747334,0.0025529255591131,0.0019266390788401156
1.932,0.9187425301385468,0.9239648245445445,0.0016192369167631,0.0012916983563430547,0.8718953032478141,0.8782754513165368,0.0034060443764016,0.0027597109907325622,0.908757969905298,0.9087416181916184,0.0024460646253537,0.0019394644009762534
1.933,0.9266733454369968,0.9240710410501308,0.0011935244632534,0.0012892743096001003,0.8855044799482713,0.8785589426354284,0.0020545257689213,0.0027422990099470993,0.9142930579243492,0.9089593217105489,0.0014409352638073,0.001927155039564674
1.934,0.9203967701241508,0.9239269519942099,0.0009105115538859,0.0012799221427923424,0.8655117123160683,0.8780472865444731,0.002559668839017,0.0027377896230105538,0.90244214175177,0.9087037460258909,0.0021700667474858,0.0019331528595133438
1.935,0.92449424951276,0.9239491989557217,0.001318168856949,0.0012808665061048526,0.8761801929187819,0.8779740671866028,0.0027366302110396,0.002737760995554481,0.9041230816547368,0.9085241121289829,0.002670808198091,0.0019513665715769897
1.936,0.9161747630543956,0.9236443191164541,0.0019823978860519,0.001298188268572681,0.8749939374406298,0.8778571993534273,0.0028557397127694,0.0027406740503005283,0.904531906690532,0.9083675550529652,0.0015057430316797,0.0019403635212091555
1.937,0.9220379370829266,0.9235813237425902,0.0011686542948945,0.0012949898988522323,0.8798761558442824,0.8779363741177745,0.0023848124528879,0.0027318873441915742,0.9048343155624108,0.908228996641571,0.0027361386060811,0.001960012288736858
1.938,0.918611382323812,0.9233864240791085,0.0014598957127822,0.0012990616473443303,0.8720469213312306,0.8777054151849687,0.0038303412086111,0.0027590096618315624,0.909596138178004,0.9082826100351565,0.0021901484759308,0.001965694663729301
1.939,0.9183344075774028,0.9231883057849241,0.0018276135932471,0.0013121123126752631,0.8674001899457271,0.8773012887049985,0.0046556184865551,0.0028058395093556007,0.9066988825367496,0.9082205030744346,0.0026212804516277,0.0019818819671342
1.94,0.9149151833036954,0.9228638696091896,0.0027236452202919,0.0013469649770608593,0.8709487877395499,0.8770521710200789,0.0038512593722073,0.002831652345475396,0.8997353843668588,0.9078877533211963,0.0021228101929474,0.001985361676413538
1.941,0.918466050980242,0.9226914061335447,0.0012459091922993,0.0013444697724988453,0.8746160667479501,0.8769566375192112,0.0025421894294774,0.0028245051129816186,0.90451513282966,0.9077554936940772,0.0023010377566342,0.001993156147530098
1.942,0.9244636693840964,0.9227609066531742,0.0013580048830565,0.0013448039727595282,0.8844852652819886,0.8772518778236338,0.0029931555337505,0.002828669320901838,0.9095508923671336,0.9078259014851774,0.0018899010095142,0.0019906066379494587
1.943,0.9183318235146488,0.92258721711833,0.0013373070523655,0.0013446188636139966,0.8754931256643467,0.8771829071507206,0.0032619819324595,0.002839368397730422,0.9098087400917876,0.9079036598619071,0.0015593711079407,0.001979958847085045
1.944,0.9210265717266536,0.9225260153382643,0.0012813749913369,0.001343057286520735,0.8739387159874404,0.8770556839678467,0.0021642221077918,0.0028226981189665053,0.900494265031131,0.9076130953587395,0.0018633919046213,0.001977080650974829
1.945,0.9190669522197676,0.9223903658042056,0.0011563433604766,0.0013384470661245834,0.8821770880387313,0.8772565233431755,0.0031004879894136,0.002829557128113347,0.9061694300371592,0.907556481032403,0.002311389722275,0.001985335195945204
1.946,0.9311709148976796,0.9227347010627733,0.0007823170527242,0.0013247154608554382,0.8838851240674596,0.8775164684696181,0.0029102874863284,0.0028315504702914967,0.9151320467149936,0.9078535620395635,0.0017989946168953,0.0019807341939933544
1.947,0.9267366612541108,0.9228916406781199,0.001236849329156,0.0013225459267394027,0.8776679415630018,0.8775224085909272,0.0027956956122345,0.002830665165154287,0.907103644351307,0.907824153502769,0.002162140235784,0.001985213355519049
1.948,0.9115422100070784,0.92244656496553,0.002082973209296,0.0013413219090247508,0.8647654301938416,0.8770221349282964,0.0034368383326978,0.002845632403859065,0.8870882163294547,0.9070109794959724,0.0046058592297735,0.002049920661056196
1.949,0.9226750728485816,0.9224555260589831,0.0019088510353846,0.0013553349738731422,0.8717609635067385,0.8768158144803921,0.0025556364916247,0.0028384720109643894,0.9015748500059426,0.9067977979473438,0.002513316179846,0.0020613625257176727
1.95,0.9276865856384052,0.9226606656503329,0.0014856785673773,0.0013585533342065784,0.8862133122058709,0.8771843438029598,0.0021307249736166,0.0028209967754743207,0.9074220881374744,0.9068222799155842,0.0020650119178912,0.0020614526341664018
1.951,0.9202493106435896,0.922566102708892,0.0012782997430532,0.0013565717640546431,0.8724432462464545,0.876998418408587,0.0022756451250047,0.002807531302623219,0.9000358400475501,0.9065561450187986,0.0021649689070028,0.002064008591520387
1.952,0.9207722209785314,0.9224957544057406,0.0013850780892424,0.0013572756239358223,0.8790184904236927,0.8770776369189833,0.0033416927902802,0.002820720475157959,0.9027225557485434,0.906405808184671,0.0018560531665217,0.0020588738896685672
1.953,0.9221626261012764,0.9224826905506636,0.0011570301818084,0.0013523312920314414,0.8796212438258689,0.8771773862094495,0.0032846717231874,0.002832176061529056,0.9065647374089888,0.9064120407032717,0.0018838567759752,0.002054552479453916
1.954,0.9185116465420586,0.9223269633346398,0.0015408128404661,0.0013569851574248898,0.8689661007622791,0.8768553750154429,0.0041610834730791,0.0028649885902093043,0.9113617572329362,0.9066061472338468,0.0021363849045732,0.002056573033160565
1.955,0.9220933394113922,0.9223178016121596,0.0011892281684499,0.001352843009548964,0.871267384529649,0.876636238133647,0.0018748710022363,0.002840541242358119,0.902137992686856,0.906430925486906,0.0022771202446241,0.0020620186433201585
1.956,0.925233114439341,0.9224321276053824,0.001061140952296,0.0013456404896167921,0.8735114932660427,0.8765136991192313,0.0032296075316347,0.0028501478174019854,0.9041314181122908,0.9063407487271171,0.0022023630743937,0.002065483937914567
1.957,0.9201203845253588,0.9223414710140089,0.0017159232279912,0.001354783273280358,0.8710186872831578,0.8762982084589932,0.0028797901789217,0.002850879727562966,0.9045595361282676,0.9062708972526524,0.002107350598161,0.0020665176826120102
1.958,0.9210041816203938,0.9222890282926907,0.0013551700551242,0.0013547928234493418,0.8697168430231506,0.8760401156968034,0.003984322999659,0.002878865981194967,0.903250081376742,0.9061524338849697,0.0017968683502992,0.0020598596744067555
1.959,0.9170478167111412,0.9220834905836103,0.0015259352782419,0.0013590185630738493,0.8713716529612028,0.8758570387267798,0.0027748061162312,0.0028762966018131453,0.9101276443393062,0.906308324491022,0.0026965609913996,0.0020755806945794183
1.96,0.917226628123994,0.9218930253891156,0.0011743441847735,0.001354458701881248,0.871245632120051,0.875676199252006,0.0033161660602482,0.0028871575760954925,0.9054196677379762,0.906273475206589,0.0013467226585026,0.002057584199861472
1.961,0.9188613400435036,0.9217741357677189,0.002160071549769,0.0013743503771377358,0.8627170322812283,0.875167996625701,0.0041496309320326,0.0029183297577235695,0.9033645590668472,0.906159400063854,0.0023685550038091,0.002065262491316969
1.962,0.9125504840770596,0.9214124239367126,0.0016875016570958,0.0013820825075070708,0.8673065937583182,0.8748597063171761,0.0036209084917628,0.0029356773807862665,0.9059525002258813,0.9061512863447179,0.0024877249825581,0.002075693663940207
1.963,0.9296346614669692,0.9217348646241738,0.0008723231056026,0.0013694958556081948,0.8800587753271403,0.8750635913763903,0.0029862818944604,0.00293692687495106,0.9132343603122148,0.9064290539512863,0.0015458569205045,0.0020626112752133996
1.964,0.9226668952414574,0.9217714148444595,0.0015931089949131,0.0013750171676897975,0.8755840017934551,0.87508399962804,0.0025145843040112,0.0029264986633229153,0.9021362557443452,0.9062607089235631,0.0026198671214897,0.0020763706788251603
1.965,0.91573597922056,0.9215347310945027,0.0016827274999778,0.0013826149536722173,0.8765361092167645,0.8751409451021076,0.003421371964122,0.0029387177571698064,0.8991260423619389,0.9059809180780093,0.0035070387931326,0.002111695817450036
1.966,0.9206692607881596,0.9215007910824892,0.0012263657056861,0.0013787569475491033,0.877002027350855,0.8752139287197056,0.0019017186132596,0.002913112840036221,0.9110579155830444,0.9061800160193832,0.0020529386625459,0.0021102450235017853
1.967,0.9252542811682528,0.921647986772127,0.0008222500548055,0.0013650160366171624,0.876150537723521,0.8752506584845611,0.0028898042091031,0.0029125373182847863,0.9100471060727956,0.9063316666097131,0.0015642576841898,0.0020967638546298844
1.968,0.9208214169418404,0.9216155722689786,0.0015113981412742,0.001368630409571657,0.878415211396426,0.8753747585987519,0.0021521492313518,0.0028937623037926137,0.9017655381893884,0.9061526027500925,0.0022425062385608,0.0021003624320108947
1.969,0.9231329117604464,0.921675075778448,0.0015660516153729,0.0013735050072457616,0.8692271340038613,0.8751336752813051,0.0037037915309918,0.002913763025451853,0.9037080080857074,0.9060567362926656,0.0018107366316101,0.002093211177680011
1.97,0.9147446181527736,0.9214032931264607,0.0018972742771668,0.0013864375818117133,0.8733818591503142,0.8750649766095016,0.0031595924188516,0.002919832887017279,0.8948423414520932,0.9056169561028392,0.0025022564655274,0.002103311061330564
1.971,0.9164670065383068,0.9212097132602586,0.0015117735653174,0.001389532297453829,0.8678094149749201,0.8747804447806944,0.0038893874456539,0.002943772505749047,0.8995896098435576,0.9053805895828674,0.0027363531489129,0.002118941730159758
1.972,0.9187202069870658,0.9211120855632705,0.0013860194409008,0.0013894455602549887,0.8785357345620398,0.8749277110466296,0.0035853414565883,0.002959613714411745,0.909235445157933,0.9055317603897327,0.0017582033256046,0.00211003460905963
1.973,0.9165792796437008,0.9209343284683854,0.0011230345050957,0.001382867509510315,0.864557300837602,0.8745210282933344,0.0042650997208377,0.002991847936792633,0.9023712858266048,0.9054078202107866,0.0018761257115485,0.002104259080726022
1.974,0.9263352466117956,0.9211461291798918,0.0008428518550851,0.001369533789647964,0.8757840206079014,0.8745705574037097,0.0026729743605519,0.002983974515157059,0.9038405888535612,0.9053463601575621,0.0018511454060421,0.002098009360363456
1.975,0.9244050102682744,0.9212739284382597,0.0013701349225031,0.0013695486324345105,0.886979204103671,0.8750571709997866,0.0021622730340852,0.0029636855896984942,0.9078175363130356,0.9054432690264042,0.0024732337230985,0.0021072741594433337
1.976,0.9155467722967215,0.9210493340797681,0.0014844246646148,0.00137238507767353,0.8731173325947863,0.8749810989054729,0.0039300418679621,0.0029875462385445094,0.8993073545967647,0.9052026449311242,0.0020180272464663,0.002105070531962419
1.977,0.9200912927059544,0.9210117638298146,0.0017162371365366,0.0013808752519664453,0.8688855165990792,0.8747420564620848,0.0032618606352661,0.002994319433525289,0.908020512296478,0.9053131495336871,0.0025904905831629,0.002117056212238974
1.978,0.9173837613109068,0.9208694892212299,0.001224000331834,0.0013770017971483602,0.8647079874915544,0.8743485635612798,0.0034243816527794,0.0030049382537537857,0.9012916404239384,0.9051554432940893,0.00278191637113,0.0021334725124585057
1.979,0.9197321287156112,0.9208248868484605,0.0016137305770754,0.0013828469522082871,0.8653130881553484,0.8739942311924197,0.0041034576749816,0.0030320621900803988,0.895875299824779,0.9047915160992144,0.0027231231912269,0.0021480317884774785
1.98,0.9176301226537372,0.9206996019780792,0.0023070965832396,0.0014056679307522702,0.8699020567377774,0.873833753762826,0.0047374587510699,0.003074170747141868,0.8961765279499077,0.9044536734266925,0.0035552876358472,0.002182778846437225
1.981,0.9167638434334744,0.9205452585057419,0.0017684273166512,0.0014146249526263178,0.8676493552157183,0.8735912283296061,0.0032909723278699,0.003079523872591943,0.9049336641277947,0.9044724965914416,0.0020450952469563,0.002179379251388313
1.982,0.9176672354216694,0.9204323948553861,0.0016521965339687,0.0014204909175977345,0.8655178237776779,0.8732746242295306,0.0025373806907921,0.0030661376211894775,0.890265194234014,0.9039153474793856,0.0026699615465047,0.002191492394477606
1.983,0.9179781854600912,0.9203361513496882,0.0016852806386397,0.0014270289354012399,0.8751921853203397,0.87334982270368,0.0039645495779927,0.0030883206324685696,0.9004572891995825,0.9037797373507659,0.0023237792026111,0.002194758735419174
1.984,0.9231345375340244,0.9204458919843681,0.0016277663789584,0.001431985415489071,0.8809982805184188,0.8736497622258267,0.0025649274546439,0.00307539734412722,0.8984624760153026,0.9035712172983947,0.0024267318735067,0.0022004864672238045
1.985,0.916623083676298,0.9202959779330713,0.0018886958339896,0.0014432622159458743,0.8675975925681109,0.8734124222392495,0.0040423712707775,0.0030992732435506836,0.9073144548459038,0.9037180109277088,0.0022023871958184,0.0022005333987940414
1.986,0.9198072390571476,0.9202768117026427,0.0012181882910964,0.0014377048350853933,0.8748155464766475,0.8734674467191474,0.0028511374098451,0.0030931464328419036,0.8963726175358716,0.9034299562848916,0.0020540847361232,0.0021969173824317985
1.987,0.9132549699522934,0.9200014453594919,0.0014552466776952,0.0014381379670016848,0.8727442899144379,0.8734390876287665,0.0035491783806487,0.003104406480935899,0.8993740483268028,0.9032709010708488,0.0030604072625274,0.0022182381202119367
1.988,0.9157935233936552,0.919836428811812,0.0015079881809245,0.0014398626636417543,0.8644135802586952,0.8730851461632735,0.0028158046763674,0.003097280510452726,0.9006353402046288,0.9031675457427618,0.0019133247723208,0.0022107093955726492
1.989,0.9201654972345984,0.9198493334558429,0.0011099051006275,0.0014317155633204147,0.8787168591056504,0.8733059976512099,0.0021822984242739,0.0030746883601767056,0.9036495238683918,0.9031864468457277,0.001578512606817,0.0021950995983194234
1.99,0.9171578432222895,0.9197437848192329,0.0017770861662596,0.0014402432325287895,0.8694278752883403,0.8731539144212934,0.0040205169080502,0.0030980421514822244,0.8973085440438283,0.9029559408534964,0.0030181405443634,0.002215421596987176
1.991,0.9207487386957478,0.9197831947751747,0.0015644291780193,0.0014433095521705305,0.8746432233663957,0.8732123186936503,0.0034966490958896,0.0031078842982577154,0.9051040779111044,0.9030401815224223,0.0020715525173091,0.0022118692740321615
1.992,0.922675923541324,0.9198966351189453,0.0012672411789792,0.0014389621849312385,0.8686140543550022,0.8730319946019387,0.0029838144085602,0.00310482084419111,0.9064645043848768,0.903174468693499,0.002870429591436,0.0022281300226100345
1.993,0.9157693443417154,0.9197347805786618,0.0023784121225496,0.0014621584796872475,0.8747515233307498,0.8730994271011078,0.0030347136024782,0.0031030898011858528,0.8889715205764486,0.9026174903359677,0.0041140952086997,0.002274697064241878
1.994,0.9225728995158676,0.9198460793605129,0.0013872399660551,0.0014603086398444784,0.8774040962427588,0.8732682376556823,0.0032458290292793,0.003106614226570876,0.9045412231267912,0.9026929308375686,0.0019897302980894,0.0022676608477936685
1.995,0.9168354139931228,0.9197280140519878,0.00188062291154,0.0014706867700098,0.8719930087171183,0.8732182286776994,0.0028761433549789,0.003100923587766136,0.9018117851492148,0.9026583761046919,0.0021444586947933,0.0022646188193245235
1.996,0.9130423567896736,0.91946583141425,0.0019236737723908,0.0014818716342661208,0.8624877481939912,0.8727974255214755,0.0041280181190448,0.00312628394656314,0.8913049168318896,0.9022131424077192,0.0036380649093914,0.0022985310684619773
1.997,0.916991340551263,0.919368792556878,0.0012611987072483,0.0014764229200187671,0.8647673728090794,0.8724825214935384,0.0026647106187581,0.003114887074271657,0.8985297055863154,0.9020686939049192,0.0017995363949062,0.0022862102123247974
1.998,0.920952122690939,0.9194308839346843,0.001315146742339,0.0014724407921748223,0.8680797614404491,0.8723098642365545,0.0036106039430256,0.00312712699695694,0.8998495646867767,0.9019816692296978,0.0022410018043948,0.002285093955338871
1.999,0.9221790621926672,0.9195386556310758,0.0012948677452181,0.0014680562724968785,0.8650566332165867,0.8720254238043988,0.0027631695523166,0.0031181403933855734,0.9056214683377568,0.9021244064496217,0.0021960138523022,0.0022828944466219163
2.0,0.9127197499451408,0.9192712475649607,0.0016339734586811,0.0014721529931434024,0.8754003701790559,0.8721577746426207,0.0029243547742461,0.003113355563283364,0.900087126979369,0.9020445131370627,0.001683249741175,0.0022680884045121158
2.001,0.9194689538791562,0.9192790007537527,0.0018138416410445,0.001480589749881701,0.8817833179298402,0.872535246928394,0.0025608954403256,0.003099714572593049,0.8972004000820226,0.9018545479192182,0.0033222099221889,0.0022941160963066043
2.002,0.9178460546672216,0.919222806789575,0.0013149247534063,0.0014764992561415676,0.8718556381987164,0.8725085956056615,0.0036209830262693,0.0031125853986097465,0.901048191019706,0.9018229260800215,0.0026510122289284,0.0023029283464947965
2.003,0.9194291255474276,0.9192308977212555,0.0013067654759455,0.0014723082986058621,0.8708854134196025,0.8724449414022867,0.0030339008722828,0.0031106425707992046,0.8977871918421174,0.9016646619922605,0.0028038008032333,0.0023152955676488335
2.004,0.9161934086433074,0.9191117805025125,0.0014845836640679,0.0014726113940493693,0.8673165962350794,0.872243829827102,0.0024966550789965,0.003095482385816422,0.8944219955654301,0.901380635857875,0.0024811712551665,0.002319391263636924
2.005,0.914540860082066,0.9189325287213185,0.0020455524682739,0.0014867580872400985,0.8640753546794557,0.8719234974683708,0.0043674202157713,0.0031268882581609865,0.899745846183245,0.9013165264588698,0.0021318156087135,0.002314759765984494
2.006,0.9158128885342954,0.9188101898904547,0.0014365087661488,0.0014855173632625355,0.8669429043078396,0.8717281800895265,0.0036734697627933,0.0031403840977815376,0.8982030371173959,0.9011944288376357,0.001968835833553,0.0023062184343195192
2.007,0.9162020886620246,0.9187079114109085,0.0011719579095424,0.0014777751545287051,0.868403149507143,0.8715977867333545,0.0024452664872141,0.003123220699989749,0.9078190492800328,0.9014542178745923,0.0018440350687951,0.002294806499368299
2.008,0.9268898220190872,0.919028770650445,0.0009411731570802,0.0014645257224929395,0.8785813640584618,0.8718716525108098,0.0027672086431284,0.0031144302788326784,0.9037472685576596,0.901544141430791,0.0024296411614818,0.0022981357502846814
2.009,0.9145617248687812,0.9188535923844974,0.0020163975954609,0.0014781521884921485,0.8660284503909494,0.8716425073296388,0.0048504476981122,0.0031572949064692097,0.8912776896554035,0.901141535478815,0.0033573885564949,0.0023242901405614766
2.01,0.9167916177203912,0.9187727306329638,0.0017596939075989,0.0014851038358775004,0.8637512405715327,0.8713330458881444,0.0039204403521543,0.0031761380038935333,0.9016680598278616,0.9011621834925032,0.0015480162958475,0.00230512288513644
2.011,0.9188532522050086,0.9187758883416715,0.0017095559277659,0.0014906458628377078,0.867044234285372,0.8711648571978396,0.0047637451761997,0.003215338180987513,0.8952629402687375,0.9009308406209829,0.003161556423539,0.002326269392257491
2.012,0.9185778733822751,0.9187681230491461,0.001266690027554,0.001485116089126999,0.8699030810239956,0.8711153757792576,0.0035868261257702,0.003224510722833999,0.892462586413862,0.9005987522207037,0.002054452479265,0.002319557863541627
2.013,0.9146569601518496,0.9186069009747423,0.0018419479609302,0.0014939267526283128,0.8725888612830683,0.8711731595245049,0.0031539476837088,0.0032227684255716482,0.8944342806270991,0.9003570082366408,0.0033899208486676,0.0023459865792237497
2.014,0.9191903297210612,0.9186297805334216,0.0018136419188145,0.0015018209542625397,0.8613020129485076,0.8707860557372108,0.0031687517184284,0.0032214346797162594,0.9011252220084396,0.9003871342669074,0.002890477909757,0.0023594308096072866
2.015,0.9210331746089352,0.9187240312814811,0.0010595920926963,0.0014909017231127559,0.8744916436312526,0.870931372909526,0.0023835648491057,0.0032007465357505667,0.9037707680012776,0.9005198257859023,0.0024506660804941,0.0023616835323452324
2.016,0.9102328286820974,0.9183910429442503,0.0017729738283509,0.0014978664664519693,0.8671231012363827,0.870782028922344,0.0023327957816378,0.0031793156529329675,0.897448754870355,0.9003993916323513,0.002589111057053,0.0023672990267824615
2.017,0.9167439986812234,0.9183264529731512,0.0012342334913581,0.001491357010276812,0.865554540883422,0.870577029391406,0.0024879028285528,0.0031622437313433335,0.8913829581816805,0.9000458060068348,0.0019950931199713,0.002358108757478482
2.018,0.923657027736219,0.9185354951207225,0.0010110732466252,0.0014794981519150438,0.865552017363963,0.8703799700962122,0.0034466374341836,0.0031692657980801303,0.9024178780589328,0.9001388284402505,0.0020049485286927,0.0023493887518294503
2.019,0.9147195317466794,0.9183858494982111,0.0011375017855442,0.0014710537971898377,0.8644695183532862,0.8701481876749209,0.00307872194759,0.0031670301474507447,0.903402581291378,0.9002668187481379,0.0021252337599181,0.0023438540606711454
2.02,0.907711003217952,0.9179672280754558,0.0022243313415405,0.0014896532427293603,0.8476316546725764,0.8692651863807113,0.004425674356463,0.0031981077822411707,0.894753980352944,0.9000506290071498,0.0033948998232354,0.0023698058078949545
2.021,0.9129102223951038,0.9177689141272068,0.0019272018296254,0.0015004569115416083,0.8600356188070265,0.8689032425542922,0.0038214359487804,0.0032134986011680654,0.9005694672500355,0.9000709756049101,0.0026210700674667,0.002376009863686849
2.022,0.9197960988780136,0.917848411568415,0.0013859300445597,0.0014976290876655117,0.8754505585271795,0.869160000043425,0.0029537357870185,0.003207084704522397,0.9002072473261026,0.9000763195939764,0.0017647274930972,0.002360916471820438
2.023,0.9225568397396362,0.9180330558104237,0.001446791698859,0.0014963738434974497,0.8709101605200736,0.8692286337876073,0.0016353977382688,0.0031682776189358875,0.9021779638488692,0.9001587370157369,0.0017806476484722,0.0023465888465525804
2.024,0.913010377054078,0.9178360880160572,0.002110824928881,0.001511545475235315,0.8619270967644133,0.8689422990023841,0.0037857616653232,0.003183524138599772,0.9087362967115984,0.9004951119057707,0.0019298992189879,0.0023363002137732057
2.025,0.9201962557039424,0.9179286436116606,0.0016371991411381,0.0015146480348872356,0.8662491688025281,0.86883668605337,0.0036040587073247,0.0031939077081979184,0.901801933647444,0.9005463598172089,0.0030060601589694,0.002352837496370643
2.026,0.919575358894824,0.9179932206815886,0.0014559417861614,0.0015131984978816596,0.8691810335994696,0.8688501898787073,0.0032817879622219,0.0031960775910133254,0.8991197307117684,0.9004904135777798,0.0026003257879962,0.002358948318386089
2.027,0.9238966833860736,0.9182247290229409,0.0015833844457958,0.00151493148424991,0.8713580462544128,0.8689485371875586,0.0023552212469524,0.003175315705974784,0.901307088845964,0.900522440058885,0.0022849153648054,0.002357120344223603
2.028,0.906806804765922,0.9177769672873715,0.0019695164465103,0.0015261558043057222,0.8577904958498987,0.8685109669390229,0.0038399744663623,0.0031917270333917595,0.8954015859879334,0.900321622252181,0.0031133292367527,0.0023757921687304943
2.029,0.9154816906083504,0.9176869564372137,0.0017168549611973,0.001530864425463539,0.8631839995509045,0.8683020662571359,0.0028162615124366,0.0031824562797879287,0.8931682183683819,0.9000410966096791,0.0029148539479264,0.002389102336118047
2.03,0.9136649833256034,0.9175292320014642,0.0015305191782354,0.001530855900840622,0.8665499126659526,0.8682333543515992,0.0028692505828809,0.0031747228057902245,0.8969123606855937,0.8999184010832444,0.0018625046147477,0.002376099923244705
2.031,0.9151325648230236,0.91743524505329,0.0023685205516628,0.0015515389786387003,0.8674768607574528,0.8682036879361424,0.0033296570776356,0.0031785483433666535,0.893999480443922,0.899686286548369,0.0032859190796707,0.002398564593773742
2.032,0.9126901363768658,0.9172491623600969,0.0022616365090741,0.00156907225099513,0.850371227244997,0.8675043757521761,0.0047468107940826,0.003217270873013961,0.8983528150233928,0.8996339935473896,0.0026353891470296,0.00240441211360722
2.033,0.9179964522460068,0.9172784678458189,0.0010287869248294,0.0015557318725712846,0.8747717530418138,0.867789370940005,0.00221460686507,0.0031925137370153447,0.902623927070352,0.8997512458424077,0.002294964924957,0.002401709713887461
2.034,0.9153026249555344,0.9172009838109058,0.0020153076201895,0.0015670794218951914,0.8658165142200087,0.8677120040098091,0.0035910074169186,0.0032023530871364125,0.8982959765597611,0.8996941764587746,0.0017202638194525,0.0023848838893335113
2.035,0.9179691112049068,0.9172311064538079,0.0015465802998141,0.0015665732707326953,0.8789534119842479,0.8681528435382185,0.002263475565001,0.003179170926096032,0.9035294618374292,0.8998445798069572,0.0021371846528775,0.0023787678588037334
2.036,0.918876039766256,0.9172956136425313,0.0014254883373092,0.0015630896921296458,0.8616757584809438,0.8678988402026392,0.0045000100548565,0.0032117842379172784,0.8983051097489869,0.8997842084321348,0.0024471808749314,0.0023804570690784906
2.037,0.9162364053236592,0.9172540760613991,0.0016831009719088,0.0015660529336056742,0.8648744555290904,0.8677802368821079,0.0033566600821158,0.003215361419255514,0.90499015813087,0.8999883633222814,0.0020650189224139,0.00237266847286455
2.038,0.9161232728250044,0.9172097308364424,0.0016686546157457,0.001568586308473329,0.8727333715453516,0.8679744774571371,0.0028934983332199,0.003207414182563276,0.8917121398075669,0.8996638055373906,0.0030163332552351,0.0023885614304539463
2.039,0.9093973468773288,0.9169033628380456,0.0012117647646402,0.0015597758999836221,0.8742299083016022,0.8682197884706455,0.0036251964739993,0.0032177297946974995,0.9005896014759011,0.8997001112604693,0.0023497880173251,0.002387604062228543
2.04,0.9142077039316348,0.9167976507240687,0.0019465710432912,0.0015693263973492416,0.8645722523226406,0.8680767478373905,0.0038593332413464,0.0032335718551085835,0.8955400199391653,0.8995369704243399,0.0023058860442755,0.0023855863333901964
2.041,0.9134397476421892,0.9166659682502695,0.0018877147140001,0.0015771878372665468,0.8682975896820108,0.8680854083018855,0.0032497426228274,0.0032339711333238628,0.8881051506477894,0.8990886637664359,0.0027691762797436,0.0023950576900902804
2.042,0.9180305461810956,0.9167194811103019,0.0016307387172641,0.0015785100812171036,0.8739840210923515,0.8683167264505312,0.0039292984165537,0.003251139708218427,0.8986792607538909,0.8990726087463361,0.0022199649428406,0.0023907344123804118
2.043,0.9276941101338434,0.9171498587190682,0.0013686961044108,0.0015733294891971947,0.8783572454001014,0.8687104722916908,0.0036979092782376,0.003262171055626308,0.8973929734047297,0.8990067406937241,0.0031429549110658,0.0024093077580269644
2.044,0.9196028238763758,0.9172460534311194,0.0017997498037957,0.0015789201142490097,0.8691088639307261,0.8687260954932217,0.0036772460820176,0.003272419821710044,0.9018396581067832,0.8991178354942363,0.0026247584298778,0.0024146275277022937
2.045,0.9131181935094862,0.9170841765714476,0.0014161141919423,0.0015749002149327946,0.8638588442257733,0.8685352228944982,0.0028694857957314,0.003262470833414275,0.9030724010469826,0.8992729164963049,0.0014657795848285,0.002391199183433805
2.046,0.9152876075883718,0.9170137228858368,0.0015625623725564,0.001574595576849427,0.8717906937555995,0.868662888418463,0.0025532654573336,0.0032449595895604312,0.9017691859681548,0.8993708094167696,0.0021331772579421,0.0023848282716932693
2.047,0.921038997203866,0.9171715767806615,0.0009849601473025,0.001560036677354441,0.86629699206262,0.8685701081692142,0.0035794418421331,0.0032532184106116085,0.8895866458825286,0.8989871167291523,0.0020185177817623,0.0023757835682381837
2.048,0.9196496168262808,0.9172687548216661,0.0009195033856125,0.0015442210405213067,0.8620913383887925,0.8683160387660604,0.0031934351830676,0.0032517422815364484,0.8995238932015224,0.8990081667868923,0.0029394124589758,0.0023897003309724463
2.049,0.9125772011978054,0.9170847723266128,0.0016479585055089,0.0015467824594098895,0.8538216090896725,0.8677476297591432,0.0034601741621917,0.003256888747725467,0.8943812069935592,0.898826717383232,0.0029929444797225,0.002404595248225534
2.05,0.9176782947062382,0.9171080477140491,0.0015407314418034,0.0015466330515677537,0.8622304783264699,0.8675312708794306,0.003307111068389,0.003258128805025801,0.8928332720226877,0.8985916803102696,0.0037540535576362,0.0024379152064825877
2.051,0.9130253043626892,0.9169479401316429,0.0022316541289184,0.0015635471522430784,0.857869987859538,0.8671523970355132,0.0027299753234484,0.0032450879783201864,0.8941711796663905,0.898418327343843,0.0027717215264685,0.0024461573378402645
2.052,0.9169025959027008,0.9169461619265864,0.0020015319381454,0.0015743615914011605,0.8633286480092499,0.8670024460933067,0.0027070414995845,0.003231802880079799,0.9037736876854332,0.8986283414748857,0.0019060542558345,0.002432821459272221
2.053,0.9100788264741512,0.9166768546539419,0.0015531671727483,0.0015738382724220774,0.8502421207772315,0.8663451784338527,0.0039239619925901,0.003248893228536844,0.9010970113285466,0.8987251520573821,0.0020902402442004,0.002424362663838349
2.054,0.9163775708523384,0.9166651180342711,0.0015104811274493,0.0015722738984721323,0.8743537518143587,0.8666592401350489,0.0028530992570607,0.0032391205378831125,0.8956531783515281,0.8986046825002898,0.003220409446875,0.0024440181399627108
2.055,0.9110467581031538,0.9164447901938352,0.0020525800927815,0.0015841333106773017,0.8668015380005412,0.8666648204434996,0.0033899641771195,0.0032428450721852455,0.8952278845523065,0.8984722590513492,0.0032446813549743,0.0024637876020617623
2.056,0.9168778542413576,0.9164617730976595,0.0013639396628907,0.0015786964304850399,0.8655260884028529,0.8666201642850427,0.0026757733766519,0.0032288433019251627,0.8993455223911555,0.898506504672518,0.0024160283733481,0.00246260836184661
2.057,0.9073959969108188,0.9161062524628815,0.0022029232153947,0.0015941094375198463,0.8690828047076891,0.8667167384192641,0.0033888940454252,0.0032327951721350403,0.8939167955751692,0.8983265160804651,0.0034708847206923,0.0024875040744107013
2.058,0.92108847476989,0.9163016337298229,0.0013124631697565,0.0015871552086861836,0.8662974557215515,0.8667002959605302,0.003494827355334,0.003239265102584397,0.8955603417253326,0.8982180386547736,0.0021362786468696,0.002478831841631909
2.059,0.9144229928476666,0.9162279615383657,0.0014033465282592,0.001582616722749715,0.860374516884715,0.8664522261928511,0.0024397829852873,0.0032195248033918757,0.8958117937393881,0.8981236761090721,0.0023279268385948,0.0024751057921742026
2.06,0.9168188252921218,0.916251132665964,0.0013936784187177,0.0015779515794402822,0.8601570083425557,0.8662053549046042,0.0031074808871523,0.0032167582869415154,0.8963584318104441,0.8980544508424592,0.0021872577304627,0.00246799843262577
2.061,0.919321219424211,0.916371528225111,0.0009938847905,0.0015635301772442258,0.8594560356532708,0.8659406757182774,0.0032601791214321,0.0032178304063116532,0.9014933862409128,0.8981893110541632,0.0020957319270023,0.0024588066670548202
2.062,0.9151564191520798,0.9163238768889137,0.0016352375889622,0.0015653007306199785,0.8623851482877725,0.8658012432700222,0.0033808462883524,0.003221855489818832,0.8956896875256626,0.8980912866020652,0.002925498324838,0.002470329917864282
2.063,0.9115837226230232,0.9161379884863298,0.0010747219374674,0.0015531876739989271,0.8559147115584426,0.8654135361440778,0.0030705162802554,0.0032181187192123267,0.8931813231813526,0.8978987390169391,0.0025373589498686,0.002471984955691549
2.064,0.9134901952919664,0.9160341534590999,0.0017529658637367,0.0015581204688072674,0.8640265089585166,0.8653591429211146,0.0033029501597258,0.0032202133226817945,0.8908423620430135,0.8976220183512948,0.0016254329056262,0.002451082435936849
2.065,0.9225417737876422,0.9162893542562975,0.0012931198304741,0.0015515772431694114,0.8767282066340472,0.8658049885569159,0.0029968674592783,0.0032146986100051646,0.9040004883585168,0.8978721544300095,0.0022694664306601,0.0024465980901275464
2.066,0.9055847276294828,0.9158695649768145,0.0034833785897507,0.001599276041850431,0.8484615063362043,0.8651248519992408,0.0054347804369387,0.003269515445238092,0.8974162387181928,0.8978542753824873,0.0029706184091851,0.002459536863437609
2.067,0.913322505778866,0.915769680302385,0.0019148476468474,0.001607067933331838,0.8621192020491382,0.8650069833737467,0.0046582357412649,0.003303804835263445,0.8985631140859344,0.8978820729787009,0.001901158493043,0.002445749743180952
2.068,0.9071436953111056,0.9154314063811584,0.0019369636666223,0.001615213506993331,0.8550445650496075,0.8646163003022118,0.0037805223175425,0.003315575637295027,0.8891726505620042,0.8975405270015755,0.0026006311323637,0.002449573975012625
2.069,0.92127051862715,0.9156603911751188,0.0013452800152814,0.001608548482506617,0.8703413537319679,0.8648408122014178,0.0033194605579984,0.0033156715612630114,0.8852483274398942,0.8970584799599409,0.0031923921191798,0.0024679151637574935
2.07,0.9130427653379092,0.9155577391815027,0.0021208712555676,0.0016211984275204686,0.8603871846040019,0.8646661601387741,0.0040128238471617,0.003332885197951868,0.8943379253662557,0.8969517915445022,0.0022078332712652,0.0024614933886342267
2.071,0.9031673866878565,0.9150718430052812,0.0017511672005895,0.0016244075330283459,0.8491959752578087,0.8640594862218735,0.0026919537842261,0.0033170597309462933,0.8859723147369671,0.8965212238265596,0.0032425067473049,0.002480777669095231
2.072,0.9163345489587752,0.9151213608858104,0.0024241253208203,0.001644153651245431,0.8712156955267706,0.864340121880889,0.0033462310825786,0.003317780011233511,0.9019697283138712,0.8967348906691993,0.0019282604708727,0.002467135269139119
2.073,0.9119606283042068,0.9149974105884927,0.0016165315271652,0.0016434716234903638,0.8508350421911146,0.8638105109126626,0.0043572911696171,0.003343446953415822,0.8945501160792013,0.8966492132342975,0.0018769461848353,0.0024525626991563085
2.074,0.9151052857483812,0.9150016409869198,0.0012097447920153,0.001632762319009498,0.8615932297692539,0.8637235587109603,0.0029888881370923,0.0033346924147411674,0.8954796554371613,0.896603348222645,0.0021806244790141,0.00244584817520218
2.075,0.905257341311761,0.914619511587894,0.0020104758380575,0.0016420885787390782,0.8597450890294909,0.863567540292079,0.0037430025045568,0.0033447741453538995,0.8924231781472891,0.8964394199843958,0.0027720916996426,0.002453903570867376
2.076,0.9186209165436828,0.9147764294292975,0.0013728750911839,0.0016354413321327775,0.867769363863355,0.8637323176870311,0.0048500125541018,0.003381940525816811,0.8883668427516576,0.89612284832821,0.0027423997087451,0.002461026932296455
2.077,0.9056861459855284,0.9144199477256202,0.0025945399356251,0.001659122779132588,0.8509652162193482,0.8632316470412396,0.0042095180158486,0.0034023745379163617,0.8912021213068417,0.8959298786410975,0.0030962709931541,0.00247671197083615
2.078,0.908636577743097,0.9141931489027761,0.0024158925495025,0.0016778084524750549,0.8660815389181384,0.8633434075070002,0.0032797993964922,0.00339934799121453,0.8989042880408088,0.8960465221469684,0.0023695007385059,0.002474064779914416
2.079,0.9063530161733592,0.9138856927173088,0.0024475420994283,0.0016968142215356286,0.8580213925339774,0.8631347010374699,0.0036419913735819,0.003405339185840885,0.8888966863668879,0.8957661364301026,0.0034518500277106,0.002498207625539013
2.08,0.9101206694224762,0.9137380447449625,0.0021451595570066,0.0017078844767324428,0.8414964215910108,0.8622861410591773,0.003810021391557,0.003415331339068443,0.8839018054122371,0.895300868547049,0.004152616915858,0.002539057237645655
2.081,0.9067275374969452,0.9134631228920991,0.0020415696473705,0.0017161236167481972,0.8600399676736612,0.8621980558283728,0.0040340103430947,0.0034306073638592145,0.8894589086800402,0.8950717720816761,0.0026863243635454,0.002542693462976513
2.082,0.9104306597600946,0.9133442027692753,0.0016382077882674,0.0017141997691313873,0.8548045573468186,0.8619081147114491,0.0043597823430323,0.0034535499559375624,0.90099630806812,0.8953041068262424,0.0019656813227855,0.0025284462496384633
2.083,0.9064815418419008,0.9130750788113391,0.0022945203572463,0.0017285286725416322,0.8631013474626089,0.8619549081526712,0.0030509307181793,0.003443608740190445,0.8918701946329265,0.895169443602975,0.0017842800054324,0.0025100717744728817
2.084,0.9092800138603564,0.91292625273483,0.0012155934185206,0.001715863604541113,0.8682676251371529,0.8622024656814744,0.0026769086,0.0034246778725314213,0.8963893015819757,0.895217281170779,0.0019279675274266,0.0024956988301013685
2.085,0.9189923836412276,0.9131641402213554,0.0010096360500009,0.001698425887145058,0.865841934960179,0.8623451899669138,0.0037660108443873,0.0034331058471451467,0.8981619640136149,0.8953327589293215,0.0026961011475643,0.0025006470354708233
2.086,0.9175891491170872,0.9133376699819724,0.0017921237405021,0.001700739414388442,0.8680698321807511,0.8625696857400054,0.0029027193296041,0.003420009883749071,0.9032757999976052,0.8956442507359209,0.0021292972274745,0.0024914779044091858
2.087,0.9148914234780222,0.9133986014916214,0.0010645526185832,0.0016850310984426332,0.8562352587354884,0.8623212768378674,0.0039381479105069,0.0034328034152739557,0.8876715923863575,0.8953315974673106,0.0029485913409719,0.002502764655929253
2.088,0.913977785320445,0.9134213145829477,0.0019868566348079,0.0016924835808220225,0.84978886655813,0.8618298097680738,0.0041772845519263,0.0034511856655616673,0.8843424231926655,0.8949006494565402,0.0034077738302467,0.002525110561467955
2.089,0.9161099672932332,0.9135267519441355,0.0011461149323113,0.0016789929969081773,0.8656941922326397,0.8619813541784489,0.0046405034282969,0.003480551536246488,0.8939685723899831,0.8948640974147144,0.0024116816368319,0.0025223098472794106
2.09,0.9115043406927236,0.9134474416989821,0.0016811172997313,0.0016790454488297359,0.8643155332924061,0.8620728906142903,0.0025983690595636,0.0034587692528716017,0.8922319066434898,0.8947608742472155,0.002683187100168,0.0025262821251285116
2.091,0.9109716980286248,0.9133503537119092,0.0023593871866678,0.0016958440102578362,0.8622723772091817,0.8620807136180115,0.0035264561425964,0.0034604405340993745,0.8895177090240172,0.8945552599247372,0.0031239122230234,0.0025410384238419657
2.092,0.9105041104365464,0.9132387363285617,0.0013116001122446,0.0016863565066031882,0.8523308897644392,0.8616983675845381,0.0043711096811611,0.003482926192051516,0.8864441293562199,0.8942371763730307,0.002468447052761,0.002539246044309102
2.093,0.9015570073883336,0.9127806293112979,0.0013141442000443,0.0016771660792807466,0.8494900182233972,0.861219608786062,0.0037021938430448,0.0034883402081254244,0.8860760640013794,0.893917132750613,0.0032883491038529,0.00255774241614969
2.094,0.9129699198016926,0.9127880524677839,0.0025200057529157,0.0016979769354198812,0.8568367047224076,0.8610477301953304,0.0044784489905035,0.0035127873385545133,0.8967477130138097,0.8940281358981894,0.0021856356199701,0.0025485545940217985
2.095,0.911224254357386,0.9127267270516899,0.0019211773232892,0.0017034880561080123,0.8482359817692036,0.8605453086884235,0.0042052769601063,0.0035298858477286316,0.8904531652733105,0.8938879409717235,0.0032627336732249,0.002566188645360147
2.096,0.914126592596745,0.9127816237397313,0.0020163080991538,0.0017112120077881555,0.8461110671181665,0.8599792599993938,0.0048743857903128,0.003563083377175154,0.8953516906806173,0.893945342921092,0.0025906723720495,0.002566793181821613
2.097,0.9178214984182942,0.9129792658839886,0.0014103887295166,0.0017037842725221909,0.8604416145599072,0.8599973915507866,0.0041019030693605,0.0035763875671056566,0.8942623477170205,0.8939577744817166,0.0023981224238951,0.002562628471749353
2.098,0.9118463478759856,0.9129348377268119,0.0016258230747542,0.0017018593046760676,0.8566862033051361,0.8598675410313493,0.0039099967403497,0.0035846248306425467,0.8811109767806086,0.8934539784934379,0.0043530594075167,0.002606836643002868
2.099,0.9077955653180716,0.9127332976323516,0.002745103359055,0.0017276184171298686,0.8539780607313109,0.8596365810195831,0.004526030021995,0.0036078694032685337,0.895071519680736,0.893517411481175,0.0027889679105141,0.0026113337113364784
2.1,0.913301548462638,0.9127555819786374,0.0012488382578398,0.0017157966848017185,0.8560727354577331,0.8594968223700988,0.0037004753297771,0.0036101559693551646,0.883840470027036,0.8931379235810126,0.0028369381391508,0.0026169041910355973
2.101,0.903052134367514,0.9123750546213384,0.0023293061081627,0.0017309450656254465,0.8535947657812472,0.859265369170536,0.0040389039715318,0.003620742339779279,0.8841704692266282,0.8927862587043701,0.0045565507860551,0.0026647966995545975
2.102,0.914038759674194,0.9124402979567445,0.0017155451995618,0.0017305648220189366,0.8590755058095656,0.8592579235485371,0.0038261653893989,0.003625814513843961,0.8889186511286105,0.8926345878190463,0.0034029327167795,0.002683022280226817
2.103,0.9130777033305062,0.9124652942459115,0.0016881337297356,0.0017295171407279899,0.8534269773242014,0.8590292589907201,0.0040251956778111,0.0036356757771517914,0.8857792927855924,0.8923657527196951,0.0042185171680147,0.0027209357342462713
2.104,0.9126886822813504,0.9124740545610267,0.0018640867031702,0.0017328398459734765,0.8549995118931722,0.8588712296927771,0.0046624307722183,0.003661027752338619,0.8741996144520574,0.891653355140572,0.0040661313638715,0.0027541504411505977
2.105,0.9117081928509384,0.9124440207684742,0.0025663063053623,0.001753419264723818,0.847715298040459,0.8584337421769999,0.0036439847918577,0.0036606069384995843,0.8858217667333155,0.8914246653991109,0.0038241530192898,0.002780570257894776
2.106,0.9061105558708996,0.9121956495960203,0.0018559751497999,0.0017559515087997707,0.8510684326225244,0.858144906508197,0.0049009212547144,0.0036912319833443943,0.8893720316440263,0.891344169957735,0.00282419940331,0.0027816475207445347
2.107,0.9098708295193326,0.9121044801812481,0.0015489362417144,0.0017508400207235887,0.8573708821584124,0.858114552612127,0.0032824087834361,0.0036811375833466584,0.890322321384656,0.891304097464673,0.0030393215571262,0.002788009842630502
2.108,0.910971267321596,0.9120600404612618,0.0022895737544044,0.0017641420882218805,0.8574813939794602,0.8580897228618263,0.003653731573718,0.0036804608917508893,0.8916894756538216,0.8913192103348359,0.0025043631738604,0.002781006221179388
2.109,0.9068853323064208,0.9118571107296993,0.0023463683563195,0.0017785180454588589,0.8415082276140589,0.8574394681462275,0.0039379323792819,0.003686818212430667,0.8853657872406384,0.8910857427625143,0.0032632032033523,0.0027929123195046452
2.11,0.9103714922951452,0.9117988511832462,0.0017911891494014,0.0017788309122228725,0.848334496756155,0.857082410444656,0.0047993755234944,0.00371428876332113,0.8854445185923009,0.8908645182852509,0.0041009820443912,0.002825210337403079
2.111,0.919040605325641,0.9120828415417714,0.0016318706856988,0.0017752022646543768,0.8616287373606693,0.8572606977746957,0.003372107526698,0.003705839843898337,0.8993296237689798,0.8911964832061815,0.0025619103889236,0.002818709104107289
2.112,0.9123658652057834,0.9120939405089876,0.0025173348810922,0.001793526526788644,0.8597386102460316,0.8573578708127872,0.00417605744293,0.003717450154985539,0.8969300470342564,0.8914213288464982,0.0018388585195602,0.002794515262513534
2.113,0.9053933455902587,0.9118311720808021,0.0014041399608101,0.0017839120436780626,0.8595448946911969,0.8574436364550778,0.0036029154688533,0.0037146221380440023,0.8943034487588671,0.8915343531567871,0.0022926781914441,0.002782124223721696
2.114,0.9040616708353378,0.9115264857574505,0.0018900495891624,0.0017865327238134785,0.843762028941153,0.8569071028270808,0.0059106305808034,0.00376884456872942,0.8813984315286483,0.891136866034115,0.0032712699621922,0.002794201896276523
2.115,0.9178232079666884,0.9117734160401657,0.0016966452602398,0.0017843132802684496,0.857913351485276,0.8569465635587747,0.0046059034219228,0.003789512688561355,0.8968626143907312,0.8913614051853549,0.0032402520124165,0.0028052154793910904
2.116,0.90988680125729,0.9116994311467196,0.0017195400337336,0.0017827139408478363,0.8482576693541356,0.8566058226095733,0.0052766512046862,0.003826232158095302,0.8959714392752197,0.8915421908359377,0.0036664675867382,0.002826480963523118
2.117,0.89758107004012,0.9111457699268528,0.0032652284046412,0.0018193192362501416,0.8392000689297371,0.8559232440338934,0.0046370428939643,0.0038462521762649073,0.8794285215768002,0.8910671449826381,0.003957316263299,0.0028544028227768434
2.118,0.9102814967713352,0.9111118768619305,0.0015142065734362,0.0018117855902547357,0.8551205803282486,0.8558917670258288,0.004140427644707,0.003853515768078293,0.8807302821197415,0.8906617778115441,0.0027764269490909,0.0028524774925623754
2.119,0.9097480583807012,0.9110583937842353,0.0016010022935907,0.0018065810644111791,0.8545161787116637,0.8558378223860577,0.0042883048943276,0.0038642513020597574,0.8893709117576076,0.8906111556133506,0.0030562407783256,0.0028575086848034426
2.12,0.9068247882922766,0.9108923700394526,0.0024007490460024,0.0018212518787714565,0.8435975950304848,0.8553578134701528,0.0057347363328865,0.0039104361176357265,0.8924522576402772,0.8906833556928379,0.0026183049987569,0.0028516024209504416
2.121,0.9084504628153112,0.9107966089718391,0.0016995651113839,0.0018182472672310232,0.8563751714675109,0.8553977098622061,0.0044694700097398,0.003924239423613605,0.8941648387856642,0.8908198844415761,0.003129848715871,0.002858472699837369
2.122,0.9005502580725921,0.9103947912895157,0.0026133302968184,0.0018378789469739214,0.8515070769234182,0.8552451360214693,0.0042893073551665,0.00393325344661491,0.8864766717739505,0.890649562376179,0.0056748258088723,0.002928012282776503
2.123,0.910963988025808,0.9104171127301547,0.0022119742888128,0.0018471158689946344,0.8504114344183746,0.8550555790958578,0.0047305318692307,0.0039529393335930784,0.8916105282952662,0.8906872473141825,0.0028438409426345,0.0029259339780816386
2.124,0.9140414235273552,0.9105592425653389,0.0011706924515235,0.0018304140562175693,0.8555034795970752,0.8550731438213958,0.0042516483546483,0.003960314864977159,0.898074952400968,0.8909769612391545,0.0018589670568532,0.0028995891158290843
2.125,0.9128718120094392,0.9106499315631468,0.0017726978467715,0.0018289889646263082,0.8586276738260736,0.8552125371549125,0.0036907718866829,0.003953659482797054,0.895854286032662,0.8911682288781155,0.0024325535537665,0.002888057373555934
2.126,0.9139323804644482,0.9107786550494723,0.0018730859835651,0.0018300777799087474,0.846864499464429,0.8548851631278347,0.0060813965019258,0.004006196199318752,0.89444202803279,0.8912966131586909,0.0032447261287558,0.002896864009486795
2.127,0.9064835994347468,0.9106102214959537,0.0024536682693884,0.0018454750759452822,0.8595140146398471,0.855066686716541,0.0042935570581846,0.004013291529167291,0.8896767064692757,0.8912330874061649,0.0034466915050186,0.00291043999703079
2.128,0.906836145816704,0.91046221852814,0.0031237432524348,0.001877037253142554,0.8521835087656564,0.8549536209145455,0.0039553845504576,0.004011861727223842,0.8906824299638917,0.8912114929966639,0.0032824766453531,0.002919626087112822
2.129,0.9077179417316288,0.9103545998302377,0.0024191901642578,0.0018904237447750292,0.8484936930890852,0.8547002904115863,0.0051231578741885,0.004039301138260006,0.8871737669698461,0.8910531507995337,0.0030036072330798,0.0029216996956552164
2.13,0.913370240978684,0.9104728602674316,0.0017193861258925,0.0018862005936915098,0.848821141751158,0.8544697355621579,0.0043826390586548,0.004047778617775927,0.8868414991458367,0.8908879879895848,0.0034706746881052,0.0029352546337404013
2.131,0.8996011370759025,0.9100465181814892,0.0032357625573783,0.001919523111313406,0.8494205978854643,0.8542717301630719,0.004553011690586,0.004060253508462596,0.881361205286061,0.890514388667878,0.0026174724907342,0.0029274081610735814
2.132,0.9066169511510712,0.909912025356767,0.0021369441477949,0.0019248915319672701,0.8533305066263104,0.8542348194361401,0.0033562701803131,0.004042871204063842,0.8793231937339109,0.8900755182783107,0.0035310745785697,0.002942313504715461
2.133,0.9075795899972706,0.9098205573034533,0.0020320697922562,0.0019275379087645276,0.8447059630612185,0.8538611387939864,0.0035415514649887,0.004030492938901493,0.8884516346404472,0.890011836567022,0.0027351935939997,0.002937199432845936
2.134,0.9145670620215488,0.9100066947433788,0.002106361304618,0.0019319533012547368,0.8645967898772597,0.8542821447188208,0.003413049347117,0.004015247418116691,0.9025120184912804,0.890502039779738,0.0019761674008374,0.0029134702468704165
2.135,0.9127776543901136,0.9101153598275644,0.0018774826757995,0.0019306083475397928,0.8561096828018772,0.8543538128789406,0.0037818437365168,0.004009484364250027,0.8865207614225125,0.8903459112167095,0.0025130036978309,0.0029035821839311694
2.136,0.9112747829908492,0.9101608274025952,0.0016758228407053,0.0019243173473710402,0.8626929056852026,0.854680836126245,0.0033831119508201,0.003994018378733239,0.8976394515917868,0.890631932407889,0.0012450458888163,0.002862630670471543
2.137,0.9059560113609412,0.9099959326558636,0.0022826390436885,0.0019331647966628295,0.8414093227223449,0.8541603846202097,0.0052857311873807,0.004025912522156633,0.8818932928450904,0.8902892406603283,0.0044755011605782,0.0029024546331902256
2.138,0.9111574841984464,0.9100414836967493,0.0017852174536821,0.0019295117758484903,0.8580775201997692,0.8543139977801923,0.0045298759251598,0.0040383560629715255,0.8890264175632407,0.8902397181859327,0.0029851495328454,0.0029044964825644276
2.139,0.9128596132596638,0.9101519985815695,0.0015750548987124,0.0019207597541908092,0.8527737039601949,0.8542535941009768,0.0042344668399957,0.00404319830437953,0.8951834302557042,0.8904335892474925,0.0023385731874297,0.0028905230678697427
2.14,0.910996044768094,0.9101850984320214,0.0015237083837676,0.0019109560166494955,0.8521871342054386,0.8541725564580144,0.0042306632790361,0.004047827069185865,0.8803259567377971,0.8900372115020141,0.0030206200461477,0.002893735338938334
2.141,0.912966883347784,0.9102941880365611,0.0015011374920188,0.0019008370407326881,0.8547744312500474,0.8541961593910352,0.0050012172919372,0.004071367568513058,0.9012529143350468,0.8904770429856624,0.0027144711071609,0.0028893090616104963
2.142,0.9110155609036944,0.9103224771686056,0.0014007894586828,0.0018884901868549129,0.8493711371553507,0.8540069428327731,0.0050914572161371,0.004096554967219825,0.89051018997045,0.8904783428674188,0.0027995167180289,0.002887091966707247
2.143,0.9054118697346752,0.9101299043280593,0.001940364588232,0.0018897710362716313,0.8577539831003588,0.8541538855883647,0.0037858801349481,0.004088883983706942,0.8885991775813444,0.8904046501111021,0.0021845875356284,0.0028697461782855468
2.144,0.9086934683137264,0.9100735735039678,0.0018066111940771,0.0018877177068347293,0.8503141026647079,0.8540033058658683,0.004648112090396,0.004102692085106672,0.8827121658584179,0.8901029840619773,0.0026252271088222,0.0028637086703975625
2.145,0.9134560573767668,0.9102062199303521,0.0014105192803412,0.0018759350296373581,0.8622096053910941,0.8543251215335241,0.0024469235473947,0.004061808911336007,0.8803051258036363,0.889718754326356,0.0023495701774091,0.002851013892792909
2.146,0.911126303980966,0.9102423016578272,0.0014363409865809,0.0018650808557347295,0.8547574832309618,0.8543420768942079,0.0036690261657761,0.004052110571939466,0.8834349203118173,0.8894723294630409,0.0030611918491158,0.0028562034719613752
2.147,0.9125146069719414,0.9103314116701455,0.0018731671223343,0.0018652805166384228,0.8517257930764871,0.854239477528807,0.0043915737626304,0.0040604923791170205,0.8841670602951773,0.8892642796917521,0.0026273016139114,0.002850551574231746
2.148,0.90383336933506,0.9100765864805345,0.0023722468919335,0.0018777982049173136,0.8512605013587223,0.8541226549339018,0.0043561395900179,0.0040677923102503755,0.8911019753104263,0.8893363461866021,0.0034846407929596,0.0028662080981509525
2.149,0.9150364412475492,0.9102710905890449,0.0014284904758321,0.0018667041869152095,0.8600325757569408,0.8543544165348053,0.0042853423071033,0.004073163915110942,0.8936547280709919,0.8895056944957939,0.0034337773977258,0.0028802221549305783
2.15,0.9157685253608312,0.9104866762663698,0.001869193796021,0.0018667656587449822,0.8655127137260351,0.8547919968168142,0.0046603714810081,0.004087662867355317,0.889559904965762,0.8895078203965769,0.0016602267774834,0.0028500988122775613
2.151,0.8996256417703837,0.9100607533449586,0.002483802125825,0.0018820011270679455,0.8501471244527311,0.8546098449593993,0.0043397226046043,0.004093886564571341,0.8930915534482371,0.8896483589476224,0.0019843412888395,0.0028287220833037815
2.152,0.9092787298611424,0.9100300857573581,0.0019019757635224,0.0018824943279680555,0.8494467552179416,0.8544073708518911,0.003793470611027,0.004086468886706048,0.8910536068350944,0.8897034667079154,0.0036150285993201,0.002848137059007888
2.153,0.9158746061575386,0.9102592826357966,0.0014494164193615,0.0018718010462740664,0.8448801985793217,0.8540337562529667,0.0036419988029331,0.004075494316736345,0.8887048862601774,0.8896643066903572,0.0030599000898221,0.0028533657758181155
2.154,0.9097891552069854,0.9102408462660393,0.0013157638265905,0.0018580717322078057,0.8477462318009146,0.8537871866666118,0.0038133540287376,0.004069021717032672,0.8822215465201494,0.889372433742506,0.0033291331332122,0.0028651131179759943
2.155,0.9132685981581145,0.9103595816343559,0.001409090457005,0.0018469857747953906,0.8558809250726368,0.8538692940550834,0.0032475861646155,0.004048739357713729,0.8881524725291471,0.8893245921262958,0.0030079139758507,0.0028686390650840116
2.156,0.9044029160531504,0.9101259869056813,0.0018929700314177,0.0018481211885391512,0.8492456002845126,0.8536879727307471,0.0050984460500345,0.004074658041474736,0.8943221798871321,0.8895205759600541,0.0031296244026711,0.002875083147493569
2.157,0.9017694988118712,0.9097982814902377,0.001955291605812,0.0018507673716816905,0.8432378817892605,0.8532781652428457,0.0039878626385472,0.004072514945106155,0.8851509849976562,0.8893492194517246,0.0023493401924128,0.0028621018399607105
2.158,0.9046024145988014,0.9095945220042989,0.0021062019005006,0.001857074397084627,0.8476431978360446,0.8530571861288535,0.0055505013359707,0.004109008436238614,0.8852555184938666,0.8891886821592597,0.0022461883030729,0.0028468940983091594
2.159,0.9042192333158244,0.9093837263694567,0.0024335733446045,0.001871308938998698,0.8538454685106022,0.8530880991634319,0.0051608647696008,0.004134980197556199,0.885092128037109,0.8890280329779989,0.0021549224996769,0.0028298083798244124
2.16,0.9094864685256732,0.9093877554736222,0.0014863285906618,0.0018618032513854413,0.8586497880233877,0.8533062046089204,0.0026926037695062,0.00409936596476484,0.8906057069989022,0.8890899025474461,0.0018516803616218,0.00280565707073299
2.161,0.9043659373532528,0.909190821429686,0.0020412150670642,0.0018662331727602257,0.8595137459826164,0.8535496376039673,0.003951872394884,0.004095724148224573,0.8797080938270212,0.8887219884799784,0.0033703840869968,0.0028196009476777755
2.162,0.8968850502960479,0.9087082421695434,0.0026147482497954,0.001884715026514181,0.84137829226494,0.8530723299436133,0.0042875319970381,0.0041004601444915734,0.8893347049570033,0.8887460165771167,0.0026283690670878,0.0028148791728483933
2.163,0.9071659102629298,0.9086477585653624,0.002516608875567,0.0019003173437747442,0.8494820812337043,0.8529315358765579,0.0045568261386172,0.004111728440642823,0.8796187254577096,0.8883880835920419,0.0024661346201756,0.0028062681962391887
2.164,0.902511365540944,0.9084071157016598,0.0027012008310176,0.001920092244694321,0.8562410423198767,0.8530613204429626,0.0037441100088921,0.00410265144232799,0.8867813140125336,0.8883250730202964,0.0018970226249121,0.0027838176883051868
2.165,0.9032045740460458,0.9082030944602631,0.0020460307771733,0.001923201838088864,0.8509293751568032,0.852977714745466,0.0029024170295885,0.004073016024729484,0.8857877074160975,0.8882255684867983,0.0024997588161497,0.0027768038889927054
2.166,0.8990781759847227,0.9078452545200459,0.0021341365666785,0.001928410102992312,0.8556038758449866,0.8530807014552512,0.0031463936255308,0.00405013645931717,0.881419319777973,0.8879586567727267,0.0039344755414604,0.002805388374238821
2.167,0.9089608938076208,0.9078890050803429,0.0021555080266197,0.0019340174591312598,0.8443283718036941,0.8527374728414646,0.0040857318567879,0.004051015358020151,0.8741246772149026,0.887416147770459,0.0032238390538333,0.002815720489784364
2.168,0.9117793172456882,0.908041566341729,0.0019662176428744,0.0019348125253965227,0.8452056874548796,0.8524421087086573,0.0035098531805427,0.004037653328946633,0.8812729379492268,0.887175237581391,0.0028175271645721,0.002815765099038382
2.169,0.907467702672222,0.9080190618841013,0.0020336931501149,0.0019372540223031491,0.8553006846124505,0.8525542097244924,0.0041575399213056,0.004040613491720929,0.8860508268809735,0.8871311430441198,0.0030218190493851,0.002820852850898795
2.17,0.9023787221573524,0.9077978720908954,0.0019072906088468,0.0019365141849338565,0.8493339254098494,0.8524279240650946,0.0039832786111359,0.004039197815657101,0.8869239252270167,0.8871230168552137,0.0030012139880745,0.0028253062123105408
2.171,0.9088022798513798,0.9078372606305222,0.0019836551058123,0.0019376781582888798,0.8578905348247572,0.8526421440948854,0.0031319248873141,0.004016796014957274,0.8999901569206799,0.8876276105832712,0.002422929151829,0.002815370976249268
2.172,0.9096881154214056,0.9079098431713412,0.0018433274743029,0.0019353485117707073,0.8544776222260849,0.8527141236294423,0.004541500140993,0.004029751672390254,0.8787367223571732,0.8872789482998948,0.0034166322960656,0.0028302169347632516
2.173,0.9074828658209424,0.9078930989615216,0.0017681525932546,0.0019312202174863588,0.8489747023399989,0.8525674796573073,0.0037643361471544,0.004023198202631344,0.8889924476515176,0.8873461443528997,0.0027947364201001,0.0028293408726728034
2.174,0.9145477430982152,0.9081540653982547,0.0014670538177678,0.0019197593187278755,0.8576321423102821,0.8527660938789927,0.0026186097242436,0.003988517005634116,0.8863476032402791,0.8873069858778949,0.0021416417119173,0.0028123606464813098
2.175,0.9075124649752444,0.9081289045973524,0.0017838044584662,0.0019164024085979575,0.8576940634544375,0.8529593475878338,0.0029767220126746,0.003963534413215362,0.8733139300866466,0.8867582385919635,0.0024637303624202,0.0028037524913193074
2.176,0.907442196680269,0.9081019748751138,0.0011693092570147,0.0018979556641144201,0.8591134403813684,0.8532006845601292,0.0024356189982577,0.0039258081066731974,0.8917081222091046,0.8869523516749886,0.0023914898813724,0.002793573167616915
2.177,0.9071263067836454,0.9080637133813306,0.0018614781230681,0.001897054984088585,0.843986145182467,0.8528393300747307,0.0033381784865213,0.003911298733336114,0.8890586757223465,0.8870349526180222,0.0026841867724684,0.0027908722689712726
2.178,0.9046889847403996,0.9079313710816863,0.0023122195170965,0.0019073059602122372,0.8428510492552204,0.8524476327876911,0.0056352814199157,0.00395386620707882,0.8823930170343692,0.8868529159284673,0.0031702835623715,0.002800240449055229
2.179,0.9078140501737544,0.9079267702617674,0.0017403782024236,0.001903184287180419,0.8417027934512888,0.8520262665392048,0.0042743401892827,0.003961779144911014,0.8897368044413962,0.8869660095956411,0.0023201886987752,0.0027883873194186853
2.18,0.9070519404717396,0.907892463211178,0.0020563966637659,0.0019069673088245051,0.8459335848590771,0.8517873378458664,0.0043830791858887,0.003972181615058611,0.8785707932690466,0.8866367854259707,0.0030960838033473,0.002795984763466306
2.181,0.9118492307912024,0.9080476305672573,0.0020291873863868,0.0019099850885174012,0.8510289783939445,0.8517575982595165,0.0033319363261471,0.003956373089406474,0.8916365612999599,0.886832855068088,0.0028412966358116,0.002797103575129153
2.182,0.9077500130433978,0.9080359592918118,0.0019493743674763,0.0019109576633065098,0.8571509457680911,0.8519691020833821,0.003203637744953,0.003937787031518734,0.8946432392182555,0.8871391446426042,0.0033103669634685,0.002809776745211606
2.183,0.9136356273208104,0.9082555541164785,0.0017911102905911,0.0019079984689184752,0.8525907251510425,0.8519934794585845,0.0052252536324377,0.003969576330306856,0.883490138689184,0.886996046369921,0.0024552191241845,0.002801022236050443
2.184,0.909776311035349,0.9083151916427088,0.0025265403688233,0.001923271108422298,0.843235015809902,0.851650010295891,0.005462016809918,0.004006426712519478,0.8749746431043062,0.8865246187908773,0.0048482848903962,0.002851571931219474
2.185,0.911370932624159,0.9084350246223736,0.0014153758317159,0.0019107304843060907,0.8544517667398788,0.8517598830976161,0.0046140139451741,0.004021428866412185,0.8818327878254775,0.8863406254196851,0.0029456710636017,0.0028538953665869365
2.186,0.9036873418404832,0.9082488409838682,0.0024348751919069,0.0019236723289382093,0.8489975733295014,0.8516515572243567,0.0036169900403719,0.004011442722559338,0.8877021546598978,0.8863940187232229,0.0028547488603962,0.002853916440508153
2.187,0.90520399955667,0.9081294354377034,0.0015275090594674,0.0019138905198154731,0.8496196205536498,0.8515718734333486,0.0028759622728313,0.0039834061682450655,0.8803521727340314,0.8861570835863918,0.002486521008141,0.002844844948350939
2.188,0.8979921142598223,0.9077318934307277,0.0035550609135787,0.001954413245587405,0.8308586718621733,0.8507595910187927,0.0046448136687896,0.003999737217641227,0.8671279954667072,0.8854108448366002,0.0038038317807368,0.0028685236355703433
2.189,0.905590467212943,0.9076479159319911,0.0011557413831476,0.0019346929526876566,0.8522292582292114,0.8508172250270445,0.0039938107462268,0.00399959088501371,0.8848563587871887,0.8853891002856429,0.0034556283320756,0.0028830200478297324
2.19,0.8989973693679236,0.9073086788118316,0.0019948442603347,0.001936178170160423,0.8355141334772466,0.8502171037897975,0.006036860360417,0.004049893835023668,0.8701240872628286,0.8847904723239638,0.0036421802158316,0.002901764743335951
2.191,0.9058776761275578,0.9072525610595071,0.0020318908998073,0.0019385414474356547,0.8487499463268007,0.8501595682030134,0.0039770769074764,0.00404809588619534,0.8804751580956387,0.8846212443150099,0.0041172703708449,0.002931777227965802
2.192,0.9098261940862452,0.9073534878448695,0.0020729675182469,0.0019418606096779077,0.8452784278220865,0.8499681509331732,0.0051638267024983,0.004075644795239858,0.8841476041728811,0.8846026701917892,0.0057743094773247,0.003001963209431454
2.193,0.898883447199639,0.9070213293881938,0.0028494744094896,0.0019642708269572086,0.8408628299322036,0.8496110795213705,0.0058415286591309,0.004119246865953217,0.8818264189744156,0.8844937975950294,0.0023405743879641,0.002985632621247075
2.194,0.9047723347730394,0.9069331335209329,0.0018916122779532,0.001962476788710196,0.8530387905777463,0.849745499562797,0.0031692503255941,0.004095790161252991,0.8793703014293239,0.8842928761767666,0.0028416759516733,0.0029820781355785865
2.195,0.9004629309443015,0.9066794000865551,0.002210675822863,0.0019686051599238454,0.8477852338967431,0.8496686263994223,0.0030042914748992,0.004068839576404749,0.8803822929574843,0.8841395199720888,0.0045849213542844,0.0030216545113491006
2.196,0.893162817052107,0.9061493380067729,0.0038095955456474,0.0020140617126577606,0.8358204041467403,0.8491255588601015,0.0062088237742466,0.004121678692400843,0.8771788337012687,0.8838665518830371,0.0045475328879994,0.0030593305206491083
2.197,0.9043976330416588,0.9060806436944154,0.0022175615443715,0.002019086399860569,0.8433357071518603,0.8488985058519353,0.0042877491122015,0.004125779196593452,0.8783290423068831,0.8836493946447566,0.0039039903357337,0.0030801863185524313
2.198,0.8981970510686907,0.905771483199289,0.0018651663952858,0.0020152859059204514,0.8350214252141467,0.8483543066112378,0.0052129480047651,0.004152622870869295,0.8776124431136059,0.8834126514474565,0.0041021731717264,0.0031054205618406775
2.199,0.9055635705725352,0.9057633297629457,0.0020158020341105,0.0020152986498263785,0.8522148883031786,0.848505701971706,0.0029906025763018,0.0041239310117441716,0.879496902716189,0.8832590926736812,0.0027211408343573,0.003095932173507754
2.2,0.9032330631509377,0.9056641036212983,0.0018245900192241,0.0020105897947497787,0.8548159077969695,0.8487531610236771,0.0040704856167213,0.00412261137236089,0.8810342387580086,0.8831718435005176,0.0025289635097431,0.00308193294724196
2.201,0.9066061773075674,0.9057010476874265,0.0011292865362961,0.0019888292204669716,0.8398511454271512,0.848404062372833,0.0046154707437326,0.004134780739555253,0.8845719272638704,0.8832267487461393,0.0034939185587096,0.003092105431475729
2.202,0.9110480189408596,0.90591073283462,0.0018101202597361,0.0019844166535353453,0.850340588993457,0.8484800045932496,0.0051305506808796,0.004159367651686718,0.8837732977906667,0.8832481820420032,0.0033449524638733,0.003098348568078138
2.203,0.9092196295571604,0.9060404934904059,0.0018614853960254,0.0019813813138437417,0.8515914152331736,0.8486020206967759,0.0059357674575678,0.00420322937528872,0.8818868440860421,0.8831947962398087,0.0035116577927297,0.0031085537341189167
2.204,0.904333472510242,0.9059735514911839,0.0020016147036898,0.0019818809037164837,0.8504763251283441,0.8486755228313472,0.0041063765374857,0.004200837947194819,0.8843124469837207,0.8832386256807463,0.0041985730584169,0.00313546779150899
2.205,0.8975478164104038,0.9056431305076239,0.0024351235999609,0.001993072081401531,0.8490985562366703,0.848692112376654,0.0068146878044768,0.004265377449843757,0.8815884909812033,0.8831739145160584,0.0029368983448987,0.0031305648422099703
2.206,0.9073371775147522,0.9057095637235897,0.0014401831786082,0.001979420503554782,0.8440590324815749,0.8485104229690038,0.0038462382548533,0.004255028333918067,0.8792280224472777,0.8830191736506161,0.0028522470504819,0.003123692797969771
2.207,0.9012581647469536,0.9055349990578392,0.0025254386712771,0.001992902433622,0.8435814494504735,0.8483171298898458,0.0049203324964082,0.0042714555971894285,0.8771128836088231,0.8827875544332909,0.0018067064807522,0.003091174617297732
2.208,0.9148128402721292,0.9058988359682035,0.0015308233767272,0.001981493074192499,0.8491577930893147,0.8483500970741386,0.0049833074742012,0.0042890321867452745,0.8861358808277603,0.882918861350721,0.0040204423688399,0.0031141195000518596
2.209,0.8978589556303377,0.9055835465431892,0.0022788507659586,0.001988835239421292,0.8350091279978905,0.8478269218162464,0.0043585197360808,0.004290747928704177,0.8703358566819356,0.8824254101872393,0.0044322604903968,0.0031466661911714877
2.21,0.9014591008509794,0.9054218035748672,0.0023649946602013,0.0019981231263541317,0.8388875823061763,0.8474763594825182,0.0050955901603917,0.004310620576400166,0.8715332560198532,0.8819982668865575,0.0050525574177827,0.003193725233803863
2.211,0.904114436220982,0.9053705342668718,0.0021209744125659,0.00200115649144578,0.8458225175467361,0.847411502936017,0.0057249142572279,0.004345541408025542,0.8797389387831166,0.8819096657844617,0.0044035794605284,0.0032235981776736053
2.212,0.9065369714638302,0.9054162769020465,0.0016898705321576,0.001993470418376936,0.8398665090398798,0.847115620822443,0.0041957983450703,0.0043418440484464,0.8777988141054505,0.8817484559146965,0.0026386976794543,0.003209156190063252
2.213,0.9004822385862913,0.9052227852033895,0.0017106168755843,0.001986486380283291,0.8396509249880991,0.8468228876524687,0.0038420333036866,0.0043295030424029485,0.8784139714072723,0.8816176918163662,0.0025019098075021,0.003191693316419766
2.214,0.9054808399207946,0.905232904996229,0.0017757760100077,0.001981283655091301,0.8364686072981855,0.8464168374424968,0.0043973067555204,0.004331177208158935,0.8854509230273678,0.8817680146089545,0.0027680649974458,0.003181233357926582
2.215,0.9047605668573028,0.9052143819319574,0.0020240488779424,0.001982339586519723,0.8412472847120136,0.8462141098844388,0.0047393365547221,0.00434125521671605,0.883371797316168,0.881830908048453,0.0031106138303795,0.003179489665888382
2.216,0.904440939729809,0.9051840508652064,0.002720690414733,0.0020005704711669645,0.8383971026131403,0.845907560579682,0.0058815292825258,0.004379286675131106,0.8818319479875232,0.8818309488303773,0.0041486039141887,0.003203418412759995
2.217,0.9057784793694492,0.9052073617869414,0.0019906125565344,0.002000324596731593,0.8488058766816469,0.8460212200346608,0.0033092916734945,0.004352867045461066,0.8831945499375995,0.8818844233836016,0.0025592469555231,0.003187512944680071
2.218,0.9038820420013292,0.9051553884620154,0.0025056822353615,0.0020128025631175168,0.8442888487559475,0.8459532839060838,0.0049815640284147,0.004368390427756218,0.8851188369810675,0.8820112631325219,0.0027234418661224,0.003176054399530499
2.219,0.9024871102595772,0.9050507501011354,0.0014386555203322,0.0019986260929252867,0.8417419288639437,0.8457881327279607,0.0033228604417899,0.0043425748725471735,0.8709937943846395,0.8815792055345656,0.0036611965648801,0.00318803321842802
2.22,0.9069959007360452,0.9051270305181908,0.0016540859154958,0.0019901189280504845,0.8427458154794307,0.8456688261691948,0.0044965330931251,0.004346376310092308,0.8779594129983068,0.8814372528860849,0.0017497307699316,0.0031525195777244047
2.221,0.8940330087321571,0.9046919708403071,0.0027907726184392,0.002009888154973663,0.8252938799579543,0.8448698086707148,0.0050729220340052,0.004364315710682749,0.8776152618507242,0.8812873708846982,0.0031452932493675,0.0031523411498637407
2.222,0.9072075447521462,0.9047906207976342,0.0026542993193124,0.002025799541747459,0.8456606239306107,0.8449008210338479,0.0051441856990518,0.004383571759778282,0.8729132764698397,0.8809589750252921,0.0039577834946091,0.003172228615166095
2.223,0.9081403573802552,0.9049219830165605,0.0015370819237083,0.0020137324400674797,0.8507772880473361,0.8451312707206514,0.003381016659148,0.00435881731284914,0.8781101344096527,0.8808472557854631,0.0047340643858673,0.0032107924613562484
2.224,0.9078859599498306,0.9050382174061005,0.0026056743712189,0.002028348290219367,0.8461375191752171,0.8451707314443598,0.004778801966497,0.004369187304297235,0.8824437739506579,0.8809098643409609,0.002928448209724,0.0032038209983529828
2.225,0.8992945802078336,0.9048129767316587,0.0015238685099631,0.0020158919993488417,0.8330958568152855,0.844697206949102,0.004715069450557,0.004377727604204884,0.8691666745655002,0.8804493470948643,0.0034177766829401,0.0032091038547625416
2.226,0.9022511324501457,0.9047125122500307,0.0020962046457411,0.0020178750276548234,0.8430940066447467,0.8446343363489313,0.0043972602571208,0.0043782098919312035,0.8864456079188003,0.880684494578156,0.0029588205518524,0.003202924020122785
2.227,0.9010662965747396,0.9045695234000193,0.0020809970545095,0.0020194335962191363,0.8452371414414795,0.8446579757643252,0.0046787665293301,0.004385631043471917,0.8869180958093367,0.8809289495283983,0.0045282429352956,0.003235647943954213
2.228,0.908814801027234,0.9047360048755962,0.0021677794419128,0.0020230964566066343,0.8503535303288423,0.8448813308452866,0.0040083571535315,0.00437631563878203,0.8733267668832817,0.8806308247187858,0.0040076608782537,0.003254709991714694
2.229,0.9072689520732172,0.9048353361382481,0.0015264567957354,0.002010833748930801,0.8507030836226399,0.8451096348757711,0.0037753634926161,0.00436147731418534,0.8837377451408859,0.8807526647353388,0.0042705913800206,0.003279793482783975
2.23,0.8989652170144189,0.9046051353882939,0.0026060947517966,0.0020255315514706974,0.8371234303968319,0.8447964503864009,0.0051066295654307,0.0043798761352037445,0.875269759586265,0.8805376488471397,0.0027224261764281,0.003266031327071484
2.231,0.9130910665527828,0.9049379170025876,0.0021536409611511,0.0020286947467714482,0.8490344985162042,0.8449626483522755,0.0048331650969731,0.004391068455247432,0.8810849632170195,0.8805591121557625,0.0033297263731162,0.0032676040442577736
2.232,0.8955854128263067,0.9045711521329296,0.0019636709687012,0.0020270892213869974,0.8404718906053854,0.8447865402053387,0.0037973440062394,0.004376408592308962,0.8736151483431961,0.8802867998493873,0.0035925088035244,0.0032756263839927523
2.233,0.9005598134043578,0.9044138447318091,0.0023191358523925,0.0020343002493130595,0.845001888609393,0.8447949852407918,0.0034535751501062,0.004353622581390375,0.8795473945821014,0.8802578035643956,0.0041479552152681,0.0032971653674810325
2.234,0.8974575845886901,0.9041410502163927,0.002253528046763,0.0020397132813488603,0.8427612263674313,0.8447152299908561,0.0049002589357167,0.004367119775324358,0.8804877806153719,0.880266822272277,0.0026728869466782,0.0032817510854859003
2.235,0.901146870852691,0.9040236314178162,0.0023785798656681,0.002048080357504891,0.8433408452411406,0.8446613325496908,0.0047610660501359,0.0043768468438382235,0.8713506446388248,0.8799171682474357,0.0034270072974572,0.0032853376586209943
2.236,0.8949618791337244,0.9036682685831459,0.0041126141312785,0.0020990565000672027,0.8265484511478779,0.8439510234751099,0.0066439759467845,0.004432825340207267,0.878740151070073,0.8798710107110685,0.0040629776012437,0.003304538644858592
2.237,0.906473558443802,0.9037782799502304,0.0022625396804088,0.0021030931218040325,0.8488963384471593,0.8441449573955824,0.0040723689579851,0.004423925182621535,0.882909239681942,0.8799901569452205,0.0029917050133211,0.0032968143576601354
2.238,0.9003387912880823,0.9036433980419109,0.0019307946822173,0.002098838839345101,0.8356401428147037,0.8438114352551558,0.004168014057074,0.004417606389398139,0.8744376447941061,0.879772411370667,0.0047141881326404,0.0033318112409929817
2.239,0.9084785711835512,0.9038330126749163,0.0018813579089504,0.002093468939829182,0.8538275973804705,0.8442042259267367,0.0031300800874451,0.004385815616510409,0.8824461748526716,0.8798772648405495,0.002921219531123,0.0033216731740826123
2.24,0.902985598720194,0.9037997807551232,0.0017058684090524,0.002083898556353212,0.842986384913073,0.8441564674556126,0.0039596405099824,0.004375292774373915,0.8701164563082515,0.8794944880353615,0.0024999849022518,0.003301384574778148
2.241,0.9090054634173969,0.9040039251732516,0.0012710176381708,0.0020638274225709304,0.848178945128816,0.8443142116780912,0.0034262735241196,0.004351860200293561,0.8734753037368534,0.8792584415922827,0.0033167149058025,0.0033017631014701067
2.242,0.8908705204224447,0.9034888896928278,0.0029340097260554,0.002085313405373016,0.84427044797429,0.8443124954544127,0.0042568538629577,0.004349514364803787,0.8515206549858907,0.8781706852547772,0.0053391902209531,0.003352069943926477
2.243,0.9093422768634232,0.9037184342877531,0.0014557712288419,0.002069769154100643,0.8446420928754528,0.8443254208434731,0.0053044611116669,0.004373093296825098,0.8927247274227643,0.8787414320064629,0.0024763136180951,0.0033304463309429865
2.244,0.9022493269659244,0.9036608222359167,0.0029441406963686,0.0020913585748973825,0.8239509944510628,0.8435264237300453,0.0068517441143719,0.00443429455157934,0.8672497478159216,0.8782907777244808,0.0047396272549443,0.0033652409216590688
2.245,0.8976487232551134,0.9034250536484342,0.0027638174964057,0.0021079624988852423,0.8374498608871607,0.8432881271479714,0.0048557952804367,0.004444701976983225,0.8794260570846353,0.8783352984837025,0.0026649526547902,0.0033479498533413184
2.246,0.9005818197909492,0.9033135542814741,0.0023037418633878,0.0021127965572680213,0.8348104350468806,0.842955668634203,0.00410056515089,0.004436204771400676,0.8727125630493288,0.8781147990549035,0.0039206357389178,0.0033620902455777746
2.247,0.8962361772275996,0.9030360100832829,0.0019861635036058,0.0021096698152022874,0.8332147424775549,0.8425736715300207,0.0035556419527817,0.004414462479582924,0.8777897831634953,0.8781020533336719,0.003144505784118,0.003356717789739262
2.248,0.8949841960554359,0.9027202526704261,0.002431743628802,0.0021176222550442557,0.8346268072358353,0.8422620297929938,0.005620187216963,0.004444233460752802,0.8713485110407007,0.8778372085378691,0.0037926396314214,0.003367481292003019
2.249,0.9003000691353521,0.9026253435121879,0.0027275485388308,0.0021326821632858986,0.8419032060041257,0.8422479582718617,0.0056224629719076,0.004473325547447982,0.868552811049386,0.8774731145187129,0.0050894529442425,0.0034099991105768336
2.25,0.8989315770011468,0.9024804899235196,0.0016560827856601,0.002120914277418595,0.8306726251055707,0.8417940236378895,0.0043912335027779,0.004471298583382054,0.8735856596150289,0.8773206653068037,0.0033569263980849,0.0034086886732313535
2.251,0.9052551405632492,0.9025892997525286,0.0019922865583175,0.00211773828435437,0.8397046115324136,0.8417120859082631,0.0042637916001858,0.004466174954167332,0.8746977154285336,0.8772178045272636,0.002609695725334,0.0033889604522956166
2.252,0.8993580797097354,0.9024625852410465,0.0025727294790316,0.0021289726348402275,0.8395015319392904,0.841625397517323,0.0052989278649738,0.004486736754434158,0.8729067266597357,0.8770487426501057,0.0041515723973925,0.0034077903768659104
2.253,0.9036319214989956,0.9025084415648876,0.002677316953309,0.0021425120007283454,0.8472428309602468,0.8418456890248887,0.004659351412883,0.004490998844766229,0.8724039943906338,0.8768665956595382,0.0046360742720562,0.003438118374278016
2.254,0.8963934146642654,0.9022686365883927,0.0026145711359772,0.002154167781845601,0.8391597811939342,0.8417403593060278,0.0057388118392605,0.0045218090421611495,0.867549609534545,0.8765012236546365,0.0039407332821679,0.0034505286189172725
2.255,0.9044586823995164,0.9023545207378487,0.0018222177360249,0.0021459714844179294,0.838702921545038,0.8416212440997145,0.0040413128531758,0.004509944938729413,0.8753954628553416,0.8764578604860367,0.0037222450635983,0.003457237666934088
2.256,0.8986648897421962,0.9022098293262545,0.0024964257340134,0.0021546246757659657,0.8345710952518144,0.8413447676743067,0.0043065626317885,0.004504923153372847,0.8721875961542604,0.8762903991396925,0.0028824873083243,0.003443046300054834
2.257,0.9038523759280032,0.90227424291848,0.0020901346017502,0.0021530323282594036,0.8432530320502359,0.8414196015714019,0.0044527097342488,0.004503633933147561,0.8731631649832196,0.8761677625061053,0.0043508570858676,0.0034654613811860137
2.258,0.9040605578316891,0.9023442944837038,0.0016075550340132,0.002139563753092831,0.8409319202629999,0.8414004768142097,0.0041102281645605,0.004493920210466399,0.8742530976034946,0.8760926776079636,0.0037440220313728,0.003472339421931367
2.259,0.8954862119351518,0.902075350070035,0.003359209367275,0.0021696784596158475,0.8373643767118925,0.8412421983788247,0.0051246500867962,0.004509493787659727,0.872129158529441,0.8759372454872372,0.0028800575699572,0.0034577151786727455
2.26,0.9076218188126846,0.9022928586481782,0.0023918510476363,0.0021751642025299328,0.8349532329463882,0.840995572283435,0.0075685084994591,0.004585025015111563,0.8755147581735852,0.8759206773572901,0.0031424405875155,0.0034499306208663942
2.261,0.901244086125125,0.9022517303139409,0.0020041519279931,0.002170941677232727,0.8404155324303754,0.8409728256225306,0.0041027623078974,0.004573117293945782,0.8769620121631235,0.8759615140163423,0.0026478328593721,0.0034301257378665352
2.262,0.905410928591398,0.9023756204424687,0.0025771203205687,0.002180970779537319,0.8425811536070006,0.8410358973081961,0.0044402673092046,0.004569837047408962,0.8725862016496552,0.8758291488254917,0.0039343413348045,0.003442575505692164
2.263,0.8945821722016112,0.9020699950212585,0.002656040510796,0.0021927008963585214,0.8305722195435596,0.8406255570037005,0.0036756114650723,0.00454775740340065,0.8628465276511831,0.8753200264264992,0.0030260994877311,0.00343229214722399
2.264,0.8940786888984106,0.9017566104674213,0.0030859219932236,0.002214755738256425,0.8443845408654994,0.8407729681355356,0.0041065531867066,0.004536863472124254,0.8726327035679244,0.875214641216359,0.0048283327002941,0.0034667622843368323
2.265,0.8912668736062326,0.9013452482375708,0.0022332502126229,0.002215212391944486,0.8358191232329975,0.8405786997079852,0.0047567149230568,0.004542291903011477,0.8674511345917868,0.8749101899761796,0.0054174430007126,0.0035149272402967276
2.266,0.8964973822187479,0.9011551358446758,0.0026809798118802,0.002226712822066355,0.8346761819898312,0.8403472284249203,0.0054388273861457,0.0045644285816073835,0.8768175892374718,0.8749849899472107,0.0036115785711402,0.003517313692910146
2.267,0.8973608005430314,0.9010063383818662,0.0016533171966386,0.0022125549053891263,0.8363430757266773,0.8401902028289107,0.0040406880035912,0.004551496715483527,0.8744989069695835,0.8749659278696568,0.0027531696176738,0.0034984459379660392
2.268,0.9036688663566704,0.9011107512436233,0.0020595630283315,0.002208777328177827,0.8392129802784107,0.8401518803759499,0.0041940053463142,0.00454266976809663,0.8778419820582322,0.8750787143084244,0.003271194675216,0.003492834795675915
2.269,0.8958724849906391,0.9009053290376239,0.0016246418276029,0.002194354229398199,0.8278999317058656,0.8396714118006525,0.0041825577511172,0.004533778113356397,0.8688587443857806,0.8748347939193012,0.0041678349142422,0.003509501465270144
2.27,0.8931563550299106,0.9006014477039882,0.0027409412774406,0.0022078502058930733,0.8299614796311066,0.8392906301469448,0.0051574737716169,0.004549178006152953,0.8603056679669887,0.8742650242741126,0.0054946277477186,0.0035585169290343038
2.271,0.9004507166302793,0.9005955366814897,0.0015592489550491,0.002191835360193222,0.8361270459664202,0.8391665680222185,0.0054641770620906,0.0045717705754353645,0.8680760009410857,0.8740223174767389,0.0033424683434541,0.003553182396057015
2.272,0.8967355667010738,0.9004441653097088,0.0025434621054701,0.0022005175020519104,0.8427093279220137,0.8393054997829946,0.0038559387983518,0.004554095716741943,0.8691670652753456,0.8738319154296253,0.0032069282226293,0.003544632910293368
2.273,0.8969806937837362,0.9003083428969256,0.002315378996286,0.0022033535883292953,0.8367877662598023,0.8392067651350263,0.0048449346404694,0.004561276924735213,0.879067568043336,0.8740372351399669,0.0032511418991978,0.003537386218661379
2.274,0.8949244392704845,0.900097209421379,0.0017027607261796,0.0021909932707453524,0.8353601960581417,0.8390559192888739,0.0054148828480813,0.004582353614200549,0.8781072020671289,0.87419684168613,0.0030052520655067,0.003524247103768671
2.275,0.8987608955664872,0.9000448049564812,0.0017131396140664,0.0021791944150248844,0.852225844212727,0.8395723869329464,0.0027728124216986,0.004537673584756056,0.879777546619867,0.874415692860002,0.0024021576370735,0.0034965411910107655
2.276,0.8964734257050833,0.899904750868191,0.0018077067116113,0.0021700218791381293,0.8359176291027737,0.8394290630964691,0.004433952040673,0.004535112558976228,0.8659357403890241,0.8740831457042774,0.0051471963445079,0.003537298108381065
2.277,0.8993138343218288,0.8998815776702945,0.0019911759146844,0.002165605929398531,0.8363967160557007,0.839310147526243,0.0048103643914255,0.004541908900518185,0.8779041726935211,0.874232989899934,0.0036602703433134,0.0035403344598608755
2.278,0.9047753506438648,0.9000734903359248,0.0020820217774464,0.002163542123177491,0.8264784638406724,0.8388069442444559,0.0052793191830269,0.004560116561814697,0.8659414136933905,0.8739078300486971,0.0047791857524945,0.003570923380666644
2.279,0.8998569742126095,0.9000649995075595,0.0022785769287206,0.0021663824887464566,0.8324818124369977,0.8385588998598498,0.0039799503209877,0.004545791469448598,0.8672414928837123,0.8736464050618349,0.0064232678709422,0.0036413516396857936
2.28,0.8988362276869735,0.9000168123773404,0.0025248138961573,0.002175232646954132,0.8375603306290839,0.8385197402821727,0.0048696856224593,0.004553788855942689,0.869991777924674,0.8735030863505737,0.0030167662313007,0.0036259297777503593
2.281,0.8927751623048202,0.8997328260999866,0.0022820574437341,0.002177870296257341,0.8275630494950749,0.8380900661336591,0.0068185823861166,0.004609709683848218,0.8740678902734091,0.8735252355240183,0.0032616075074332,0.00361693416613759
2.282,0.9018405657280906,0.8998154825559906,0.0014364457099335,0.0021595635163481103,0.8382036239223777,0.8380945193802756,0.0041390642614635,0.004598088809221435,0.8713275416593723,0.873439051450895,0.0037890595447226,0.0036211841754853684
2.283,0.8945468440720067,0.8996088692821089,0.0031381425204962,0.0021837259608949765,0.8323870032519871,0.837870695218382,0.0041703907835547,0.004587528364143244,0.8747811601136821,0.8734916831631611,0.0038525910587175,0.0036268979256886304
2.284,0.903249582162126,0.8997516423362273,0.0021620434725498,0.0021831905908123793,0.842127329064846,0.8380376220358903,0.00419299680268,0.004577786844107114,0.8807041655952315,0.8737745256114776,0.0036760435153139,0.0036281113970374024
2.285,0.8973856918954486,0.8996588599660006,0.0027085380678011,0.0021961621334540757,0.8375407298332193,0.838018136067158,0.0035307998679569,0.0045519353138318,0.8770869632104118,0.8739044251251613,0.0031854190949762,0.0036171807229124346
2.286,0.8948030196147476,0.8994684348541868,0.0027095135916256,0.0022088374781002863,0.8267301321730506,0.8375754692477813,0.0055722934420068,0.004577129341687973,0.8695722678988642,0.873734536606483,0.0024953768218342,0.0035894818611574165
2.287,0.902088043210666,0.8995711645936565,0.0022459463392878,0.002209753746277756,0.8369616259261803,0.8375513969606596,0.0043734928389745,0.004572101279892579,0.8617098460490482,0.8732629801140347,0.0037400334955651,0.0035931991854637785
2.288,0.8948595264465435,0.8993863944702404,0.0023922025025668,0.0022142586538404486,0.8274541393825029,0.8371554260752417,0.0057566242122185,0.004601348759703096,0.8698796104122168,0.8731302989492574,0.0028327604218301,0.0035744229196950457
2.289,0.9033648485914963,0.8995424122789171,0.0014818746853595,0.002196175099063141,0.841103058130932,0.8373102351754649,0.0054406946981314,0.0046220733507754,0.8710407894607983,0.8730483574006904,0.0035391068467696,0.003573550917894418
2.29,0.8992702149765202,0.8995317378749015,0.0020790563891026,0.002193283279064115,0.8389737051613271,0.8373754692925575,0.004386775151574,0.004616263518696353,0.8773694804938033,0.8732178132082635,0.0046192846812549,0.0035993715046440593
2.291,0.8919838690800355,0.8992357430202008,0.002996443415094,0.0022131143935339888,0.8370841788905072,0.8373640461395359,0.0047874763703202,0.004620490996514226,0.8673541718212701,0.8729878664872048,0.00359018633857,0.0035991447104200083
2.292,0.8947486893525021,0.8990597801312714,0.002023459737458,0.0022084315625197667,0.8462113167125249,0.837710997926712,0.0040005896361404,0.004605184790085242,0.8841287342912282,0.8734247632638332,0.0031633278385429,0.003588383800003289
2.293,0.8917482318484056,0.8987730527476296,0.0022478596884085,0.0022094050964923282,0.8263420845542531,0.8372651581866155,0.0056424808772193,0.004630797039150281,0.8696835863791815,0.8732780504448272,0.0040583895643183,0.00359998888060366
2.294,0.8942998481184286,0.8985976329582492,0.0023642116853633,0.0022132274814027223,0.8329496336012181,0.8370959219283646,0.0055887394109254,0.004654449937218803,0.8704592945843079,0.8731675109993167,0.0029493403357909,0.0035839234844354433
2.295,0.8963656880718514,0.8985101057078023,0.0017289545049501,0.0022012701239594473,0.8329678788091756,0.8369340378844748,0.0053809148595332,0.004672387342708048,0.8656118382939738,0.872871210108911,0.0042838393307849,0.0036012053571848127
2.296,0.899593647312935,0.8985525975354545,0.0022045449450211,0.0022013509837387475,0.8352138666074453,0.8368665801873364,0.0052139091089366,0.00468575825051616,0.8683998375298201,0.872695862164633,0.0034757767451032,0.0035981083544173653
2.297,0.9002550970972515,0.8986193622241523,0.0016836461877041,0.002188568149268756,0.8368229493893686,0.8368648691756514,0.0040606670758653,0.00467032390052478,0.8761788537241118,0.8728324500689263,0.0034614812285885,0.00359473484513764
2.298,0.9067437695527976,0.8989379664331187,0.0018130291656665,0.0021792955817724036,0.8378798680356199,0.8369046730525129,0.0052061764401088,0.004683554827428089,0.8789828024693819,0.8730736403591401,0.0028136599462229,0.0035754490451644365
2.299,0.8992145733077074,0.8989488137615339,0.0020944393271374,0.0021772003656085766,0.8423492730996277,0.8371181867798508,0.0041128254484296,0.004669462743996028,0.8729159676787905,0.8730674571167735,0.004687643251061,0.003602910630495216
2.3,0.8998731629080314,0.898985062747671,0.0021372366890375,0.002176213608162377,0.8264654189988416,0.8367004311805956,0.005171865433625,0.004681867748678225,0.8695187868374656,0.8729282935764084,0.0041320848558829,0.0036159766607517024
2.301,0.8934844031584351,0.8987693506069167,0.0029722684536895,0.0021958692833605777,0.828000234393298,0.8363592469928584,0.005125127902788,0.004692812443841429,0.8789271429701548,0.8731635425722417,0.0018871542649993,0.003573289688017075
2.302,0.8986021232683632,0.8987627926720715,0.00231703478976,0.0021988610242593292,0.8288113104162603,0.8360632494800506,0.0059654453964148,0.004724235479707438,0.8742548912872294,0.8732063405610648,0.0037360436410761,0.0035773083041419893
2.303,0.901210504912453,0.8988587813873806,0.001418863821372,0.00217960183406458,0.833858224765039,0.8359767779225991,0.0045952169754685,0.0047210498376274645,0.8698737237236083,0.8730756497046939,0.0035081478035031,0.0035756006374595473
2.304,0.8954814708428043,0.8987263378366129,0.0028038368643964,0.0021950150446900575,0.830290848857225,0.8357538003121922,0.0044840484095709,0.004715197950514957,0.8682579618992463,0.8728867207711469,0.005351487800956,0.0036194497032248927
2.305,0.8972195140210064,0.8986672467065892,0.0019628818962787,0.002189283362013234,0.8286161047185026,0.835473890681067,0.0040028966615829,0.004697610264368486,0.8748723708087447,0.8729645894000724,0.0033389526166424,0.0036125238492352016
2.306,0.9041707319831837,0.8988830696586124,0.0022362325738157,0.0021904426018108255,0.8285213386692333,0.8352012415825637,0.0049449282283918,0.004703716880764123,0.864430414537157,0.8726299158760364,0.0038266425548871,0.0036178107308562357
2.307,0.8987812852318666,0.8988790781124655,0.0027239523003965,0.0022036156807882495,0.825013937107803,0.8348017394462985,0.0068357111478774,0.004756358714520007,0.8666463729187073,0.8723952671326118,0.0044094344870406,0.0036373569964410347
2.308,0.8975332593488696,0.89882630090605,0.0015994687109189,0.002188698471655673,0.824716593602127,0.8344062435308408,0.0044577194893405,0.004748984906490884,0.8846807680209778,0.8728770514811752,0.0035799305479569,0.0036359390594414265
2.309,0.8935642007110238,0.8986199440356567,0.0022413262214684,0.002189997922268333,0.8308100805551727,0.834265217531795,0.0040144861237653,0.0047308491340779055,0.8688591335809424,0.872719486073323,0.0033457011173009,0.003628772690499685
2.31,0.8938689741183208,0.8984336314898789,0.0032380985537813,0.0022158769502069247,0.8171738404358737,0.833594967449602,0.0065626031598305,0.004776077628540933,0.87085739675594,0.8726464629628374,0.0035566328228433,0.003626991459199527
2.311,0.8940805038347754,0.8982629206014435,0.0029365694001585,0.0022336718255143713,0.8401071894013761,0.8338503487026128,0.0046080923984168,0.0047719298450810774,0.8689017515152687,0.8724996115335208,0.0037497947159256,0.0036300236383779486
2.312,0.8977138416318868,0.8982413880928335,0.0024820901507562,0.0022398056113228115,0.8414608631596341,0.8341488002499469,0.0064673977450074,0.00481379325001753,0.8696096508291898,0.8723862797411941,0.0048550946947383,0.003660272306436229
2.313,0.8938531374737281,0.8980692998332608,0.0022799322665485,0.0022407963929333224,0.8280403927236262,0.8339092548567577,0.0061443298694395,0.004846646006052641,0.8715884987462567,0.8723549942119809,0.0034853693257342,0.0036559537143201295
2.314,0.8933517669314801,0.8978842985429949,0.0019245352164992,0.0022329874749966775,0.8264635656180499,0.8336172670434749,0.0044395767851929,0.004836594914179561,0.8790262424171047,0.8726166117886525,0.0029832845870222,0.00363934460006586
2.315,0.8863984891031879,0.8974338746433946,0.0036573149439271,0.002268156054476441,0.8210818047362667,0.8331256802863295,0.0060152636255939,0.004865697845325594,0.868567050171015,0.872457805450706,0.0038046894808925,0.0036434271897159
2.316,0.8927671651597162,0.8972508664283485,0.0028435969614022,0.002282364471931398,0.8239431720744492,0.8327655819250793,0.0030611637978588,0.004821141449091846,0.868388756315482,0.8722982348963835,0.0042603801461612,0.0036586605960478827
2.317,0.897743336036235,0.8972701789619911,0.0021592958797085,0.0022793257412592276,0.840270479247497,0.8330598916239976,0.0037967814976547,0.004795848610784756,0.873744029840816,0.8723549327373415,0.0039008645438341,0.0036646409404376655
2.318,0.8994274868115737,0.8973547792698179,0.0024130272569213,0.0022826270132508836,0.8377143531101705,0.8332424195254163,0.0039856201173726,0.004775842968972111,0.8733531530792208,0.8723940786331016,0.0038242014838939,0.0036685807069427577
2.319,0.8835901668274704,0.8968149905465886,0.0033905379502725,0.002309982838856356,0.8194116247284147,0.8327000354157299,0.0045884456273867,0.00477121587411815,0.8673769527920719,0.87219732860012,0.0039519462565459,0.003675577387179872
2.32,0.901056642103478,0.8969813298233293,0.0021435924956119,0.0023058744353194553,0.8401703329864714,0.8329929882616414,0.0034997282140884,0.004739821117080378,0.8776416429582903,0.8724108311239699,0.0034830784425475,0.0036708243268185788
2.321,0.8910643999821425,0.896749293358969,0.0025368479036437,0.0023115774839200538,0.8278986833075633,0.8327932115967756,0.0047548952120301,0.00474019331695568,0.8694237008176149,0.8722936887590149,0.0027351074571271,0.003647720206579283
2.322,0.8969205857633586,0.8967560107081607,0.0026311404252068,0.0023194679269147884,0.8484888170915106,0.8334087255377456,0.0038144068637837,0.004717334392186002,0.8654927548767763,0.8720269854695153,0.0025004347432439,0.0036193921704475453
2.323,0.9035543774679696,0.8970226133261924,0.0024009769269058,0.002321480494815801,0.844758157099914,0.8338538012852816,0.0040851728623668,0.004701725465523799,0.8694317037279764,0.8719252097149451,0.0039028723015435,0.0036263916798573216
2.324,0.896768338941506,0.8970126417816948,0.0021510123926038,0.0023172714058722946,0.8360080482711872,0.8339382815592385,0.0038944595910032,0.004681792974794895,0.8689740228130773,0.8718094768952641,0.0054152288322648,0.0036705604984352846
2.325,0.8969611784173989,0.8970106236105461,0.0019335730417899,0.0023077973721912478,0.8405036078195455,0.8341957453341525,0.0039521176988755,0.004663776301315403,0.8613678624409258,0.8714000018186233,0.0046013866961576,0.0036935438613420082
2.326,0.9001972024117304,0.8971355874851025,0.0022827850603784,0.0023071797842452516,0.8382487713398934,0.8343546875304562,0.0034440461647986,0.00463365950782116,0.8702564989726069,0.87135515856976,0.0030353335175011,0.0036772917540866773
2.327,0.8958547831910825,0.8970853598657291,0.0020423832971007,0.0023006415993774847,0.8380978496236575,0.8345014782007779,0.0041215535419193,0.004621014916070496,0.8711345120730283,0.8713465057659665,0.0042908354800838,0.003692440981889075
2.328,0.8921185042893764,0.8968905812156762,0.002580730347168,0.002307557370927868,0.8176648288635265,0.8338412174424543,0.0057533078554316,0.004648972766425091,0.8588610193376556,0.8708568788472092,0.0038029141520039,0.003695168714484503
2.329,0.8979350152859024,0.8969315394145086,0.0025691869425218,0.0023140173603499402,0.8250195275112416,0.8334952688177009,0.0060021573006133,0.0046823847302322075,0.8663155880434676,0.8706787890117683,0.0043815710778564,0.0037121169209875125
2.33,0.8928771606266036,0.8967725441679241,0.0018727207785062,0.0023031211484525636,0.8135604122857676,0.8327135097380172,0.0065037295282749,0.004727356206727089,0.8755504645322394,0.8708698351106102,0.0030490833737945,0.0036957457222913884
2.331,0.8904591035022353,0.8965249582594657,0.0030236989563361,0.0023209131930916633,0.8280629219047468,0.8325311337445556,0.0051976874806924,0.004738969324602776,0.852636240743777,0.8701547921942638,0.0043901919524657,0.0037128925427895197
2.332,0.8936995573570411,0.8964141582240766,0.0027253307509947,0.0023308988118053184,0.8364073619585284,0.8326831426941231,0.0051055081489048,0.004748019665943566,0.87054687438864,0.8701701679665923,0.0032878833509326,0.0037023984886695956
2.333,0.8946174260775515,0.8963436981398991,0.0019180711931865,0.0023207055372715204,0.8321592644922721,0.8326625984509133,0.0040087558612643,0.004729766238667535,0.8661681200949314,0.8700132249128016,0.0047056172962635,0.003727169323425001
2.334,0.88852234854698,0.8960369785480199,0.003800292778441,0.0023572385555720014,0.8293670403948727,0.8325333608800881,0.0053697010945325,0.004745567099306176,0.8652492828247651,0.8698264036544473,0.0039354517582882,0.0037323120995944627
2.335,0.8892795580693673,0.8957719816665042,0.0027449210288855,0.002366810962320483,0.8284579740054744,0.832373541786966,0.0052410273164064,0.00475780068491359,0.8662571310857772,0.8696864321811661,0.0033565278003023,0.003723033474920582
2.336,0.8952680153067221,0.8957522182798461,0.0018672019852508,0.0023544749381953054,0.8255485702442589,0.8321058958441147,0.0042934717045277,0.004746335771817642,0.8724171383447455,0.869793518697385,0.0033531298127388,0.003713900051163007
2.337,0.892732539535321,0.895633799505551,0.0019448161457713,0.0023443599062836014,0.8205506531238342,0.8316527490707704,0.0048981520404783,0.004750084321661115,0.8717807396511905,0.8698714489308674,0.0024747651742676,0.0036833041282767
2.338,0.892477983408057,0.8955100420115316,0.0033644369565989,0.0023695469939457076,0.8358111163538418,0.8318158222975575,0.0043877002626672,0.004741136567118056,0.8655913040093645,0.8697036001104163,0.0033780384661567,0.00367576670452065
2.339,0.90105351852402,0.8957274332473154,0.002055402536165,0.0023617903406671715,0.8319053993712228,0.8318193351239758,0.0048760677101754,0.004744468200279965,0.8706220108297149,0.8697396162170555,0.0023274374330071,0.0036424746237425374
2.34,0.897166729525398,0.8957838762386128,0.0020580578841269,0.0023542907738390165,0.8336706053661559,0.8318919339570024,0.0032826737878848,0.004708374511085023,0.8706458687625038,0.8697751555325633,0.0028480677608352,0.0036228596394732204
2.341,0.8883625450014567,0.8954928436410773,0.003307576342672,0.0023778286891188434,0.8321736715122141,0.8319029824885794,0.0046016944242659,0.004705740434867266,0.8612620556031608,0.8694413084765084,0.0051848781176663,0.003661427996959469
2.342,0.8957758391447819,0.8955039415039677,0.0021288412363011,0.0023716808507776646,0.8309173094206687,0.831864328642779,0.0064711054155603,0.004749329693649811,0.8749689638309601,0.8696580792747222,0.003966266363455,0.0036689548702062724
2.343,0.8984135773055606,0.8956180448687361,0.0026857426796672,0.0023794354638366657,0.826099929261245,0.8316382737650717,0.0058925092891832,0.004777556350329648,0.8594797849655514,0.8692589304782841,0.005463227803159,0.0037132579055878215
2.344,0.8992439575988421,0.8957602375248186,0.0018028201447121,0.0023651980485496393,0.8307257752143178,0.8316024895081794,0.0055498702455931,0.0047966258292250425,0.8708538280180612,0.8693214754798438,0.0042488423382788,0.0037264822125678454
2.345,0.893082100459571,0.8956552125418676,0.0022266586546054,0.0023617773227732385,0.831588308715584,0.831601933398666,0.0045929727892879,0.004791597359103138,0.8597813817038054,0.8689473541552933,0.0045169945786562,0.003746001036421879
2.346,0.9006119644299283,0.8958495949688504,0.0025521905899089,0.002366478884924736,0.8433695310621726,0.8320634078168426,0.0054298297727814,0.00480735618413223,0.8649376325578715,0.8687901101710808,0.0040099362470912,0.003752517955203838
2.347,0.8910420238728651,0.8956610627690077,0.0020772881246284,0.0023593383723248262,0.8424575945970103,0.8324710229846924,0.0049914623296431,0.004811902014885585,0.8624707464307388,0.868542291985185,0.004502514172703,0.0037710363803272738
2.348,0.8827902264740092,0.8951563240907724,0.0025244367011835,0.002363414874271954,0.8293954481163376,0.8323504122055412,0.0042822731290194,0.0047988247584444445,0.8668209661733232,0.8684747890121707,0.0038352464517747,0.003772621814190173
2.349,0.8929363859079564,0.8950692676914462,0.0029824451306371,0.0023786995719599826,0.8224095778179799,0.8319605755628917,0.0061414460856303,0.004831975902325577,0.857055440931423,0.8680269714403765,0.0041382787741635,0.003781650381103095
2.35,0.8938035018193036,0.8950196298141073,0.002894007427408,0.0023914232227117854,0.8348084385834431,0.8320722564656584,0.0057675045186971,0.00485507537433475,0.8772661242837725,0.8683892911597254,0.0037725686978722,0.0037814261420109747
2.351,0.8946298956619927,0.8950043461218675,0.0023208011204666,0.002389679467100793,0.8290800047857841,0.8319549132625261,0.0036011402780934,0.00482411401393373,0.8562451915054468,0.8679130519575968,0.00480989335944,0.0038068203942931726
2.352,0.8971393147020218,0.8950880703799128,0.0026570215401725,0.0023962805059420697,0.8248769685666333,0.8316773468038637,0.0039975046309302,0.004803703905711421,0.865609032162677,0.867822698240149,0.0039548424873291,0.003810475260787887
2.353,0.9004934268684028,0.8953000451441674,0.0019245124408013,0.0023846319117410628,0.8266723334384921,0.8314810717699275,0.0080170886366626,0.004883046738574414,0.8752878736721996,0.8681154502178764,0.0031291805832243,0.003793653169983848
2.354,0.8928711102293116,0.8952047927945651,0.0033127635504208,0.0024075487423257476,0.838221248025377,0.8317453924073961,0.003992345811388,0.0048610541230883295,0.8736455199153209,0.8683323156962075,0.0042141612998429,0.003804036086770491
2.355,0.8908113551553687,0.8950325011224397,0.0021029596867189,0.0024000280249033565,0.8291028204779245,0.8316417621356521,0.0038748133829407,0.004836702499874808,0.8582108516169269,0.8679353955362358,0.004228454678347,0.0038145155581674425
2.356,0.8862010237725979,0.8946861686773478,0.003328369224462,0.0024229500298307304,0.8278238131842287,0.831492038647361,0.0052355832143019,0.004846551406403872,0.8640307904746454,0.8677822737691147,0.0046400738324948,0.0038348997130891052
2.357,0.892537175014525,0.8946018944160608,0.001941201177501,0.002411054996439873,0.8340807826211784,0.8315935580188833,0.0053083519361995,0.004857953888621047,0.8675960672375539,0.8677749715521907,0.0040439919556343,0.003840062484509974
2.358,0.8877601250135968,0.8943335897336112,0.002152445548577,0.0024046695779741233,0.8183076040043041,0.83107254021439,0.0057460479830822,0.004879882137867002,0.8692008931362452,0.867830890045683,0.0030931362344291,0.0038216198610511874
2.359,0.8966764437438979,0.8944254663614656,0.0026134424088758,0.002409824462687745,0.8280164235164009,0.8309526925007436,0.0039993762660216,0.004858141252142424,0.863067139925067,0.8676440763154628,0.0029010188140596,0.0037988889710020126
2.36,0.8910953281447038,0.8942948727059064,0.0018546927875061,0.0023961175077449885,0.8323761644264871,0.8310085149292042,0.0052472559636387,0.004867749022796654,0.8687015025291598,0.8676855440101175,0.0048469393530596,0.0038247667582133114
2.361,0.8992708342921436,0.8944900084543862,0.001679591010168,0.002378425495459137,0.8274434647243863,0.8308687090388193,0.0059251275027453,0.0048938571334126695,0.860334720732941,0.8673972764306205,0.0065565220299593,0.00389221750566383
2.362,0.8862127445819639,0.8941654098711539,0.0033610464582841,0.0024026877414548152,0.8205047942730741,0.83046228100879,0.0057106066480161,0.004914023788094236,0.8686827552218749,0.8674476873636109,0.0037150623395204,0.0038878433040306594
2.363,0.8788652827966863,0.8935654048878414,0.003882070652796,0.0024392157145743504,0.815694789902718,0.8298831637105126,0.0053545095389641,0.004924899979473738,0.8636223046341591,0.8672976723546127,0.0047018789914724,0.003907942950634159
2.364,0.890890011607916,0.893460487504315,0.0031420458327619,0.0024565695446530553,0.8202612718818447,0.8295058346191924,0.0055867719977818,0.004941242498444307,0.8611678776744601,0.8670572882495088,0.0056453299218107,0.003950841394366913
2.365,0.8808940791527115,0.8929676871768011,0.0027667763331468,0.002464228971529444,0.8154112224175943,0.8289531047289337,0.0045162774884886,0.004930749535235523,0.8658949500321982,0.8670117063586339,0.003998533671039,0.0039520189814452366
2.366,0.8898593304248188,0.8928457908335861,0.0028502048796454,0.0024737592408656402,0.8228344275917143,0.8287131566059055,0.0058305563845842,0.004952966988305861,0.864524753789452,0.8669141788069012,0.003674908284097,0.003945176742004539
2.367,0.8887270954700466,0.8926842733683491,0.002761736800198,0.0024808697978861926,0.8255156236739012,0.8285877631575915,0.0036684935403179,0.004921251594528381,0.8583468706105285,0.8665782059364553,0.0039168496944487,0.003944477308731555
2.368,0.9014319900346492,0.893027321080753,0.0018955053181063,0.00246641635394101,0.8338650868800301,0.8287947170290597,0.0052505134101226,0.004929381515901078,0.8600283876603889,0.866321350317786,0.0044387780927867,0.003956682266362546
2.369,0.8930987989854167,0.8930301241358378,0.0021466698788584,0.0024585213792476125,0.8129152059733162,0.8281719911053049,0.0055151316054502,0.0049438444810751304,0.8727224328316154,0.8665723731614655,0.0033306034308273,0.003941223529682664
2.37,0.896348569212562,0.8931602592368859,0.0026382576467267,0.0024629593117779605,0.8282202704950024,0.8281738844147047,0.0055282144690913,0.004958273369668122,0.8615249237077673,0.8663744339672028,0.0049162902487744,0.003965299251141719
2.371,0.8931285012161079,0.8931590138243063,0.0030352119479982,0.002477089006499448,0.8276900717459761,0.8281549113688722,0.0065042325681915,0.004996445201730427,0.8721841155955199,0.8666022646192938,0.0032914452439926,0.003948660880594828
2.372,0.8873004892193637,0.8929292677613674,0.0032583087084883,0.0024963783818571974,0.8362724982299824,0.8284732481085235,0.0069644181711406,0.005045037126901049,0.8648864846873532,0.8665349791317667,0.0048551196492814,0.003971042578587089
2.373,0.8964662604630469,0.8930679733575118,0.0025844491143548,0.002498552967844793,0.8268183150779477,0.8284083487739912,0.0038021942619196,0.005014349648753359,0.8638769198291583,0.8664307415120567,0.003321736497134,0.003955010329662321
2.374,0.8859695703771444,0.8927896046131837,0.002927011308983,0.0025091321861445016,0.815824423133393,0.8279148614939676,0.0062808471179999,0.0050456211912038905,0.8590715315895449,0.8661421450445073,0.0044016518594115,0.0039660385155820535
2.375,0.9008502181087464,0.8931057071032057,0.0017528463595982,0.002490458462032247,0.8280495707556039,0.8279201442101102,0.0051440905921401,0.0050480525344368836,0.8725018643056578,0.8663915457998466,0.0019469477326299,0.003916184422175828
2.376,0.8992151573558064,0.8933452933876214,0.0026296773112343,0.0024938959644816806,0.8198455795716371,0.8276034946164446,0.0057015884847914,0.005064189224569094,0.8713475916091155,0.866585900537465,0.0034309113403587,0.0039042023707729356
2.377,0.8894393270578164,0.8931921182374328,0.0027719310261011,0.0025007610277315425,0.8214321455112483,0.8273614809260448,0.0066475975970952,0.005103285727594431,0.8679901860366996,0.8666409705570428,0.0050043718190372,0.0039313670485078556
2.378,0.8830705615284278,0.8927951944449228,0.0029158735619541,0.0025110107199345687,0.8186834149747018,0.8270211646142274,0.0045451651934166,0.005089504973664114,0.8580803872281358,0.8663052614068895,0.0034977260157568,0.003920659862514002
2.379,0.8886973006788875,0.8926344927286077,0.0031888802024876,0.002527748238022298,0.8145521984025663,0.8265321855471034,0.0057191257718144,0.005105051166211035,0.8626756082351996,0.8661629220668232,0.0046052018797733,0.003937562134545096
2.38,0.893861213056216,0.8926825994081218,0.0037567687221185,0.0025580944228147965,0.8240625279363094,0.826435336229033,0.0058594591312362,0.00512367852337215,0.8624941066153586,0.8660190469510796,0.0064870732328609,0.004000513025861536
2.381,0.9004387321054512,0.8929867614746838,0.0024187775314474,0.0025546544995711574,0.8283206207171624,0.8265092689540576,0.0044257736780536,0.005106446304969223,0.8692283042278135,0.8661449001776182,0.0042637761730626,0.004007013350483784
2.382,0.8891988660503615,0.8928382165560829,0.0025062882495692,0.002553460271176047,0.8157526341946069,0.8260874401399615,0.0062324443985,0.005134248727031712,0.8537731296505904,0.8656597327059702,0.0046601173921535,0.004023139376204024
2.383,0.9070264118035904,0.8933946163697106,0.0015598417674936,0.0025289264809616654,0.8394821999672948,0.8266127248390727,0.0050378714321426,0.005131869040738154,0.8697517450988825,0.8658202037802021,0.0030189961785982,0.003998345717003879
2.384,0.8872177669789562,0.893152386981838,0.0023752788928659,0.002525132713354363,0.823848897863078,0.826504339467465,0.0067865179612476,0.005172724569639622,0.8598513732666332,0.8655861319953562,0.0039648920036418,0.003997519699390001
2.385,0.8745625717161452,0.8924233746184773,0.0044775443151703,0.0025733404072263615,0.8101901863785553,0.8258645687580961,0.0085557944663103,0.005256257159680873,0.8500329583484959,0.8649762036170479,0.0062553475494185,0.004053268535193174
2.386,0.8919875805152917,0.8924062846536466,0.0027833920535613,0.0025785268676296936,0.8252566409575905,0.8258407284521939,0.0051309598170143,0.00525316339813355,0.8611769291624078,0.864827212461964,0.0047759854024154,0.004071113396112241
2.387,0.8899780080444581,0.8923110581199529,0.0038672452806875,0.002610347075359516,0.8191480149473365,0.8255782690990624,0.0066628110469542,0.005287969512919246,0.861902774492219,0.8647125286200131,0.0051662013933975,0.004098152605921753
2.388,0.8885483544855758,0.8921635011146832,0.0026550916901753,0.0026114518806636096,0.8229173121473043,0.8254739178460523,0.0044747378388719,0.005267889718498324,0.87114731789524,0.864964873297473,0.0037507313255211,0.004089574302701984
2.389,0.8913851659178196,0.8921329781657867,0.002391923809901,0.00260603143447194,0.8200464076805899,0.8252610743101518,0.006841065234538,0.005306733558400538,0.8596826673562804,0.8647577279664458,0.0033511367085569,0.0040713412756860565
2.39,0.8883313398399317,0.8919838943098709,0.0026417673794895,0.0026069138034847195,0.8212116144250843,0.8251022719617178,0.0059740328919119,0.005323210085153905,0.8691561464494655,0.86493021496578,0.0022919688687428,0.004027406154526964
2.391,0.90068261180135,0.8923250204860074,0.0026559257104074,0.0026081239740260204,0.8354184372502149,0.8255068274632275,0.005928661094503,0.005338159492792155,0.870308452392955,0.865141126237434,0.0027010292105723,0.003994656106528083
2.392,0.8945279074164216,0.8924114082087687,0.0030511493213143,0.0026190628714899285,0.8172810896715186,0.8251842495106113,0.0059821040191461,0.0053540593576403995,0.8517717834835168,0.8646168382863001,0.0051547931205901,0.004023301464899986
2.393,0.8929149533956174,0.8924311550788413,0.0025759978182845,0.002617999536842881,0.8175121407629589,0.8248833825008993,0.005783898733406,0.005364672675560538,0.8702605774075054,0.8648381613890925,0.0048937912992363,0.004044795041056438
2.394,0.8935496784192383,0.8924750187392491,0.0028417226581324,0.002623523564529042,0.8228086033694848,0.8248020186133929,0.0055453187439026,0.005369133072309725,0.8633236174061478,0.8647787675074086,0.0058041614662535,0.004088236187357601
2.395,0.880371666692076,0.8920003774824973,0.0042208268502696,0.0026629631518312784,0.8165620971450873,0.8244788844381652,0.0054972460188012,0.005372296354939144,0.8643233360462891,0.8647609074501098,0.0035007030485117,0.004073729196274986
2.396,0.8933420418226485,0.8920529917703464,0.0023689686970006,0.00265570402948978,0.816086670634012,0.8241497780144729,0.0049318014716651,0.0053614199380681805,0.8669403542423413,0.8648463759517659,0.0045714370047025,0.004086018277964554
2.397,0.8892325122159104,0.8919423847289959,0.0031343736564009,0.002667523032623388,0.8124446419891198,0.8236907530723022,0.0072400463410491,0.00540780577517882,0.854945009410026,0.8644580870677763,0.007704112242076,0.004175353931399404
2.398,0.8929701207742113,0.8919826881033182,0.0026245914477031,0.002666462993489554,0.814712197531631,0.823338652855021,0.0052936039883248,0.005404985977972548,0.8506566190412578,0.8639168530275206,0.0049781976446459,0.004195177232961047
2.399,0.8933768843874468,0.8920373624674016,0.0022863258245916,0.002657076890553802,0.8134519267015915,0.8229509381039061,0.0059493218746122,0.005418426370482169,0.8477460433136104,0.863282703626975,0.0045371671374109,0.004203621428132648
2.4,0.9000045836741857,0.8923498025147264,0.002390761917552,0.0026505012122080784,0.8242846637626791,0.8230032410709167,0.006655642429285,0.005448974915143967,0.870570928594804,0.8635685163708116,0.0027832856519361,0.004168551408967301
2.401,0.8860951418724501,0.8921045217052254,0.0032012707792199,0.0026641004607762717,0.8116632298418811,0.8225585347482094,0.0054263329657765,0.005448415854665758,0.8697819646990173,0.8638121810111333,0.0040893741903177,0.004166596415914225
2.402,0.8872545472087565,0.8919143266269325,0.0024207682571857,0.0026580922582184795,0.8161301382875262,0.8223064407693591,0.0045736641375378,0.005426817046835438,0.8623091657675431,0.8637532392368749,0.0039673805994371,0.004161677506865407
2.403,0.8845782411394773,0.8916266369999735,0.0017703454151336,0.002636172583080581,0.8161965300723333,0.8220668364282993,0.0053169174494649,0.005424103476529993,0.8649134446390598,0.863798737487941,0.0034259902498306,0.004143512389407757
2.404,0.892223312209438,0.8916500360277956,0.0018436220641122,0.002616603434464078,0.8150571043719529,0.8217919449751092,0.0045073364573732,0.005401467253834763,0.8631874609821435,0.8637747658602627,0.0039612196266474,0.004139011333537131
2.405,0.8923063150197215,0.8916757724588514,0.0026910506031964,0.002618441636161172,0.8320736899040745,0.8221951506585982,0.0044039787269373,0.0053768379074916155,0.8529025629658605,0.863348404962443,0.0051211487664959,0.004163261640523767
2.406,0.8908443735955102,0.8916431685818577,0.0027790158639763,0.0026224064319096936,0.8199262604894152,0.8221061745735321,0.0030040104064002,0.005318249574131333,0.8645910949993925,0.8633971379050687,0.0039185024930712,0.004157218204784198
2.407,0.8904367642598837,0.8915958586084469,0.0035553783787503,0.002645442776276128,0.8257725647102716,0.8222499545788943,0.0073657794211935,0.005368805866651386,0.8582718385878189,0.8631961457749804,0.004225234564194,0.004158897621065922
2.408,0.8882538870034935,0.8914648008984487,0.0024681142165538,0.002641064293320021,0.8228217271765872,0.8222723770337058,0.005472261041435,0.005371360315411475,0.8713287043247008,0.8635150696396753,0.0031356626836865,0.0041336325608837135
2.409,0.8942511889856135,0.8915740710195139,0.0028043502027314,0.002645096044169685,0.8205025713054579,0.8222029728875001,0.0049478845024358,0.005360904122498495,0.8579022975573095,0.8632949609305629,0.0035803418121516,0.00411997106091502
2.41,0.8935512561238081,0.8916516076902704,0.0021433890601396,0.00263270821740351,0.8335573333632276,0.8226482419257639,0.0058064128513723,0.0053719043380262435,0.863446157820492,0.8633008902203639,0.0046881471432787,0.004134000099985728
2.411,0.897488535292498,0.8918805068119264,0.0035926267313677,0.0026564099091063295,0.8255088918856655,0.8227604242771325,0.0054872178128175,0.005374751584317385,0.8735180284565947,0.8637015623080592,0.0040320006381472,0.004131481594755147
2.412,0.8898785308972281,0.8918019979525266,0.0021232678463051,0.0026432459075556814,0.8156140939874036,0.8224801760304764,0.0063768936644297,0.005399495833209047,0.860686155846182,0.8635833110742601,0.0029400503223246,0.004102063538645752
2.413,0.8946730195554711,0.891914587034995,0.0025549753007511,0.0026410663864000128,0.8368212983331067,0.8230425729835208,0.0039535972133088,0.005363794632717682,0.869418430014699,0.8638121392680029,0.0041650767586671,0.004103619420621587
2.414,0.8878542271765394,0.8917553572366242,0.0024106895537975,0.0026353780695456295,0.8146899952828598,0.8227150209168281,0.0052254667183531,0.005360379128659298,0.8542600902622859,0.863437549110916,0.0050805370096393,0.004127740842572642
2.415,0.8766800959075844,0.8911641705178384,0.0043296106404765,0.002677210972531577,0.8091432070561577,0.8221827929222919,0.0095830240444787,0.005464641966086938,0.8548244541231063,0.8630997806800216,0.0042904929629842,0.004131759413447002
2.416,0.883804447661376,0.8908755539352321,0.0024299602728328,0.0026711060169834593,0.8096051493973478,0.8216895519997451,0.0098902354108882,0.005573915878304254,0.8615315395937376,0.8630382810295791,0.0051729031330318,0.0041574666657824295
2.417,0.8966580518196589,0.8911023185581508,0.0022984161615229,0.0026619037983301123,0.8226631108577824,0.8217277307784917,0.0051849773798401,0.0055643124585890895,0.8729878741801458,0.8634284611531309,0.0035919925139621,0.0041435043410461255
2.418,0.8957707504384473,0.8912853943181624,0.0016731371086166,0.002637489805991507,0.8206856329939992,0.8216868641987077,0.0055725713153364,0.005564516380977912,0.8597745899455762,0.863285172086168,0.0064143743502178,0.004199575205470118
2.419,0.8945862644311348,0.8914148402049457,0.0023163607074123,0.002629560692446341,0.8231397310071353,0.8217438393676657,0.0045521777216116,0.005539520364697262,0.8612873267587441,0.8632068252105828,0.0041908936421505,0.004199360845881979
2.42,0.8815999513613367,0.8910299426032355,0.0028857121721757,0.0026358854203408933,0.8115087474853063,0.8213424632154164,0.0090703454010244,0.005626701229791759,0.8462517142737153,0.8625419188993331,0.00545161141097,0.004230280612921189
2.421,0.8883004612671969,0.8909229041194693,0.00246153655518,0.0026315805100900072,0.8194394328365555,0.8212678345731081,0.0059954537040692,0.005635806229156634,0.8652692910163806,0.8626488746686292,0.0031503793066689,0.004203616383137181
2.422,0.8894192610790999,0.8908639377257292,0.0036062898844004,0.002655647408221128,0.8265225617629736,0.8214739023060441,0.0065644509383452,0.005658735728148945,0.8647562395871033,0.8627315164301379,0.0045061840864927,0.0042110871906274406
2.423,0.8891863230027428,0.8907981489130632,0.0022295556605958,0.0026451266243291446,0.809027645979281,0.8209858138226416,0.0055729989072563,0.005656618769608385,0.8562069106359428,0.8624756495362479,0.004307922930145,0.004213478196541455
2.424,0.8842976065431121,0.8905432256828689,0.0024201387030801,0.002639571367014353,0.8153132242933362,0.8207633593312963,0.0053087180633158,0.005648028628712272,0.8587639608724793,0.8623300931180609,0.0037809738105265,0.00420279907589911
2.425,0.877547819131361,0.8900336018965354,0.0040574351034902,0.0026745803481619053,0.8022322595209115,0.8200366495348107,0.0081225796677529,0.005709128654367596,0.8470822865719998,0.8617321399201762,0.0040521653433751,0.004199079724478764
2.426,0.8849305154258634,0.8898334808584699,0.0026649278344338,0.0026743420144896063,0.8190118327300926,0.8199964606405081,0.0053748169549385,0.005700874044505149,0.8544926869624775,0.8614482398041879,0.0073327347595906,0.004276453922876587
2.427,0.8925113380262464,0.8899384948650493,0.0032370628265388,0.0026882363555278577,0.8158113448993469,0.8198323384545803,0.0068401830574157,0.0057290051312436805,0.8644280449618447,0.8615650949084097,0.003715847164653,0.004262611780698227
2.428,0.8839039439755485,0.889701845810559,0.0029059389840235,0.0026936117290709597,0.8172935083413467,0.8197327764893554,0.0054615362307004,0.005722400960859896,0.8578763897309081,0.8614204398034097,0.0043426115725065,0.004264587084199667
2.429,0.8908333753434274,0.8897462195177303,0.0022233946733909,0.002682001431399847,0.8129645050141137,0.8194673540785616,0.0046196723650229,0.005695173094296019,0.8480504713081191,0.8608961273133984,0.0041478514128757,0.004261704721944754
2.43,0.8908674924310193,0.8897901910045259,0.0042179563517535,0.002719926244248086,0.8261760528913364,0.8197304403065137,0.0045684543546837,0.005667352878503122,0.8660179942607105,0.8610969848407438,0.0037416004672035,0.004248862641580773
2.431,0.8865907419612507,0.8896647224145936,0.0035857169422676,0.002741303792347333,0.8159887948213769,0.819583709111018,0.0047985290299328,0.005645900437797682,0.8539015568491899,0.8608148111940161,0.00463361325298,0.00425836265667705
2.432,0.8856631700652677,0.8895077987930514,0.0027551875791768,0.002741646601898678,0.814398559247627,0.819380369900689,0.0058418266191876,0.005650738121288791,0.8588190777169832,0.8607365471360933,0.0051150428738527,0.004279515254632004
2.433,0.8890240773229362,0.8894888293236352,0.0031507492124304,0.0027517479009241527,0.8146230002883265,0.8191938063864787,0.0070217414578594,0.0056845900555251025,0.8684999605724445,0.8610409947218325,0.0035180155133913,0.004260712791885319
2.434,0.8841099316754623,0.8892778921609616,0.0036194328850149,0.002773172221518986,0.8166355820499498,0.8190934838634775,0.0061608054168432,0.005696348459508265,0.8525659511237036,0.8607086400709255,0.0059775496625453,0.004303103825728775
2.435,0.8894616141291554,0.8892850969440279,0.0031320673694597,0.0027820338301101145,0.8099498616526228,0.8187349104434439,0.007782557034055,0.00574785978233658,0.8547988003917601,0.8604768816521347,0.0043178566585975,0.004303468093207015
2.436,0.8874948818953098,0.8892148924323136,0.0034232245401397,0.0027978656994935612,0.8107088480645204,0.8184201628991725,0.0084788335007808,0.005815291232174709,0.866050556096149,0.8606954571205273,0.0034724661809189,0.004282949527471506
2.437,0.8872522294995762,0.8891379252584807,0.0026589248187652,0.0027944350604632313,0.8154809374315386,0.8183048991553437,0.0055540689866448,0.005808841300186316,0.865691773715462,0.8608913911046423,0.0055205293423736,0.004313507053765385
2.438,0.8914164073487726,0.8892272774973156,0.0027807672596076,0.0027940975838988947,0.8107092374400786,0.8180070300684705,0.0071460282145018,0.005841858261033612,0.8693478402684468,0.8612230165620464,0.0034629674531814,0.0042925060759731876
2.439,0.8877222498576327,0.8891682568055633,0.0038298250971134,0.0028196711027436974,0.8158590783804449,0.8179227966689401,0.0064651972325101,0.005857249346749081,0.8564511005300024,0.8610358826000054,0.0056634545204741,0.004326356654849753
2.44,0.8939350496372372,0.8893551898577858,0.0030930024984279,0.0028264200260939244,0.8333262604074707,0.8185268540704511,0.0038008709181202,0.005806474570733553,0.8648690491067473,0.8611862028551719,0.0045750307428475,0.0043324967557879695
2.441,0.8831494824225121,0.8891118287818927,0.0024388352224025,0.0028168500309410497,0.8087979341551975,0.8181453277992647,0.0045947201629784,0.005776554708813672,0.8647471457373967,0.8613258476740827,0.0047424790441705,0.004342619775254204
2.442,0.8947982118100861,0.8893348241947631,0.0021274992369158,0.0027998290236811666,0.8218867441702593,0.818292050009892,0.0046073355105886,0.005747685098980954,0.8555771228756127,0.8611004074859073,0.0035449622804356,0.00432292452846856
2.443,0.885066504621496,0.8891674391134585,0.0030124457009884,0.0028050788181825798,0.8228268276094571,0.8184698844255612,0.0041618450770042,0.005708528555228442,0.8524803140798047,0.8607623646072367,0.0063009013882267,0.004371763463277403
2.444,0.8813150582493379,0.8888595026089833,0.002791304603061,0.0028047387141055037,0.8181736188316503,0.8184582661669765,0.0053864867446363,0.005700576905584192,0.8701555688856776,0.8611307255593325,0.0027860770998863,0.004332610713564042
2.445,0.88631605627864,0.8887597596156365,0.0023767446997154,0.002794170960663773,0.8111143153925785,0.8181702680973922,0.006857225337023,0.005729136126113544,0.8549963707233346,0.8608901626245874,0.002696381709784,0.004292209997421324
2.446,0.8926369313051299,0.8889118055642441,0.0020893092941143,0.002776766968897119,0.8304897629287702,0.8186533855417599,0.0049479679465564,0.005709848022914602,0.8699665962257838,0.8612461011971834,0.0028441642126939,0.004256455780514474
2.447,0.8877305692614826,0.888865482571979,0.0029288119087711,0.0027805211649433903,0.8048566187746625,0.8181123358646187,0.0055549368595593,0.005706023055918174,0.8487468551351562,0.860755934684947,0.005679755887135,0.004291598993023623
2.448,0.8801081346023939,0.888522057161407,0.0033266757679581,0.00279400646378326,0.8064492869459571,0.8176549613972203,0.0059187554883338,0.005711275708570412,0.8568990753320549,0.8606046852985592,0.0054252057649631,0.004319589283688796
2.449,0.8833026173422536,0.8883173732469304,0.0026226628768989,0.002789775757934263,0.8022645840421966,0.8170514171872192,0.0072020149376753,0.005748084084597693,0.8521950993441112,0.860274897614071,0.0030414427889118,0.004288030110978253
2.45,0.8913974388499094,0.8884381601333217,0.0022254719593741,0.002775842330809321,0.8186147922925081,0.8171127260148776,0.0045509021222204,0.0057185240361439325,0.8616493928309693,0.8603287993872827,0.0043706740879433,0.004290070703002081
2.451,0.898253904800728,0.8888230912967494,0.0017245106429676,0.002749883523702118,0.8190122051005307,0.8171872153907856,0.0051506214013652,0.005704501748865446,0.8675171869419285,0.8606106969384453,0.0037430589063932,0.004276564238888282
2.452,0.8808864059885142,0.888511848735642,0.0036942766732015,0.002773201873072473,0.816017236144716,0.817141333851724,0.0058424866425675,0.005707908783277842,0.85035369278473,0.8602084614814368,0.0034982646949228,0.004257346966197775
2.453,0.8889880987856835,0.8885305252081928,0.003608559259664,0.0027938279813833748,0.8171759444168679,0.8171426911287885,0.0052494449815324,0.005696588689407585,0.852051896471473,0.8598885961869284,0.0052459787863779,0.004281757628424445
2.454,0.8816365439107952,0.8882601730004516,0.0028523578127461,0.002795273162404677,0.7948243887482365,0.8162674635844531,0.0076926518583935,0.005745874199752915,0.8492751377370426,0.85947238213007,0.005869052038629,0.004320950082997398
2.455,0.8741198834559898,0.8877056518418451,0.0038813299859153,0.0028220893802691368,0.8005343563807803,0.8156504789882306,0.0073695837967679,0.005785965794740939,0.848971161257086,0.8590605695468159,0.0057758412886218,0.004356873322642445
2.456,0.8835031520324166,0.88754084792775,0.0034175864168544,0.0028367930108021064,0.807347799881672,0.8153248837291499,0.0047929294980342,0.0057614463800074395,0.8463555058476839,0.858562331754693,0.0045675848903116,0.004362076077399708
2.457,0.8945321898022354,0.8878150181973377,0.0021860711977782,0.0028207258055422567,0.816222825712973,0.8153600971402801,0.0052847237699189,0.0057496754513632784,0.8673297570701881,0.8589061523553007,0.0037492699462587,0.004346945061815979
2.458,0.8826087683875272,0.8876108515381295,0.003482537687258,0.0028370668396586946,0.8159226879237491,0.8153821595239455,0.0059222387519119,0.0057539362735990465,0.8529397396189371,0.8586721753852471,0.0050366861765397,0.004363975706623973
2.459,0.8845123914870625,0.8874893433008328,0.0029737032705709,0.0028404405786935636,0.801892946363066,0.8148531707725385,0.006680078208272,0.005776803975689737,0.8470227036338148,0.8582153333557792,0.0058607865241023,0.004400933998413561
2.46,0.8831705379628076,0.8873199783856162,0.0038432051566727,0.0028652001979029254,0.809996741614069,0.8146627225702455,0.0059738448407103,0.005781669182233455,0.8443969399433421,0.8576734355748992,0.0054728061173235,0.004427399976658251
2.461,0.8857436319994682,0.8872581608802771,0.0023718790773759,0.0028530194294948507,0.8199598896854776,0.8148704546139801,0.0043762873500417,0.005746968396253411,0.8709400670403854,0.8581936956323692,0.0053432983722148,0.0044500147518571785
2.462,0.8811567932736047,0.8870188915623684,0.0040256058077697,0.0028819721795757115,0.821341634177461,0.8151242263615676,0.0077644144805232,0.005796781879815628,0.852948324704398,0.8579879948116644,0.0067729853028161,0.0045073720494117194
2.463,0.8918063816632608,0.8872066362722073,0.002972558176883,0.0028842088708672495,0.8150935103892798,0.8151230218136346,0.0058897895206314,0.005799078364774043,0.858269299284705,0.8579990263596267,0.0061262335393134,0.0045473439380512674
2.464,0.8963106767010312,0.8875636574654945,0.0026269730084843,0.002877857368092362,0.8236585641899712,0.8154577489656479,0.0057839492776556,0.005798704807067415,0.8610945522289003,0.8581204195309706,0.0032981073858468,0.004516498591083255
2.465,0.8881468479579363,0.8875865276808843,0.0026506809915313,0.002872248074843941,0.8108794440526726,0.8152782075965116,0.0068665105757649,0.005825070381603155,0.8560974383612661,0.8580410869360804,0.0048875577111142,0.004525660544664267
2.466,0.8817550463141146,0.8873578421370895,0.0029525760345086,0.002874231481255414,0.8037119478687548,0.8148246287836584,0.0049979167258393,0.005804646834547258,0.8610443407968266,0.8581588615972862,0.0034830647208167,0.004499917437902598
2.467,0.8893551078460921,0.8874361662825406,0.002251431007851,0.0028588536917886383,0.8207326391809837,0.8150563154659065,0.0055230795547799,0.005797694556034483,0.8583518502103566,0.8581664297781909,0.0040553273067575,0.00448893990380025
2.468,0.8821254559102262,0.8872279031306852,0.0028420938208666,0.002858439867815255,0.8080048273818197,0.8147797865214325,0.0036739991591286,0.005745257632654091,0.8529992621587669,0.8579637957538998,0.0037988369753175,0.0044719003253191935
2.469,0.8878163523558316,0.8872509795708869,0.0019779540730554,0.0028366994778211843,0.8185081824526975,0.8149259981265801,0.0047525465083198,0.005720746246868059,0.8495996943660433,0.8576357917779055,0.0065651572549151,0.004523585681605512
2.47,0.8857963105936885,0.8871939337286439,0.0032525437654276,0.0028469672380089972,0.8138822392648175,0.8148850664065109,0.0073169652314352,0.005760159061301815,0.852391481311419,0.8574301325439256,0.0042519764374887,0.004516879280516208
2.471,0.8886535476369624,0.8872511734897545,0.0024972864906023,0.002838333145480437,0.8067808241479218,0.8145672529846054,0.0065215971362684,0.005778960001424447,0.8497511765490604,0.8571289970147152,0.00611791681247,0.004556411071428648
2.472,0.882902339909694,0.8870806309964188,0.0026185234279211,0.002832905745046873,0.8014714002895773,0.81405369013382,0.0074857078230004,0.005821101922944841,0.8567221839561114,0.8571130435614367,0.0052857258429801,0.004574418843565721
2.473,0.8861882166623176,0.8870456343558658,0.0024217075690176,0.0028227527036634344,0.8093824854042598,0.8138705056346216,0.0063318088387584,0.005833711970248879,0.8631069549674291,0.8573480989106912,0.0043399389189385,0.004568629215797148
2.474,0.8770428760753521,0.8866533693252575,0.0035234046507543,0.002840052751739752,0.7968797251379889,0.8132042005171065,0.0064221440744926,0.005848241158007983,0.8450474543027678,0.8568657206907727,0.0062343910938348,0.004609759138711658
2.475,0.8802928987230217,0.8864039391055619,0.0023111488905844,0.0028269933971433233,0.7994438778987405,0.8126645800222687,0.0066310136437606,0.0058675688737055785,0.8524315301245586,0.8566918308646467,0.0040966151345243,0.004597088916386044
2.476,0.8840681025008211,0.8863123376700818,0.0028981471115211,0.0028287502789798116,0.8052350244384989,0.8123732249013366,0.0077597951669936,0.005914290510576887,0.8467513887743279,0.8563020096062028,0.0061086313845499,0.004634410952637003
2.477,0.882590864708056,0.886166397553924,0.0028377632601664,0.002828972821725159,0.8072809209866225,0.8121735267086027,0.0073330671865017,0.005949322033439229,0.8423479087074995,0.8557547899631164,0.0046161115650722,0.004633959115907008
2.478,0.8939068080359276,0.8864699430630223,0.0020396729494652,0.0028094839359903453,0.8208736217718361,0.8125147069071608,0.0038457115052896,0.0058973810327441764,0.8580854606669386,0.8558461888142466,0.0040887277985064,0.004620496614242795
2.479,0.8803622999263795,0.886230427645899,0.0043078256301136,0.0028464800272032654,0.8048590645107621,0.8122144856367137,0.0072921492890167,0.005931819755121276,0.8369069915625963,0.8551034751965348,0.0061779682412853,0.0046589527037994
2.48,0.8919342420868394,0.8864541066435829,0.0026926320545994,0.0028426813118303303,0.8092852133809013,0.8120996122149171,0.0049916856804383,0.005908606568092067,0.8554726039090961,0.8551179508323216,0.0045129766615397,0.0046553483570769385
2.481,0.8761603003335918,0.8860504279647597,0.0043760640222382,0.0028805426133218827,0.8173363983512418,0.8123049763771258,0.0061551452489483,0.005914693942928023,0.8496767557173496,0.8549045706317344,0.0044625310709353,0.004650587436431466
2.482,0.8834966303713796,0.885950279039529,0.0025823378007329,0.002873179531529562,0.8080717696290386,0.8121389682693576,0.0063376165425422,0.005925136476251831,0.8556982596622746,0.8549356956917556,0.0043336190869903,0.004642761057432918
2.483,0.8796757424125534,0.8857042187796476,0.0032729734757388,0.002883050986942136,0.8141775928833308,0.8122189143326507,0.0070858117851782,0.005953795125854951,0.8517548304062595,0.8548109558766381,0.0052029535650532,0.004656592971201321
2.484,0.887481607087025,0.8857739202818977,0.0020951448295104,0.00286359651391913,0.8163948787417432,0.8123826776428112,0.0063542953476617,0.0059636840202205495,0.8553145643464455,0.8548307052283954,0.0034905691963513,0.004627802260711197
2.485,0.8812935099665726,0.8855982179165909,0.0033316722650808,0.002875153939873739,0.800024770332306,0.811898053826713,0.0061358967236865,0.005967936185738228,0.8552233068919712,0.8548461013720651,0.0031643724161325,0.004591668190474686
2.486,0.8912890884184478,0.8858213893088205,0.0025000190242181,0.002865891349363723,0.8137693037301551,0.8119714361758675,0.0051995663342189,0.005948964090638985,0.8459960640116124,0.8544990410834199,0.0039418228180055,0.00457562262572236
2.487,0.8923607418705033,0.8860778345073179,0.0028004099309332,0.0028642745242172902,0.8158931169130924,0.8121252275773273,0.0086118010678066,0.006014713151803618,0.8545481353176699,0.8545009663475082,0.0036409668313231,0.004552544704872995
2.488,0.8810230955927433,0.8858796094518443,0.0033444040258544,0.0028761295736404284,0.7964701350729961,0.811511302381079,0.0093949019263741,0.006098174603027581,0.8409347393351286,0.853968957445062,0.0072799300970239,0.004619887554061907
2.489,0.8795898445019967,0.8856329520028307,0.0033349978624963,0.0028874596548467465,0.8059363794278671,0.8112926779515414,0.0054673386035553,0.006082598405509746,0.84593125818561,0.8536537535525344,0.0057774373342126,0.00464846903011501
2.49,0.8748657204337094,0.885210707627571,0.0040008975004334,0.002914951947330368,0.7861961326079618,0.8103084997027735,0.0082669106144384,0.006136532040298108,0.8436801746974208,0.8532626328131181,0.0046058091833336,0.004647415700564851
2.491,0.8832118995543422,0.8851323229972484,0.0027577496178849,0.0029110704083317143,0.806385785555475,0.8101546677754283,0.0050694181079974,0.006110183548142535,0.839619944370782,0.8527276254232226,0.0076721420900499,0.004722100302774359
2.492,0.8875624015844084,0.885227620196745,0.0034479420395643,0.0029243264979917786,0.8044725674796119,0.8099318403128473,0.0064108018003681,0.006117606221036994,0.8519879080777835,0.852698616899872,0.0057431775776023,0.004747312087338012
2.493,0.877713058343275,0.8849329314966089,0.0032254954394511,0.002931762768151268,0.8070573686482385,0.809819115933843,0.0075236286225958,0.006152322823544619,0.8420442004781266,0.852280796648039,0.0068412892636226,0.004799015227493187
2.494,0.8855379128551516,0.8849566562557675,0.0031914441407942,0.002938174653895538,0.8040233452482145,0.8095918308089165,0.0071527732947423,0.006177025304314932,0.8340858737619161,0.8515672702603478,0.005794202764805,0.004823587759278664
2.495,0.8877792742691215,0.885067347158252,0.0026683116506782,0.00293151136986548,0.8157867207967785,0.8098347676711857,0.006660148885982,0.006188954281640045,0.8360631944352035,0.8509592672868129,0.0060492686560329,0.004853851485124448
2.496,0.8927179566146987,0.8853673710585048,0.0019072593722623,0.0029062211970851547,0.8259264250768379,0.8104658130596426,0.0058811380192608,0.0061813538800998165,0.8487482061409989,0.850872559006585,0.005161155481532,0.004861439238122166
2.497,0.8809181779101426,0.8851928928958239,0.0038687994688322,0.0029299885618196495,0.8016575687051084,0.810120391712406,0.0080052593330695,0.0062263885826422775,0.8368369211142661,0.8503221418343372,0.0059541285955622,0.004888419222256487
2.498,0.8911161500430979,0.8854251774898346,0.0024220736256274,0.002917447452284038,0.8218592140414114,0.8105807376860925,0.0058117725355068,0.006216151149379673,0.8620576688516263,0.8507823585801132,0.0036711520351809,0.0048583632423286945
2.499,0.8883258537207948,0.8855389294988918,0.0019119900284665,0.002892621343053975,0.8052484716151072,0.8103716292127205,0.0089779310786193,0.006284343246397935,0.8553565325529136,0.8509617379515956,0.0043177749510799,0.004845015383285515
2.5,0.8888736110980393,0.8856697013263093,0.0032573005595242,0.0029016257681520052,0.8107772799511861,0.8103875370848173,0.0057747933336853,0.006271761767071696,0.8589892024596232,0.8512765404813222,0.003568145807479,0.00481348773943844
2.501,0.8730298510290404,0.885174020922495,0.0034968220784435,0.002916321973344388,0.8003807046135724,0.8099951122820234,0.0081511724598689,0.006318166969362984,0.8499538528594626,0.8512246703785041,0.005091148592247,0.004820343562964577
2.502,0.8745215866907806,0.8847562784036042,0.0041359783939067,0.002946436946691606,0.8099076156383198,0.8099916810410938,0.0049195608758277,0.006283633485571989,0.8475020380817743,0.8510786847982401,0.0056873460922123,0.004841751032822546
2.503,0.8732898915634775,0.8843066161745795,0.0032435443857207,0.0029537729328404727,0.7955735471973565,0.8094262640276139,0.0065757190075782,0.0062908454737696734,0.8382671009352166,0.8505762697447882,0.0074261975747521,0.0049055645276850045
2.504,0.8837236992561309,0.8842837566875815,0.0026063320855379,0.0029451941464873226,0.8097979346532155,0.8094408393462649,0.0069884891076218,0.006308071242506764,0.8516773602841191,0.8506194497659383,0.0052962171159044,0.004915210270604002
2.505,0.8824221076563723,0.8842107508432203,0.0021197490442066,0.0029248127859371814,0.8119789056721815,0.8095403713590459,0.0044883705997085,0.006263140362437671,0.8489484460391211,0.8505539202080238,0.0043775400952174,0.004901934463804333
2.506,0.8705225593832439,0.8836739590212604,0.0037296052144154,0.002944684203924298,0.7978034205740238,0.8090800987792411,0.0059810955807832,0.0062561762937548455,0.8380168392933064,0.850062269976074,0.0047068437772017,0.004897117409814144
2.507,0.8842027236003998,0.883694694887109,0.0033575258651762,0.002954877825189777,0.7998846395410052,0.8087194925346044,0.0080859363399387,0.006301355554154447,0.8499906505242759,0.8500594613701212,0.005475103026107,0.004911388659599152
2.508,0.8670522596891849,0.8830420503695432,0.0047053851753693,0.0029981002288979133,0.7941935775285608,0.8081498488088771,0.0060927198056965,0.0062962040541925226,0.8329115604871685,0.849386994668829,0.0062606208870588,0.00494470303558581
2.509,0.8816513143611489,0.8829875117025474,0.0032057585035202,0.003003227593703402,0.8081275624863644,0.8081489748354452,0.0078282473431037,0.006334032283548354,0.8474030554875811,0.8493091931323096,0.0042148932611835,0.004926683041156123
2.51,0.8886758058637515,0.8832105820618104,0.0028743285568942,0.0030000449014365082,0.8243035899017879,0.8087824891517724,0.0049596639491316,0.006300097262945471,0.8490811258048763,0.8493002493155474,0.0037910180538883,0.004898641930359386
2.511,0.8671244479426292,0.8825797532728228,0.0035095686306483,0.003012625734256553,0.8019367159515618,0.8085140274576466,0.0074861320823773,0.006329382073301812,0.8440248365427504,0.8490933703832808,0.0064512752022036,0.00493697855435554
2.512,0.8811537444287811,0.8825238313573702,0.0032989848186781,0.0030196963289336283,0.8006487750565281,0.8082055861870145,0.0073080922088337,0.006353547755660625,0.843921813792965,0.848890564242484,0.0055307078771317,0.004951638537633963
2.513,0.8841294349711206,0.8825867962049684,0.002160165599001,0.0029984733479476375,0.8096924999057425,0.8082638965289254,0.0068027412870871,0.006364638953967452,0.8522265648950317,0.8490213877974858,0.0031072407218921,0.004906097850825522
2.514,0.8732655748512443,0.8822212581126655,0.0033070186340559,0.0030060917500737672,0.7882921212208065,0.8074806896540971,0.0081386452124397,0.006408441577633433,0.8462284298578201,0.848911860035146,0.0082231914848581,0.004988001397344845
2.515,0.8773935308219445,0.8820319354738138,0.0052257914101524,0.003060899149088055,0.8127572501538989,0.8076876135952659,0.0041966041659749,0.006353828308209766,0.8557161753903154,0.8491786959314271,0.0033162424247514,0.00494672339802155
2.516,0.8881667273608415,0.8822725155478148,0.0024776375390425,0.003046497627852362,0.7991074985705935,0.807351138496259,0.0068677168472862,0.006366516914112888,0.844978973222403,0.8490140009232301,0.0064875795240314,0.004984769228293398
2.517,0.8916716569014107,0.8826411093263873,0.0017288222564064,0.0030139624334956715,0.8260102990235559,0.8080828702816432,0.0046665147611623,0.006324541552311639,0.8456842191354093,0.8488834212452764,0.0045482585370342,0.004973991186533912
2.518,0.8871564332906353,0.882818180854397,0.0024044474650917,0.0029989126811894007,0.8059313418708648,0.8079984966184753,0.0060612209985327,0.006318039810243022,0.8483309255106133,0.8488617547458778,0.0060155520758376,0.004999708739356225
2.519,0.8663781487598264,0.8821734737134335,0.003507451398018,0.003011469192716033,0.801349552088845,0.8077377536957446,0.0069716435476264,0.006334178174129032,0.8396742438387688,0.8485014602005009,0.0082510983222605,0.005079989963625467
2.52,0.8778622323969048,0.8820044054265107,0.0022860538947428,0.0029935577038771874,0.8098021853427568,0.8078187117995491,0.0038878776854308,0.006273775692926606,0.8532250543647785,0.8486866991873353,0.0048676606895536,0.005074747265500236
2.521,0.884241112222653,0.8820921194185164,0.0028281825243768,0.0029894743661117457,0.8110737598108655,0.8079463607411694,0.0049534336736101,0.006241174655412619,0.8484729050606596,0.8486783151039363,0.0033043875054032,0.005031034678831174
2.522,0.8715846035704926,0.8816800599734959,0.0028933201537063,0.0029871001880276606,0.7885289525583086,0.8071848937536064,0.0085440501600299,0.0062980357789834155,0.8475273886336588,0.8486331807325529,0.0057382299004039,0.005048496289240378
2.523,0.8780811868488101,0.8815389276940964,0.0031275977052214,0.0029905692625262713,0.7812003676810678,0.8061658927311538,0.0105087676852754,0.006402004468027663,0.8421664639726022,0.8483795839968686,0.0059760333691508,0.005071398439361623
2.524,0.8816233279943682,0.8815422375097934,0.0032096040654898,0.0029959775292661118,0.7995723692403404,0.8059073231824945,0.0073763718823527,0.006426062922702354,0.8464691290588174,0.8483046641953764,0.0054437388853294,0.005080592030620087
2.525,0.8757105676113579,0.8813135445725999,0.0038782891836421,0.003017763002213667,0.8039577184907011,0.8058308680965417,0.0084389727186211,0.006475764399144792,0.8475078040750432,0.8482734147788928,0.0059556356151133,0.005102198045052018
2.526,0.8836195218295955,0.8814039750532664,0.0042922104525845,0.0030492308404944284,0.7971235117644515,0.8054894031423421,0.0093502099243713,0.006546738362730633,0.8403622196798808,0.8479631718338336,0.0058310167974785,0.005120193569803289
2.527,0.8828298177601838,0.8814598904535376,0.0037787615729564,0.003067243944999662,0.8019674522209354,0.8053512874199339,0.0083101419604991,0.006590279192305163,0.8534549906214359,0.8481785372764847,0.0050595712310472,0.005118696721932768
2.528,0.8754552656172099,0.8812244149697599,0.0030253567119789,0.003066209692332483,0.7869753270183955,0.8046306615218344,0.0061754191733164,0.00658003573504618,0.8356299763347845,0.8476864368473985,0.0070836647679397,0.005167214451463804
2.529,0.8780985044098764,0.8811018302419213,0.004575793729727,0.00310348337226815,0.8118418385833288,0.8049134527791479,0.0068023531299614,0.006585525053439149,0.8549756475187222,0.847972288246274,0.0050160200321587,0.005163481255925406
2.53,0.8768130998245959,0.8809336447353595,0.0030091457069279,0.0031011540471980203,0.8030915213414698,0.8048420044874744,0.007555996883023,0.00660948732083628,0.8525495249002462,0.8481517877229005,0.0048775556881125,0.005156421365362124
2.531,0.8813209160614183,0.8809488318461853,0.0036609299477222,0.0031149756743714574,0.8052673339749629,0.8048586840752192,0.0080228982700749,0.006644386356619951,0.860453133647666,0.8486341934454403,0.0033536690113944,0.005111908961560451
2.532,0.8785960445435667,0.8808565656774552,0.0033789322363345,0.0031214931203458534,0.793630483995626,0.8044183625034704,0.0065699429381352,0.006642548247521561,0.8364396177684356,0.8481559747914401,0.0043005673014643,0.00509187583415067
2.533,0.8864946532086724,0.8810776671492676,0.0032084852986563,0.0031236410753658645,0.8146345152669827,0.8048189959451768,0.0046412207056344,0.00659313275266015,0.8573502385277234,0.8485165341536471,0.0039763286660162,0.005064331459628831
2.534,0.8773421999594341,0.8809311782398623,0.002624535718964,0.0031113174863189054,0.8041298390668837,0.8047919701852438,0.004612825444327,0.006544236275911183,0.8505560703288894,0.8485965159644409,0.0039888917453887,0.005037777392610555
2.535,0.8739852190643559,0.8806587876839601,0.0027936693097366,0.003103474321465021,0.8010471205594429,0.8046451133371733,0.0088389456901736,0.006600895767621367,0.8449836885240366,0.848454836456974,0.0050735125219535,0.005038659741483221
2.536,0.8749559604829085,0.8804351474015659,0.0033341699675726,0.0031091705102578005,0.7900766574284885,0.8040738013407542,0.0065661315854573,0.0066000373927531195,0.8428910505497211,0.8482366487743366,0.0042649538855638,0.0050195558931889145
2.537,0.878180562106488,0.880346732291955,0.0023040003820952,0.003089289766352551,0.8007403104127992,0.8039430762063247,0.0054723863638413,0.006572194157471347,0.8467450694275556,0.8481781554666196,0.0050105758535749,0.005019334163815729
2.538,0.8631916157209611,0.8796739826225043,0.0048763599349809,0.0031334149557013993,0.7897205219949242,0.8033853289823482,0.0070287739708277,0.006583467733109774,0.8341223063130792,0.8476269456958926,0.0053364567643707,0.0050271643514837525
2.539,0.8797033806373773,0.8796751354858325,0.002742510191152,0.0031237629862063522,0.8085890527584813,0.8035893965814123,0.0047132881636027,0.006537290459788612,0.847908836792211,0.8476380002486894,0.005109094456196,0.0050291873170322035
2.54,0.8826728226177516,0.879792691843947,0.0022659818846721,0.0031025832059215558,0.807627221811009,0.8037477426688475,0.0067042942568383,0.006541414010333049,0.851001397530321,0.8477698981813026,0.0047387983652154,0.00502201721945648
2.541,0.8781537957238315,0.8797284214078641,0.0028710242963412,0.0030968657019812998,0.8020572796423941,0.8036814500011434,0.005184561551353,0.00650791148048169,0.8487666852844523,0.8478089878716222,0.0053543270552051,0.0050302224005860765
2.542,0.8845362500532454,0.8799169637076829,0.0024961561483749,0.0030820333673243516,0.8252847913500836,0.8045286398579646,0.0046415935826646,0.0064618295570787986,0.8455816869250076,0.8477216427364608,0.0059376514534924,0.005052628056213393
2.543,0.8813100118887454,0.8799715930481168,0.0031499414757509,0.003083710110742291,0.7869061075001861,0.8038375601576596,0.0079568138056789,0.006498742748402258,0.8439821712675988,0.8475749967965053,0.0031086586898149,0.005004628812598616
2.544,0.8861279990597333,0.8802130207348469,0.0024699055145931,0.0030685544417015705,0.8082970099368222,0.8040124405411562,0.0058976617977816,0.006483901243448661,0.8487317834640763,0.8476203609795472,0.0036881179186569,0.004972122370772894
2.545,0.8846376705061602,0.8803865364121533,0.003000784845933,0.00306688111834926,0.7983268409329791,0.8037894758506394,0.0086743485000757,0.0065379863608962425,0.8485559540293309,0.8476570509030681,0.0044270354905854,0.004958663435459623
2.546,0.8685028968179309,0.8799205113300268,0.0043941202108392,0.003099652453966296,0.7919134775895121,0.8033237504286345,0.007259894735137,0.006555811259025644,0.8489178188391892,0.8477064927829161,0.0055784193272628,0.004973966050072046
2.547,0.8771314176679077,0.8798111351079829,0.0025228221128488,0.0030854097294942587,0.8022282912788707,0.8032807912462908,0.0062208236255491,0.0065475399594336296,0.8437891001318516,0.8475528695416978,0.004393889253514,0.0049596431662064155
2.548,0.8717047663298824,0.8794932382931554,0.0045544700808853,0.0031216828245903337,0.7886277828418846,0.802706163465726,0.0083962001657865,0.006593185890454689,0.8440375167008884,0.8474150125675485,0.0054513287869784,0.00497178355190449
2.549,0.8843915564266835,0.8796853292003527,0.0020546742859981,0.00309533693474855,0.8045229253803271,0.8027774090310044,0.0049865908004032,0.006553516875885516,0.8447029713647926,0.8473086580105776,0.0048689963845185,0.004969245597154218
2.55,0.8724114543351704,0.8794000792056397,0.0035174469992612,0.0031057594054772577,0.8064175822148582,0.8029201609205673,0.0049739028168133,0.006514514059612128,0.8439187984054007,0.8471757223397863,0.005159462073245,0.004973942300267571
2.551,0.8697436201130597,0.8790213945353423,0.0035270672136376,0.003116162067407143,0.7850283700330873,0.8022185220622347,0.0076855694701321,0.006543429008020029,0.8491028366256755,0.8472512954490369,0.0045529445476716,0.004963547294030634
2.552,0.8797247343627017,0.8790489764893565,0.0024818387030518,0.0031004997621144185,0.7960540137475971,0.8019767766381313,0.0074308677508459,0.006565341075744124,0.847546232116994,0.8472628615928783,0.00419765438804,0.004944636358080248
2.553,0.8858404578289969,0.8793153090909112,0.0029966774169214,0.0030979362474182945,0.8073042888004306,0.8021856986837116,0.006841726044998,0.0065721653959726145,0.8561990045749154,0.8476132985725661,0.0036222106939372,0.004911983872545852
2.554,0.8822493134851987,0.8794303680867657,0.0030259188819734,0.0030961580408640998,0.7945114119936572,0.8018847462644938,0.0062199962459287,0.0065634698614036304,0.8499385843146987,0.8477044862487282,0.0053076439073783,0.004921753256121962
2.555,0.8825731221579123,0.8795536133444577,0.0025336894332414,0.003082269927095638,0.809870228200955,0.8021979024188647,0.0056504097643574,0.0065409251676494026,0.8446544351797185,0.8475848764028847,0.003916658396763,0.004896936099100754
2.556,0.8825341650270296,0.8796704977241664,0.0030126589472317,0.003080551137469368,0.8029060983059984,0.8022256748065956,0.0065653237398419,0.0065415276015307,0.8611254638454007,0.8481158798320029,0.0039741080198356,0.00487415022060038
2.557,0.869278413619309,0.879262965014172,0.0039642115896803,0.003102369914067168,0.7916331967865251,0.8018102835116908,0.0077099140995221,0.0065703766508638205,0.8399644597825955,0.8477962163006536,0.0044177734523236,0.004862881658420706
2.558,0.879967310696761,0.8792905864134892,0.0035159123290864,0.0031125808378948037,0.7996831138198934,0.8017268650924045,0.0080121023901824,0.006605974817266748,0.8470583200071312,0.8477672791911037,0.0038927106616866,0.004838926818995172
2.559,0.8927122181805619,0.8798169249141587,0.0025178071556319,0.003097895067962386,0.8138773362523335,0.8022033541574998,0.0059593994183742,0.006590009992602734,0.8487399684308974,0.8478054238671741,0.0048071301840902,0.004838141716898754
2.56,0.8847547661336317,0.8800105657462949,0.0033492750258172,0.0031041019805020113,0.801566278251981,0.8021783707886561,0.0075874096174457,0.006614637143833425,0.8595192206111335,0.8482647884453686,0.0029905650434055,0.0047925225397754635
2.561,0.8881885612904391,0.8803312714539083,0.0020496012494868,0.003078064925415216,0.8188662768218852,0.8028327984762337,0.0042012173717706,0.006555046532177552,0.8534478965855649,0.8484680475881213,0.0045479531741643,0.004786483790007286
2.562,0.8806135900138019,0.8803423427699826,0.0047358990924554,0.0031189991023791715,0.79501843692317,0.802526352925133,0.0072646660632096,0.006572568002079578,0.8408025801719985,0.8481674410227832,0.0079522142550852,0.004864649974330198
2.563,0.8756806364522461,0.8801595307575223,0.0040289404925918,0.003141466791026397,0.7899960117243708,0.8020349669956912,0.0062166386831059,0.006563779623833314,0.8461641030059002,0.8480888787476114,0.0047838374972494,0.004862654604525733
2.564,0.8832504055401149,0.8802807415333103,0.0029335540330235,0.0031363331426806466,0.8073545925324347,0.802243579761838,0.0064257419510751,0.006560371286234345,0.8542862613806153,0.8483319133606704,0.0046789333592337,0.0048581182774814855
2.565,0.8820728886552645,0.8803510218126027,0.0030890799610794,0.003135166397455924,0.7975587277245565,0.8020598600741015,0.0101058176458973,0.006647913171658121,0.8375599949305363,0.8479094851869396,0.00537191845132,0.004870804701526881
2.566,0.8756506642291099,0.8801666940642304,0.0032109458673706,0.003137037495478509,0.807456564136216,0.8022714955275176,0.0059714934784952,0.006631211450839283,0.8409504591791459,0.8476365822062419,0.0044953798885026,0.004861534953057146
2.567,0.8873228818399208,0.8804473288789634,0.0020130364975451,0.0031092843844184245,0.7995067277590051,0.8021630732620857,0.0074183585554693,0.006650647181817802,0.846637378516601,0.8475973977478246,0.0035876523908405,0.004830081062632044
2.568,0.8734544652380255,0.88017309893226,0.0029110139799927,0.0031043888188770482,0.7919187573452316,0.8017613353829934,0.0066841169293884,0.006651473595338064,0.8301561119040604,0.8469134257539515,0.0055741585010139,0.004848453345061225
2.569,0.8853115735728008,0.880374607741693,0.0026336743320412,0.0030927662389551754,0.7979616522897242,0.8016123282028652,0.0059963653316876,0.006635298082655337,0.852828156255546,0.8471453759697002,0.0040945467070609,0.004829838366345168
2.57,0.8805177656348173,0.8803802217767174,0.0034263887639904,0.0031010038321659214,0.7903412236723097,0.8011703241036278,0.0059031695835256,0.006617220835763244,0.8487484765792751,0.8472082426602716,0.0052464112947627,0.004840124117664119
2.571,0.8730948501706917,0.8800945209294222,0.0028106122634723,0.003093833669975955,0.7933504030392559,0.8008636605324758,0.0066916560095344,0.006619058741288458,0.8371174807574395,0.8468125265072194,0.0092657115290163,0.004949397880907384
2.572,0.8740528608074731,0.8798575930815027,0.0033530093598134,0.003100233069725028,0.8069178292202001,0.8011010789123866,0.0077750491138287,0.006647601713449946,0.844162305172972,0.8467085962588176,0.0063013353137544,0.004982779052088792
2.573,0.8769157425868344,0.8797422263954372,0.0034875195758865,0.003109795699506793,0.8060276569555713,0.801294278051335,0.0064634342512953,0.006643054368705387,0.8562318949381009,0.8470820589521227,0.0043699594691694,0.004967647704362387
2.574,0.8816410525112266,0.8798166901646839,0.0034297311104424,0.003117695339282981,0.8137242409682497,0.8017817275774886,0.0049607003378798,0.00660151476300599,0.8328505247579696,0.8465239595719598,0.0075246217208409,0.005030782865263091
2.575,0.8891155537517914,0.8801813514818255,0.0020481112117784,0.0030912858546532375,0.8042399852874651,0.801878129840625,0.0050819084171592,0.006563993618664095,0.8535145816460269,0.8467981016140801,0.0044736071821845,0.005017025440989547
2.576,0.8792362205583459,0.8801442875240422,0.0031824640646083,0.003093537168479288,0.7919290252298372,0.8014879688754961,0.0086431925356283,0.00661533186352741,0.838551690598218,0.8464747129467914,0.0048742992232707,0.005013501336848341
2.577,0.8764226141889883,0.8799983395501185,0.0029323469171042,0.003089557162272496,0.7940953225530593,0.801198061176577,0.0086666005144752,0.006665980472192788,0.8419573060084847,0.8462975597335245,0.0057674727489554,0.0050321179149250585
2.578,0.8863577365296282,0.880247727666962,0.0020056730637537,0.0030627945919386983,0.7916489609068442,0.8008235866561952,0.0097558039863883,0.0067422724108149,0.8468524287534651,0.8463193193029339,0.0044151660508151,0.005016884535564319
2.579,0.8852335555527804,0.8804432503291509,0.0026158289029885,0.0030517584020880763,0.8063376287929214,0.8010398236027335,0.0049520729124923,0.0066980699540661924,0.8384951801545477,0.8460124903167227,0.004740012821702,0.005010048196950435
2.58,0.8750484562883436,0.8802316897785311,0.0040237499349842,0.0030757581930237828,0.8074703590115399,0.8012920014619024,0.0055579595221336,0.00666991907920366,0.8411358481266916,0.8458212494465253,0.0054185377623059,0.005020134359057977
2.581,0.8829602794956539,0.8803386932968497,0.0028676839415604,0.0030706205571851804,0.8099701903336073,0.8016323225941261,0.0066262724516799,0.0066688413846969,0.8385146011717762,0.8455347142200645,0.0061949287252258,0.005049141627358417
2.582,0.8755361674138629,0.8801503589484972,0.0040713497751834,0.003095329920592544,0.7981116274278167,0.8014942561170159,0.0064681431036769,0.006663885871585294,0.8513340015960469,0.8457621372544167,0.0038772682524116,0.005020206482298002
2.583,0.8770108431567523,0.8800272406821543,0.0028868023239502,0.0030901810910458193,0.7990030681594281,0.8013965624716203,0.0061832013388958,0.006652017117691726,0.8435245644850966,0.8456743893026787,0.0039400397074288,0.00499353569773333
2.584,0.8714551211251117,0.8796910791308978,0.003289162363621,0.003095094208887182,0.784454815731168,0.8007321802465044,0.0068195987099505,0.006656154934784535,0.8395101903833346,0.845432656011724,0.0053098257314005,0.005001345328194248
2.585,0.8707687244499764,0.879341182868901,0.0027439344157587,0.00308642359671117,0.780428233572581,0.7999359470436055,0.0070731573179385,0.006666451289924139,0.8271808214918928,0.8447168977952602,0.0071647036672517,0.005054761583479617
2.586,0.872977531053132,0.8790916278957335,0.0056807098936321,0.003150480048486996,0.804799492047542,0.8001266742986619,0.00643339339314,0.006660696773954159,0.8346686809290669,0.8443228500750173,0.0052590574470885,0.005059805925790946
2.587,0.8880054823034265,0.8794411908136822,0.0035475516776481,0.00316028428624406,0.7996603978102402,0.8001083889461748,0.0093628052129751,0.006727415500843566,0.8524069764445721,0.8446398746385293,0.0068404274324344,0.005103771888917945
2.588,0.8752864506788113,0.879278259828001,0.0033951621290945,0.0031660837391539473,0.8119031514600238,0.8005709286526002,0.0046787114935393,0.0066768302167125974,0.8481670498094328,0.8447781952334666,0.0052809436359379,0.005108146499955475
2.589,0.8713286445582243,0.8789665102095784,0.003243881036171,0.0031680046600679485,0.7889088666455556,0.8001135928876181,0.0053237914727421,0.006643421852663942,0.8448118509133682,0.844779515064051,0.0047407055114824,0.00509907388295614
2.59,0.8765035456066411,0.8788699233624043,0.0037680297598263,0.0031828200946298828,0.7886042554589315,0.7996622463217872,0.0113521428721889,0.006759686569195423,0.8424308461572573,0.8446874104010395,0.0049322721536162,0.005094955321737869
2.591,0.8716619630359809,0.8785872582515641,0.0032476920430273,0.0031844218711335227,0.803169370459052,0.7997997806016799,0.0076159020279471,0.006780827691633737,0.843423379182805,0.844637840549344,0.0064032896265473,0.005127259872473904
2.592,0.8772648953364917,0.8785354008823456,0.0022862803850427,0.0031622455381436257,0.8006250362360966,0.7998321435677354,0.0067548432249799,0.006780186099864505,0.8554442947637609,0.8450616230675564,0.0029221749282822,0.00507281333064201
2.593,0.8804438134851961,0.8786102405922613,0.0040066534872923,0.003183095117134951,0.8064039156288116,0.8000898601191502,0.0059268069371555,0.006759115009427247,0.8337386239298962,0.8446175838856873,0.0059313417962691,0.005094011564361198
2.594,0.866712069518444,0.87814364564819,0.003350644190804,0.003187232131299619,0.7961333891651243,0.7999347043954629,0.0080126725154815,0.006790067046613771,0.8373374277327866,0.8443320875659657,0.0060143267520445,0.005116735396155848
2.595,0.8734037973365834,0.8779577692438133,0.0022861092094478,0.0031649821826119197,0.7934078378375111,0.7996787488441706,0.0050402342468499,0.006746861298471454,0.8467214922681013,0.8444257897111475,0.0065596764723026,0.0051523635708755205
2.596,0.8833933973377577,0.8781709311298503,0.0027360101657395,0.003154390280960749,0.810389874401034,0.8000987929836555,0.0060582264050443,0.006729857967769547,0.8521771323039723,0.8447297639304738,0.0040129409028914,0.005124229677838875
2.597,0.8730411151371293,0.8779697618752339,0.0040661231429546,0.003176902203479116,0.7991833772733374,0.8000628943283489,0.0085187433419479,0.00677402797700852,0.8348534983910261,0.8443424593995151,0.0055363413488333,0.005134405274653552
2.598,0.8733907120499819,0.8777901912938514,0.0027922935216955,0.003167405692817792,0.7887650349941129,0.7996198410211239,0.0072024893935724,0.006784607271244665,0.8362587141157992,0.8440254497805459,0.0058826303226803,0.005152879967197423
2.599,0.8663869537065406,0.8773430055061138,0.00420913056147,0.0031931272945129084,0.7873629624561782,0.7991391791166164,0.0089176543749522,0.006837275100965838,0.8334621663737427,0.843611203372436,0.0062641122732388,0.005180317801914494
2.6,0.8742733734642347,0.8772226277789813,0.0035079413506647,0.0032009004810845576,0.7999765403650082,0.7991720168126317,0.0057247354128999,0.0068098049852111245,0.8441444266813662,0.8436321140904333,0.0043646692707954,0.005160178332010319
2.601,0.8821224142149378,0.8774147762666659,0.0037565778978957,0.0032146209111292776,0.8104363186294148,0.79961375413878,0.006517424918064,0.006802585724293912,0.8414968501802905,0.84354837825082,0.0065767150004384,0.005195154546045581
2.602,0.8743612696132393,0.877295030907708,0.0040816579583581,0.0032360292332830757,0.803226629402418,0.7997554355216677,0.0077348515861964,0.006825604634464344,0.8350236941556695,0.8432140769137552,0.0054301265993905,0.005200956325140517
2.603,0.869843832112321,0.8770028270333791,0.0036817039090342,0.0032470335462645846,0.7840360949484566,0.7991389907933066,0.0081761696115008,0.006858951917847959,0.8209667824388694,0.8423416339931714,0.0066009634402838,0.005235524402057635
2.604,0.8767629493735574,0.8769934200663272,0.0033538597970728,0.0032496712314697257,0.800953469406651,0.7992101468173594,0.0063325603834926,0.006845954596012025,0.8326045463443489,0.8419597874187078,0.00556739895638,0.005243718835497693
2.605,0.8752929882232494,0.8769267364646379,0.0030611918806389,0.0032450174203381005,0.7967472662826439,0.7991135632669784,0.006957124453037,0.006848699530753382,0.835821120004633,0.841719055363254,0.0060455584272478,0.005263517343935967
2.606,0.8729870539047472,0.8767722391093481,0.0021209901777149,0.0032172636612609836,0.7878590088026352,0.7986722081899452,0.0050748449847169,0.006804900653073469,0.8494160480241855,0.8420208982127022,0.0045598983960981,0.005246144036581945
2.607,0.8711881505571267,0.8765532552445552,0.0042003901331454,0.0032415383889618336,0.7928044658029245,0.7984421006453561,0.0062938228117239,0.00679228144711422,0.8426406693231139,0.8420452029621301,0.004135629545863,0.005218723925699996
2.608,0.8710396124629188,0.8763370339590008,0.004058365547012,0.003261706960765542,0.7821018763878625,0.7978013075372191,0.0109565476580444,0.0068951028350384205,0.8268820681114619,0.8414505702228883,0.0090476240623121,0.005313264669813875
2.609,0.8739733048174447,0.8762443386985476,0.0040555125080251,0.0032813070977349137,0.7897250549942311,0.7974845917512197,0.0062400916235874,0.006878929718706297,0.8399620585701302,0.8413921972168977,0.0069791823911654,0.0053543984407114446
2.61,0.8706155606478652,0.8760236023044032,0.0026202734368686,0.003264985278948091,0.7902283193037063,0.7972000320473958,0.0076893680185483,0.006898940540924619,0.83141835360375,0.8410010660948135,0.0050944204475152,0.005347979231002896
2.611,0.8796766917476102,0.8761668607139407,0.0018907385883703,0.0032310532618967875,0.7926315112693905,0.7970208743698269,0.0085418906563172,0.0069395072104404855,0.8440443556087729,0.8411204107816354,0.0051633759869271,0.005343421126210901
2.612,0.8595819188630799,0.8755164708374362,0.0035764522247939,0.0032395816313510375,0.7721085251151985,0.7960439194970964,0.0092457424030303,0.006996451289269863,0.8095048196270075,0.8398805836775323,0.0084450879162086,0.00542000549139603
2.613,0.876642082976344,0.8755606124899424,0.0030670225510933,0.0032353209133199824,0.7983090356441278,0.7961327475812936,0.0057157963562958,0.006964830179813714,0.8384646773122658,0.8398250579377179,0.0051817286500833,0.005414122112598185
2.614,0.8664990742467215,0.8752052580490318,0.0029588617375724,0.003228494760832388,0.7945158315315813,0.7960693391087559,0.0103060176170117,0.007047328635053172,0.8405995126317637,0.8398554287100334,0.0046256213188536,0.0053946529571970835
2.615,0.8685258410323846,0.8749433201268103,0.0037651018882425,0.0032417443195338724,0.7914786717597873,0.7958893129382081,0.0076707306638127,0.007062721277738593,0.8402805286795868,0.8398720992970746,0.0051399199042287,0.005388363252185519
2.616,0.8782318734748261,0.875072283003203,0.0037322880982688,0.0032538565116014017,0.7878144798263078,0.7955726528161727,0.0087282377794372,0.007103845141978064,0.8315794042965202,0.8395468955715626,0.0048243102472439,0.005374436017495602
2.617,0.8683180603107428,0.8748074115250672,0.0037488096298408,0.0032660775762492883,0.8019582152236521,0.7958230670282308,0.0060104255180696,0.007076847126572916,0.8316063408030052,0.8392355012669134,0.0057792889605132,0.005384432386458999
2.618,0.8786142828852693,0.8749567005980163,0.0027550582146048,0.003253459814233375,0.8081068931493571,0.7963047856996476,0.0049413606380676,0.00702411906512834,0.8427746850014952,0.8393742927859166,0.0045183543563583,0.0053630477437404634
2.619,0.8687534000846946,0.8747134339112195,0.0046677779603233,0.0032883812499392992,0.785995985012799,0.7959005190060457,0.0091835798682461,0.007077439084958408,0.823370462898202,0.8387466916138493,0.0046965522254321,0.00534659106427606
2.62,0.8712229277543969,0.8745765513168343,0.0043008575402573,0.0033133806645150522,0.7921365823982432,0.7957529136488769,0.0092413606832074,0.007130869247878137,0.8431771242758256,0.8389204340711817,0.0054028642020188,0.005347980524467238
2.621,0.8746601527488823,0.8745798298043657,0.0035670903055683,0.0033196451000966137,0.7945236630899684,0.7957047077446059,0.0063213903714095,0.0071108821151258245,0.8443147259712589,0.8391319749300082,0.0053302259906879,0.005347542140917131
2.622,0.8796986811555638,0.87478056907304,0.0034448413412833,0.0033227363653111,0.7941753682263561,0.7956447336458509,0.0068620735960915,0.007104738694902754,0.8415257793207034,0.8392258496119963,0.0045881235927597,0.005328791065653984
2.623,0.8713200607252427,0.8746448628633224,0.0032041705075149,0.003319808813266749,0.7948470782932847,0.7956134530437895,0.0068271824085499,0.007097885453264412,0.8350709024668345,0.8390629105082644,0.0040870126766145,0.005298129870862886
2.624,0.8741606574873769,0.8746258744172068,0.0017178824240094,0.003280255075260395,0.7870621967584168,0.7952781096600494,0.007571866752548,0.007109588695222032,0.849191754443547,0.8394601200743539,0.0047265867672288,0.0052840176954645135
2.625,0.8638892695423522,0.8742048310887812,0.005102098668832,0.0033252388676942614,0.776401431414576,0.79453784776807,0.0086217929186005,0.00714692707110792,0.829277571495193,0.8390608044437986,0.007010990812423,0.005326659006994353
2.626,0.8657447462243368,0.8738730630548813,0.0038358927601626,0.0033378476057799,0.7892707963744071,0.7943312967330245,0.0059626479910279,0.007117685612340512,0.8397128141170587,0.8390863734505931,0.0083991773867967,0.005402523658347498
2.627,0.8737869234148783,0.8738696850297831,0.0033045680616443,0.003337025888640749,0.7939227157541476,0.794315273949539,0.0057491375183216,0.0070838943013770824,0.8401157767082541,0.8391267422057955,0.0049695486150385,0.0053918329165374
2.628,0.8618398009329624,0.8733979248691235,0.0032787815100497,0.003335587755836032,0.7807616883944201,0.7937837607905148,0.0106534672552385,0.007172031905176132,0.8429444313841543,0.8392764555069077,0.0060097735064728,0.005407090708881484
2.629,0.8703669227041662,0.8732790620391252,0.0031967267790095,0.0033321590897415496,0.7853024701741863,0.7934511611585019,0.0077351952814777,0.007185937173726788,0.8450724610021312,0.8395037498400538,0.0047695156897003,0.005391348115815282
2.63,0.8576040272208605,0.8726643547913501,0.0040869026933913,0.003350794734276111,0.7822464897399605,0.7930117622793433,0.0072129318264186,0.0071866037083611525,0.8306159179469907,0.8391552074128749,0.0051492910719228,0.005385371398682133
2.631,0.8816969745686034,0.8730185751747717,0.0040099261879978,0.0033670695849852893,0.8044775992233597,0.7934614029438146,0.0083934179293223,0.007216401590360194,0.8510980076526726,0.839623552520318,0.0052460040117493,0.005381930228634409
2.632,0.8722218841282512,0.8729873323886336,0.0028481803739234,0.0033542575056998104,0.7986866087489481,0.7936663129753886,0.0072441118488685,0.007217085794273978,0.8388235121682683,0.8395921783888649,0.0047499827357981,0.005366326586835982
2.633,0.8727482234268447,0.8729779555666026,0.0034258619616037,0.003356025516956696,0.7965495315821741,0.7937793803717331,0.0065055982428059,0.007199518200410569,0.8375213446068607,0.8395109692209431,0.004344799117425,0.005341103686356699
2.634,0.8711889853992351,0.8729077998737647,0.0031730123352878,0.003351506672964871,0.7934284241956491,0.7937656173844356,0.009489327430676,0.007256056699923296,0.842491576918982,0.8396278557973368,0.0034013948467251,0.005293209640933697
2.635,0.8788145225550054,0.8731394360573427,0.0042123347774134,0.003372761687889526,0.7929176572295592,0.7937323640450287,0.0072538687476816,0.007256002676411155,0.8418142579182284,0.8397135970569796,0.0095133616148806,0.0053974109242410275
2.636,0.8741978849123856,0.8731809438555795,0.0033578114405273,0.0033723925459793473,0.7963347847456108,0.793834419758777,0.0077798061662635,0.0072689360959136825,0.8378638525440437,0.8396410580564722,0.0046140078758362,0.005378067639095229
2.637,0.867586124172491,0.872961539162125,0.0044612303945704,0.0033992774311297435,0.797518485361554,0.7939788929196703,0.0057386158970554,0.007231150411991255,0.8290753176127247,0.8392267152939722,0.0054537537662296,0.005379936432357807
2.638,0.8624769249090222,0.872550377818866,0.0046364363089678,0.003429824563915868,0.7832545671448716,0.7935583311245802,0.0085871141021013,0.007264630996932244,0.8361564512486805,0.839106312782392,0.0058756727735112,0.005392176835843076
2.639,0.8686285423653815,0.8723965803501019,0.0040019621903657,0.0034439514188899377,0.7907476164568771,0.7934481070199644,0.0060793093762762,0.007235363796422218,0.8268931217627131,0.8386273641149535,0.0066990951574602,0.0054244464240311525
2.64,0.8705958767080342,0.8723259645210012,0.0039445295956534,0.003456311373871752,0.7827473884397902,0.7930284709972124,0.0056648863522196,0.007196586575577709,0.8300368538191855,0.8382904813582567,0.0073719629852478,0.005472533252703169
2.641,0.8756569823955712,0.8724565926729452,0.0042902615661798,0.0034769027366447895,0.7977411452292715,0.7932132817514107,0.009238005912405,0.0072469919913018405,0.8372052841983246,0.8382479246068869,0.0051604576419613,0.005464827682067568
2.642,0.8654885466801603,0.8721833359673458,0.0026642917900222,0.0034568382688269475,0.7931082881826813,0.7932091643565584,0.0047688821988816,0.0071858040951927,0.8378838963715837,0.8382336489898161,0.0061011788754027,0.005480540057211646
2.643,0.8778163795529411,0.872404239637369,0.003637545934623,0.003461300186500924,0.7874082591335251,0.7929816778772238,0.0063011407790424,0.007163960556522322,0.83115658223219,0.8379561169601053,0.0050639290761359,0.005470253366320886
2.644,0.8659061757372121,0.8721494136020688,0.0037088625847451,0.003467412838309422,0.7824545176027744,0.7925688480625397,0.0077739747928929,0.007179022636432705,0.8326315396173087,0.8377473100054859,0.0053667775646838,0.005467698408255773
2.645,0.868857151448917,0.8720203052823373,0.0032463432051225,0.0034619543288480163,0.784807908281481,0.7922644974828903,0.0093140640305422,0.007231739707892199,0.8199567839901403,0.8370496423186096,0.0078382816177041,0.005526231327007585
2.646,0.8709673106019178,0.8719790113733011,0.0042974763513898,0.0034825845022441095,0.7998875240294501,0.7925634397004025,0.0086919552501347,0.0072677944126389275,0.8390248926796957,0.8371271031170835,0.005514964681645,0.005525953138233199
2.647,0.8715765785061849,0.8719632296922378,0.0035925305257091,0.0034852992188728745,0.7851239624295969,0.7922716954937044,0.0091520789459898,0.007314319956672283,0.8426106169744257,0.8373421428761949,0.0059572646753538,0.005536602805816424
2.648,0.8772215202066264,0.8721694371633902,0.0026695839093581,0.0034651581001194235,0.8022106614154443,0.7926614588631844,0.0045766105135925,0.0072467221926456205,0.8366614739953095,0.8373154499789053,0.0044156580030825,0.005508925156366203
2.649,0.8629534470014492,0.8718080257844906,0.0030226000552182,0.0034542307409860602,0.7900605997374904,0.792559464387667,0.0060022748717486,0.0072159950983024836,0.8410661579833768,0.837462536567316,0.0055232344465953,0.005509278472174329
2.65,0.881824142603147,0.8722008146793397,0.002768778035937,0.003437305982836701,0.8016297637977478,0.7929151624037486,0.0073499592111143,0.00721930285417438,0.8357580318222377,0.8373956932439796,0.0044144652215717,0.0054822460462335245
2.651,0.871669555565968,0.8721799809886193,0.0032618813930662,0.0034329745114843433,0.7953899253577922,0.7930122119313582,0.0077364295777075,0.007232071415249272,0.8445616503799407,0.8376767111708799,0.0036856026780453,0.005437884481586902
2.652,0.8562854034326608,0.871556664221719,0.0040301523252082,0.0034477196426874017,0.7693926695515598,0.7920859553674445,0.0068701061654239,0.007223134001673337,0.8274323492286548,0.8372749714868711,0.0087774076007345,0.005520341842553509
2.653,0.8762018837876839,0.871738829694894,0.0020387453350776,0.003412930153610617,0.7929903900766666,0.7921214233952573,0.0060486696021168,0.007194134880696632,0.8449929410158603,0.8375776369585961,0.0056116909793466,0.005522597376795314
2.654,0.8753511795486066,0.8718804904734709,0.0034827096807817,0.0034146531048987925,0.7941560375896468,0.7922012121871942,0.0098177464464832,0.0072589154131851895,0.8370136228098523,0.8375555187566847,0.0064827251194032,0.005546304234637485
2.655,0.8711455095184143,0.8718516676909196,0.0035635296216282,0.003418329068274827,0.7800115454414682,0.791723186040303,0.0078293646607651,0.007273000579792101,0.8285479393463085,0.8372022803484346,0.0066620595486391,0.005573853748563451
2.656,0.8844215929217061,0.872344605935264,0.0035516699420731,0.003421621435529105,0.7900483956473201,0.7916575079856764,0.0077885895970309,0.0072857311728103434,0.8397996313341146,0.8373041372498337,0.0081422226342513,0.0056372702642594474
2.657,0.8602179537853619,0.8718690509489934,0.0034085591137617,0.0034212989090657126,0.7812507558360693,0.7912494000582408,0.0074818609513226,0.007290573883390892,0.8181135666528901,0.8365515658538751,0.0076851514332022,0.005687835231393837
2.658,0.8610547956984924,0.8714449625077972,0.0045148708538699,0.003448300685480631,0.77607378561205,0.790654277923096,0.0112691530726527,0.007388810406582543,0.8267976561794029,0.8361690595921311,0.0052737615738005,0.005677611190465606
2.659,0.8701894359737011,0.8713957261731268,0.0041486696558473,0.0034655937464773386,0.7740188637536286,0.7900019087399797,0.0069792692547934,0.007378698279377874,0.8288673474619043,0.8358827179399654,0.0081430008369055,0.00573848500889622
2.66,0.8706509506754001,0.8713665192908631,0.0038884429638354,0.003476034467893587,0.7829894898946343,0.7897269119225152,0.0057073725058273,0.007337430976327243,0.831086902139595,0.8356946467321077,0.0050161493729363,0.0057206495610947405
2.661,0.8769983821165989,0.8715873766565783,0.0034231032734425,0.003474727524820721,0.7977772921970223,0.7900426131097509,0.0078569417587891,0.0073502584030546965,0.8364826479590994,0.8357255487410093,0.0061347292858992,0.005730873751830653
2.662,0.8669520574683216,0.8714055994335094,0.0037389904510587,0.0034812525353451152,0.7773796625530114,0.7895460268134081,0.0094001322966715,0.007400872573267457,0.8288974577058147,0.8354577804651194,0.0055451640731033,0.005726288327664545
2.663,0.8696861751872533,0.8713381710316955,0.0031393895453879,0.00347281147386469,0.7845461576018936,0.7893499535109959,0.0081804217450745,0.007420120700966396,0.8462780730790425,0.8358821056656653,0.005639531367931,0.00572414618051063
2.664,0.8662817041154267,0.8711398782114497,0.0039844165544249,0.0034854436980760535,0.781431751556883,0.7890394357873052,0.0064275375245117,0.007395612474387267,0.832600037709375,0.8357533971183599,0.0073316762147175,0.005763838280120676
2.665,0.8654961171717712,0.8709185542491095,0.0033460975563223,0.0034820030526006517,0.7802426503358584,0.788694463808817,0.0089633431789039,0.007434321874498789,0.8314999400101769,0.8355865948788233,0.0062752569821222,0.005776465902392319
2.666,0.8721897641883779,0.8709684056192769,0.0041129427259012,0.0034975818099660977,0.7794333264842634,0.7883312819529522,0.0072233715152886,0.007429113223654095,0.830846854301758,0.8354007226993305,0.0065970746790655,0.00579672784749536
2.667,0.8681229429836688,0.870856818849253,0.0034530470226985,0.00349648218558912,0.7934601588939536,0.788532414382011,0.0069324087497566,0.007416848915656625,0.8271848223358582,0.835078530528214,0.005601522280059,0.005791907956941376
2.668,0.869591670849204,0.8708072052021922,0.0031837987330578,0.0034887616065142723,0.7850935199358577,0.7883975557762796,0.0071999780486089,0.007411494079433224,0.8352013723321342,0.8350833478538578,0.0096012364426685,0.005885965450416119
2.669,0.8743482593811387,0.8709460700719549,0.0029775579237037,0.0034761392933584556,0.7882739034082271,0.7883927066638069,0.0073599960254004,0.007410222522543525,0.8348517014568291,0.8350742636814253,0.0046000710346871,0.005854214971015403
2.67,0.8727952220426087,0.8710185858355098,0.0031532902898498,0.003468167713024908,0.7736051849977734,0.7878128038533743,0.0076733568295528,0.007416719665926469,0.8211912376187531,0.8345298312868108,0.0061226498753336,0.005860842993344247
2.671,0.8680733705958424,0.87090308719866,0.0035466538365148,0.0034701056419999673,0.7758452690943084,0.7873434887647834,0.0064315385981087,0.007392394207461832,0.8373574159389868,0.8346407169594452,0.0064078592806858,0.005874349568340334
2.672,0.8605493514181757,0.8704970583445235,0.0050121233422458,0.003508180153117149,0.7703892175541402,0.7866786153839739,0.0078744533503456,0.00740429690234785,0.8276219440686167,0.8343654709637265,0.0071310268657709,0.005905378637412694
2.673,0.8707164801565063,0.870505663121464,0.0031613385286118,0.003499616162388622,0.7885725572564795,0.7867528876142682,0.0077472061413646,0.007412763797138388,0.8306526371221232,0.8342198696366049,0.0051522506556678,0.005886782884777017
2.674,0.8731804999999904,0.8706105586853278,0.0032245686593271,0.003492824866016733,0.7871468260140679,0.7867683361789662,0.0062815702968902,0.007384833093428555,0.8247394623869799,0.833848088960149,0.0046508291811674,0.005856265509379249
2.675,0.8671789846505075,0.8704759871545505,0.0040703148568953,0.0035070838781371912,0.7833051213194754,0.7866325238315353,0.0075111910855857,0.0073879530438521876,0.8306636281911992,0.8337232081456804,0.0052157699080679,0.00584045080317403
2.676,0.8797058948109374,0.870837944317546,0.0020985164262211,0.003472304434880004,0.7972207218100782,0.7870477472816741,0.0081499562055619,0.00740676793673391,0.8313925120732915,0.8336318082997043,0.0055334701320218,0.00583287103351595
2.677,0.8622550012280037,0.8705013583140346,0.0048905119862185,0.003507321905283424,0.7858046903899295,0.7869989999525862,0.0067630629076609,0.007390873985398774,0.8197169955377928,0.8330861293678645,0.0088181812033766,0.005906582395734732
2.678,0.878319811704969,0.8708079643293654,0.0035665524193266,0.003508784387111651,0.7807865715617935,0.78675537530981,0.008593724446348,0.007420573996780235,0.8413087898450549,0.8334085866414799,0.0051543074128963,0.0058880077048004496
2.679,0.8659984670556352,0.8706193565931407,0.0033623208266316,0.0035051680029022673,0.783881391601838,0.7866426700663601,0.0067817146678204,0.007404799692361474,0.8307994366264198,0.8333062670330462,0.0057517600457376,0.005884643565070503
2.68,0.8694219757429131,0.870572400481367,0.0035898287622178,0.0035072583920211695,0.7906354035287309,0.7867992478491982,0.0061393449021147,0.00737355389507143,0.8299400707159666,0.8331742593343372,0.0084543943238565,0.0059480942010899105
2.681,0.8746030749736905,0.8707304661477326,0.0032238722736794,0.003500261203913965,0.7694606724608245,0.7861193037163208,0.011103524683478,0.007465651939229616,0.8229737201795274,0.8327742381910112,0.0059989110341165,0.005949348937707852
2.682,0.8735411922669271,0.8708406907014266,0.0027223249561393,0.0034810529014997755,0.7791596012072287,0.7858463742061603,0.0068424736516803,0.007450264821018521,0.8396841025393091,0.8330452132634933,0.0050022778145619,0.005925964465531408
2.683,0.8746549314773792,0.8709902687710719,0.0028603133146893,0.003465725998121739,0.788589041632178,0.7859539297914944,0.0090408013382699,0.0074895373276173205,0.8324314665897603,0.8330211447664843,0.0043778778432876,0.005887740104488351
2.684,0.8655202940043574,0.870775759956691,0.0037675547514836,0.0034731785599331428,0.7698892791420882,0.7853239434915177,0.0091425621388316,0.00753035275505471,0.8256232725791421,0.8327310321316865,0.006650016970758,0.005906561755507355
2.685,0.8591971887697225,0.8703216983415158,0.0036365639876758,0.0034772127680255545,0.7792967036509593,0.7850875811448291,0.0070731521061906,0.007519063850144485,0.8245026094846344,0.8324083488906258,0.0066903913822906,0.00592591557345262
2.686,0.8637911302299216,0.8700655976312571,0.0041903851355823,0.0034948219622862146,0.7797971189642614,0.7848801120397088,0.0095207491413076,0.007568488178321351,0.8274007941210839,0.8322119741937809,0.0039387980866252,0.005876850944148239
2.687,0.8582601010348715,0.8696026369804185,0.004019551945131,0.0035077782581589257,0.7818826755164072,0.7847625655093832,0.0081141261948025,0.007581960721938169,0.8282318571103371,0.8320558911709007,0.0100575504413999,0.0059800780922285275
2.688,0.8740916325158672,0.8697786760210243,0.0033193168727279,0.0035031248906174186,0.7866766271035905,0.7848376267483717,0.0075671025992038,0.0075815938547101605,0.8307886379564926,0.8320061949664141,0.0049657200099282,0.005955032213653211
2.689,0.8668264100981333,0.8696629008867933,0.0030117607105265,0.0034909924417262845,0.7764895054961982,0.7845102494443648,0.0093990651879457,0.007626469690098693,0.829736554270928,0.831917189448944,0.0078250757294263,0.006001206127622918
2.69,0.8603712439107908,0.869298522181852,0.0046290775932533,0.0035190933096652228,0.7807228088338602,0.7843617223615998,0.00943698053785,0.0076711736616481094,0.8354066648062534,0.832054031619819,0.0053466202225854,0.005985043512683719
2.691,0.86736792845297,0.8692228126238566,0.0033208421482652,0.003514198219260284,0.771034388094183,0.7838390818020933,0.0074920999879487,0.007666752089458001,0.8391481047052984,0.8323322305643475,0.0040130387396194,0.005936352036805587
2.692,0.8670148453247504,0.8691362256709505,0.0037952553048694,0.003521137900386435,0.7885956112041357,0.7840256123668793,0.0057631883533001,0.007619750515725706,0.8328553507793889,0.8323527450825845,0.005447021066525,0.005924269790625819
2.693,0.8744841838910782,0.8693459495227202,0.0032426208341541,0.003514260935788106,0.7824544653280334,0.7839639987575128,0.0107544099091647,0.007697149513094571,0.8408330598361925,0.8326853064454711,0.0058977854782499,0.005923615856986908
2.694,0.8669312664099668,0.869251256067318,0.0032816338649037,0.003508517057494664,0.7856142926736859,0.7840287161659901,0.0081844695146033,0.007709182105724415,0.8363133631126974,0.8328275831775193,0.0051886171585429,0.005905467740975945
2.695,0.8791236219233532,0.8696384076695154,0.0039320563015446,0.0035189748166070084,0.7948565685712174,0.7844533378289402,0.0061704639849424,0.007671189065705106,0.8445784804279928,0.8332884026775378,0.0046308549955891,0.005873995821336763
2.696,0.8669173802178811,0.8695317007106278,0.002884509819824,0.003503309014217304,0.7756091729287278,0.7841065078328535,0.0091588299592365,0.007707920939619463,0.8186642678151728,0.8327149071927392,0.0070763946228297,0.0059036846806328844
2.697,0.8636723763824219,0.8693019232859922,0.0032799289733399,0.0034977934576524298,0.7728539730020678,0.7836652319571364,0.0069848666477269,0.007690067747227054,0.8274763198778516,0.8325094723960771,0.0039897678118223,0.005856427473995586
2.698,0.8698753293197522,0.8693244097971199,0.0031639621154959,0.0034895507084633797,0.7936835754133518,0.7840581081711057,0.0078952443664061,0.0076951338365895,0.8328646905017547,0.8325234025178684,0.0050129546873384,0.005835600985436149
2.699,0.8582134425381807,0.8688886855908869,0.0035844313413224,0.0034918934401389104,0.7793510138165951,0.7838735162356346,0.0060921735289454,0.007655554569734091,0.8204499936518026,0.8320499355035129,0.0056195540223362,0.005830266492520101
2.7,0.8573208815307537,0.8684350462159797,0.0043521188057125,0.003513133572622209,0.7831588778687069,0.7838454912016375,0.0075745286513626,0.0076535539297743005,0.8214570610171301,0.8316345286609097,0.0065723655989925,0.0058485899272478145
2.701,0.876599482383584,0.8687552201833366,0.002789464840678,0.0034952652088705003,0.7812494034094462,0.7837436838372378,0.0066604546396691,0.007629032959648245,0.8312414386832568,0.8316191133676684,0.0042133765996082,0.005808214289528317
2.702,0.8623019137112421,0.8685021493412938,0.0042329783214539,0.0035134803474528064,0.7775522632009327,0.7835008830279709,0.0100206368161692,0.007688084906722838,0.817503961886282,0.8310655780154571,0.0075691714410152,0.005851694713021821
2.703,0.8763826583986112,0.868811188912169,0.0027974140284519,0.0034957996976009323,0.7950302787041754,0.7839530161917437,0.0076612685014966,0.007687422773260462,0.8410910694296903,0.8314587345415054,0.0067151358617408,0.005873014247558091
2.704,0.8717037517090773,0.868924622747342,0.003179978728882,0.003488001648990589,0.7844028355170511,0.7839706561652854,0.0052888198202115,0.007628198008987648,0.8384333070570226,0.8317322471891728,0.006292746354499,0.0058833780032850275
2.705,0.8678773665269661,0.8688835538759546,0.0034080999759641,0.0034860287681751207,0.7908593509157137,0.7842408010574591,0.0075979551100208,0.007627451270741553,0.8240244623292793,0.8314299811162358,0.0079770370883493,0.005935073289335998
2.706,0.8640288972514883,0.8686931751847989,0.0039747901797589,0.0034980969511771895,0.784337143590405,0.7842445791960061,0.0080316669947164,0.007637431905901426,0.8310554528229862,0.8314152937321868,0.0081648805331895,0.005990130258320035
2.707,0.8637818061645028,0.8685005724781207,0.0036178327343101,0.003501053390266891,0.7687601808975609,0.7836373478901847,0.0105247809371985,0.007708724474575428,0.8349267821825409,0.8315529991616124,0.006850225435113,0.00601136717626554
2.708,0.8512986169269404,0.8678259859859176,0.0029426662813415,0.0034872660542440413,0.7463635975892056,0.7821756321921071,0.0100303165689948,0.007766047736166029,0.8071847077206589,0.8305973798894182,0.0075571816387425,0.006049535434598304
2.709,0.8669166452239564,0.8677903255638799,0.0044246666583888,0.0035104117481735415,0.7845379816598772,0.7822682733477059,0.0087409349001234,0.0077901190241649754,0.8250776568228027,0.8303809201613156,0.0090737135610591,0.006124206499449189
2.71,0.8603498847667578,0.8674985435718359,0.003831472928545,0.003518339184725923,0.798447194566795,0.7829027408464937,0.0073941839594622,0.00778034284972787,0.8209177265831858,0.8300098145308008,0.0061023932579097,0.006123667900892658
2.711,0.8760427407507158,0.8678336101278703,0.0032248574441539,0.0035110927219957496,0.7652780218334799,0.7822115753950031,0.0059761666254505,0.007735795288634601,0.8245047723460921,0.8297939305235573,0.0052499606491585,0.0061020948823313215
2.712,0.8763974514856901,0.8681694470438632,0.0028865220896163,0.0034956712248999607,0.7823072522175956,0.7822153274272615,0.0066483321751211,0.007708944347560194,0.8266970561706523,0.8296724844705021,0.0083466560662416,0.006157516146131576
2.713,0.8635489069469519,0.867988249393004,0.0032787312372038,0.0034903146819938824,0.7666693850250857,0.7816056826271762,0.0057979220798105,0.007661758612554029,0.8079904360100184,0.8288222080602871,0.0073701912882487,0.006187458742233233
2.714,0.8635921454178073,0.8678158531586826,0.0024280644499627,0.0034640862812029896,0.7894126369788192,0.7819118376997897,0.0087256564171854,0.007688027694149865,0.8303744727796856,0.828883081186538,0.0052452546852709,0.006164194444530459
2.715,0.8577107057020932,0.8674195728662674,0.0045636912423633,0.003491237020984726,0.761071769603718,0.7810945801273947,0.0080859101019939,0.007697851951133668,0.8142855524303267,0.8283106290784512,0.00887783429224,0.006231197897560325
2.716,0.8799400147891782,0.8679105705887344,0.0026711751710262,0.003470988580245009,0.7893571042359372,0.7814186006806708,0.0073203607652081,0.007688531181110814,0.8320375030360492,0.828456780998357,0.0058731601526803,0.006222357459415138
2.717,0.874846471255593,0.8681825666933173,0.0027702473193315,0.0034536863268891205,0.785623977558461,0.7815835174209763,0.0080672127846134,0.00769788134416026,0.8466110927763936,0.8291687147935739,0.0049735332005899,0.006191522292530564
2.718,0.8679552355265007,0.868173651745599,0.0029671392757511,0.0034416728194536137,0.7731793769942824,0.7812539432865961,0.006755881060235,0.007674622077890501,0.8182924390639578,0.8287421941767261,0.0043398394451561,0.0061458017283978605
2.719,0.8666170028608845,0.8681126066912965,0.0038590272114588,0.003451977866169791,0.787615999019773,0.7815034356682894,0.0069642381271994,0.007657081733428992,0.8271379579259165,0.8286792829512042,0.0074297369857511,0.006177503833517693
2.72,0.8591236161933179,0.8677600972600032,0.0039547316467826,0.003464391539765169,0.7660523049225253,0.7808975089723771,0.0082013947462805,0.007670521560906807,0.8256438380837221,0.8285602458975774,0.0065796840073807,0.006187434208180977
2.721,0.8697359064310318,0.8678375799725926,0.0031022809314328,0.003455450537090296,0.7755807065669307,0.7806890069172615,0.0080561063869917,0.007680042173896558,0.8143211282955861,0.8280018491288718,0.0053196775319127,0.006166008117408921
2.722,0.8712677381968004,0.867972095981385,0.0028947780266288,0.0034416067713998887,0.792150703673405,0.7811384852214239,0.0079657820811058,0.007687097480247404,0.8232122344962662,0.8278140211040638,0.0054759765413061,0.006148970300715024
2.723,0.8776831387117504,0.8683529211864974,0.0023926520343876,0.0034157066544366226,0.7894271996368857,0.7814635328455597,0.0088423130426456,0.007715621321294272,0.836610258830337,0.8281589716031333,0.0064590824953695,0.006156627391941061
2.724,0.863823248179831,0.8681752869509419,0.0029552570566944,0.003404337528566444,0.7831019657002818,0.7815277851143724,0.0077681706561789,0.007716918835735868,0.8239108362491099,0.8279923780598382,0.0058841025897616,0.0061498983844798395
2.725,0.8689875687837816,0.8682071411404652,0.0037057305436168,0.003411779331407194,0.7818111176628402,0.7815388961947045,0.0051669446045521,0.007653956509039972,0.8156885367195588,0.8275098744778664,0.006369362097068,0.006155317241580782
2.726,0.8489842192802599,0.8674533010675161,0.0035846902715216,0.003416048737335945,0.7614593814098912,0.780751464242359,0.0088511312178345,0.0076835163783929225,0.8186678890564505,0.8271631299515363,0.006301227620874,0.00615891996699543
2.727,0.8625260996721924,0.8672600774833856,0.0053797972541196,0.0034645363550343073,0.7703704659581686,0.7803443662704299,0.0093525838454661,0.007724727920789791,0.8210985136891399,0.8269253018628149,0.0065976900655924,0.006169753796590416
2.728,0.864849776832942,0.8671655558892505,0.0038169177947275,0.0034732371313230285,0.7686320511587619,0.7798850597954625,0.0135051346973831,0.007867454014039009,0.8331679985333115,0.827170113496952,0.0075560104501465,0.00620398235593748
2.729,0.8670411249707787,0.8671606762453888,0.004669279118164,0.0035027690322326824,0.7795209690199951,0.7798707817258363,0.0108399358184629,0.00794084862649392,0.819153827670054,0.8268557493468776,0.0061837815900477,0.006203483571594523
2.73,0.8603294093763705,0.8668927834269958,0.0040438028862718,0.003516127892826241,0.7723459751980195,0.779575691273765,0.0072194149464149,0.007923035449208018,0.8078554039877311,0.8261106377641658,0.0058564179093755,0.006194914049070596
2.731,0.8691988115793898,0.8669832159035603,0.0038773621361667,0.0035250472568593393,0.7749594600973564,0.7793946626001803,0.0082973495887707,0.007932277773641666,0.8257064160668979,0.8260947859329003,0.0050191793843323,0.006165883563521502
2.732,0.860981317167021,0.8667478473256568,0.0049531816818359,0.003560309835253822,0.7600428255273315,0.778635767028696,0.015134243702231,0.008110104092866095,0.8204808479963255,0.825874631504015,0.0044044684210623,0.006122391831608928
2.733,0.8619448977138229,0.8665594963604868,0.0042755876497284,0.0035779710158581326,0.7834964143510068,0.7788263806491788,0.0080332574300531,0.008108206644401577,0.8288395066648206,0.8259909011181643,0.0065723738269577,0.006133502498160749
2.734,0.868405091556795,0.8666318726426949,0.0042289440779959,0.0035940444247998062,0.7857028964501347,0.7790960479354908,0.0092537405105239,0.008136491431219412,0.830506878563781,0.8261679982728943,0.0042101271201366,0.006086011748086078
2.735,0.8790070846595395,0.867117175074728,0.0022035134429609,0.0035597103264827963,0.7835749749830797,0.7792716921334354,0.0081899407990224,0.00813781116869603,0.8392114821862666,0.8266795074459677,0.0075406684192259,0.006121929196756197
2.736,0.8738982640515112,0.867383100132641,0.0035018384348719,0.003558281390887465,0.7792509562451753,0.7792708789613467,0.010029037680669,0.008184508119608943,0.8168073380451433,0.8262923635478963,0.0083205794978566,0.0061762168585117625
2.737,0.8639088936821733,0.8672468567424265,0.0034844184757765,0.003556457615205713,0.7637776173009161,0.7786633000727023,0.009950351431443,0.008228109189036945,0.835923711380054,0.8266700634628829,0.0048904512765214,0.006144469560191013
2.738,0.869792681914431,0.8673466930236815,0.0051871060017817,0.0035967205383310467,0.7787434258213906,0.7786664422589253,0.007827118749354,0.008218208190526254,0.8296484303849326,0.8267868621657083,0.0054404426128657,0.006127086178775573
2.739,0.8630269256170969,0.867177290380286,0.004263230135303,0.0036131775654167737,0.7745558807188417,0.7785052437671575,0.0064007315157454,0.008173332223247714,0.8322528958664148,0.8270012164284811,0.0077363224584702,0.006166820407903835
2.74,0.8582111275149616,0.8668256761502733,0.0053924871856519,0.0036571111362867777,0.7710333644448901,0.7782122288917744,0.010663542277651,0.008234818891257671,0.8143865363003155,0.8265065230901216,0.0065995485646752,0.0061775050537500415
2.741,0.866075356337972,0.8667962518439086,0.0035251172900606,0.0036538520289725513,0.7743323159620605,0.7780600754435503,0.0054210472574426,0.008165343048447422,0.8228961450552605,0.8263649396377741,0.0059781123892375,0.006172581778083066
2.742,0.8724117325165089,0.8670164667722458,0.0033712720307676,0.003646874745066256,0.7710708206595689,0.777785987020649,0.0072864878826792,0.008143642920897589,0.8157896370055696,0.8259502218874916,0.0069488071530482,0.0061917478367241804
2.743,0.8697338878876999,0.8671230323061851,0.0021568689582684,0.0036100844787255683,0.7842423389504791,0.7780391772924071,0.0085515006074158,0.008153713481058531,0.8302985118002341,0.8261207430605403,0.008054539968268,0.006237742704169707
2.744,0.8659539984353395,0.8670771878406618,0.0046857668049625,0.003636644536163517,0.7830388267192887,0.7782352419758143,0.0099564044143419,0.008198224368300098,0.832882274257999,0.8263859011467151,0.0059352735488164,0.0062302743299634524
2.745,0.8644781026310726,0.8669752629304819,0.0031773965514499,0.003625305079750835,0.7821027736191842,0.7783869098833973,0.0081561131645518,0.008197184585491497,0.8166898209972168,0.8260056627094798,0.0058368505384392,0.006220560162271496
2.746,0.8774593026219772,0.8673864017419132,0.0028702297093866,0.003606661243445545,0.7787215403912167,0.7784000326484098,0.0071657407522341,0.008171716836522177,0.8382809388354627,0.8264870460869694,0.0064982270441599,0.006227416134663802
2.747,0.8565093787495125,0.8669598518206425,0.0050331307114741,0.003641882711791929,0.7671932478515239,0.7779605508916693,0.0083376802395163,0.008175814698324502,0.8079917781869828,0.8257617414634406,0.0112241153607967,0.006350791424197948
2.748,0.8579180274227656,0.8666052704717061,0.0057638550272182,0.0036942770899506027,0.763442010176357,0.777391196353814,0.0120513787653765,0.008271507638251713,0.8122051247016376,0.825230109433566,0.0105150398004622,0.006453612371760029
2.749,0.852264140699229,0.8660428732257267,0.0050730114991779,0.0037283199148697957,0.7787103615775477,0.7774429283233721,0.0113209209448104,0.008346801793969212,0.8144736544167666,0.8248082876682012,0.0092139298983674,0.006521768360071322
2.75,0.8704632152005518,0.8662162199698374,0.0051375752429773,0.0037631163427243024,0.778945001673888,0.7775018331606472,0.0090540310801341,0.008364264245479456,0.8253787699401315,0.8248306595220024,0.0071514962360353,0.006537317196514877
2.751,0.8561375157891997,0.8658209766686359,0.0033397512241094,0.0037526628830054157,0.7645230428285963,0.7769928609907629,0.0078594337397601,0.008351799294720954,0.8243164076738378,0.8248104927828587,0.0044739963440658,0.006486371002627246
2.752,0.862350743872632,0.8656848891080083,0.0026265724969628,0.0037248581821154748,0.773657945640324,0.776862079996628,0.0070599997653887,0.008319903010046084,0.8322004581407865,0.8251002953459146,0.0057167282685551,0.006467367478329169
2.753,0.8585825091766645,0.8654063644048183,0.0047655420754189,0.00375055408071556,0.7681667731917079,0.7765210875729057,0.0077170136284949,0.008305016852476919,0.8234062288941871,0.8250338613674154,0.0061286025357057,0.006459002911844638
2.754,0.8700387754629585,0.8655880275835689,0.0028886004595557,0.003729271275254822,0.7880032703375172,0.7769713692499493,0.0078004893992372,0.008292559384495692,0.8165402967656725,0.8247007804026412,0.0054616537616209,0.006434377006900842
2.755,0.8598388048196249,0.8653625678673358,0.0051853916068059,0.003765224863688182,0.7699296337061592,0.7766952227580359,0.0094826820943541,0.008321945130418121,0.8353764533206505,0.8251194342425632,0.0063694675785346,0.0064327743049658725
2.756,0.8552200289093217,0.8649648212415313,0.0047268637581191,0.003788969033921044,0.7498438410189816,0.7756422273957201,0.0103124031028936,0.008371092240849615,0.818794841739954,0.8248714110071668,0.005242410079308,0.0064033825956903686
2.757,0.8643944392271984,0.8649424533194006,0.0033749614363205,0.0037787466241037465,0.7825755929042673,0.7759141240823297,0.0061153167310308,0.008315394080113347,0.8243351945584204,0.8248503829111374,0.0068344082163007,0.0064140252036066735
2.758,0.8611385984980136,0.8647932825420912,0.0038945260742631,0.0037816053759595334,0.7642464058222785,0.775456566503504,0.0078971297009095,0.008305066564577449,0.8335682153042367,0.825192258691259,0.0062053313766692,0.006408872269608217
2.759,0.8621829835833381,0.864690917877042,0.0032946392827966,0.0037695815218073622,0.764299488929951,0.7750190340496392,0.0066407194696789,0.008263971574579955,0.8188556399165133,0.8249437638373475,0.0054570963272054,0.006385371629055062
2.76,0.8593777227896061,0.8644825572853779,0.0038260281703603,0.0037709752662160763,0.7752320060026675,0.7750273858909345,0.0095331936162562,0.008295310390423813,0.8154023447416532,0.8245695905394771,0.0080892887064531,0.006427443655657483
2.761,0.8507165387339403,0.8639427134206157,0.0052354306650139,0.003807134658778985,0.7603638925554143,0.7744523469366003,0.0114742263862893,0.008373802143408146,0.8158174039740875,0.8242263675369128,0.0083942888168361,0.006476007733711276
2.762,0.8566775318846442,0.8636578043407735,0.0044065911387343,0.003821936053345783,0.7561426560735572,0.7737343198439318,0.0074923489441452,0.008352037866883134,0.8243850679823247,0.8242325910837917,0.0084328737759278,0.006524325413766005
2.763,0.8658865390645585,0.8637452057024905,0.0036068285319554,0.0038166247565213293,0.7851342144560602,0.7741813745346036,0.0074580298709159,0.00832996359537777,0.8243549822600236,0.8242373907377615,0.0062765871498733,0.006518208419595814
2.764,0.8492249689261517,0.8631757846524379,0.0054357044937096,0.003856602033982768,0.7641569583667813,0.7737882601750811,0.0100272530045097,0.008371871975850162,0.8247395683480816,0.824257083977382,0.005805457304468,0.006500609626629695
2.765,0.860052762535627,0.8630533131968767,0.0038690256960468,0.003856908791070769,0.7701119314081384,0.7736440904195147,0.0095459710208811,0.00840086207572747,0.8228486950934756,0.8242018530407582,0.0055626938342141,0.00647745121200215
2.766,0.868416103874528,0.8632636187136473,0.0036970280492291,0.0038529611184327035,0.7730533563365128,0.7736209243770439,0.0086502944000664,0.008407020898550653,0.8214723138594512,0.8240948122885501,0.0067659058943694,0.0064845735498383775
2.767,0.8492009264253415,0.862712140584694,0.0041080973465958,0.0038592607783873483,0.759052251423762,0.773049603869072,0.0106390801007333,0.00846213347144405,0.8099857894009634,0.8235415172733506,0.0077961263229083,0.006516957568926524
2.768,0.8723247357144619,0.8630891050995868,0.0030832892590707,0.003840100987786937,0.8044046484051105,0.7742792134587205,0.005872456350501,0.008398190826482493,0.8287715700718956,0.8237466173830974,0.0051561624906722,0.006483357690451108
2.769,0.8665164765290596,0.8632235118223114,0.0033120842116773,0.0038270635365249706,0.7738834448975546,0.7742636931229885,0.0082490934632844,0.008394509410107233,0.8207162408027298,0.8236277790858281,0.0063597330958921,0.006480305231326195
2.77,0.8662144522050292,0.8633408036020258,0.0038767364504705,0.003828290028227329,0.7651234842197587,0.773905253558156,0.0066532321577994,0.008351514910050248,0.8163161316978361,0.8233410478157106,0.0060459872801535,0.006469581331297239
2.771,0.8579246404045229,0.863128405045261,0.0049197321041611,0.0038552392152874223,0.7765792486075486,0.7740101161091124,0.0080520814064114,0.008344121490207313,0.8226795852991856,0.8233151081091801,0.0070685814937355,0.006484371458764852
2.772,0.8410501338696261,0.8622625904893537,0.0040970865312052,0.0038612107539520587,0.7683911456852267,0.7737897643277835,0.0075375104082074,0.008324205167194969,0.829864825071206,0.8235719597547496,0.0055387281986241,0.0064610222424650796
2.773,0.8674979068235674,0.8624678970122639,0.0048924692257165,0.0038866739260943906,0.7594853643061945,0.7732288074641916,0.0060572748245298,0.008268231578487186,0.8300942830510167,0.823827737138917,0.0067233497807281,0.0064674994656320674
2.774,0.8582197357049473,0.8623013024511926,0.003887071099358,0.0038866837328416395,0.7672618454565939,0.7729948089540898,0.0087755842420039,0.008280758804746859,0.8362136796582456,0.8243134603749691,0.007253847241003,0.00648691546008567
2.775,0.8713571535695941,0.8626564338676006,0.0045055761753092,0.0039019650277173816,0.7808666816225214,0.7733035098430479,0.0064453861301965,0.0082354409609308,0.8297673729151399,0.8245273392981131,0.0065270600742784,0.006487906685127466
2.776,0.8819895170682948,0.863414593993118,0.0021864733152048,0.0038596072076553423,0.7960159475991209,0.7741941936766192,0.004682373010858,0.008147710888089497,0.8322884893418039,0.8248316981233559,0.00601736657969,0.006476288410919133
2.777,0.8571740166456778,0.863169865469689,0.0049078181236587,0.0038854889586677713,0.7692269345072997,0.7739993991993911,0.0069641087248576,0.00811848614331834,0.8126369946761062,0.8243534744587578,0.0086883736765109,0.006530907800193004
2.778,0.8652052906455769,0.8632496860648218,0.0031306248636446,0.0038668503390375695,0.7836623825961572,0.7743783397247546,0.006744574121847,0.008084562389701762,0.816443822976855,0.8240432920477028,0.0096760235871731,0.0066085649801184395
2.779,0.8589336883847827,0.8630804312538399,0.0040211088938243,0.00387065919224218,0.7868785451482814,0.7748685438590104,0.0065785456546045,0.008047376791304298,0.8226315164633573,0.823987928299297,0.0078424853327218,0.006639032149318523
2.78,0.855057543008225,0.8627658081853844,0.0052591602550484,0.003904943169101593,0.76559117851825,0.7745047256103531,0.0067745037586292,0.008015947827534543,0.826477516737141,0.8240855592184282,0.0055433770653243,0.00661197893736805
2.781,0.8636433675438969,0.8628002222778751,0.003600018974437,0.0038974141766407386,0.7704092016713409,0.7743441168284311,0.0074422709454792,0.008001782966249227,0.8148459755933815,0.8237232226056813,0.0079452715206694,0.006644899741894008
2.782,0.8569862587525432,0.8625722237082541,0.0045407829093306,0.003913299824361476,0.7471599907426292,0.7732780726682037,0.0109637502848234,0.008074917961769578,0.8010964526506268,0.8228358982937183,0.0079320659503699,0.00667668162358477
2.783,0.862057432833538,0.8625520358308143,0.0066494618611244,0.003980859380824758,0.7801806851039066,0.7735487633519569,0.0129883443515131,0.008196237131886702,0.820176270063337,0.8227315991474288,0.0090567587743342,0.006735448960640313
2.784,0.8564126915935983,0.8623112772332764,0.0030030329427593,0.003956715518156475,0.7742406408246263,0.7735758958018654,0.0088821317343491,0.008213172801083303,0.823029484384544,0.8227432809214333,0.0082386146114045,0.006772564161893749
2.785,0.8588954999925549,0.8621773251846206,0.0040247435022987,0.003958395221468628,0.7602654759493643,0.7730539185527477,0.0070800352104941,0.00818519409514283,0.8152534344092223,0.8224495614503663,0.0091475924612446,0.006831206835951795
2.786,0.8708736643162915,0.862518358091745,0.0031484824279317,0.00393839737471463,0.786466464514339,0.77357990074732,0.0069757884694429,0.008155332227841596,0.8356557958559403,0.822967452995683,0.0064321611743747,0.006821353856653594
2.787,0.8654314376809298,0.8626325965070072,0.0042658520714273,0.003946482675868029,0.7913833699120748,0.774278076008683,0.0091486810056293,0.008179859358157342,0.8296679990426326,0.8232302195073281,0.0070419127158107,0.006826799754410559
2.788,0.8568444241968205,0.862405609357588,0.0028326277911639,0.003918980086122248,0.7613938522514728,0.7737728123319297,0.0110962047720363,0.008251867886895095,0.8316237469902135,0.8235593774478335,0.0074862032438185,0.006843081322050261
2.789,0.86012577399116,0.8623162040491008,0.0031634036924347,0.003900323878870704,0.7717634132482489,0.7736940123678637,0.0049660741499755,0.008170737177341524,0.8138061918414259,0.8231768995809156,0.0053591713820562,0.006806441570445469
2.79,0.8530385795385538,0.8619523756369224,0.0047343036926614,0.003920915973038376,0.7693065485036,0.773521954961422,0.0091857213434104,0.008195798514775324,0.8222123035512617,0.823139072285635,0.0063032341452278,0.006794016695748737
2.791,0.8556615256660927,0.8617056756380663,0.0036753879197334,0.003914853551969117,0.7710240056704043,0.7734239961656959,0.0059874533542367,0.00814127147377437,0.81563482491874,0.8228447880751686,0.0066458974417708,0.0067903594302184175
2.792,0.8469766396644824,0.8611280663842004,0.004893897272882,0.0039390274710040035,0.7566182716512011,0.7727649481455197,0.0089909969081402,0.008162252348696983,0.8105113982024297,0.8223611257272181,0.0063775494636205,0.006780166591536987
2.793,0.8694236883319688,0.861453384891956,0.0038007965987555,0.00393561436304725,0.7698924642922907,0.7726523017199028,0.0126289296224723,0.008272540676444522,0.8245740399729939,0.8224479066780329,0.0053099711854384,0.006743865470398749
2.794,0.8601160796425131,0.8614009415488406,0.0044888300110372,0.0039492740086766315,0.7738141161452607,0.772697863069917,0.008706202699879,0.008283248380726855,0.8116553178175071,0.8220246678991888,0.0066599762336525,0.006741794131219829
2.795,0.8705491904661987,0.8617596964083449,0.0038835134512053,0.003947650291208204,0.7762308513040771,0.7728364116281193,0.0065340988843178,0.008240059504272309,0.8253267187802594,0.8221541600906034,0.0057129240756566,0.006716389932317033
2.796,0.8530864311055876,0.8614195683572564,0.0037180543664567,0.003941981256029154,0.7740858040056607,0.7728854074076308,0.0080366709096461,0.008235037563664253,0.8180728635911596,0.821994109247488,0.0058412865515287,0.006694782441433371
2.797,0.8472360429227976,0.8608633516735521,0.0069078550340092,0.004015212707337304,0.7628764568912968,0.7724928995442452,0.0097181107781463,0.00827165665537986,0.8139032320325694,0.8216768199449421,0.00836222371705,0.006735953830954769
2.798,0.8568227148035847,0.8607048953257102,0.0057326880189292,0.004057619505154388,0.7699135959774278,0.7723917503847622,0.0073104891656204,0.008247924124768515,0.8223401308385461,0.8217028321368482,0.0056994785172845,0.006710361847901181
2.799,0.8528707142210732,0.860397672537293,0.0048093511369606,0.0040761807800138005,0.7798128666360657,0.7726827745514799,0.0054707618600027,0.00817935221699652,0.8269056599660346,0.8219068646007378,0.0052242745200679,0.0066736683336336925
2.8,0.8569004213720132,0.8602605254327723,0.0033690704728139,0.004058721266255778,0.7656326865900234,0.7724063005137758,0.0083041265554559,0.008182433064859716,0.82199289884263,0.8219102384925767,0.0053965888062669,0.0066421355057974755
2.801,0.8672519184309266,0.8605346977072098,0.0037350368010722,0.0040507290572389,0.7680498938411833,0.7722354610364193,0.0077713490002243,0.008172282841041557,0.8215823705108157,0.8218973809246645,0.0079102057552891,0.0066734458823281325
2.802,0.8659216905028911,0.8607459523266483,0.0041965442734328,0.004054329432947391,0.7814815626537766,0.7725980532567079,0.0063498056393602,0.008127283403963006,0.8304830333147205,0.8222340731752549,0.005643651986861,0.006648018872563511
2.803,0.8668889118323293,0.8609868526994201,0.0041247974266308,0.00405606938340871,0.7702312911418874,0.7725052390561267,0.009668560962792,0.008165339639983477,0.8171905357141869,0.8220362873924678,0.0061877408247724,0.0066366539824945945
2.804,0.858161071036324,0.8608760377322399,0.0031961460960548,0.0040348367096468855,0.7558642024988322,0.7718526493872131,0.0074011765220376,0.00814647141484901,0.8098134960576392,0.8215569622420824,0.007652727547197,0.006661742218660087
2.805,0.8651921382455259,0.8610452965758981,0.0043071866193634,0.004041561398775689,0.7831969908204438,0.7722975255218495,0.0066230211308253,0.008108855358453362,0.8287929611022111,0.8218407269032638,0.0066591378903476,0.00666167791425731
2.806,0.8733407765164934,0.861527472259843,0.0035221776026367,0.004028737107512998,0.7650919019595106,0.7720149520488166,0.0087810914271599,0.008125453779902907,0.8149666618327136,0.8215711557240265,0.0065842666564264,0.006659766525175065
2.807,0.8595190935130493,0.8614487123089885,0.0038565148600467,0.004024484706340991,0.7884575899404279,0.7726597613778995,0.0079007908175952,0.00811990654626568,0.82366767803411,0.8216533722852062,0.0063856868484694,0.006652999125750234
2.808,0.853308783369803,0.8611294994094126,0.0027839985883502,0.003993855419477021,0.7590514163431359,0.772126100788301,0.0082205798280155,0.008122392306308885,0.7958213881946479,0.8206403533012626,0.0059625104975243,0.006635950023818729
2.809,0.8542960050225233,0.8608615192373776,0.0049952761839835,0.00401858185810681,0.7648512252386963,0.7718408115510617,0.0053078470333655,0.008052897361297938,0.81027405127395,0.8202338316531328,0.005055834577603,0.006596934827615871
2.81,0.8694540376344598,0.8611984807431455,0.0033895876563796,0.004003051137076508,0.7852574189545689,0.7723669530178658,0.0057942416022209,0.007997128083296036,0.8300058286053189,0.8206170472198853,0.0062033448276948,0.0065872165560128815
2.811,0.8635157892660678,0.8612893555871817,0.0030214707834877,0.003978814585136044,0.7696919702756273,0.7722620517338565,0.0094812838422321,0.008033773904504334,0.8277978052957817,0.8208986455758028,0.007102043370458,0.006599928329209057
2.812,0.8527485588554079,0.860954422382014,0.0048060859585481,0.003999241038800538,0.7708627495611401,0.772207177138848,0.0092650970747984,0.008064176945746161,0.8132651893943277,0.8205992943529999,0.005669685437542,0.006576959368920982
2.813,0.8527056695735222,0.8606309418797201,0.0028214669973529,0.003970160198270966,0.7716205908562139,0.7721841737552153,0.008021155199534,0.00806311468040759,0.8288360035190092,0.8209223025555885,0.0069773856528274,0.006586846437659412
2.814,0.8615929597748192,0.8606686680716847,0.0035339658998164,0.003959389968679495,0.7879212073183889,0.7728013123263201,0.0070113115430295,0.008037144232571092,0.8290964502615094,0.8212428573675854,0.0065114004636071,0.006584983574102565
2.815,0.8607058727972258,0.8606701270805295,0.0040794191635287,0.003962353652502932,0.7566285744680753,0.7721670873122713,0.0120530046890933,0.008136301280880285,0.8117765961580896,0.8208716314378013,0.007914610517466,0.006617813869000427
2.816,0.8594124681345182,0.8606208071218624,0.0021684620151502,0.0039180600318275555,0.7598999602525578,0.7716860235060081,0.0097190645498124,0.008175381855421819,0.8222159185687726,0.8209243485801923,0.0070206447306246,0.0066277603100281844
2.817,0.8543441049491967,0.8603746619386206,0.0048049220768821,0.003939957860100507,0.768765964973105,0.7715715114066787,0.0098554784697436,0.00821686572244211,0.8174256706819389,0.8207871455253588,0.0056886158743823,0.006604571558530755
2.818,0.8691971443761869,0.8607206416420545,0.004287155231021,0.003948530634691137,0.7621570753937404,0.7712023178375439,0.0093383640654587,0.00824455703955363,0.8204971269849575,0.8207757722492647,0.0038871627864445,0.006537475045639736
2.819,0.8551470858296657,0.8605020708258824,0.003624540934228,0.003940530889000689,0.7442860742960619,0.7701467788751328,0.0090076165415191,0.008263398014910803,0.8121670543681918,0.8204381754696148,0.006377347559996,0.006533521280562113
2.82,0.849748492157803,0.8600803618585067,0.0051257093252187,0.003969794554092492,0.7606893637089857,0.7697758998490094,0.0084708758199759,0.008268520923677844,0.819826797935254,0.820414199880032,0.0058899664784245,0.0065176310385340235
2.821,0.865681302155833,0.8603000065760489,0.0028954822886423,0.003943268325315944,0.7728700086377622,0.7698972374485684,0.0086625966839726,0.008278251189364136,0.8138850554483592,0.8201581550003585,0.0064461690203192,0.006515866544257115
2.822,0.8630634496387529,0.8604083768922334,0.0039778027826998,0.003944121027967398,0.7768774515935115,0.7701709713366053,0.0054820365817099,0.008209208853372674,0.8126153906815683,0.8198623603211903,0.0068140751937322,0.006523229720787362
2.823,0.8612894409218296,0.8604429284228059,0.0031318599747769,0.003924065199493558,0.7554932728892092,0.7695953753190602,0.0090885571419039,0.008230921156793199,0.8174510729852257,0.8197678000335055,0.0058396170553542,0.0065063503957149375
2.824,0.8508711151201118,0.8600675631952491,0.0036811530106874,0.003918067367671183,0.7675610130563298,0.7695155964067962,0.0072713779181412,0.00820722873114747,0.8162133102006589,0.8196284082753545,0.0064338878786109,0.00650456119776175
2.825,0.8700734691891271,0.8604599516655972,0.0040870528307811,0.003922239848241798,0.7735675732158929,0.7696744974581333,0.0090937724737902,0.008229118700101611,0.830422942352657,0.8200517233372095,0.0053419079199206,0.006475853709419993
2.826,0.8583901705230792,0.8603787837776554,0.0026062163330365,0.003889745440458951,0.7597772436683826,0.7692863698585352,0.0093558486405715,0.008256939192458892,0.8128270130219128,0.8197684013640606,0.0052660898439308,0.006445982996691865
2.827,0.8569138982369247,0.860242905913313,0.0059491811702092,0.003940595705391056,0.7683650102687644,0.7692502381099167,0.0101530637206362,0.008303757082043516,0.8062405753620663,0.8192378983835903,0.0095319962522483,0.006522180854853753
2.828,0.8422053778372214,0.8595355518711133,0.007389808285326,0.0040257614481055,0.7537378739974027,0.7686419101055043,0.010671083028526,0.008362209574549256,0.80169857608354,0.8185500818228039,0.008468114235898,0.006570228592657314
2.829,0.8458948660551583,0.8590006230155856,0.0046065042319487,0.004040100776101629,0.7668194198119389,0.7685704398979134,0.0094238378872565,0.008388422619307459,0.8099159755371617,0.8182114894194454,0.0070459562825994,0.0065819749553719335
2.83,0.864672067632132,0.8592230326083913,0.0042503273583107,0.00404529155590926,0.7702803375594541,0.76863749470817,0.0078760309986661,0.008375770974353353,0.8096863625802169,0.8178771707198679,0.0077058076918385,0.0066097239118278975
2.831,0.8538268526660251,0.8590114177086906,0.0056675661584592,0.004085347718935184,0.74707766636558,0.7677920112437547,0.0131361998527478,0.00849331242814087,0.8119735834597478,0.8176456574939808,0.0083353622145628,0.006652332264981846
2.832,0.8543882471107237,0.8588301169009271,0.0058126740361601,0.004127997751459256,0.7542566481057242,0.7672612126893222,0.009394401599111,0.008515561543473466,0.8033654152852305,0.8170856479955985,0.0092060053653842,0.006715385921781904
2.833,0.8526019386773472,0.8585858746176495,0.0045424830763952,0.004138231957013231,0.7690669518826254,0.7673320259910205,0.0079345841911276,0.008501216423662456,0.811775565122683,0.8168774094515626,0.0055591628764819,0.006686837204614003
2.834,0.8591386174349435,0.858607550806563,0.003263190243204,0.004116625988771028,0.7585755611624594,0.7669886352134297,0.0096124404827782,0.008528654054751734,0.8186425445536243,0.8169466304359572,0.0050030861121051,0.0066452631035644
2.835,0.8448916633995389,0.8580696728690328,0.005568624168888,0.004152477795687497,0.7676078037927629,0.767012916334188,0.0088183176971626,0.008535806243453238,0.8138673842574122,0.8168258756838574,0.0067941662412284,0.006648939724247463
2.836,0.8649424258362448,0.8583391925932372,0.0038775786827742,0.004145690163269884,0.7628655925655762,0.7668502761863992,0.0097345156254406,0.008565404005971444,0.8249079480051272,0.8171428196964562,0.0072097403840154,0.006662786654118276
2.837,0.861211921020784,0.8584518486100038,0.0037900377261287,0.004136908621612078,0.7529527410794317,0.7663052748096554,0.008576474275708,0.00856567734596494,0.815641917449176,0.8170839607847982,0.0077964394465726,0.006690778081092456
2.838,0.8566922225964877,0.8583828436682972,0.006079132515706,0.004184864767145261,0.7734280854128084,0.7665846007156613,0.0059690173177441,0.008501562283539732,0.8197247442081097,0.8171875209190457,0.0072816450727468,0.0067053673895283656
2.839,0.8642683907074489,0.8586136494345383,0.0034411387048522,0.004166501160668889,0.7799186082498446,0.7671075029719038,0.0062154996455563,0.008445116292478412,0.8193885402313242,0.81727383540188,0.0068976602426423,0.006710115361210192
2.84,0.8582469539949934,0.8585992692212229,0.0045346804579253,0.004175592007514726,0.7661116765435589,0.767068450955106,0.0092911658224192,0.008466006404328801,0.8218116059292762,0.8174517871872681,0.0068344528791963,0.006713185423382689
2.841,0.8610961456154824,0.8586971859425664,0.0037503295880345,0.004165091700860894,0.772436824659962,0.76727897541412,0.0075664996531963,0.008443796361090961,0.8171871012511804,0.8174414073466371,0.0063635124758878,0.006704551523444543
2.842,0.8590412998105439,0.8587106806040556,0.0042893543137071,0.004168159913523764,0.7685846941628172,0.7673301800709318,0.0072894517860514,0.0084152940259048,0.8126602913803147,0.8172539126028596,0.0074647342035836,0.006723321466164027
2.843,0.8496375948216794,0.8583548733184723,0.0045955113471508,0.004178711800773814,0.746900957388263,0.7665290340833761,0.0101713061963076,0.00845865235109993,0.8159742704752806,0.8172037305586408,0.0085850474751077,0.006769290009594735
2.844,0.8601411719518233,0.8584249242452704,0.0036932792024519,0.004166725810691792,0.7560779250974894,0.7661191866721648,0.0077607965619904,0.008441421343961423,0.81485640075597,0.8171116784095166,0.0041304002199558,0.006704132237011057
2.845,0.8359913846644095,0.8575451775950406,0.005852055735381,0.00420833889525202,0.7623286544347327,0.7659705383491282,0.010912512356576,0.008502435936865485,0.8027400467090748,0.8165480850094993,0.0090991013358719,0.006763267276489102
2.846,0.852969285686104,0.8573657308535135,0.004573594730996,0.004217357557862982,0.7622101539169018,0.7658230722929623,0.0066072362607503,0.008455640883134247,0.8174319367914511,0.8165827458636935,0.0067190625730179,0.00676217580232932
2.847,0.865379374272602,0.8576799913797523,0.003483992611994,0.004199249781421773,0.7766852884033336,0.7662490415521924,0.0077781867300159,0.008438913620094288,0.8106242535209756,0.8163490794973123,0.0069236139507011,0.006766161929449612
2.848,0.8542141103258598,0.8575440744756779,0.003134739563514,0.00417296557851047,0.7635886477019458,0.7661447123815944,0.0115449189885222,0.008515605110672756,0.8155794021497078,0.8163188960719161,0.0071337321985241,0.006775237738562562
2.849,0.8645582743527517,0.857819141137524,0.0029432181173381,0.004142601443666708,0.7721615927556872,0.7663806684746961,0.0040614448390492,0.008405625844706742,0.8269623182474009,0.816736285176837,0.005557240604841,0.006745163735260794
2.85,0.8535351883134329,0.8576511429875597,0.0030841661651758,0.004116467239259525,0.7771897305268863,0.7668045532610565,0.0060614743443932,0.008347745560748382,0.8229252910362117,0.8169789912889693,0.0061756378410699,0.006731101367502994
2.851,0.8603499911222081,0.8577569801693107,0.0055337351110013,0.0041514615076975936,0.7596170078691946,0.7665226887358854,0.0079932151088714,0.008338991722430432,0.8123703643624183,0.8167982608212615,0.0061667816683644,0.006717167547771176
2.852,0.8559190818746889,0.8576849057263843,0.003610520024162,0.004138104927857209,0.7527165888907389,0.7659812730556835,0.0074309159371556,0.008316570098102659,0.8086778796352347,0.8164798145002408,0.0058036094273085,0.006694610557142469
2.853,0.8566513990486861,0.8576443760527491,0.0044361491632471,0.004145464044780416,0.7644263462692971,0.7659202955346487,0.0103784944566779,0.008367481810660072,0.8231038437830176,0.8167395803544673,0.0059853843907808,0.0066770987999483535
2.854,0.8589605310495689,0.857695989974193,0.0051555504487158,0.004170404449815857,0.7633884631573554,0.7658210079904412,0.0069688802877351,0.008332948439723653,0.8208945076845536,0.8169025186811374,0.0043238286679277,0.006618993364589818
2.855,0.8578583723536511,0.8577023579106423,0.004020879768659,0.0041667124823798855,0.7634330356095772,0.765727362014721,0.0068376363784783,0.008296027154260805,0.8182470274346247,0.8169552445146074,0.0064925911519834,0.00661587232230324
2.856,0.8535597904623787,0.8575399042852201,0.0037867095316576,0.004157329693473163,0.7533404233044229,0.7652415997123564,0.0069652888735724,0.008263169418935165,0.8282710928351581,0.8173990032722762,0.0058741290035141,0.0065975576724565934
2.857,0.8489652542926724,0.8572036435011986,0.00518042164103,0.004182591223042468,0.7392391708762027,0.7642218966207426,0.0089229576171779,0.008279460485558443,0.8056233182756163,0.8169372117037796,0.0059238242046184,0.006580922278188984
2.858,0.8569711341759993,0.8571945254884458,0.0032283324696418,0.004159029278514055,0.7516101447929454,0.7637273181176917,0.0071155329067486,0.008250721532995237,0.8117642446200751,0.8167343502495167,0.0078807357415642,0.006613016437778497
2.859,0.8590600000501717,0.8572676813536114,0.0036104291452078,0.004145483596210197,0.7715113896722594,0.7640325758257139,0.0076599885675687,0.008236135533848903,0.8083237803580947,0.8164045239792648,0.0082665103402727,0.0066538434477166255
2.86,0.8526414112790655,0.8570862589977469,0.004712909298306,0.004159494107373056,0.7426822705056848,0.7631953089504188,0.0075538245823271,0.008219288349860712,0.8068220493721047,0.8160287406613369,0.0081133333978111,0.0066898802366078475
2.861,0.8651235082681439,0.8574014452436448,0.0030439389664901,0.00413194953599323,0.76117110950217,0.7631159285798993,0.0080873564152884,0.008216030771229297,0.8003294341614119,0.8154130815829085,0.0108499964226957,0.0067925991547828565
2.862,0.8573404548190867,0.8573990534622896,0.0031053286872535,0.004106600873061385,0.7576110778875101,0.7629000520821585,0.0080472866690021,0.00821186425018665,0.8112718814205877,0.815250681576543,0.0078071476842618,0.006817649735757646
2.863,0.8449109856076554,0.8569093253111274,0.0049892452815901,0.004128394562160858,0.7663138460438281,0.7630339263551652,0.009479648853861,0.008243167573734165,0.7948450727697166,0.8144504616233341,0.0148555882887501,0.0070161173543500524
2.864,0.8585478473764848,0.8569735810783964,0.0050631421016137,0.0041514747483201875,0.7469546917970109,0.7624033681371984,0.0114948611716189,0.008323456304546135,0.8153656889383415,0.8144863528905893,0.0068096798208689,0.007011020131301134
2.865,0.8537802488674381,0.8568483523642412,0.0057659007928504,0.004191337119790069,0.7626148515903446,0.7624116616059493,0.0082759035620206,0.00832228216275538,0.8092842042235256,0.8142823470605085,0.0079069393926545,0.007033141594544426
2.866,0.859472087783903,0.8569512439493259,0.0045982564159176,0.00420138450981791,0.7611029394311126,0.7623603391677204,0.011450811000892,0.008399529788388383,0.8085540851060076,0.8140577093368025,0.0087696692166089,0.007076018819780586
2.867,0.8540191356980309,0.8568362593120202,0.0043226853350566,0.004204379591922569,0.7578428314630926,0.7621831820028331,0.0072795439926958,0.00837187581812437,0.7983394251737278,0.81344130603629,0.0083094555249776,0.007106474047069401
2.868,0.8522655302552409,0.8566570150352838,0.00429588688692,0.004206639031305222,0.7549328125775459,0.7618988537900767,0.0102036939777114,0.008417105896138866,0.8054320405424941,0.8131272171933961,0.0075768487724711,0.007118088237820061
2.869,0.8640650614436348,0.8569475266591408,0.0035880228462202,0.004191364557599419,0.7670706916488148,0.7621016709610077,0.0087488383164893,0.008425296820098137,0.8303076395793156,0.813800959247746,0.006364931093721,0.007099491765126257
2.87,0.8517857373940778,0.856745103550707,0.005487428717279,0.004223366141789039,0.7679275078215386,0.7623301351516167,0.0097127488287354,0.008457085758583009,0.8107065868857863,0.8136796113119829,0.0070418510216791,0.0070980685368929935
2.871,0.8474256037075047,0.8563796329686205,0.0029384576683426,0.004191640006642214,0.7490124352412478,0.7618078724100336,0.0085609926045586,0.008459651359718209,0.8136558019048806,0.8136786776097434,0.0053371508741141,0.007054589088429318
2.872,0.85114314399741,0.8561742804599457,0.0037350062099608,0.004180365098082179,0.7513312595625287,0.7613970248473864,0.0091826954925934,0.00847750430127068,0.8088729930438259,0.8134902193914723,0.0076620975116998,0.0070695892964113055
2.873,0.8556727732100976,0.8561546135089714,0.0046231942152948,0.004191299150359033,0.7712351953846471,0.7617828354566907,0.0065298943857639,0.008429415167554464,0.819733722236498,0.8137350626402968,0.0050688931694447,0.007020189392041759
2.874,0.8556592784300204,0.8561351886039145,0.0034126299068081,0.004172072749283702,0.7755940015748761,0.7623244498142665,0.0088758420242834,0.008440438052905796,0.8224033323586277,0.8140749947861138,0.0070046135600186,0.007019804803596742
2.875,0.8403785156731814,0.8555172798615328,0.0061862275773747,0.004221804967261257,0.7358782968470403,0.761287345776336,0.0089638826726737,0.008453362611418583,0.8012128632963018,0.8135705974727878,0.0076248907168867,0.007034745196517482
2.876,0.8478772327963782,0.8552176701727032,0.0046157106897817,0.004231531034483984,0.7537894089006268,0.7609933090361122,0.0071320059564041,0.008420736521171313,0.8013880050565709,0.8130928487505833,0.0065352294498601,0.007022411474377794
2.877,0.8498881426764422,0.8550086690944185,0.0059132048174053,0.004273053843938832,0.7417211235821819,0.7602375370575266,0.0145317104331918,0.008571624765912559,0.8053069167225774,0.8127875180828185,0.0071269086054169,0.007024991650452834
2.878,0.8460298827888426,0.8546565598275333,0.0048392864182964,0.004287034895157538,0.7655764351573228,0.7604469056104597,0.0071724987689528,0.008537078444999973,0.8194232979324367,0.8130477447435879,0.0060198331574209,0.007000172922229823
2.879,0.8531457799946832,0.8545973135595785,0.0041313957549914,0.004283191953425041,0.7633246327330099,0.7605597576544812,0.0103725125516832,0.008582397805658818,0.8034937802693336,0.8126730794700877,0.0092201186221532,0.007054986396302005
2.88,0.8440205829937408,0.8541825398118985,0.0055267025521027,0.004313895918824489,0.7543872345960612,0.7603176979267,0.0093353086468931,0.008600988196800404,0.8043916828435768,0.8123483188180677,0.0109403929337692,0.007150922360190084
2.881,0.8402128869801011,0.853634710289083,0.005923705749638,0.004353644309708773,0.744902545679694,0.7597131821523077,0.0098677005984433,0.008632265046223685,0.7933665792641967,0.8116039368747786,0.0085623137548159,0.007185771530427759
2.882,0.85025751302174,0.8535022711805598,0.0043799648432489,0.0043542941994258125,0.764463352835179,0.7598994633555575,0.0076924487309982,0.008609059705107006,0.8079629553532265,0.8114611532856981,0.0076615086834321,0.007197518126798235
2.883,0.8489988414819394,0.8533256660943395,0.0048362780349923,0.004366195034871899,0.7505466650722157,0.759532686952289,0.008084835481112,0.00859611589710713,0.8279405261073436,0.8121074032002725,0.0044937379499387,0.0071307581224313325
2.884,0.8541517618754191,0.8533580620073229,0.0055082118430085,0.004394392980751814,0.7438156484770266,0.7589163325022787,0.0106355975951031,0.008646473469897152,0.7977055464178403,0.8115426245029222,0.0104533164246986,0.0072127965990305245
2.885,0.8523526709581365,0.8533186349073548,0.0047820622429413,0.004403965061299703,0.7777569333142988,0.759655179592946,0.0074188253913813,0.008616161171662192,0.7967699801690546,0.8109633051172804,0.00974741306696,0.007275379721695448
2.886,0.8570444949283313,0.8534647470650403,0.0046916001658161,0.004411067162645787,0.7693512631528869,0.7600354181639242,0.006355638955541,0.008560345808301175,0.8150587730761565,0.8111239117039031,0.0058164945115697,0.007239357864655306
2.887,0.8634089946183976,0.8538547175573288,0.0031569535313621,0.004380101393972115,0.7590657494458938,0.7599973919396877,0.0069037031729085,0.008519441051871727,0.8233341087199844,0.8116027429594357,0.0067820994978779,0.00722806753461142
2.888,0.8476829994802042,0.8536126893974414,0.0030414841397596,0.004347049116090324,0.7478581365703705,0.7595213427095185,0.0059586528942024,0.008456211714645324,0.7968172643078156,0.8110229202672153,0.0073983144789583,0.007232271162866898
2.889,0.8417491962877783,0.8531474543735331,0.0045656016166212,0.004352445474128124,0.7314881689386896,0.7584220025616428,0.01118452495436,0.008523577473650625,0.7975708923077887,0.8104953897590025,0.008990338208647,0.007275680225725665
2.89,0.838208944488174,0.8525616304564602,0.004268718216677,0.004350378134437972,0.7628465478730982,0.7585955141424842,0.0085498445771381,0.008524226044107106,0.7987861266875673,0.8100362029718874,0.0075184736345689,0.007281675124709449
2.891,0.8541557388212585,0.8526241445099816,0.004929972520396,0.0043646891069307634,0.7631163196566749,0.7587728006332367,0.007448640223009,0.008497668369512091,0.8047306195782558,0.8098281408780195,0.0089422433297831,0.007322676808785342
2.892,0.8405591370544303,0.8521510069627052,0.006470904319256,0.004416694420815338,0.7386208863296201,0.7579825294840753,0.0092331608436275,0.008515828677514941,0.7908275927847999,0.8090830213449521,0.0093731875233678,0.0073733067029725635
2.893,0.8440331035690791,0.8518326578100139,0.0046808598347251,0.004423217023627925,0.7522725249086449,0.7577586077360192,0.0108100855223493,0.008572476994671344,0.7969445058599014,0.8086070011298521,0.006247002392628,0.007345496720001093
2.894,0.8610425787504177,0.8521938311802258,0.0039812714435427,0.0044123047870826115,0.7711963593135197,0.7582855783861173,0.0081636407420171,0.008562382272383585,0.8016364906063441,0.8083336477759892,0.0078692081281995,0.007358427865882535
2.895,0.8422588184304509,0.8518042228370974,0.0071207762069186,0.004479180624609426,0.7495943399010929,0.7579447455043518,0.0072988485225377,0.00853118390818986,0.8110217498638259,0.8084390635441396,0.0067171756069996,0.007342594476774314
2.896,0.8508386624064279,0.8517663577221692,0.0041972109254494,0.004472218409815351,0.7560445493395358,0.7578702280076922,0.0086098524942087,0.008533126342412546,0.7978102660502109,0.8080222479561424,0.0085230553969391,0.007371741659988259
2.897,0.8560825259264079,0.8519356192203746,0.0041613407324456,0.004464542417781529,0.7583225293815592,0.7578879653164713,0.0080133875733473,0.008520293286386243,0.8067964219876308,0.8079741763495341,0.0075014411489291,0.007374944116505316
2.898,0.8596202453768189,0.8522369771088628,0.0038269772601108,0.004448800068209412,0.7664578353836085,0.7582240386524375,0.008581291406595,0.008521799412811152,0.8182573504289536,0.8083774380781388,0.0100611209835818,0.007441269471247946
2.899,0.8608099665464156,0.8525731727730805,0.0029903293959424,0.0044127884466719555,0.7528633499135173,0.7580138155646368,0.0100149193461493,0.008558666571659008,0.8116233308370078,0.8085047279902513,0.0052325724607247,0.007386733742593052
2.9,0.8489350350556214,0.8524305007057292,0.0045036454119214,0.004415031828529967,0.7398336274365134,0.7573008670105928,0.0096820326371085,0.00858640400537381,0.8140105012851507,0.8087206406684826,0.0057681848683642,0.007346769572859007
2.901,0.852435398890261,0.8524306927913972,0.0047310385202605,0.004422834462893684,0.7624609706169778,0.7575032240147648,0.0063142613642723,0.008530301717939205,0.8137461688170821,0.8089177202037219,0.0081606454405478,0.0073668652732957664
2.902,0.8427658763797299,0.8520516803830964,0.0068173786377749,0.004481959010421615,0.7481911640653558,0.7571380451932194,0.0116849362469131,0.008608193928531153,0.8146351975882024,0.8091419350031134,0.008507126297535,0.007395019866486858
2.903,0.8605675874007397,0.8523856375210433,0.0032840515999399,0.00445238104966898,0.7645281269929237,0.7574278523226196,0.0099719455207987,0.008641866807352575,0.8161215560853405,0.8094156456337891,0.0095285657004821,0.007447700010536123
2.904,0.8449175259510731,0.8520927704006523,0.0052340374903918,0.004471681208699173,0.7602085346981764,0.7575368986902884,0.0087124943037148,0.008643610696151641,0.8077611771776705,0.8093507645178629,0.0093944742436358,0.007495768510118832
2.905,0.8508677020529526,0.8520447285046641,0.004215213215247,0.004465348665650972,0.7591948567287261,0.75760191665258,0.007740993989809,0.008621323863896267,0.8142708397484424,0.8095437086445523,0.008543175113914,0.007521630401570564
2.906,0.8449314898995613,0.8517657779711307,0.0062272823682811,0.004508853201518383,0.7420529341902871,0.756992152634451,0.0091433606913709,0.008634213662105518,0.8003250674879734,0.8091821933050786,0.0109317945266334,0.007605831984905449
2.907,0.8397151510707787,0.8512932043671952,0.0052817719191482,0.004527937614299366,0.733491190432753,0.7560705462736002,0.0113557662603072,0.008701412491690746,0.8095259342383394,0.8091956733416771,0.0067430933452427,0.0075845297962718015
2.908,0.840456330985841,0.8508682289404754,0.0053145649471324,0.004547360511406354,0.7274853963871399,0.7549495600035429,0.0104046099984154,0.008743466751116046,0.774010027935165,0.8078158441100491,0.0102251390110453,0.007649730023797074
2.909,0.8339831917886387,0.8502060706207956,0.003639186995156,0.004524936473968074,0.7418510510413676,0.7544358929854185,0.0110231657468105,0.008799755615207268,0.8091284338108832,0.8078673182159642,0.007033647096667,0.007634518099670405
2.91,0.8443286605002431,0.8499755839494013,0.0052290423453503,0.0045423218041256595,0.7644006873397767,0.7548266692346091,0.008039449909674,0.00878098263482373,0.808948566310427,0.8079097201020216,0.0072579915078429,0.007625221146785774
2.911,0.8568846157056476,0.8502465263712149,0.0041236306821715,0.00453198375173173,0.7539110073894318,0.7547907609269552,0.0094216982040732,0.008796802772336063,0.8020773417837863,0.8076809993836593,0.0089053562260373,0.00765682942034754
2.912,0.842651922264829,0.8499486987591998,0.0059334557175247,0.004566587997800692,0.7514777088790269,0.7546608373172324,0.0077066337800165,0.008769885019439283,0.8069795406379069,0.8076534911975515,0.0094797664980758,0.007701840212390213
2.913,0.8500922596682818,0.8499543285987716,0.0027688418126272,0.00452219920310505,0.7573712290940636,0.7547671271908336,0.0074856297092074,0.008738175011779236,0.8198236557177015,0.8081307525512829,0.0075753145477281,0.007698716121904728
2.914,0.8500285397886156,0.8499572388415106,0.0052381676471017,0.004539877436290153,0.7546354041801316,0.7547619615825708,0.0068412694638158,0.008691337837755447,0.8021901569351922,0.8078977880173186,0.0071029464099892,0.007684005758647555
2.915,0.8424239263892304,0.8496618148237741,0.0045667449279323,0.004540540831145514,0.7404103426590387,0.7541991529973343,0.0115038926837877,0.00876078363642291,0.8018457318600515,0.8076604524817396,0.0053775803755229,0.007627056983755588
2.916,0.8494994132353318,0.8496554461340313,0.002859764656721,0.004499040184863428,0.7467589471524928,0.7539073802191052,0.0084481006161021,0.008753063068019927,0.7966083452159309,0.8072270365105314,0.0081441142090492,0.007639823828824567
2.917,0.8528048437612212,0.8497789519233327,0.0034078829096101,0.004472098029918901,0.749392380851035,0.7537303214203572,0.0078457982887695,0.008730661468532262,0.7973965120809146,0.8068415257485857,0.0060395975962729,0.007600312069996129
2.918,0.8390532372455521,0.849358335661459,0.0056944253798245,0.004502278952138793,0.7602539092194276,0.7539861483928698,0.0087685759651874,0.0087315976289435,0.8066638781142332,0.8068345591746896,0.008190950875246,0.007614895744199831
2.919,0.8458514260473188,0.8492208097942379,0.005864407096834,0.004535911745834971,0.757962899867031,0.7541420994310722,0.0105660673221388,0.00877689317692363,0.8172536533444706,0.8072431511029162,0.0088163138064797,0.007644560387712914
2.92,0.8498598968352751,0.8492458720311414,0.0045094060327832,0.00453525728378431,0.7586998381209584,0.7543208342816561,0.0098571112102315,0.008803565227128761,0.8007613997316334,0.8069889647746307,0.0084823496470055,0.007665246542263348
2.921,0.8502893044879033,0.8492867909510143,0.0048802324935785,0.0045437751901989815,0.7460229812788306,0.7539954282815453,0.0046983996335462,0.00870220311370697,0.7930560485940182,0.8064425759048027,0.0074727705860354,0.0076604940495169785
2.922,0.8331832855248881,0.8486552809343035,0.006487611106556,0.004591771138751006,0.7494951469452436,0.7538189466605139,0.0109796656572682,0.008758436756757864,0.7993265435802602,0.8061635158136442,0.0092634568555199,0.00770007337806026
2.923,0.8520942263804532,0.848790141540035,0.0045371319275698,0.0045904220224255434,0.752793884771211,0.753778748155051,0.0100522159168752,0.008790381921205207,0.8090921988105072,0.8062783661272467,0.0084154416416579,0.007717736791976251
2.924,0.8502838808793399,0.848848719553341,0.004533449020865,0.004589015281646271,0.7574303286599016,0.7539219473905353,0.007723417234259,0.008764037114120117,0.8041840335355147,0.8061962354373747,0.0075470758895922,0.00771352294253467
2.925,0.8551664854003985,0.849096475076755,0.0043965468844993,0.004584262975543876,0.7457497828739375,0.7536014703506687,0.0108715671506693,0.008816074892800342,0.8131224089206168,0.8064678500837763,0.0062834912374884,0.007678213517718712
2.926,0.8540991231578062,0.8492926573544433,0.0050120946563034,0.0045948267207478145,0.7553493091380026,0.7536700130482111,0.0098309728285116,0.008841134101089509,0.8123214177744368,0.8066974017579198,0.0095195320687974,0.007723678173300903
2.927,0.8483554307373059,0.8492559033694576,0.0031882475386038,0.0045600963705714195,0.7513660925214671,0.753579663223633,0.0071235198690485,0.00879872387313788,0.8048724897646246,0.806625836581712,0.0069535253346277,0.00770466205382749
2.928,0.8376748733757785,0.8488017453304897,0.0050405805030644,0.0045719601763119875,0.7660328794484963,0.7540680246442159,0.0122532992418805,0.008884022030390784,0.7965327617800094,0.8062300297267433,0.0094027159189033,0.007746589309755288
2.929,0.8443411376153684,0.8486268195377399,0.0040599168574246,0.004559317131401188,0.7542256106201596,0.7540742044864097,0.0079221510893379,0.008860272130611701,0.794160186162165,0.8057567025281324,0.0072541903783235,0.00773443131144833
2.93,0.8500002308208292,0.8486806788037434,0.0055094424577292,0.004582777016001879,0.7519870926200549,0.753992356962239,0.0084634074782638,0.008850473003393235,0.801982005794185,0.8056086752052325,0.0098921676579107,0.007787708752101722
2.931,0.8561987493581248,0.8489755050999938,0.0044172268265893,0.004578689357004038,0.7514273616014502,0.7538917689088747,0.0091861404946764,0.008858761089597758,0.8106573557247402,0.8058066626765857,0.0066113049905274,0.007758661745643097
2.932,0.8447198811527472,0.8488086178863763,0.0045829886896545,0.004578795513365778,0.7385104914426409,0.7532885815572575,0.0133652054723898,0.008970031321271636,0.8141581364626393,0.8061341714525093,0.0067636898483235,0.007734094538301872
2.933,0.8426819201177622,0.8485683552287836,0.0051642154367705,0.0045932503262893516,0.7524661720093362,0.7532563302024371,0.0101832987287945,0.008999988541210473,0.7933986674037429,0.8056347399211852,0.0074032282317274,0.0077259249998679344
2.934,0.8470788931684841,0.8485099449519091,0.0041393166570802,0.004582042087543447,0.7505166191731042,0.7531488905542281,0.0092545383513436,0.009006273721707588,0.8080010746871515,0.8057275373629877,0.0065893238129743,0.007697860773031055
2.935,0.8545297776388353,0.8487460168219846,0.0040895486131699,0.004569881754842866,0.751245645261158,0.7530742534839117,0.008825228394917,0.009001803466725106,0.7977136922733199,0.8054132689280987,0.0065106812956386,0.007668547699515192
2.936,0.8422130081123191,0.8484898204019978,0.0059358968644103,0.004603610522980333,0.7449510122001792,0.7527556950021967,0.0088456252172549,0.008997947213651767,0.8109900246839961,0.8056319652322516,0.0053365172130587,0.0076109666998495995
2.937,0.8545075066798667,0.8487258080991691,0.004484093335369,0.004600659481310917,0.7460634046984898,0.7524932522451886,0.0089885280024602,0.008997714640535927,0.8053965600606446,0.8056227336568943,0.0062730437677181,0.007577931565722895
2.938,0.8530084970018508,0.848893756683588,0.0045808011494569,0.004600169152129336,0.7435381365096747,0.7521420712359528,0.0141255231206376,0.009124327195600166,0.8153420662028718,0.8060038839528149,0.0085116230586853,0.0076009856766602385
2.939,0.8417800436171519,0.8486147875437278,0.00505832763047,0.004611481707150093,0.7480623606484627,0.751982082585463,0.0110232088310818,0.009171213161908356,0.802555547056738,0.8058686550549294,0.0074707031085545,0.007597768823126764
2.94,0.8492033903786332,0.8486378700078417,0.003587424446849,0.004586196342698215,0.7605257266828422,0.7523171274520268,0.0102964881031061,0.009198997728357682,0.8046368096794234,0.8058203473931449,0.0061834465078753,0.00756284728447858
2.941,0.8379495078229046,0.848218718549609,0.0045541698694972,0.00458540556558214,0.745229586887391,0.7520391846847861,0.0095472513015461,0.009207596582016654,0.8017205499005036,0.8056595710208845,0.007061676172817,0.007550472689128911
2.942,0.8548917747893932,0.8484804070296006,0.0046280714255393,0.004586459043605774,0.759142024581254,0.7523177274258241,0.0093829131324424,0.009211925385730868,0.8110888017363131,0.8058724820293327,0.0067534563461008,0.007530793273251674
2.943,0.847698163997979,0.848449730832282,0.0046183998103749,0.004587247704513653,0.7424099468413845,0.751929187010748,0.0073213926309777,0.009165245564625852,0.7871897020802833,0.805139823992115,0.0065656322580416,0.0075069621370736465
2.944,0.8493147579085175,0.8484836534627226,0.0044319813331736,0.0045834139669497015,0.7461318302823227,0.7517018396880646,0.0078251794307594,0.009132157511937791,0.8012860722682476,0.8049886964735319,0.0095717061262743,0.00755794347014033
2.945,0.8424711507826784,0.8482478690438974,0.0050503566058239,0.004594943414823138,0.7433462202821394,0.7513741683388125,0.0130469252360897,0.009228818443398332,0.8013207256084759,0.8048448544788238,0.008043731613856,0.007569938239120964
2.946,0.8517051137852857,0.8483834472690499,0.0033046814017852,0.0045630850935135595,0.7498542677797404,0.7513145643953194,0.0092436613034727,0.009229184933770538,0.8075724597572361,0.8049518193917027,0.0064783063412298,0.007542984365098961
2.947,0.854150958800274,0.848609624191843,0.0041883858238341,0.004553833259694314,0.7474559061177801,0.7511632444628669,0.0081045022991822,0.009201414992175763,0.807172849044455,0.8050389185937714,0.0073631590697173,0.007538544234348796
2.948,0.8368261107838184,0.8481475256268224,0.0059662805503853,0.004588708501439771,0.7467398680440094,0.750989778720951,0.0090539862833992,0.009197774777144242,0.807746704491419,0.8051451062760321,0.0091976577398843,0.007579509999917573
2.949,0.8489079918819414,0.8481773478329054,0.0057878034780298,0.004618315784812365,0.7588107997587573,0.7512964854283158,0.0100918118490677,0.00921984976657445,0.8025235089597011,0.8050422985381368,0.008427928014268,0.007600458592864497
2.95,0.8560463837392043,0.8484859374762896,0.0033434875050755,0.00458683854333738,0.7544837971370958,0.7514214780443463,0.0097249105816235,0.009232320403983068,0.8111611315895848,0.8052822527754486,0.006274810412347,0.007567726539024559
2.951,0.8517307125450018,0.8486131835574157,0.0059652919528478,0.004620874429991958,0.7420658888399969,0.7510545921931954,0.0138149233134094,0.009345471093104706,0.8102071556405388,0.8054753862211383,0.0083003108101238,0.0075858150395455275
2.952,0.8495577914039365,0.8486502270023772,0.0036905072798107,0.004597902401592422,0.7416910572010189,0.7506873947425219,0.0117150350915084,0.00940397884615171,0.807478126716535,0.8055539250640952,0.0066636899965969,0.007563046519966549
2.953,0.8335206810682592,0.8480569114755491,0.0049850089662416,0.004607460588373883,0.7462132266349815,0.7505119371696772,0.0104956553624586,0.009430933821862992,0.7976852666455185,0.805245350224151,0.0068850664504931,0.007546306271337575
2.954,0.8365475316783121,0.8476055632482065,0.0072189555150201,0.004671941944587371,0.7457568034140855,0.7503254613361247,0.0110713824965009,0.009471438727409607,0.7980135799344079,0.8049617513892591,0.0085773536084147,0.007571764230277752
2.955,0.8306070321034498,0.8469389541837062,0.0052215256649218,0.00468551191299069,0.7419542546262886,0.7499971787200527,0.0095962710248103,0.009474521006357773,0.8017272260781425,0.8048349072594113,0.0069141023037663,0.00755552566419105
2.956,0.8377504535464712,0.8465786208253833,0.0044454161075329,0.004679583621497905,0.7393075845461334,0.7495779789485264,0.0075827242433362,0.009427809975172056,0.794934482235047,0.8044466552976715,0.0097213750470527,0.007609003426730844
2.957,0.8477937881709345,0.8466262744467775,0.006320988720619,0.004720112142463859,0.7540172485789419,0.7497520679536408,0.0090540745588325,0.00941858194020071,0.7993296947332791,0.8042459901774991,0.006734464098262,0.007587409863064947
2.958,0.8464812161453467,0.846620585885937,0.0050769785302334,0.004728923658211254,0.7610958677621809,0.7501969228480934,0.0117109341703041,0.009475183229832892,0.8095766897818009,0.804455037220805,0.0061947875101666,0.007553024125956346
2.959,0.8593592404903767,0.8471201409684641,0.0037152967284916,0.0047038958327860775,0.7626634729441436,0.7506858071655855,0.0085170868055609,0.009451526527999016,0.811304381025086,0.8047236389386199,0.0070101682972956,0.007539620278335094
2.96,0.844547177127044,0.8470192404256633,0.0043451013466384,0.0046950367096713205,0.7367999157494056,0.7501412624041667,0.0093640884106758,0.009449367562139184,0.7997188996562008,0.8045273746530349,0.0054477352657239,0.007487968796542225
2.961,0.8474476388439925,0.8470360403636371,0.0057074533560416,0.004720034651557007,0.7397020106184586,0.7497318799811977,0.009007450562091,0.009438456031273797,0.7791595742334546,0.8035325589503063,0.0120519593405071,0.007600659921084568
2.962,0.8473532994155204,0.8470484818950834,0.004484920048961,0.004714229352727476,0.7589150554215931,0.7500920045082721,0.0080931456303781,0.00940523849051094,0.8017904363694139,0.8034642404177222,0.0068280656538486,0.00758158351942442
2.963,0.8491329534858405,0.8471302258790346,0.0027793619434451,0.004666454848794578,0.7524985183742691,0.7501863776010563,0.0086888621351301,0.009387550185439809,0.8145803826853287,0.8039001675654716,0.0069441260224207,0.0075658438281403775
2.964,0.8505963037807508,0.8472661505026314,0.0062147736258082,0.004704684942054173,0.7577158987730699,0.7504816529411353,0.0115402543363267,0.009440703374350597,0.8129906026438992,0.8042566552156061,0.0066859382818593,0.00754411776526924
2.965,0.844328427590731,0.8471509456825569,0.0032072634559806,0.004667711572027665,0.7331544885181214,0.7498021562970956,0.0099340166383258,0.009452883948769739,0.8089522123005022,0.8044407947091313,0.0080460399753651,0.007556510906259261
2.966,0.8458118664747606,0.8470984327724473,0.0050301117635486,0.004676659724904725,0.7354951793787365,0.7492410983787285,0.0119580258284059,0.009514739303822482,0.785592639511679,0.8037016513680548,0.0095445347576274,0.007605597914935018
2.967,0.8543497453108689,0.8473827979700325,0.0051603660877526,0.004688603091888624,0.7701954247028846,0.7500628366659503,0.0092887543169481,0.00950915942760336,0.8040155917341674,0.8037139627549612,0.0071722036323836,0.007594896821538686
2.968,0.8451061676707389,0.8472935183504524,0.0034348182479047,0.004657645441419885,0.7380792609116748,0.7495928925187239,0.0094953852968053,0.009508819325608348,0.7930781556076776,0.8032968722785971,0.0072567027919019,0.00758654635167111
2.969,0.8445996404587132,0.8471878760801882,0.0051248699157574,0.00466918184819365,0.7397932709606997,0.7492085936340955,0.0108128355371657,0.009541017256757912,0.790336720728427,0.8027886310413355,0.0084344319535218,0.007607481798630387
2.97,0.8583061572027163,0.847623887104601,0.0022682911360003,0.004609900596040728,0.7653693720720892,0.7498423496512718,0.0063733568617226,0.00946280341984346,0.8044441133788226,0.8028535519173153,0.0046619172317543,0.007534751809324804
2.971,0.8259196563712407,0.8467727408013319,0.0064234806054045,0.004654680349358353,0.7445069833533511,0.7496331196003729,0.0119504062442721,0.009524225711804661,0.8136442418943421,0.8032767162301399,0.0055858224141852,0.0074866300958645665
2.972,0.8451901381548356,0.8467106779524497,0.0055343181388632,0.004676399800951065,0.758853752738934,0.749994713056787,0.0091238763446401,0.009514340542245044,0.7905067953366516,0.8027759350186304,0.0082693493765438,0.007505956497856645
2.973,0.8475203207059062,0.8467424286486638,0.003690421847179,0.004652054666290027,0.7431612597190296,0.7497267344945221,0.0101305033866401,0.009529554439637515,0.8136867300181203,0.8032038093323359,0.0047245487735664,0.007437279763923551
2.974,0.8365461177216063,0.846342573318191,0.0047765507466763,0.004655128643583515,0.7424574766701725,0.7494416655602338,0.0095662714705569,0.00953046103299355,0.7839118188205757,0.8024472606848161,0.0112312608644806,0.007530958309616319
2.975,0.8485377937397683,0.846428660393547,0.0042202767087916,0.004644391558773838,0.7479130116375772,0.7493817183475806,0.0084545546804453,0.009503895444041741,0.8087091619985856,0.8026928254422188,0.0081110027355528,0.0075452803942073435
2.976,0.8551434390669279,0.8467704164199542,0.0052578634890408,0.004659539013842159,0.7616389687119463,0.7498623948324576,0.0082644271911939,0.009473291289650436,0.8157404471934927,0.8032044968834451,0.0078459440456213,0.007552704188069416
2.977,0.8418078589157288,0.8465758063217493,0.0037534680369847,0.004637166890956789,0.7396407141843251,0.7494615446109623,0.007954488591908,0.00943578998847161,0.7991245059120134,0.8030444972375065,0.0063213282182107,0.007522299843134633
2.978,0.8486942207675153,0.8466588813980539,0.0050412524688549,0.004647144312633285,0.7401063805282004,0.7490946754312461,0.0075198247181356,0.00938848220401887,0.7973253590783512,0.8028202173096963,0.006031323254101,0.0074854856063683705
2.979,0.8451169057487701,0.8465984117647486,0.0047644204332384,0.004650040019314893,0.7349540363342232,0.7485401405646962,0.0091266617487994,0.00938201750142086,0.7861382722681493,0.8021660233864985,0.0101274627282325,0.007550719609377362
2.98,0.8431553901722133,0.8464633913101394,0.003252776870002,0.004615539694640501,0.7320393870512206,0.7478930521916187,0.0098284181042887,0.009393039738528708,0.7923196902495362,0.801779892675245,0.0092650721321526,0.007593049301297739
2.981,0.8445677652441588,0.846389053033042,0.00359769224418,0.004590407658826661,0.7519584345471572,0.7480524789506594,0.0106176724726859,0.009423277583816541,0.7929324824731411,0.8014329354124173,0.0086620533930468,0.0076194444640569755
2.982,0.8419930172628686,0.8462166594734273,0.0052307026175653,0.004606217410894282,0.7308436269923911,0.7473776220111196,0.0136984021996496,0.009528836216306248,0.7943404055515519,0.801154796986501,0.0097751140030545,0.0076726708724272836
2.983,0.8486115968739315,0.8463105785871725,0.0060945674935187,0.004642966795650441,0.7482923517973632,0.7474134937674429,0.011739033928663,0.009583408999327402,0.803392976458596,0.8012425687305048,0.0096646724520464,0.007721856096615409
2.984,0.8399915780497669,0.8460627746445292,0.0055482070314372,0.004665318406410608,0.7391878155500821,0.7470909181510759,0.006984372223544,0.009519235251777194,0.7911892138132355,0.800848319518063,0.0075210730152278,0.007716898489667568
2.985,0.8439158047441396,0.8459785797464746,0.0049603561194661,0.004672603288214447,0.7506215675419909,0.7472293749899354,0.0099439242522064,0.00952972139993594,0.7982695123215903,0.8007471898240837,0.0088254616959529,0.0077442704206869585
2.986,0.8370143453264274,0.8456270411417668,0.0055919521626661,0.00469530326042313,0.7332352771645807,0.7466805868399214,0.0099736026998398,0.009540681432032332,0.7884067509422976,0.8002632510444057,0.0102993447051229,0.007807358674623648
2.987,0.8338333791692105,0.8451645445938234,0.0051923969383595,0.004707577178396867,0.7416379017935344,0.7464828344851612,0.0083020431884961,0.009510097771698103,0.7914165691486998,0.7999163223426133,0.0096659556547104,0.007853249958082582
2.988,0.8387217168963407,0.8449118846841182,0.0060467919589916,0.00474064421001649,0.7393441456435398,0.7462028859031368,0.012430512106037,0.009582206767607706,0.8052144862998359,0.8001240934781907,0.0084018653746237,0.007866796017750262
2.989,0.8295769768509595,0.8443105157494843,0.0052335917530798,0.004752815754289658,0.735553579053239,0.7457852660266702,0.0066355138361224,0.009509448917447575,0.8005578846451009,0.8001411048965009,0.0094543534461512,0.007905994966599668
2.99,0.8448607077600162,0.8443320919067602,0.0048415272339438,0.004755006161194699,0.7596768096679914,0.7463300324439768,0.0088356937680033,0.009492812987831667,0.7961011861637908,0.7999826767109045,0.0064237158455025,0.007869395482128132
2.991,0.8421901095105762,0.8442480925971059,0.0048759430614786,0.004757992257498005,0.7274111256603528,0.7455881145308936,0.0101117036625564,0.009508094239059439,0.8002917574429381,0.7999947975239254,0.0087549475766059,0.007891260965942398
2.992,0.8424758390743895,0.8441785924589601,0.0058067116197623,0.004783886562739099,0.730438309408244,0.7449940045260838,0.0093511799133264,0.009504219811263561,0.8065400551583249,0.800251474293902,0.007126841898149,0.00787238642105861
2.993,0.844317381432412,0.8441840351638014,0.0054546405966271,0.004800448390736333,0.7441213077802994,0.7449597811242883,0.0084854267353304,0.00947906442667262,0.7878028247983816,0.7997632919607442,0.0086566123422331,0.007891750024050572
2.994,0.8512689524954254,0.8444618750591592,0.003634986425038,0.004771671552077115,0.7570998341329006,0.7454358616344301,0.0083014962465545,0.00944998866913884,0.8030614965637496,0.7998926333177249,0.0093091930770185,0.007926748617951016
2.995,0.8519359505538976,0.8447549760589528,0.0033537184331759,0.004736660363956096,0.726318491566485,0.7446861608474518,0.0067810928618388,0.009384090007230197,0.7884068392370424,0.7994422100204431,0.0082537703741571,0.007934823229215363
2.996,0.8511794389052851,0.8450069157784167,0.0049131387853125,0.0047410178558414395,0.7507297575935911,0.7449231646414178,0.009186849817421,0.00937921987908676,0.8018815949751524,0.7995378721755297,0.0061516240262569,0.00789079361926577
2.997,0.8543723020210866,0.8453741858271488,0.0040373536582603,0.004723643431209806,0.7611707002337081,0.745560322899939,0.0099607647800526,0.00939357901244394,0.809732028842169,0.7999376430252019,0.005284389262614,0.007826437956138566
2.998,0.8483252973271495,0.845489915689894,0.0046151430382495,0.004720964409161403,0.7444408709883645,0.7455164228249753,0.0063767995929849,0.009319090631716556,0.8097358970893723,0.8003218882826203,0.0056914724318984,0.007773722758009179
2.999,0.850294467418857,0.8456783294831867,0.0053330865719324,0.00473607853663723,0.7410641550084247,0.7453418240870714,0.010906888133672,0.00935829550830805,0.8046115304228029,0.8004901095430197,0.0074187238345006,0.007764957352490449
3.0,0.8361563102145004,0.8453049169628462,0.0063288974051942,0.004775407397589255,0.7334505033401647,0.7448754977832712,0.0111476366102685,0.009402476770084852,0.7856594355305098,0.7999085144837056,0.0078925128175591,0.007768106870146465
3.001,0.8381911789310643,0.8450259468439528,0.0043303565101453,0.004764418486788169,0.7281453080501603,0.7442194119113845,0.0088152753473025,0.009387977969522324,0.7922103195263509,0.799606624485378,0.0078764097453062,0.007770781015212137
3.002,0.8492937770240947,0.8451933127333702,0.0037432833585623,0.0047392052737455555,0.7484360671810574,0.7443847709415677,0.0119940672310577,0.009452325852523199,0.8031413074800622,0.7997452395047773,0.0064958201167858,0.00773930049920161
3.003,0.8448713432098764,0.8451806864775468,0.0036250607977761,0.0047116955335981614,0.7317717219857951,0.7438901415707531,0.0080885957874526,0.009418653505237505,0.799439406931843,0.7997332460705444,0.0059382276203491,0.007694829563921301
3.004,0.8465332960410834,0.8452337299898425,0.0052076654609882,0.004723941704644829,0.7347507692175114,0.7435317348118023,0.0111808883623008,0.009462165477016846,0.7961606444869627,0.7995931440476589,0.0079776603119182,0.0077018130391804844
3.005,0.8457705253424295,0.8452547807879831,0.004708027631821,0.004723548764575105,0.7369982393446229,0.7432755193032855,0.012790151213449,0.00954433796433616,0.8002895288493216,0.7996204532555673,0.0091310803491476,0.00773710359004387
3.006,0.846282730725892,0.8452950925502541,0.0042463989097936,0.004711767286679265,0.7396859040933694,0.7431347500793672,0.0100418345516226,0.009556621830688911,0.7940398024197717,0.7994016042031832,0.0072916611106436,0.007726105010305592
3.007,0.8454857626617026,0.8453025698095267,0.0046584056349665,0.004710449715032036,0.7345644843349451,0.7427986612266448,0.0116095525298141,0.009607311477580892,0.8029382763606194,0.799540297228965,0.0074576671194516,0.007719476914235124
3.008,0.8381227646480718,0.8450210088228031,0.0051619562275293,0.0047215980239825855,0.7324296159620726,0.7423920320005831,0.0134403241168513,0.009701953764970284,0.7910693894480447,0.7992081047669681,0.0088998052291089,0.007748620823244352
3.009,0.8400010426616693,0.8448241474047194,0.005604409821726,0.00474339584614909,0.748587017548829,0.7426349726103182,0.008296056909547,0.00966724026236724,0.7949865395402288,0.799042553189449,0.01153637954892,0.007842145730051158
3.01,0.8325267683817241,0.8443418972469549,0.0063767202626047,0.004783724844086266,0.7421914159859679,0.7426175782328927,0.0147064764510776,0.009791665847273668,0.7986029603364218,0.7990253142540361,0.0091034256233946,0.007873288443467047
3.011,0.8351619464573109,0.8439818991767728,0.005435710842368,0.004799823263796925,0.7284611836501287,0.7420624255041569,0.0081330961002457,0.009750713507840878,0.7933427301068265,0.7988024678168906,0.0074188323304698,0.007862067304874524
3.012,0.8355196309244382,0.8436500455198185,0.0064482421363141,0.0048405249643529045,0.7404927850488879,0.7420008709764994,0.0143864274722985,0.009865175581037364,0.8114983511030209,0.7993003455928174,0.005906708330557,0.007813786836372856
3.013,0.8289113304961501,0.8430720566953609,0.0053014753441704,0.0048519064552125955,0.7322797881197982,0.7416196520409424,0.0110048641822075,0.009893316040325516,0.7849234640979522,0.7987365463185091,0.0075519480676101,0.00780732168158859
3.014,0.8346314072359985,0.8427410508342094,0.0026640571228628,0.004797885484043464,0.7442260550843873,0.7417218639249991,0.00797309112865,0.009845903079543404,0.7912975542751555,0.7984448211403383,0.0093470384364318,0.00784533937923904
3.015,0.839669334799199,0.8426205913818561,0.0032626622034833,0.004759978736375312,0.7415664119938719,0.7417157677708373,0.0060571227641852,0.009752352948299991,0.7831258333037981,0.7978440765192976,0.009944839978329,0.007897178900204223
3.016,0.8498072580974907,0.842902421449136,0.0032030890372392,0.004721537015408988,0.7432558694637762,0.7417761639156584,0.0109806846279292,0.009782682125574786,0.7955940960339548,0.7977558419904606,0.0078386803131368,0.007895734490647002
3.017,0.8364261560166227,0.842648450255704,0.0061705667632701,0.004757315527701855,0.7254084857233787,0.7411342941826278,0.013541368645004,0.009875489200128594,0.7852018817241945,0.797263529823156,0.0090183665649713,0.007923453801124145
3.018,0.8636245404430145,0.8434710420277555,0.0050481497125613,0.004764496618686039,0.7508798214089396,0.7415164717209146,0.0100844507604664,0.009880648744828292,0.8027021912573886,0.7974768106637141,0.0087983637650738,0.007945056516283397
3.019,0.8391235633599504,0.8433005526682338,0.0056149041974479,0.004785494336680159,0.7257684144325036,0.7408989008468594,0.011038237463085,0.009909231182316113,0.7732823107520139,0.7965280067456082,0.0093556042776414,0.007979884856070015
3.02,0.8478536830854204,0.8434791068022411,0.004017544322868,0.004766532607944057,0.7503388525578887,0.7412690950316057,0.006702110292414,0.009830043012195073,0.7959226436862623,0.7965042670177908,0.0065580124810577,0.007944776896193167
3.021,0.8458230249136774,0.8435710251595524,0.0046955858217807,0.004764780835446196,0.7257623148889677,0.7406609860064042,0.011322511555693,0.00986689408734317,0.7992004198054292,0.7966099984996591,0.0084148913190758,0.007956384659721134
3.022,0.8375879187143117,0.8433363935342489,0.0038554912423387,0.004742329240554653,0.7474064339663268,0.7409255133773816,0.0086176520563517,0.009836048605096468,0.7962557855184725,0.7965961077945145,0.0060159371673405,0.00790847237595865
3.023,0.8438975205418435,0.843358398514939,0.0044992717171102,0.00473632782022269,0.7299859459878084,0.7404965107346533,0.0087660254620656,0.009809628280577187,0.7822781815783443,0.7960346204919196,0.0091259866145514,0.007938534455923902
3.024,0.8385297718385143,0.8431690406060596,0.0045364627207267,0.004731392879494394,0.7432614544525439,0.7406049399000608,0.0126535079851611,0.009879847532542223,0.7950339053715807,0.7959953767617103,0.008795272534325,0.007959688482551089
3.025,0.8359434735393325,0.8428856850348154,0.0061939430873577,0.004767505230305834,0.7395031495257662,0.7405617324344023,0.0101722935446004,0.009887068421728845,0.7827317454929464,0.7954752343590137,0.0119609366544494,0.008058484733709072
3.026,0.8395510450777458,0.8427549148404204,0.0055146070336656,0.004785952188413483,0.7325880718117271,0.740249039860964,0.0092354331549099,0.009870978662054303,0.8002470188033639,0.795662363160753,0.0096548032653411,0.008097900006095048
3.027,0.8407678290954774,0.8426769899092461,0.007179880613946,0.004845061532253793,0.7407373058330088,0.7402681875461421,0.0144655981832009,0.00998442605763817,0.7794592164658272,0.795026945643305,0.0120212911719651,0.008194773862042457
3.028,0.8493934464171101,0.8429403803605349,0.0040574378153489,0.0048256140330709555,0.746835798704024,0.7405257409248825,0.0104563597030302,0.009996078740240442,0.8000510972467979,0.7952239711963831,0.0078072667863674,0.008185205786099863
3.029,0.8324509416930432,0.8425290298245548,0.0071008383858393,0.004881792412151656,0.7377794518492665,0.740418043314074,0.0112907965031648,0.010028047080065734,0.7888480700750211,0.7949739358582906,0.0076634429564882,0.008172322753269946
3.03,0.8491442462453798,0.842788450076352,0.0041851590126006,0.004864591587471383,0.742346960476239,0.740493687124355,0.0080650685486908,0.009979578474352772,0.7926711754310298,0.7948836315278097,0.0049667445314631,0.00809317267371916
3.031,0.8375754623537361,0.8425840191852689,0.0035860964405814,0.004833023806066692,0.729795300723881,0.7400741425596307,0.0125076301026434,0.0100419995022118,0.7945506314630321,0.79487057270174,0.0059565135056431,0.008040415657223453
3.032,0.8519030090728663,0.8429494697690962,0.0043380469521008,0.004820802155351485,0.7440920347293618,0.7402317069584436,0.0106383108676677,0.010056723239630465,0.7998215370283246,0.7950647281655276,0.0074105895691362,0.0080248643957892
3.033,0.8384234801902046,0.8427719799816887,0.006088621811493,0.004852106344392016,0.7325729328007635,0.7399313628738288,0.0083888757755711,0.010015541820764803,0.7924883302142379,0.7949636929517515,0.0084179355718374,0.008034569856926192
3.034,0.8391155286886826,0.8426285897349042,0.0050586200301642,0.004857205447744415,0.7455808217307461,0.7401529102799824,0.0109048280935466,0.0100374995065125,0.7980400875603499,0.7950843358775788,0.0062284455101593,0.007989974194043058
3.035,0.8408183524792179,0.8425576000386027,0.0049183216596349,0.0048587144900133165,0.7359697946924456,0.7399888665314515,0.0113614648167421,0.010070190007999651,0.7829181600305068,0.7946072309423996,0.0087179147254623,0.008007948034325014
3.036,0.8313327485909388,0.8421174097857531,0.0047042112363595,0.00485489959486137,0.7218235535584898,0.7392765013168255,0.0093035668903091,0.010051261042130747,0.7732246623293264,0.7937686988399262,0.0124437281982982,0.0081174734704725
3.037,0.8358029090085624,0.8418697823042947,0.0076855290312114,0.004924791679709519,0.726298995429324,0.7387675795173156,0.0117344004482455,0.010092820039812593,0.782715542782605,0.7933352417396391,0.0091570124022053,0.00814314109841652
3.038,0.8304328469915137,0.8414212750371267,0.0043623648438288,0.004910904597342094,0.722204749904182,0.7381180567873888,0.0103322506452032,0.010098731906612361,0.7787744171831569,0.792764229011934,0.0112908930324199,0.00822086336839191
3.039,0.8520980455699458,0.8418399719207666,0.0039696503700861,0.004887663752224662,0.7529771004527106,0.7387007643821074,0.0078610582495968,0.01004348070520457,0.8038625078347439,0.7931994556324363,0.0070596170945348,0.008192190620889266
3.04,0.8398069709576224,0.8417602463928002,0.0045838338459576,0.004880161779230414,0.7424259389102038,0.7388468496577191,0.0100216654159388,0.010042942056086898,0.7991415617869019,0.7934324794031996,0.008130935774174,0.008190678155538271
3.041,0.8357862288990296,0.841525971196966,0.0059368495748442,0.004906252835912236,0.7258445127325657,0.7383369540920268,0.0112290665545807,0.010072229080741067,0.7844516376862098,0.7930802895319451,0.0067628969547592,0.008155424298728911
3.042,0.8383365925326406,0.8414008975238553,0.004413366302759,0.004894082798056601,0.742902611805145,0.7385159994925412,0.0102776696618757,0.010077301687682663,0.7795576859503547,0.7925499913522749,0.0087548797238859,0.008170225667251306
3.043,0.8437749329319026,0.8414939969516219,0.0040117318665841,0.004872296355304193,0.7528471507875085,0.7390780054256773,0.0075186604827759,0.010014125361635581,0.7872553148569872,0.7923423569799107,0.0079073995361919,0.008163736133151073
3.044,0.8459848442180358,0.8416701086091284,0.0040113035969515,0.00485103727485104,0.7249908377415382,0.7385255674772795,0.0109850243308103,0.010038098175689278,0.7796629457444517,0.7918451251667555,0.0075688060818237,0.008149046502254101
3.045,0.8336912478045369,0.8413572121069876,0.0055666078236873,0.004868705683464281,0.7362736586666787,0.7384372573278442,0.0102746568791667,0.010043939131330695,0.784389541654138,0.7915527493427313,0.0124694291418605,0.008255722616812285
3.046,0.8364108733629365,0.8411632380385934,0.0033382079278221,0.004830915615423733,0.7311771771945863,0.7381525483030105,0.0093676085696479,0.010027239611289145,0.7911076303936487,0.7915352936976694,0.0106153527313356,0.008313985088775825
3.047,0.8512086775506422,0.8415571768429874,0.0049795730298504,0.004834586168866365,0.7491437204737225,0.7385835746626461,0.010305821782071,0.010034118183407216,0.8121238141089697,0.7923426866549752,0.0063570924311098,0.008265666751549505
3.048,0.8477817923591353,0.841801279412248,0.0051574835243357,0.004842558943075485,0.7331445370273586,0.7383702790691055,0.0138347682312915,0.010127961394466088,0.7796394848298396,0.7918445218775189,0.0110041234986589,0.008333282967527516
3.049,0.8508080986629812,0.842154488010316,0.0036077284167987,0.004812069300451367,0.7399873260310869,0.7384336926754577,0.0094023573536114,0.010110045245309182,0.8008566762920482,0.7921979396976966,0.0075868037699352,0.008314851382401778
3.05,0.840927594125186,0.8421063745246247,0.0039467867281251,0.004790704298665533,0.7371079093409862,0.7383817011721451,0.0110397405421945,0.01013300068473845,0.767674620672759,0.791236240912405,0.0070998297176417,0.008284850847469431
3.051,0.8232871653360908,0.8413683663211526,0.0056057870137498,0.004810829797803416,0.7196978737049596,0.7376490020557849,0.0085882565962273,0.010094858855392495,0.7725193889498241,0.7905022467177939,0.0064920073490602,0.008240583106767969
3.052,0.832570241863007,0.841023341832598,0.0045071813253427,0.004803332304656237,0.7471969641466446,0.7380234319417011,0.0099559024075977,0.010091427831990154,0.8117588430799465,0.7913358387319959,0.0064423802031751,0.008196183035074318
3.053,0.8299518659932863,0.8405891663094878,0.0067729688953734,0.004851965306896167,0.7103588628052581,0.7369385468775268,0.013232299297183,0.010168980213846768,0.7826496512937889,0.7909952039304976,0.008883832517113,0.008213162034630827
3.054,0.843267261949444,0.8406941896679173,0.0038938708445448,0.004828308653504775,0.7399384040379876,0.7370561883347999,0.0109301359096776,0.01018777418164506,0.7802460028297366,0.7905736666324287,0.0078283008712553,0.008203659289856122
3.055,0.8395048933642013,0.8406475505971833,0.006086646985058,0.004859378735765349,0.7383013160774287,0.7371050168737265,0.0086404771150565,0.010149569315803367,0.7962454337652574,0.7907960888729318,0.0085121790319519,0.008211277061265895
3.056,0.8434111662378174,0.8407559276811298,0.0044525260616763,0.004849332990726113,0.7308824613106891,0.7368609950869408,0.0102254379150697,0.010151442614550683,0.8012148739779242,0.7912046686809707,0.0070181428457192,0.008181816957178322
3.057,0.8396869356742658,0.8407140064259586,0.0040897694133464,0.004830578334494515,0.7237994631705238,0.7363487781490421,0.0101838501103822,0.010152242799632942,0.7712780462835318,0.790423232508522,0.0084734437622338,0.008189017619031545
3.058,0.8304677648690584,0.8403121930315705,0.0055667731568085,0.004848755984428194,0.7360240373663416,0.7363360432163872,0.0108374128340027,0.010169160578259355,0.7957245486084741,0.7906311272575396,0.0069801872774433,0.00815916995627628
3.059,0.825634922441434,0.8397366137927416,0.0060547970459358,0.004878534776070358,0.7306592411298163,0.7361134235267178,0.0115327699692483,0.010202829945938094,0.7719128381796261,0.7898970767054646,0.0097378003259773,0.008198148483923218
3.06,0.8369990438759708,0.8396292581097309,0.0053742070030521,0.00489077359648966,0.7403708756660596,0.7362803824341431,0.0084317158555124,0.010159098733828817,0.7839190355548906,0.7896626437191676,0.0108074956574503,0.008262576809195493
3.061,0.8267280707101441,0.8391233291921,0.007475599061177,0.004954596447469595,0.7247043647518787,0.7358264209564073,0.0110104924473699,0.01018012080082983,0.7798044443971025,0.7892760476673218,0.0105057311531761,0.00831796333620736
3.062,0.8434761434375453,0.8392940277899607,0.0043243633169994,0.004939035135606133,0.7428225957682826,0.7361007807529514,0.0095248052294983,0.010163940169438928,0.7839920075558574,0.7890688304080486,0.0077617055327437,0.008304228575628009
3.063,0.8529233661601507,0.8398285116476152,0.0035535536743402,0.004904825716809443,0.7481829595922673,0.7365745916878266,0.0077331670793847,0.010103921080795613,0.7969337714916249,0.7893772594701496,0.0089138762354635,0.008319281604265923
3.064,0.838569531435823,0.8397791398746037,0.0041513667991089,0.004886221792915603,0.7212525620195431,0.7359737277792664,0.0120619274833059,0.010152266917894634,0.7957289432228015,0.7896263451075085,0.0094322355448802,0.008346761948478621
3.065,0.8431115222881698,0.8399098215378807,0.004939689573139,0.004887541985019885,0.7255909183857558,0.7355665587834425,0.01039893005281,0.010158357365670322,0.7907950143706541,0.7896721752746908,0.0065341190281686,0.008302005333162324
3.066,0.8304007123098265,0.8395369152936433,0.0065396808560662,0.0049283355373913994,0.7376584359894122,0.7356485931836767,0.0126229446713055,0.01021921137321687,0.7692366909469588,0.7888707837324268,0.0117305542282778,0.00838666086143678
3.067,0.8415372198688674,0.8396153586103187,0.0052429848322764,0.004936104655783622,0.7396867190155243,0.7358069510594354,0.0130920584783549,0.01029014586964003,0.7898469225294302,0.7889090636852505,0.008701375157096,0.008394431584786392
3.068,0.8385172897796793,0.8395722970875485,0.0044754442878957,0.004924730325712315,0.7216806258355306,0.7352529775212432,0.011224930762863,0.010313226978114673,0.7863165565101203,0.7888073967372061,0.0092246380130159,0.008414930508940207
3.069,0.8461142517054141,0.8398288443274649,0.0059449543635681,0.004949921042696408,0.7368278542535495,0.7353147373930983,0.0085816737071668,0.010270472576362872,0.7773515534650707,0.788358147981436,0.0084286745907424,0.008415269868984707
3.07,0.837522681645088,0.8397384065752148,0.0042804298095251,0.004933390394963783,0.7370537990617153,0.7353829358899068,0.009582130494894,0.010253476475585862,0.7825182940363419,0.7881291341012363,0.009108628112702,0.008432389825619701
3.071,0.8361224894024943,0.8395966059017748,0.0063624004367787,0.004968674593527115,0.7253224747121964,0.7349884080005848,0.0112761055305106,0.010278726575707461,0.780931813101224,0.7878468862188828,0.0100495393927003,0.008472319444559964
3.072,0.8434694221178713,0.839748481047504,0.0045302900998569,0.00495785028504143,0.7253720946374455,0.7346112976726186,0.0127120685443814,0.010338809093452497,0.8050253595125265,0.7885205518382413,0.0060352936607431,0.008412145968416338
3.073,0.8374724364136601,0.8396592243951964,0.0053919761855557,0.004968569443078819,0.7389616541685825,0.7347818998881467,0.0122931167176926,0.010387063602692995,0.7927283855345593,0.7886855649243715,0.0077378848335382,0.008395497545332928
3.074,0.8393646406148445,0.8396476720900846,0.0038823982429144,0.0049417504010994505,0.7378837113611106,0.7349035395537531,0.0081565250863628,0.01033198857759842,0.8017115022817507,0.7891963859972099,0.0101224765560752,0.008438139002388292
3.075,0.8298307450302098,0.8392626945583249,0.0048034809625685,0.00493833634088881,0.7334733755985018,0.7348474546927629,0.0067980575995138,0.010244731022583985,0.7912662693709691,0.7892775578942199,0.0089747479136388,0.008451388605135217
3.076,0.839289511500271,0.8392637462031072,0.0040155387820537,0.004915551215979301,0.7522763414574447,0.7355309404482407,0.0105569096859993,0.010252439137730043,0.7985641812440822,0.7896417392020577,0.0089906600317198,0.008464703949001503
3.077,0.8339525343025049,0.8390554633834757,0.0048987997322116,0.004915137599096148,0.7273808530895782,0.7352113291792736,0.0109711833651572,0.010270185908777625,0.7793375410891396,0.789237653001551,0.0071092349779672,0.008431235579346335
3.078,0.8485237045457912,0.8394267669584684,0.0030712955833718,0.004869610635744929,0.7431451880689692,0.735522460900438,0.0085814886288686,0.010228489679644069,0.7961522635543679,0.7895088141997008,0.0070487145577459,0.008397099257825337
3.079,0.8339033391482051,0.8392101619463012,0.0066204177553611,0.00491284044116755,0.7294382287220513,0.7352838635601092,0.0132640452761255,0.010303441669680648,0.7872594324774024,0.7894206031517674,0.0098135511286273,0.008432073378092052
3.08,0.830192641149666,0.8388565336797664,0.006995579992455,0.004964266109100574,0.7410659439018116,0.7355106118088035,0.0112606427687957,0.010327076264720524,0.7826868726167007,0.7891565352876471,0.0092096253808841,0.008451272192975806
3.081,0.8316262345502947,0.8385729925374342,0.0049052962590735,0.004962810063420893,0.7258671575171189,0.7351324371306982,0.0103480103148118,0.010327593154846234,0.7828612515011075,0.788909661413665,0.0116573637690229,0.008530434947939933
3.082,0.8451316735608376,0.8388301957148225,0.0044489891290812,0.0049501231267705306,0.7293654505842436,0.7349062807955431,0.0103029160053758,0.01032698384251363,0.7847742431419414,0.7887474881481074,0.0078326058904983,0.008513204600842608
3.083,0.8420871912201229,0.8389579210287559,0.0054343805934374,0.004962080101256133,0.728331775467642,0.7346484570571941,0.0099528729769168,0.010317746537190252,0.7889707982977888,0.7887562454088791,0.0117500565667294,0.008593126871605244
3.084,0.841176943926606,0.8390449415345539,0.0053563547462458,0.00497181527767563,0.7336855367417607,0.7346106954761966,0.0096159216571294,0.010300417527806032,0.7881998218167152,0.7887344248758531,0.0110358635704268,0.0086534413579959
3.085,0.8410500680693573,0.8391235739476834,0.0036049693960168,0.004938065996647016,0.7264958565265884,0.7342924664977806,0.01015805832265,0.010296902485703413,0.7800826138101721,0.788395138167395,0.0085946046034889,0.008651988598625355
3.086,0.8492390029577509,0.8395202574382743,0.0034775646865795,0.004902004235904608,0.7468716868555823,0.73478576925691,0.0093488835268563,0.010273494610176325,0.790626507825213,0.7884826428598585,0.0088633999784245,0.008657208632694471
3.087,0.8377917356222636,0.8394524722690191,0.0050538498304214,0.004905753509843294,0.7371746563942361,0.7348794511054324,0.010874694982406,0.010288339063811627,0.7869322052758955,0.7884218413859776,0.0093277211056786,0.008673764496224944
3.088,0.8306552104006045,0.8391074816075126,0.0050531340020031,0.004909392534341067,0.7203985964233202,0.7343115744512319,0.0109077305205312,0.010303632680026924,0.769915653629303,0.7876961085327747,0.0077891072420639,0.008651921107233312
3.089,0.8273544451003698,0.8386465782150756,0.0067854836875738,0.004955715772692494,0.7308977460680105,0.7341776988283605,0.0095594888309658,0.010285258757827884,0.7993660484603881,0.7881537532358184,0.0093128981605469,0.008668241528302784
3.09,0.8285458715416643,0.8382504720710202,0.0059495795999467,0.004980255620279018,0.7193428334134536,0.733595939400325,0.0134204788671659,0.010362671600033763,0.7901072616404147,0.7882303614085477,0.0087363797558398,0.008669923953674068
3.091,0.830118149461558,0.8379315574588845,0.0055298995160278,0.004993827074495037,0.7178602020756173,0.7329788516621012,0.0092330920918009,0.01033478074797863,0.7607057887423452,0.78715096640203,0.0086738119589956,0.008670019953805463
3.092,0.8301612749487571,0.837626840497703,0.0035115758946787,0.004957228279931671,0.7101037423207366,0.7320817885506751,0.0089424524093711,0.010300402270482147,0.8076811460429334,0.787956071485987,0.0056162808279591,0.008594618987735182
3.093,0.8295987762522525,0.8373120144488617,0.0073936008032932,0.005017385626187512,0.6995239686948169,0.7308050113014257,0.0110415763563617,0.010318702865195224,0.7642446928911273,0.7870262135018747,0.0104753320846898,0.008641056348153816
3.094,0.8392642780661815,0.8373885738064037,0.0053247937910629,0.0050249759512461635,0.736989119888227,0.7310475253636534,0.010488019258984,0.010322883516893712,0.7802138582375111,0.7867590623150369,0.0118323490751206,0.008719853699436947
3.095,0.8361333040626502,0.8373393475419427,0.0045210818371969,0.005012534121269638,0.7293168666241029,0.7309796563934748,0.0113949870650546,0.010349355209440895,0.7839711866134946,0.7866497338561529,0.0063819681436408,0.00866212813015803
3.096,0.835299089757336,0.8372593374327424,0.0068753837363741,0.005058530408062341,0.7229541031888882,0.7306649288168243,0.0105988539360963,0.010355515671827447,0.7647037124846578,0.7857891055670747,0.0126978464938409,0.008761775497162547
3.097,0.8317925103173437,0.8370449520556679,0.0049248108545482,0.005055228690691622,0.7196864256471303,0.7302343992807578,0.0090342292935252,0.010322891316807638,0.7910259872001483,0.785994473474254,0.0081841399498125,0.008747512891055137
3.098,0.8269776364531682,0.8366501553653738,0.0074193033174299,0.005113600903697506,0.7102930197928529,0.7294523843988793,0.0172537708085962,0.010494024143765381,0.7775413504216668,0.785662978452584,0.0087123223859351,0.008746643989694148
3.099,0.8393232057934306,0.8367549808723563,0.0041499172134593,0.005089806244679278,0.7194710737231931,0.729060960450813,0.0119536377104516,0.010530063984918127,0.7721078091910419,0.7851314031874256,0.0103133979171982,0.008785329271854742
3.1,0.8434766395783596,0.8370185753314153,0.0055486531201377,0.005101135797159733,0.7355803925399655,0.7293166244543092,0.0121853590369741,0.010570935467684941,0.8008310162269908,0.7857470742870164,0.0074205093722276,0.008751630015073824
3.101,0.8325062270570389,0.8368416204971261,0.0056354352608135,0.005114328376509209,0.7306290592537508,0.7293680924856599,0.0080619465995367,0.010508985125261527,0.7818041940837861,0.7855924515339485,0.005648386067537,0.008675006707727235
3.102,0.8526581520108426,0.8374618766349189,0.003593716775334,0.0050767824110480924,0.7247210166761883,0.7291858542186219,0.0126236173009667,0.010561198265402395,0.7966636503248831,0.7860266161924166,0.0066961279156444,0.00862614550298445
3.103,0.8314293901411116,0.8372253085371225,0.0066558695729779,0.005115772217515495,0.725134226404832,0.7290269668533753,0.0108460125871658,0.010568230717791614,0.7924056072567116,0.7862767727047419,0.0057251085341953,0.00855451496054521
3.104,0.8334170901227337,0.837075966638519,0.0050926631641203,0.005115201623604503,0.7174013314158213,0.7285710595813144,0.0090935906862822,0.010531819852816073,0.7823791537079869,0.7861239249009476,0.0068456747137824,0.008512321374205387
3.105,0.8295728210031922,0.8367817256332122,0.005983811077364,0.005136648770610911,0.7280897180483459,0.7285521834427666,0.012387878110982,0.010577648451783134,0.7635922550819854,0.7852403300060864,0.0085207402159763,0.008512529246841706
3.106,0.8410714847445725,0.8369499514807164,0.0044285123266518,0.005119163920142785,0.7333726260593475,0.7287412204081227,0.0119275160638222,0.010610978516277925,0.7912057663558119,0.7854742686864679,0.0079087229603543,0.008497620449644486
3.107,0.8299227803838755,0.8366743761435853,0.0068336081624595,0.005161495876743198,0.7302836935999599,0.7288017095529008,0.0138106403515592,0.010689982512210797,0.7964189647010073,0.7859034724517439,0.0093284460428885,0.008518134661823351
3.108,0.8381395554620156,0.8367318341560728,0.0051340687631701,0.005160818664062381,0.7417355286992248,0.7293089181468743,0.0088653579878047,0.010644930054818053,0.7840576896764958,0.7858310888134987,0.006886735608748,0.008477853203722725
3.109,0.8268161816445567,0.8363429850379741,0.0077486457773186,0.005224715629821793,0.7135273947979229,0.7286900348782879,0.0093467752231078,0.01061287684909681,0.7748444817394846,0.785400241477263,0.0095593756362276,0.008504557461315438
3.11,0.8284969278069886,0.8360352965191119,0.0080071390436936,0.005293417442509987,0.7440877933650407,0.729293868544435,0.010385797697215,0.010607269956457752,0.7786503061494883,0.7851355381310756,0.0067543610777793,0.008461342735796028
3.111,0.8379505143359971,0.8361104031001663,0.0053294787222661,0.005294307844479274,0.725202734187727,0.7291334319029955,0.0109120187903155,0.010614794619022141,0.7833870734668974,0.7850669708893432,0.0102552657795339,0.008505637131937704
3.112,0.840531022249437,0.8362837607138631,0.00498146863544,0.005286583419564723,0.7372635708248012,0.7294522608803212,0.011842381092822,0.010645105396153001,0.7897873107262846,0.7852520822554978,0.0080739160017939,0.008494977350946498
3.113,0.832878270825891,0.8361502120908054,0.0047144105126662,0.005272455693468463,0.71045258366743,0.7287071754994235,0.0150425992951909,0.010753685492425542,0.7760322591750657,0.7848905205660691,0.009087582165584,0.008509609568591868
3.114,0.8373829711774207,0.8361985555843982,0.0063979560656624,0.005300245826115227,0.7294986393007103,0.7287382132955526,0.0127709192313055,0.010803493732891713,0.7856566583607963,0.7849205651854702,0.0144741306389231,0.008656881693785232
3.115,0.8259191237739705,0.8357954406114402,0.005419560679549,0.0053031918718790235,0.7199274921018812,0.7283926948173695,0.0094557050574629,0.010770215000165076,0.7707879894098788,0.7843663465276038,0.0106011788732172,0.008704889031548984
3.116,0.8288345876970171,0.8355224659873451,0.0058857064402799,0.0053175749476420085,0.7028577185001319,0.7273913231970855,0.0125969928299844,0.010815320625592715,0.7691257571324074,0.7837686763552432,0.0089710099067895,0.008711459917357393
3.117,0.823719183410045,0.8350595921607843,0.0068790674718966,0.005356130318611258,0.7210316517794951,0.7271419243179643,0.0086568780694539,0.010762025747663361,0.7860717519314375,0.7838589930445057,0.0098059184734209,0.008738483585408343
3.118,0.8397630789882733,0.8352440426246074,0.0041515643141295,0.005326387948130227,0.72843967943374,0.7271928166754457,0.013977443370225,0.010841418775380933,0.7905094564247247,0.7841197955300045,0.0068236259833358,0.008691203150789268
3.119,0.834743920599596,0.8352244299961756,0.005418610698669,0.005328665053081802,0.7375066502163827,0.7275972807358745,0.0098401947532641,0.010816697194587926,0.776620790572647,0.7838257169042259,0.0085598428576336,0.008687959686760734
3.12,0.8214746864565742,0.8346852243671717,0.0042190205947331,0.005301266424480599,0.7190244114719937,0.7272610897843498,0.0121478906745837,0.010849566169402637,0.78470859147814,0.7838603394365362,0.0041510405299815,0.008575936991531617
3.121,0.8392766558681283,0.8348652805044643,0.0043141448813227,0.005276893053044601,0.7334166566130694,0.7275024845619467,0.0104956104015932,0.010840826520814749,0.7808531446178364,0.7837424102279598,0.0091120978999847,0.008589175532481074
3.122,0.8443941888121067,0.8352389631831953,0.0062970773974591,0.005302082789943725,0.7128555133014626,0.7269280935321238,0.012963671076352,0.010893242435766285,0.7802760730085069,0.7836064754350401,0.0110218584270369,0.008649241776791095
3.123,0.8366677018813418,0.8352949921517501,0.0042755285339366,0.005276735771276882,0.7329690312760087,0.727164993051492,0.0115192189864062,0.010908698646893197,0.7896382912114972,0.7838430172301953,0.0108927406385529,0.008704636810414843
3.124,0.8267107083095265,0.834958353569702,0.0081825185481379,0.005348483494162339,0.7214437857573494,0.7269406319811333,0.0130638403262867,0.010961912021693037,0.7799558420085678,0.78369057898621,0.0109918883356084,0.00876111215671592
3.125,0.8192468113827185,0.8343422146604086,0.0044037658731569,0.005325157133149859,0.7287610801289411,0.7270120221045767,0.0097375957004569,0.010931681989069922,0.7794093029652083,0.7835226858089159,0.0092304556481017,0.008772700884898284
3.126,0.8308641335303815,0.8342058193219762,0.0066349604149019,0.005357497954921515,0.7203076828811068,0.7267491068409112,0.0116633617145746,0.010949748155131766,0.7745148576850492,0.7831694376471956,0.0078126299952851,0.008748995430833762
3.127,0.8272454700334596,0.8339328644479168,0.0058597091142235,0.005369898230459837,0.719689585162185,0.7264722628535102,0.0091905123051497,0.010906310232909987,0.7798045619739238,0.7830374817384399,0.0090791667607324,0.008757147809349778
3.128,0.8293392385193814,0.8337527222546409,0.005721030198168,0.005378568155588433,0.7306958150127321,0.7266378923499504,0.0117814975356117,0.01092791979593966,0.7677032701331794,0.782436140106861,0.0106880635441568,0.008804824741073409
3.129,0.8459977803676573,0.8342329206120142,0.0036819905093239,0.005336677349507828,0.7397372241949857,0.727151591637991,0.0080662128015617,0.01085726036397971,0.7843373819565929,0.782510698610772,0.0091749951525041,0.00881396475123219
3.13,0.8366304554289798,0.8343269415852286,0.0049553594393197,0.005327262092466146,0.7235756768510911,0.7270113596855635,0.0076944532257833,0.010779166360567454,0.7891733984881277,0.7827719809589037,0.0110345551553563,0.008868794143926613
3.131,0.8285555285892965,0.8341006116638193,0.0053815542040945,0.005328602638432278,0.7305456421794742,0.7271499589990502,0.0084256634527856,0.01072105517765926,0.7714500417579089,0.7823279833431784,0.0075257977053318,0.008835633738035382
3.132,0.8280648690951307,0.8338639158768119,0.0051449887971115,0.0053240689633379384,0.7206863387735919,0.7268964836960911,0.0127962392379562,0.010772294290259185,0.7710420531802312,0.7818853978465923,0.0103973762086588,0.00887419528051991
3.133,0.8195920845606888,0.833304236217356,0.0065331856899371,0.005353923697328042,0.7253818799419589,0.7268370874704388,0.0086121176000834,0.01071895659420546,0.7568638031029153,0.7809041588370363,0.0095386828265725,0.008890602380422444
3.134,0.8315195338043841,0.8332342478874357,0.0051066561452463,0.005347818325671702,0.7184975478602459,0.7265100467014117,0.0111886116337561,0.010730553014935107,0.7722432392454666,0.7805645149314845,0.013472637547684,0.009003739051219026
3.135,0.8338617279586569,0.8332588549490522,0.0044081062745387,0.0053246155589770595,0.715441569148267,0.7260759887581512,0.009165740824048,0.010691915676888512,0.7729065376556497,0.7802642020971381,0.0092767130719083,0.009010479150495304
3.136,0.8307312103688198,0.8331597316321804,0.0063953036857645,0.005351052302848354,0.713784012046668,0.7255939504557399,0.0076866831985504,0.010617712405818436,0.7871742758300773,0.7805351853807829,0.0066913251519207,0.008953216088802105
3.137,0.8319527301455985,0.8331123982405496,0.0052472449638357,0.005348489158675202,0.7478802021626768,0.726467921110914,0.007308004187649,0.01053599121524635,0.7789586703033242,0.7804733612600984,0.010694009404606,0.008996198639809608
3.138,0.8418606379706756,0.8334554664652605,0.0061043324295765,0.00536715195548758,0.7190062204365499,0.7261753053981939,0.0081324883152596,0.010476645464629394,0.7869359950143053,0.7807267978779104,0.0110843379849976,0.00904775763598709
3.139,0.8308677824983811,0.8333539886626377,0.0054851465942252,0.005370065403357645,0.7085793117781821,0.7254852664327032,0.0113756026975974,0.010498841939517493,0.774621566258387,0.7804873770300859,0.0125459773281081,0.009134133430854273
3.14,0.8235046834515768,0.832967741399459,0.0069498470580899,0.005409072357795479,0.715404285778813,0.7250899338580408,0.0142967336807035,0.010592617044238136,0.7982322531416978,0.7811832545246589,0.0095124416005876,0.009143474373316826
3.141,0.8377723668159703,0.8331561580824594,0.0040684284616123,0.005375970039371202,0.736130173424031,0.7255228844292559,0.0120430454688393,0.010628430091759152,0.7938499700549309,0.7816799884670225,0.0081535280800862,0.009119031254965451
3.142,0.8303801526706149,0.8330472951251321,0.0068943538092439,0.005413460996652009,0.7212473967289347,0.7253552182449295,0.0121918536688241,0.010667033143044706,0.7737808371000722,0.7813702178251813,0.0098387562901281,0.009136802243487986
3.143,0.831133310618199,0.832972236909174,0.0038438222105653,0.005374704483415301,0.7238774756381152,0.7252972675544662,0.0119049627547094,0.010697599306295687,0.7755114148243158,0.7811404608447552,0.0068309496293545,0.009079867611040245
3.144,0.8198010404018024,0.8324557193990809,0.0057970153063179,0.005385131911141291,0.7194273586262772,0.7250670750474784,0.0133416719273104,0.010762885050024446,0.770868125724248,0.7807376241733628,0.0065835754744628,0.009018230768161788
3.145,0.8332151598034715,0.8324855013757237,0.0055748522767767,0.005389816364613771,0.7018882269048676,0.7241581006105132,0.0123652220893455,0.010802448927538545,0.7599717726952911,0.7799232770565756,0.0115019288882105,0.009079556647669164
3.146,0.8344276962518107,0.8325616658806683,0.0048017484148051,0.005375296168322199,0.7184227531531304,0.7239331850239492,0.0118310485155605,0.010827846448230446,0.7754463780682938,0.7797477123903686,0.0115029277641139,0.009139392971531997
3.147,0.8287652138652946,0.8324127854094773,0.0069188643346714,0.005413408962553043,0.7189725922286008,0.7237386519731511,0.0081550380604896,0.010761851179397338,0.7796292514155708,0.7797430668619451,0.0102006169407811,0.009165596032501111
3.148,0.816838532619343,0.8318020303980994,0.0060209203491955,0.005428409243704709,0.7120939905708106,0.7232819985848241,0.0094576374278711,0.010729648370717677,0.757888905231308,0.7788860409156456,0.0124382369937458,0.009246401982161475
3.149,0.8355993002495574,0.8319509429412939,0.0060119073119068,0.005442816603413402,0.7229923350165157,0.7232706392292042,0.0101735540287293,0.010715917646224137,0.7772427841555359,0.7788215994740728,0.0066182752688177,0.009181509964548048
3.15,0.8375616927422164,0.8321709723452517,0.0044946366157429,0.005419404751865982,0.7448649049168165,0.724117473177738,0.0109241103014588,0.010721058205612647,0.7755303673628879,0.778692531548144,0.0089005683074907,0.009174573133509594
3.151,0.8215594414873291,0.8317548338802352,0.0049173739709881,0.005407008930115911,0.7160352081958505,0.7238005216098208,0.0098418485675011,0.010699349325659274,0.7652574014135811,0.7781656636997298,0.0107059885304132,0.009212385859359067
3.152,0.8459978019430473,0.8323133816474043,0.0058334179737245,0.005417537548476617,0.7273994331264856,0.723941655394788,0.0111030160305629,0.010709316404792698,0.7848905796478025,0.7784293858937718,0.005520742153814,0.009121234162925854
3.153,0.8210404507068105,0.8318713059242439,0.0055942617168405,0.0054219011081893045,0.7087255242993792,0.7233449443714387,0.0140574491833826,0.010791986349943066,0.7643696725412081,0.777878024585828,0.0122417775329043,0.009198284616505568
3.154,0.831941436307412,0.8318740561353485,0.0065667959525992,0.005450170116693253,0.7287966464409382,0.7235587366094582,0.0134225120109078,0.010856937600831083,0.7948269105884926,0.778542686782011,0.0082907454733435,0.009175876242600332
3.155,0.825983050543284,0.8316430363082087,0.0070401436402102,0.0054894287222121895,0.7222500429992563,0.7235074152914112,0.0131110277702256,0.01091259414822354,0.7711102346764206,0.7782512180719878,0.0090634201143644,0.009173099548075988
3.156,0.8233965634338252,0.8313196452150956,0.0068637350715818,0.005523362212320081,0.7241009759665114,0.7235306921806307,0.007688070686504,0.010832976284971206,0.7786015196145363,0.7782649553873818,0.0094563721806117,0.009180093934064524
3.157,0.829505270940977,0.8312484932827772,0.006183552798998,0.005539663214460276,0.708333129277683,0.7229347093216916,0.0130084121881357,0.010886690751716008,0.7600389785764673,0.7775502111987186,0.0077306769407371,0.009144305860155204
3.158,0.8423781198878363,0.8316849492280736,0.0040025831951464,0.005501710621390798,0.7430680528591211,0.7237242522055124,0.0106086345149414,0.01087982516562281,0.7834924930761525,0.7777832418605787,0.0117017114891872,0.009207451678155993
3.159,0.8292799152294269,0.8315906341693032,0.0068237449086225,0.005534353443297754,0.7241647053698871,0.7237415248786251,0.0111455178894786,0.010886385479792088,0.801242560560996,0.778703215142948,0.0053714384927195,0.009112735303206944
3.16,0.8209870832620393,0.8311748086435282,0.0051051970024475,0.005523756987968117,0.7059105946244997,0.7230422727117967,0.0087222448772088,0.010832949909357932,0.7714379569892604,0.7784183030584897,0.0127447764443202,0.009202415331382581
3.161,0.8183688760691354,0.8306726152092383,0.0050629508523638,0.005512379058693936,0.7299425088631548,0.7233128702079282,0.0106853734110773,0.010829306045202856,0.7591175526982834,0.7776614108875012,0.0123469849407856,0.009280059025441916
3.162,0.8233413967045475,0.8303851164443485,0.0064976008987123,0.0055367055238795745,0.706021725852052,0.722634786115541,0.0140938842642377,0.010909912914808655,0.7741236882768693,0.7775226766674764,0.0094882387615399,0.009285199265839398
3.163,0.8299733712457684,0.8303689695738159,0.0059106484559316,0.005545938682695674,0.720582373543407,0.7225542993480064,0.0082501526588755,0.010844239822069566,0.7722125019114476,0.7773144345201811,0.0107300545345171,0.009320874704572182
3.164,0.8239991108497862,0.8301191711924815,0.0058309013423303,0.00555297479774838,0.708922280081222,0.7220197103571521,0.0126174866148263,0.010888023693495659,0.7728883948320414,0.7771408643363324,0.0079889534450847,0.009287987759893479
3.165,0.8221153595916864,0.8298052962277445,0.0075673688524203,0.005602712922555094,0.7187864070110649,0.7218929141475017,0.0101918545920271,0.010870834332965571,0.7692602476866474,0.7768318205461489,0.0098974566291975,0.009303036373950368
3.166,0.8279034376210417,0.8297307135372856,0.0032828385598143,0.005545432074092358,0.7224012224881444,0.7219128478079191,0.0081616217878664,0.010803940196049543,0.7553817230519215,0.7759906402522575,0.0061714166920942,0.009225712431188486
3.167,0.8208379148255731,0.8293819763329047,0.0054948845509292,0.005544183987100676,0.7033477437490284,0.721184804511492,0.010146351090443,0.010787703428009875,0.7500355981068063,0.7749727954622397,0.0121406535592041,0.009297686286201217
3.168,0.8282116138417625,0.8293360797646246,0.0035024533996506,0.005493770886175982,0.7223009149597943,0.7212285735486804,0.0157618643723205,0.010910522216758287,0.7838996319849866,0.7753228674827396,0.0078571099262087,0.009262116499534734
3.169,0.8174435430100875,0.8288697057742508,0.0077538907001953,0.005549576313682632,0.7032978355837765,0.7205254073539782,0.0172174277298934,0.011066248278811006,0.790081855930634,0.7759016513434414,0.0110037875917786,0.009305120724034582
3.17,0.8220479769688552,0.8286021869975686,0.0065305970440893,0.005573799047766747,0.7136764294769069,0.7202568199862498,0.0121847116706905,0.011093864658857413,0.7624383427685065,0.7753736784581498,0.0092064707656795,0.009302684922593715
3.171,0.8123944520231275,0.8279665895475905,0.0050486671736008,0.005560832828651539,0.7053932289328982,0.719673934062589,0.0084203869777267,0.011027852864261592,0.763134339212348,0.774893704370079,0.0103965188831337,0.009329693168532974
3.172,0.822114444605708,0.8277370936675167,0.0064477611573438,0.00558273229355752,0.7147502807025359,0.7194808496170966,0.0115310956759618,0.011040278612698634,0.7727929162530515,0.7748113205223525,0.0078265449565243,0.009292578397866093
3.173,0.8372050278777294,0.8281083852051722,0.0044279627382115,0.005554219465030458,0.7112859454406161,0.719159480825862,0.0094038773110694,0.010999873642288036,0.7771759998397338,0.7749040530446027,0.0090882088826246,0.009287532236995934
3.174,0.8108820897330521,0.8274328442062655,0.0088700758337647,0.005636092461789328,0.6969810396535872,0.7182897380347925,0.0139132529217322,0.011071808933138508,0.7612390606921557,0.7743681709915656,0.0103979954172311,0.009314951080952358
3.175,0.8325982745785651,0.8276354101032184,0.0050522451090349,0.0056216764777707,0.7157320125515674,0.7181894350746659,0.0144139301655439,0.011154330445049751,0.774741528833571,0.7743828124755658,0.0087957069930294,0.009302130239275248
3.176,0.8242844243438618,0.8275039988969691,0.0051858993756696,0.005610916549323759,0.720632485453914,0.7182852409718914,0.0125067236866178,0.011187722870767481,0.7711696288038798,0.7742568052727545,0.0082290001944595,0.009275633201131648
3.177,0.8341931008566896,0.8277663166208797,0.0052696808353234,0.005602490976138564,0.7186074026671917,0.718297874763864,0.0084400248379897,0.011119878474896426,0.7838482611219905,0.7746329407962539,0.0093084564341094,0.009276443651328629
3.178,0.821562072060724,0.8275230129126384,0.0079207369197809,0.005659731616722325,0.7169340313160832,0.7182443907070882,0.0108690070248148,0.011113684118104287,0.7798586866836228,0.7748378720075234,0.0068326458295821,0.009216102964371925
3.179,0.8364438275037277,0.8278728487789556,0.0050180532761773,0.005643887707079238,0.7284608795929568,0.7186450373300635,0.008664245597832,0.011053204154640775,0.7789489664956841,0.774999091399216,0.0097253586210659,0.009228677178117454
3.18,0.8523051514454751,0.8288309782952897,0.0047608402528244,0.005622084066233439,0.7345797082664163,0.719269926386391,0.0068146441824799,0.010948548352859024,0.7839356527565126,0.7753495447857767,0.0090690639562456,0.009224736110910743
3.181,0.8268958381280909,0.8287550904455956,0.0043266383699624,0.005590097752745265,0.7215321132652529,0.7193586395973267,0.0088862769401115,0.010897628071062789,0.7767938789130091,0.7754061853397858,0.0129105440659303,0.009315743714738386
3.182,0.8276546160268355,0.8287119345860363,0.0049563971306654,0.0055744508238050215,0.7160980962266507,0.719230775151418,0.0078846329732101,0.010823233130375068,0.769050468459614,0.7751569415405632,0.0094468525257115,0.009318980969330313
3.183,0.823249011629823,0.8284977023132437,0.0064582604201578,0.005596273282974226,0.7144612766857366,0.7190437359959011,0.0130121556675773,0.010877280600429445,0.7783049846099295,0.7752803942099501,0.0101405845343128,0.009339267477107659
3.184,0.8169098606416777,0.8280432771496528,0.0048020667055646,0.00557666324402584,0.7038432282641145,0.7184476376534782,0.0103323907296716,0.010863826529546537,0.7635151345236754,0.7748190114771549,0.0125459691889289,0.00941844529715263
3.185,0.8303884280345564,0.8281352438510216,0.0054084611340404,0.005572510105507681,0.7167319429232656,0.7183803555071954,0.0096218675509628,0.010833160875754345,0.765336996191865,0.774447167740477,0.0082309968776631,0.00938912558309116
3.186,0.8176709202266785,0.8277248782186943,0.0064208311152491,0.005593456303279074,0.7107689477758646,0.7180818689294962,0.0120030166052818,0.010862046202409345,0.7718277023163576,0.7743444436061978,0.0067396020250976,0.009323705248325886
3.187,0.835822933305864,0.8280424490064264,0.0069664123111998,0.005627356451622796,0.70242645101723,0.7174679309721526,0.0106864631726532,0.010857710818958576,0.7740083640246649,0.7743312640147652,0.0077410445418131,0.009284627206189769
3.188,0.8211100909517726,0.8277705918278125,0.0052413870572614,0.005617826343120045,0.7026903496643365,0.7168884179796892,0.0116667688260706,0.010877687559874923,0.7727312882799915,0.7742685198683035,0.0094049268107382,0.009287597566795902
3.189,0.8225242552898481,0.8275648531400492,0.0064581618918612,0.005638575369014888,0.7038101142484905,0.7163755433235638,0.0142203045592816,0.010960221312946692,0.7705430110551911,0.7741224214834755,0.0135137148314072,0.00939194614123075
3.19,0.8196504743692133,0.8272544853451144,0.0073603130361337,0.005681087410178315,0.7127735114638502,0.7162342871722026,0.0097728474200118,0.010930903439047065,0.7615365119823823,0.7736288564050012,0.0117785626881073,0.009450874944857331
3.191,0.8213838051268024,0.8270242625914551,0.0048772674856427,0.005661240004634227,0.7239278248500393,0.7165359945321178,0.0118135381800823,0.010952696889442996,0.7680491381880671,0.7734100439259058,0.010897854901328,0.0094866028450171
3.192,0.8146994575620181,0.8265409369040263,0.0079411899164133,0.005717535064184327,0.7015147961068234,0.7159469279272044,0.0130691339181633,0.011004954593855842,0.7737556714926729,0.773423597948132,0.0109559510174949,0.009522883046806676
3.193,0.8136858648979676,0.8260368164332005,0.0079561895101509,0.005772810482603255,0.7016031339847301,0.71538442620397,0.0147680884867578,0.011097871480100335,0.7608439359854319,0.7729302778711633,0.0098706445551151,0.009531469750715527
3.194,0.8181044555636383,0.8257257434579236,0.007480388586142,0.005814972904912854,0.7204821287076792,0.7155843361060762,0.010267737814821,0.011077374352562574,0.7631714269478759,0.7725475778349559,0.0109672635396874,0.00956692144920866
3.195,0.8170175894103399,0.8253842472207635,0.0057270303640151,0.005812801484149946,0.7059921934726976,0.7152081736498652,0.015266012572141,0.011180797518478091,0.7792211867769122,0.7728092879895423,0.0107917568268072,0.009597164298038256
3.196,0.8291916369665047,0.8255335566225575,0.0050304790319399,0.005793484880391673,0.7118373389907946,0.7150759840553917,0.012414062583527,0.01121124850773856,0.7796659600994954,0.7730781770918935,0.0085764403690567,0.009571961238063403
3.197,0.822747231218883,0.8254242889596684,0.004532938763547,0.005762360284914027,0.7217891780482155,0.7153392465649142,0.0095660472608398,0.011170626254728713,0.7772149274203198,0.7732404025949691,0.0106308005404799,0.009598105418369982
3.198,0.842411360827099,0.8260904486407441,0.0039369794551928,0.005717289153315971,0.7190328683622825,0.7154840944785366,0.0106516931983048,0.011157813092841702,0.7900888556635935,0.7739011262447191,0.0136500010844213,0.00969815222493915
3.199,0.8196525678937295,0.8258379827290965,0.0092900553534697,0.005805505602702483,0.7128717543138703,0.7153816497661967,0.013544223918396,0.011216736816929463,0.772416887521292,0.7738429208045847,0.0102867314140324,0.009712685044422936
3.2,0.8315948412788189,0.8260637418879092,0.0040846072826868,0.005763014286158887,0.7181593231616565,0.715490578134646,0.0078096985151548,0.011132612414416508,0.775544662645602,0.7739096557787423,0.0064386149129621,0.009631843806609088
3.201,0.8319216544410548,0.8262934639488169,0.0047859792854408,0.005738889965153502,0.7197802522568209,0.715658800649241,0.012436834166714,0.011164815420646075,0.7881286733721448,0.7744672643118169,0.0089663288706357,0.00961541133905419
3.202,0.8393954982098024,0.8268072692139535,0.0046215627683585,0.005711301639306712,0.7163570049982522,0.7156861812119474,0.0136199128429785,0.011225435110086382,0.7755179293942325,0.7745084668640686,0.0079565770646707,0.009574452468081756
3.203,0.8275131865444725,0.8268349522465228,0.0060665622851832,0.005720073507106131,0.7084669296543855,0.7154030733077292,0.0129776844265682,0.011268700525308156,0.7678671208902872,0.7742480219239204,0.0075035045576379,0.0095233179517745
3.204,0.8186910125902934,0.8265155820639255,0.0101346999410653,0.005829076628932284,0.7228922732392821,0.7156967674226921,0.0133180587926807,0.011319301964008713,0.7770517494375939,0.7743579720224958,0.0098268871466304,0.009530813487449954
3.205,0.8143960601039928,0.8260403066929477,0.0080700049459168,0.005884408192314618,0.7054316245703155,0.7152942128010303,0.0108473309407799,0.01130764835849689,0.7539026921581762,0.7735558041846792,0.0134654263496365,0.009627964422318757
3.206,0.8409792879314918,0.8266261490944593,0.0038820464695206,0.005834967162122173,0.6993019641962527,0.7146670657969213,0.0183940171538701,0.011482620427518452,0.7745471227914896,0.7735946794241619,0.0117103920271003,0.009679382387868918
3.207,0.8149317983910248,0.8261675471060894,0.0069263799029067,0.005861915624857594,0.6800833420148449,0.7133108413348791,0.015359583544663,0.01157834791189239,0.7709884426519117,0.7734924740605442,0.0113862186647516,0.009721526493470958
3.208,0.8299296036298099,0.8263150787344706,0.0061019439678582,0.005867842250610695,0.7101916865230333,0.7131885215383361,0.0107992111592578,0.011559109967382896,0.7859345942512692,0.7739804003425335,0.0065299022465286,0.009642720956509419
3.209,0.8292568918427148,0.8264304439544018,0.0070421126644515,0.005896836581816642,0.7226072424537451,0.7135578831428618,0.0146833282335278,0.011636251159139561,0.7741702159377357,0.7739878440913649,0.0077387286181523,0.009595708800006772
3.21,0.8240709244645248,0.8263379137783282,0.0053340947987364,0.005882941722975155,0.7130560607832619,0.7135382038346423,0.0104068500213912,0.011605895575491453,0.7666002822964139,0.7736981357856805,0.0104330084295451,0.009616382864933644
3.211,0.8170458638475199,0.8259735196633945,0.0069728721495241,0.005909853585359079,0.698173570406177,0.7129356691903888,0.0145419919349381,0.011678391781897543,0.7711832270424779,0.773599511913398,0.0156180308162517,0.009764571703237792
3.212,0.8248035121298781,0.8259276370150214,0.0058916067481404,0.005909403046168495,0.7276371065751026,0.713512196146652,0.0114495945704279,0.011672742468034096,0.7699368779712401,0.773455879209784,0.0118677990840209,0.009816503243504042
3.213,0.8352652015807943,0.8262938160176007,0.0058625199484152,0.0059082454388165615,0.721632180674714,0.7138306269124584,0.0108762530601373,0.01165307606290084,0.7853449587866352,0.7739221176245624,0.0070646982662167,0.009748557441595713
3.214,0.8174821676036242,0.8259482611778369,0.0057142855799503,0.005903456306498875,0.7139500069121327,0.713835308481073,0.0118540654100856,0.011658038762831328,0.7823895366397917,0.7742541732722185,0.0061686718215229,0.009660165204063051
3.215,0.8256612852217246,0.8259370072187737,0.0067504832218462,0.0059243705513222665,0.7245626730245973,0.714255989443564,0.0113943152415099,0.01165152707094685,0.77652817953221,0.7743433499882966,0.0090055084843271,0.00964400084061278
3.216,0.8232931424860217,0.825833326248862,0.0072382232297548,0.005956811358197143,0.6980511449691481,0.7136205053465282,0.0152367493881969,0.011740051078780185,0.7727756195177227,0.7742818703619996,0.0104716551779063,0.009664436750175585
3.217,0.8317567510360168,0.8260656174169857,0.00546098024749,0.005944568614722893,0.719164681040986,0.7138379240012129,0.0093538047879398,0.011681131417277953,0.7590451393290792,0.7736843514979634,0.0120926331888954,0.009724392217798297
3.218,0.8199851666766698,0.8258271683683458,0.0052782554028038,0.005928116436650817,0.702000634594912,0.713373716573515,0.0106138519872188,0.011654778838757974,0.7777316268693165,0.7738430681791929,0.0115569641406517,0.009769640907251468
3.219,0.8306860851957378,0.8260177141262828,0.0053157157844693,0.005912995432893248,0.7039325268743543,0.7130034738402146,0.0101816971114925,0.011618406450430432,0.7643115226753316,0.7734692820810023,0.010611375988255,0.009790424489498468
3.22,0.8224830827136519,0.8258791011297091,0.0078249728064816,0.005960204750759627,0.7156419765373312,0.7131069445342192,0.0120124059493864,0.011628134833120704,0.7566374825265425,0.7728092115102392,0.0096303291486663,0.009786471518119897
3.221,0.8180321798172445,0.8255713787252986,0.0062499600872685,0.005967359203512932,0.712875749312196,0.7130978780549242,0.0083767468734789,0.011547853648932016,0.7669991804111981,0.772581367153414,0.0084635424648903,0.009753806603225338
3.222,0.8199343540687583,0.825350318934846,0.0070694623037141,0.005994571625740123,0.7033597822790238,0.7127159919460653,0.009255775376195,0.01149125912367925,0.7673449485424508,0.7723760174039644,0.0124893538305217,0.009821350979207964
3.223,0.8212186264337803,0.8251882917779414,0.0049842104459145,0.0059696244361147986,0.6817498216429457,0.7115016323263351,0.0128931728253918,0.011525874276807953,0.7482688738641772,0.7714306392259336,0.0118782207945644,0.009872137888229111
3.224,0.8300628185191098,0.8253794496893598,0.0067915580129068,0.005989919092331885,0.7032353596078553,0.7111774647687477,0.0123892533199365,0.011547192277872856,0.763914756849251,0.7711358987405734,0.0137082217458015,0.00996685600816917
3.225,0.8382028908548147,0.8258823297350639,0.0068608092961959,0.006011422554155688,0.7233898712856686,0.711656382671372,0.0118829334506053,0.011555482183372424,0.7768126380734524,0.7713585159693137,0.0098530975863035,0.00996404715824656
3.226,0.8078415338980837,0.8251748475453784,0.0046595408083107,0.005978042757961984,0.702742579681618,0.7113068217698131,0.0112705318627759,0.011548446372987324,0.7675428940161882,0.7712088837358578,0.0108506816117527,0.009985939366975108
3.227,0.8170731923518697,0.8248571355770055,0.0072741848107583,0.006010046265438437,0.7094435446015415,0.7112337520769396,0.0148732730621533,0.01163054085913957,0.7748039109579029,0.7713498651955459,0.0080488503962657,0.00993811000967364
3.228,0.8260251282071396,0.8249029392095597,0.0063595295805731,0.0060186754830960825,0.7145271734936314,0.7113629058579863,0.0158842910274186,0.01173557172749214,0.764062052585896,0.7710640686226184,0.0120584897310658,0.00999046506452283
3.229,0.8231510713803726,0.8248342385103759,0.0071123272213885,0.006045679229720586,0.7363606074101599,0.7123432078796401,0.0115902742636407,0.011731984135792102,0.768622919771647,0.7709683372951295,0.0085137292163095,0.009954002450986698
3.23,0.8352056206838334,0.8252409593799231,0.0050358432317196,0.006020745007547722,0.7218172419164317,0.712714738626181,0.0130037483621668,0.011763385721628515,0.7787871128252015,0.7712749559433676,0.0092001205026138,0.009935388081891072
3.231,0.8239730345929402,0.8251912368392571,0.0068314626502618,0.006040762727120909,0.7043322304703632,0.7123860128161489,0.0111767624063933,0.01174890119532641,0.7819449196806851,0.7716933858938506,0.0069091326640944,0.009860665725896093
3.232,0.829447059714222,0.8253581318539616,0.0044075337789144,0.006000436086424452,0.6997591318898713,0.7118908410151183,0.0097116887025524,0.011698599652294953,0.7825341945242787,0.7721185156440634,0.0085541522614722,0.009828406134181922
3.233,0.8251818170426767,0.8253512175476366,0.006981773191537,0.006024666632229701,0.7088944440768673,0.711773335252834,0.0118207986411701,0.011701616911279524,0.7599503713195626,0.7716413335136908,0.0138962622930799,0.009928847026994217
3.234,0.8193360250103443,0.8251153276442135,0.0050761696264812,0.006001246953075416,0.6753786784991207,0.7103460938115119,0.0090258531497527,0.011635548670254169,0.7542146433637418,0.7709579338999673,0.0062100907632764,0.009837025884680196
3.235,0.8147387135646916,0.8247084016018792,0.0061984709440323,0.006006116681247191,0.7220774694181512,0.7108061477568703,0.0114222731374576,0.011630282607715982,0.7654481745397224,0.7707418649054479,0.0093161475214302,0.009824164690525876
3.236,0.8213617516547983,0.824577160427484,0.0061333385523525,0.006009257962015224,0.7158153894647021,0.7110025886081579,0.0127364971720803,0.011657596547576829,0.7899965973262492,0.7714969524513617,0.0078670707822623,0.009775841384148998
3.237,0.8213900807836798,0.8244521769120405,0.0059088945415857,0.006006779852868816,0.7066769345035854,0.7108329551138609,0.0127620218010563,0.011684866306922,0.7725901507132049,0.7715398229714341,0.0109019500674047,0.009803646536821977
3.238,0.8327341585213882,0.8247769605045638,0.0057053595521433,0.005999337376307692,0.7235976573624189,0.7113335316726278,0.0097990066318609,0.011638301870500738,0.761832471850636,0.7711591425353242,0.0117162559927861,0.009850871461660596
3.239,0.8287961842476383,0.8249345771219394,0.0063539025735065,0.006008092072534822,0.697609893910671,0.7107953497996098,0.0118674295214185,0.011643959343362905,0.7604280998276765,0.7707383173311029,0.0134414916424964,0.009939528750076294
3.24,0.8086568119618527,0.8242962333901713,0.0078372545362596,0.006053256577811978,0.703551543855396,0.7105112789782682,0.007688791818924,0.01154630088596935,0.7595749867815996,0.770300539662495,0.0083744382727155,0.009900884540758744
3.241,0.8224228048454338,0.8242227656041032,0.0061624875875953,0.006055953639781936,0.7011069012219057,0.7101424798505677,0.0111551062393152,0.01153664175889147,0.76663946786022,0.7701569682192686,0.0099412914664887,0.00990188224262862
3.242,0.8173505274316044,0.8239532660679267,0.0050167746569423,0.006030294899464908,0.7054851735364176,0.7099598403872677,0.0173064760147836,0.011679106802246831,0.7628514570507058,0.7698704775852072,0.010455375606266,0.009915548745434481
3.243,0.8237604842238673,0.8239457059956108,0.0072585204978449,0.0060606214574495994,0.7226177512725247,0.7104562290494345,0.0120769482304033,0.011688930047386496,0.7731216640424924,0.769997975093336,0.0061575360245173,0.00982275830788097
3.244,0.8336350178452353,0.8243256790093216,0.00661945208972,0.006074419744666153,0.708399541258117,0.7103755746262457,0.0123850663461769,0.011706118597973913,0.7749321006736007,0.7701914702141308,0.0092609751523143,0.009808887118854633
3.245,0.8250137515409546,0.8243526622458561,0.0074680454498702,0.006108830255905759,0.7262259132348194,0.7109971565324643,0.0105808502228992,0.01167833419365108,0.7775384816339216,0.7704795883090246,0.011170470202208,0.009842506454246076
3.246,0.8278362484186534,0.8244892734683187,0.0052041328441604,0.006086492048208343,0.7002324447942684,0.7105750109741037,0.0108397043758539,0.011657627284569668,0.7580639743233171,0.7699927014860558,0.0095274445927225,0.00983472714902327
3.247,0.8288720344920556,0.8246611464496416,0.0069173549267478,0.0061070071810117865,0.7121151692177018,0.7106354093365976,0.0095994171144419,0.011606807280368982,0.77615973229919,0.7702345458316691,0.007209507571414,0.00976990691253909
3.248,0.8222274419791579,0.8245657070586423,0.0065168628972224,0.006117127075239209,0.6981107190501976,0.7101442450116409,0.0133532298496144,0.011649928825288623,0.7585652260867188,0.7697769254495141,0.0156048561049625,0.0099139797321051
3.249,0.8266461407773111,0.8246472926946684,0.0047166869287694,0.006082548306190571,0.7069648188716053,0.7100195616336002,0.011611736111169,0.01164898579531036,0.7657101869056707,0.7696174455066184,0.0108428065460059,0.009936913727510058
3.25,0.818501962703706,0.8244062993616894,0.0077939689534549,0.006124805606123024,0.7214208330200389,0.7104666703154214,0.0101670013064429,0.011612393585708694,0.7718644905945586,0.7697055649218317,0.0086536037806656,0.009905227062155873
3.251,0.8273444534062002,0.8245215210889252,0.0091433691880697,0.006199338040245164,0.7034315073450604,0.7101907815714859,0.0179897635930418,0.011769859511815684,0.7767049386026745,0.7699800501642177,0.0097460713436427,0.009901297291328387
3.252,0.8236837411616812,0.8244886669741313,0.0058376101012204,0.00619040648619517,0.7135333489217871,0.7103218626440466,0.0157174626343965,0.011867331193854717,0.7655674612930485,0.7698070074633876,0.0105512751878006,0.009917346128278317
3.253,0.8171119078675159,0.8241993823032837,0.0072899803064415,0.00621755645706545,0.7086907767151555,0.7102578984899725,0.0106568260850528,0.011837442178822571,0.7817867401404572,0.7702768009017041,0.0081879167246081,0.009874644167693868
3.254,0.822857073094152,0.8241467427264549,0.0052967262982856,0.006194819909935083,0.7110178891301905,0.7102877020444909,0.0106985633530895,0.011809321713989657,0.7496819471250898,0.769469159577131,0.0120599130848252,0.009928601424906987
3.255,0.8032655886276459,0.8233278739382663,0.0078067691727228,0.0062346211263002126,0.7020466399613194,0.7099645231392685,0.0100306694748768,0.011765404374752302,0.7595448043812063,0.7690799691772908,0.0112117784191741,0.009960284807481483
3.256,0.8178878503238249,0.8231145396788764,0.0072100236857664,0.006258705140114193,0.7008898929787652,0.709608655289837,0.0128243114992485,0.011791550229678135,0.7561793603514544,0.7685740629488266,0.0120864435919586,0.010012782555246348
3.257,0.8029460402036941,0.82232361813083,0.0093876565343515,0.006335963199231164,0.6825446359736902,0.7085473211990077,0.0166078181837423,0.01191047042607478,0.7475731956826558,0.7677504995266237,0.0147153878414934,0.01012889626601788
3.258,0.8078621423223624,0.8217565014324587,0.0069719927879416,0.006351667633520309,0.7072496917713513,0.7084964337704721,0.0095325586629766,0.011851756555380998,0.7550604417542827,0.7672528502022181,0.011353355288955,0.010159129822139783
3.259,0.814229736514397,0.8214613341807699,0.0052907015035597,0.006325470938953381,0.6777116770530904,0.7072891884090062,0.0155118928057706,0.01194213028995852,0.7674351283537444,0.7672599983650231,0.0070801954244291,0.010083106750591372
3.26,0.8199498344689083,0.8214020596822657,0.0049344595693327,0.006291124979209661,0.7047315476260843,0.7071888887704603,0.0116453078332942,0.011934801340411253,0.7716605817815327,0.7674325702637097,0.010916035523811,0.010103672893140006
3.261,0.8287432251001153,0.8216899485221814,0.0064547148070324,0.0062951642342176295,0.6884353421026266,0.7064534555678,0.0135376895367001,0.011974378826739372,0.7529645375309869,0.7668651964310538,0.0085506537158899,0.010065326740615313
3.262,0.8217900615703588,0.8216938745240706,0.0075024004962561,0.006324972536984012,0.7086691572422688,0.706540345829544,0.0114251091803887,0.011960816613249232,0.7590196552370008,0.766557528148934,0.0091989520238234,0.010043934772299465
3.263,0.8228220017884132,0.8217381148089468,0.0055799483323843,0.006306576877611179,0.6934768844788409,0.7060280532275556,0.0146610217654593,0.012027488345402567,0.7546477349663984,0.7660904774358932,0.0101548387757839,0.01004667314275587
3.264,0.8092236120617216,0.82124734999533,0.008178730548958,0.006352802894187644,0.7101476133438495,0.7061896046046652,0.0133952776152019,0.012061260919965512,0.7658639452264011,0.7660815938198345,0.0088227003680002,0.010016451592761903
3.265,0.8263951863371919,0.8214492259303049,0.0062669276359696,0.00635068251744152,0.7081847890056029,0.7062678471301922,0.0107927516693668,0.012029939703901347,0.7587411025417119,0.7657937314167709,0.0122158819134654,0.010070758514260755
3.266,0.8186267960141977,0.821338542404183,0.0064725282281504,0.006353691053508406,0.7164231478025423,0.7066660942153823,0.0127567894219486,0.012047886610519797,0.7601495126212644,0.7655723895032216,0.0082249812964381,0.010025183768141677
3.267,0.8196194004240298,0.8212711250716281,0.0083904147198103,0.006403980526750428,0.7047132861706,0.7065895135077437,0.0158064881055344,0.012140691585705344,0.7702415012570683,0.765755491924941,0.0116749695180661,0.010065919218757095
3.268,0.8296569400935196,0.8215999805626827,0.0054618908548806,0.006380719053370926,0.7212418577999231,0.707164115244692,0.0137181670630145,0.012179641597490756,0.7777818182767379,0.7662271125661878,0.0068786249534765,0.009987220594923008
3.269,0.8224254551338586,0.8216323521144934,0.0065804151744229,0.006385649821791963,0.7015524782139118,0.7069440510474065,0.0131237449114783,0.012202952790428719,0.7558417394114034,0.7658198430307062,0.0071222183089086,0.009916479797737467
3.27,0.8111810758559532,0.8212224981435702,0.0078890063036466,0.006422769734924175,0.6987216117285281,0.706621602446666,0.0127123549501606,0.012215530621533209,0.777429984310349,0.7662751426887314,0.0090062828814821,0.009894005799805235
3.271,0.8200250477106213,0.8211755393030624,0.0053701446747985,0.006396778992698851,0.7052377538674404,0.7065673338749318,0.0113021474578254,0.012192977950824375,0.7720510346913934,0.7665016482574633,0.0072991408023762,0.009829935059127975
3.272,0.8209129090248155,0.8211652400764645,0.0068681217432307,0.0064084170853045755,0.6985900994526635,0.7062545011524899,0.0146461749767102,0.01225355071689563,0.7692239599858606,0.7666084055801455,0.010356392863566,0.009842934017262247
3.273,0.8158802655929073,0.8209579861751485,0.0063981161872903,0.0064081627421437295,0.703562239473301,0.7061489222631099,0.0152916440986519,0.01232856536829702,0.7616284147171685,0.7664131118208131,0.0099784479723756,0.009846280040845293
3.274,0.8099211135812117,0.8205251676420529,0.0084268547862874,0.006458006990147277,0.7059060581167648,0.7061393981789393,0.014745466147037,0.012388241930735044,0.7377505043973098,0.7652890880002835,0.0097858255923435,0.009844787338413149
3.275,0.8205457850059684,0.820525976166128,0.0060142059351347,0.006447048939406225,0.6959389059748441,0.705739378876818,0.0111451991253416,0.012357549515787058,0.7634597265605081,0.7652173483359785,0.0099591552590745,0.009847611237688738
3.276,0.8160790524111414,0.8203515869992658,0.0060544197924584,0.006437354392568007,0.7019493022577235,0.7055907484211672,0.0103367621835747,0.012307653532275642,0.7477633393972258,0.7645328773972038,0.0121170969877859,0.009903647922876322
3.277,0.8205265506229458,0.8203584483178415,0.0059648874161423,0.006425688541298236,0.7093536735635219,0.7057383141130242,0.0089244522253682,0.012224117697537187,0.7384513192847764,0.7635100711967164,0.0103410684294975,0.009914448429212647
3.278,0.8160444284204683,0.8201892710669643,0.0082342451073028,0.006470344258977361,0.7040903146243833,0.7056736866820972,0.0117235930886124,0.012211759065218057,0.7575308263510272,0.7632755910066894,0.0109339526226619,0.009939621372260777
3.279,0.8323738403105816,0.820667097311812,0.0059165080024736,0.006456669289680972,0.7178167508174236,0.7061498852756395,0.0101575728338612,0.012161038417530233,0.7689422421743674,0.7634978126211082,0.0055487558472791,0.00983120493954518
3.28,0.8204738121642919,0.8206595175021053,0.0067445131796691,0.006463776546223889,0.7001971407020107,0.7059164443119677,0.0148974402290607,0.012228603894358146,0.7481475012842799,0.7628958396275071,0.0106724044934969,0.009851975298902011
3.281,0.830723898875331,0.8210541991245848,0.0051847309946461,0.006432195174579994,0.7214400897456236,0.7065252147211307,0.0088209607619926,0.012144464557756529,0.7802854661379265,0.7635777857651705,0.0080174150520401,0.009806677515028879
3.282,0.8296221025370291,0.8213901953368375,0.0072484926928893,0.006452350668859236,0.6946244356512072,0.7060585175027023,0.0117188120529737,0.01213395461936683,0.7735922431990224,0.7639705095861059,0.0109782275734661,0.009835604676965601
3.283,0.8217174296534623,0.8214030280551365,0.0059859262990611,0.006440834017753108,0.7171388290104747,0.7064930395226149,0.0124359493019279,0.012141411278195497,0.7702288505097932,0.7642159347203681,0.0092601196833156,0.009821395170949552
3.284,0.8279041826559459,0.8216579752943839,0.0066703895232982,0.00644650205492706,0.698594970001966,0.7061833113061189,0.0108320711511353,0.01210908189234216,0.7527975765724441,0.7637681559694691,0.0120071375488857,0.009875364118552913
3.285,0.8120105428266129,0.8212796446093732,0.00719169725668,0.006464901936451824,0.6997240215664836,0.7059300058261333,0.0105606647681847,0.012070849370758025,0.750410666079133,0.7632443328365147,0.0102782904226813,0.009885312916185713
3.286,0.8120589283465777,0.8209180478931851,0.0076738370552351,0.006494752186298325,0.7081122880629577,0.706015585521695,0.0085825783859862,0.01198471922298588,0.7752867036074055,0.7637165826706672,0.0087859411671398,0.00985816793472779
3.287,0.8309785457298976,0.8213125772201151,0.0070841170791667,0.006509304405875322,0.7043715948636542,0.7059511152998111,0.0100968266517064,0.011938104591596263,0.7699037220973926,0.7639592155893624,0.0097429912748598,0.0098553240665829
3.288,0.804455390756992,0.8206515110843063,0.0065532036553201,0.006510388337960377,0.7091792306114144,0.7060777080571289,0.0137847287115938,0.011983700248880153,0.7575780393411463,0.7637089733835501,0.0099322317399491,0.009857223021480831
3.289,0.8168676884084966,0.8205031258813335,0.0055371013549441,0.0064863565606019516,0.6902727272100346,0.7054579048866545,0.0172525675644099,0.012113795738152492,0.7544607942163273,0.7633462996907179,0.0138339077331379,0.009955412767447672
3.29,0.8248042116823252,0.8206717959127448,0.0051681862608537,0.006453809145793352,0.7179803379047347,0.7059489806912851,0.0104850509795129,0.012073579818186084,0.767519625733674,0.7635099595355397,0.0098079674030874,0.009951772141167171
3.291,0.8223018200588668,0.8207357184282791,0.0060753390489103,0.006444464205129573,0.6872783746327342,0.705216800061538,0.013358382775379,0.012105303347993316,0.7542838375148003,0.763148150828844,0.0116313771345614,0.009993243869399128
3.292,0.8134869377869571,0.8204514525207763,0.0064566646550483,0.006444765450806578,0.6858548412016136,0.7044575075572271,0.0110048742457084,0.012078132259048009,0.7700455999498845,0.7634186390296692,0.0083942051958729,0.009953761433015764
3.293,0.8217126824145972,0.8205009125166124,0.0048373643561138,0.006405076534888238,0.7094733093345386,0.7046542056661412,0.0098083992951936,0.012022089469817036,0.7546478120495393,0.7630746850304485,0.0117091163278275,0.009997103529183956
3.294,0.8147100117464086,0.8202738183687612,0.0044858517509524,0.0063576882686182164,0.6949458782787008,0.7042734869450652,0.0157666215283018,0.012114547051508018,0.7602442729590125,0.7629636884786276,0.0076511309427443,0.009939178280136062
3.295,0.8303746288026123,0.8206699285818535,0.0082677535308863,0.0064048503738594045,0.7105686706325902,0.7045203568935956,0.0155308538942491,0.012198900306884341,0.7619347736480164,0.762923338877427,0.0119117174269889,0.009987882950428725
3.296,0.7959626054431516,0.8197010139489632,0.0056082984476235,0.006385182425063456,0.6636761834098227,0.7029186246001143,0.0133117188013378,0.01222637730674739,0.7417737824777502,0.7620939445088123,0.0125204862605708,0.010050416365493961
3.297,0.823707297294983,0.8198581230997876,0.0051850300672818,0.006355549033513292,0.7022823839503834,0.7028936739863995,0.01123241590602,0.012201835049939306,0.7466777499113888,0.7614893878579329,0.0100304122947783,0.010049922437821969
3.298,0.8174459923725899,0.8197635297379368,0.0058148470248654,0.0063421983666330966,0.693545590287892,0.702527082468811,0.0130197677408174,0.012222030918849876,0.7765695183756688,0.7620807655252951,0.0103008909824898,0.0100561191920113
3.299,0.815306987763583,0.8195887633860013,0.0049462390657114,0.0063077302357461415,0.707017226280203,0.702703166539846,0.010872096449545,0.012188699203558398,0.7439733091930482,0.7613706691985405,0.0129214400496508,0.010126867855162893
3.3,0.8144470263118653,0.819387126637996,0.0075380003835055,0.006338107276431557,0.7067327830144174,0.7028611907153194,0.0117389597072062,0.012177594524636121,0.7583631899929034,0.7612527288375351,0.0112554257356462,0.010154733481841493
3.301,0.8281988052194287,0.8197326826607972,0.0067857031828987,0.006349159027208524,0.7123613448598586,0.7032337457798111,0.0134545246420918,0.01220912366333873,0.7585921312081109,0.761148391675597,0.0114040752619018,0.010185581427028167
3.302,0.8227703445341368,0.8198518066558302,0.00559733105215,0.006330595373503374,0.7030235248133507,0.703225501820342,0.0152566500336991,0.012284371228038986,0.7583756163324724,0.7610396553876313,0.0156429857330101,0.010320332150632659
3.303,0.8078921554210867,0.819382800725056,0.0070741809874083,0.00634895551211831,0.6986221305003921,0.7030449774548538,0.014527067773023,0.012339746451371925,0.7497409304194287,0.7605965681339762,0.0083905151001172,0.010272682346916228
3.304,0.8161899181904225,0.8192575896452664,0.0072612735017805,0.006371481882233426,0.7138259261916633,0.7034677597582581,0.011902496918262,0.012328950166603778,0.7763678181536128,0.7612150485269032,0.0075979261767006,0.010206638984688682
3.305,0.8064430808641895,0.8187550598891458,0.0087169535820949,0.006429394763711488,0.6960426096820698,0.7031765774023292,0.0180254259624655,0.01246960388995839,0.7476695782193494,0.7606838536128814,0.0132471396810749,0.010281713075957478
3.306,0.8207752175236362,0.818834281757165,0.008209537214264,0.006473348898293031,0.6878592105620821,0.7025758963497705,0.0150850220345754,0.0125341821157514,0.7638120256117112,0.7608065270246002,0.005712753365277,0.010168899255940675
3.307,0.8256647775528938,0.8191021443373897,0.0056330045886732,0.006452599656080196,0.7151826135087682,0.7030702774148293,0.0099659551974331,0.012470769105422554,0.7676168101122984,0.761073596949608,0.0080544584045303,0.010116690839856467
3.308,0.8259793707805856,0.819371839492025,0.0053865352410213,0.006426277077930594,0.713767220745189,0.703489765388569,0.0133695741249036,0.01249296182195295,0.7575880629827609,0.760936909343065,0.013412868770439,0.010198077949253566
3.309,0.81862497816966,0.8193425508127165,0.0051730786814005,0.0063953339076459,0.6899350829632775,0.7029582092150282,0.0128439173555164,0.012501627390682913,0.7604165555719643,0.7609165033128258,0.0116404626611524,0.0102336923865844
3.31,0.8119872941179646,0.8190541093737066,0.0065945889974621,0.0064002537864067946,0.6852945415128839,0.7022655163639637,0.0127705976905752,0.012508268632655561,0.7535895410919604,0.760629171461027,0.0114404951710257,0.010263489986200235
3.311,0.8096255587690143,0.8186843622911697,0.0073888804008311,0.006424664320096283,0.696296420595077,0.7020314341769486,0.018008729108571,0.012644082471567054,0.7575063939545281,0.7605067095980271,0.0108272104641794,0.010277409010347868
3.312,0.8116147949237256,0.8184071243551915,0.0073480965201729,0.006447465115159903,0.6974940024576157,0.7018534956781513,0.0124926404896837,0.012640343163372404,0.7743638134452477,0.761050125435173,0.0054703984580201,0.010158717391771873
3.313,0.8234684216602366,0.8186056066024482,0.00509017596241,0.006413951802746325,0.6973217198967772,0.7016757789808424,0.0129614196734362,0.012648270978435709,0.7721351914912649,0.761484833907961,0.0113000616557867,0.010186898731624091
3.314,0.8133223467985737,0.8183984199434727,0.0092558855635381,0.006484123006716494,0.7031191041122717,0.7017323799663887,0.0140910643639886,0.01268389550647405,0.772028645440552,0.7618983167131607,0.0129711922474399,0.010255646719668925
3.315,0.8176728042890699,0.8183699644276138,0.0065674851189099,0.006486181330474357,0.7080564445782325,0.7019803825001866,0.0128081295325565,0.0126869630132909,0.769203403052254,0.7621847906872429,0.0087624269821543,0.010218777096520417
3.316,0.8208748329788709,0.8184681945668787,0.0064495290229614,0.006485276335227125,0.7009781935893015,0.7019410809742695,0.0085637527492089,0.012585155352449372,0.7657827502437615,0.7623258871404397,0.0084012820553095,0.010173900675749775
3.317,0.8087469466287964,0.8180869691575422,0.0084984946870631,0.006534985430334186,0.6949828485760503,0.7016682091155159,0.0142266638124332,0.01262568642553539,0.7626951240279999,0.7623403670183833,0.0090125678239405,0.010145225790519916
3.318,0.8256572800931146,0.8183838440961921,0.0074090626037927,0.00655656758276526,0.7021686787832582,0.7016878353769961,0.0121946091905513,0.012615042543190104,0.7631321523041769,0.7623714174217477,0.0079201912616416,0.010090286666350081
3.319,0.8132369171855397,0.818182003825186,0.0053875539686943,0.006527703049084494,0.6805990315317938,0.700860823461498,0.0106615892348941,0.01256680912817045,0.7508111766211152,0.7619180746452524,0.0163442185888186,0.010244704738509799
3.32,0.8234044046126645,0.8183868038560675,0.0040544981019155,0.0064666362602655075,0.6988924858748773,0.7007836337522189,0.0101470900866997,0.012507062978998331,0.7563371298565973,0.7616992140653052,0.0082796910476005,0.010196185881944137
3.321,0.8163334834072711,0.8183062814855264,0.0070561607971949,0.006481192421671171,0.6775101810166944,0.6998709493312179,0.0163085403408844,0.01260092661756342,0.753226958291707,0.7613669687408504,0.0129482390676859,0.010264137812456279
3.322,0.8258269223300388,0.8186012085774681,0.0051376628179088,0.006448018851207903,0.7087992383733329,0.7002210783132616,0.0107217704866517,0.012554527700750785,0.7605341580983739,0.7613343094999689,0.0078418658235577,0.010204328627545204
3.323,0.807386502957157,0.8181614162002011,0.006076980045999,0.006438857399227436,0.7015603208070706,0.7002735976267445,0.0101699231378083,0.01249564857573986,0.7673309919560474,0.7615694735178543,0.0092502373051068,0.010180770817114626
3.324,0.827359120737134,0.8185221104957672,0.004485605827119,0.006390628965348214,0.712830258756189,0.700766015710252,0.0103812902272957,0.012443442196765929,0.7712985740812096,0.76195100687328,0.0137509418531921,0.010268923188375799
3.325,0.8191817842833026,0.8185479800560627,0.0037546280364503,0.006325542522659377,0.7071724647978932,0.7010172490078065,0.0095754633386612,0.01237262790397322,0.7487897093803797,0.7614348775598329,0.0098802437181033,0.010259326164418454
3.326,0.8079740311934531,0.8181333153947838,0.0046009297868434,0.006282959492145402,0.6913660117525401,0.7006387691154431,0.0102241743056343,0.012319579666977198,0.7679432044523353,0.7616901060654212,0.0156095650201257,0.010391430827522337
3.327,0.818062616071957,0.81813054287232,0.0068569273145041,0.006297131537141913,0.7005348187354908,0.7006346926299548,0.0133497042531562,0.01234501484194458,0.744353145769526,0.7610102252695037,0.0069778632970336,0.010307145209485578
3.328,0.8049047686719288,0.8176118850605401,0.0102325232032328,0.006394301701736749,0.6924896745027027,0.7003152801543763,0.0141367460554593,0.012389255118821487,0.7422128749176191,0.7602730742753121,0.0134089550337177,0.010383733106380199
3.329,0.7998604353292524,0.8169157497769601,0.008988948605656,0.0064583670573890774,0.6924338672534728,0.7000062051386546,0.0135244699518825,0.012417285114699536,0.7496439116961092,0.7598562443702452,0.0135297251945186,0.01046141192337127
3.33,0.8154798955544473,0.8168594417682341,0.0081768095840125,0.006500797737058792,0.6979405103541786,0.6999251975000478,0.0171821244995978,0.01253493546988221,0.7605439256533514,0.7598832122637004,0.0149613603536052,0.010572521761154825
3.331,0.8091247332274247,0.816556119864673,0.0065676514127405,0.006502448445100315,0.6840598279971659,0.6993030261469937,0.0110964380971283,0.012499417016233968,0.7659889033159627,0.760122651128495,0.0103291708640898,0.010566513097029762
3.332,0.815282002684419,0.8165061544850553,0.0088829405010412,0.006561226026728486,0.6908427425416438,0.6989712503193329,0.0133217276708742,0.01251972098301521,0.7518007230123582,0.7597963010062936,0.0105196482144955,0.010565355939436324
3.333,0.8187392382205818,0.8165937263962524,0.0070136821602233,0.006572397783111073,0.6878050096564559,0.6985333585286319,0.013789803671417,0.0125510810493955,0.7797125263689675,0.7605773294518887,0.0101078762142553,0.010554060143752842
3.334,0.8067986046304108,0.8162096039740625,0.0070517094563414,0.006584232639240218,0.6824907070060817,0.6979042349395123,0.0094366177359209,0.012474180720667732,0.7548222175182873,0.760351638787826,0.0088250362845806,0.010511368196612785
3.335,0.8014266564883314,0.8156298805432496,0.0085910562110786,0.00663378383854487,0.6901786851906039,0.6976012722042609,0.0134161262545667,0.01249743863508499,0.751253032066516,0.7599948306811078,0.0116653829563318,0.010539862388210785
3.336,0.8070369322447445,0.8152929021786024,0.0061841634077406,0.006622682099512666,0.6768010669796434,0.6967855778817269,0.0131193253914464,0.012512793863637123,0.7471079519434831,0.7594894628874754,0.0176849234282263,0.010716283648458082
3.337,0.8173738043050126,0.8153745061835597,0.0058931719815914,0.006604669504008436,0.6960424471572724,0.6967564355003758,0.0116277477962412,0.012490940874318705,0.7730483385373311,0.7600211835011953,0.0127651738250562,0.01076687352936174
3.338,0.7942524848333558,0.8145461916208065,0.0079901678518416,0.006638879339757403,0.6802366780362665,0.6961086018743322,0.0167841456572708,0.012596945930687891,0.749376406233394,0.7596037412553993,0.0130181416753672,0.010822460397164344
3.339,0.8050048011668267,0.8141720194461407,0.0049130500696373,0.006596266271359377,0.6988645152101673,0.6962166769071101,0.0108752239890946,0.012554434277809046,0.7599835342247261,0.7596186350973337,0.0114003167338816,0.010836728454861066
3.34,0.8149850761779327,0.8142039040238581,0.0070136417347804,0.006606571838357427,0.7029271700519719,0.6964798335010263,0.0140383464217776,0.012591074083832962,0.7566139454769181,0.7595008041318272,0.0146807816566688,0.010931643348732862
3.341,0.8086171985368736,0.8139848175341723,0.0067476308092185,0.0066100547759095525,0.6762204012048972,0.6956853459600016,0.0118400743416074,0.012572530880321222,0.753317532736725,0.7592583229006468,0.0118106230574218,0.01095334655141654
3.342,0.8145692616469771,0.814007736911145,0.0051047726537814,0.006572887316103919,0.6880412943514097,0.695385579230253,0.0118937121326635,0.012555769923588934,0.749773540980302,0.7588863706684764,0.0100936932377207,0.010932120543670962
3.343,0.7935634438948393,0.8132059999301134,0.0073642446137068,0.006592427002464484,0.6887466484873688,0.6951252290050418,0.0149147953140164,0.012614017464093316,0.7445393259472668,0.7583237414637231,0.0145035831088845,0.011020304804540432
3.344,0.807000403088787,0.8129626431912378,0.0061327427615925,0.006581076774294805,0.6969716351514531,0.6951976370892148,0.0112426686470334,0.012580156999474552,0.7565484946628168,0.7582541239421188,0.0103990696591198,0.011004965665147332
3.345,0.815646638725466,0.8130678979180702,0.007413980789545,0.006601642305535551,0.6862617499845771,0.6948472101439349,0.0156282408278846,0.012655418328571097,0.758711899907209,0.7582720759407497,0.0146956007897961,0.011096092458348536
3.346,0.8163148761318961,0.8131952303970439,0.0070448987371639,0.006612586908785634,0.6891156855109419,0.6946224444720528,0.0137790763465152,0.01268316297098947,0.736079760467279,0.7574017890594372,0.0098442372032074,0.011065182452048754
3.347,0.8221553296226607,0.8135466068372642,0.0054592254741562,0.006584108848671328,0.7001700378052083,0.6948399971517843,0.0108339556653292,0.012637503531343536,0.7446061175730868,0.7568999980207569,0.0110448689732305,0.011064680884670526
3.348,0.835001874383673,0.8143879898782997,0.0080580193661744,0.006620501700955354,0.6929680757654184,0.694766588469966,0.0138603246231317,0.012667696644721022,0.758459006500106,0.7569611356081825,0.0111342556611583,0.011066398780386273
3.349,0.8228006362512034,0.8147178975791978,0.006088227273574,0.0066073591225014935,0.6782756461848517,0.6941198848509418,0.0163861148437337,0.012759509439758374,0.7562460160831409,0.7569330917052396,0.012556895344705,0.011103201164690438
3.35,0.8105654861487616,0.814555057915259,0.0072431114786789,0.006623056711542911,0.699808799779549,0.6943429795540245,0.017307966104352,0.01287181701172365,0.7549138125870515,0.75685390428884,0.013549577580143,0.01116360552062754
3.351,0.8205778547321446,0.814791246025725,0.0073652044848645,0.006641381347921222,0.6946264963313445,0.6943540978590175,0.0137410451069565,0.012893279433828165,0.752375328056047,0.7566782738483383,0.0099932848977746,0.011134708715125
3.352,0.80486096138156,0.8144018230985027,0.0083496196350155,0.0066835600710593536,0.6820445482386279,0.6938713704229238,0.0164130797015501,0.012980188082413892,0.7413330182087924,0.7560764991173757,0.0143681882934651,0.011214547717059323
3.353,0.8150168900451039,0.8144259433709184,0.0083722467239931,0.006725256037798459,0.6858772925184681,0.6935578771717686,0.0129447427817228,0.012979312889804235,0.7584482528989439,0.756169509069594,0.0090210637267584,0.011160387618533375
3.354,0.82275173976818,0.8147524451904188,0.0052457488466779,0.006688724996042395,0.7000633042209491,0.693812991958011,0.0115861864018152,0.012944914704915616,0.7544836454712563,0.7561033967716201,0.0117625367278399,0.01117525549777551
3.355,0.8248558452197834,0.8151486569562763,0.0055610147109787,0.006660880297645761,0.7057535525321532,0.6942812492354284,0.0083468788355635,0.012831382955055069,0.7629443257953898,0.7563716684980423,0.0082102319894236,0.011102045040779166
3.356,0.818360219339159,0.8152746005791344,0.0065747623300902,0.006658753928076487,0.6929109870156733,0.6942275134621047,0.0097814592859597,0.012756076197793457,0.7451313539586598,0.755930871849439,0.0152640012467903,0.011204809391544873
3.357,0.8144729237844146,0.815243162273459,0.0071162061546614,0.006670049044782288,0.6906467523582708,0.6940870914580326,0.0138233392702644,0.012782428372422367,0.7564051515555686,0.7559494710536009,0.0100349991723777,0.011175925188602474
3.358,0.8266569016303177,0.8156907598952967,0.0051787331080463,0.006633226429060411,0.6983525693770511,0.6942543651019156,0.0091040205064392,0.012691603486842534,0.7592473634573471,0.7560788001674733,0.0099643112135014,0.011146008794155534
3.359,0.7953576763991469,0.8148933840719182,0.0080138689937079,0.00666731636892825,0.6943341433645132,0.6942574936612332,0.0122129884659843,0.012679785832006527,0.7392640613557101,0.7554193986454434,0.0143735868157506,0.011225702078639363
3.36,0.8140342492319785,0.8148596925095677,0.0068493059854833,0.0066718099397073865,0.6975778142586523,0.6943877023121123,0.0132277130360684,0.012693314898773485,0.7657273413198298,0.7558236316914978,0.0091955805183738,0.011175575620361202
3.361,0.808958723821321,0.8146282819727737,0.005427371432191,0.0066410830629785875,0.6839904883325145,0.6939799684305595,0.0141747627813443,0.012729893858836964,0.7405078090629449,0.7552230111962603,0.0140962368685818,0.011247690712909859
3.362,0.8238637653725297,0.814990457792372,0.0049902158909564,0.006600320910582978,0.7092094744279028,0.6945772039598672,0.0142829328925654,0.012768240501645075,0.7587482126103771,0.7553612543889708,0.0097856504899776,0.011211590954318939
3.363,0.8158395163753958,0.8150237542073925,0.0086787393535625,0.006651639884483707,0.6899261922827127,0.6943948113450769,0.0133114876199336,0.012781654010738618,0.7592226576469736,0.755512681967716,0.0114107276827229,0.011216507910575827
3.364,0.8171118914974249,0.8151056419442565,0.0033615021858337,0.006570401916615805,0.7056751308769522,0.694837176816915,0.0089725736218111,0.012687602643110779,0.7705668788870326,0.7561030426312186,0.009215425243537,0.011167098462006968
3.365,0.8003648730339628,0.8145275725752253,0.0063416914140446,0.006564754743712812,0.667855379690458,0.6937790671256815,0.0129479152220503,0.012694030114195705,0.7488157965587106,0.755817268275434,0.013918147240855,0.011235025592348895
3.366,0.822237745845386,0.8148299323113101,0.005368868151867,0.006535226679716619,0.6996159687170515,0.6940079652273038,0.0107091588124251,0.012645020946250753,0.7559364493449853,0.7558219420428675,0.0116038405115807,0.011244132133564495
3.367,0.8088666763471825,0.8145960791362463,0.0063195703220806,0.006529901831379926,0.6846708906160961,0.6936418054386291,0.0106107762131343,0.012594792681235532,0.752774128792793,0.7557024199546293,0.0092912924690497,0.011195913870243141
3.368,0.7753732858315265,0.8130579303791986,0.0123463448018972,0.006673517707195169,0.6815987710925894,0.6931695295819216,0.0179209886659471,0.012726303693203718,0.7250021744268871,0.7544984887574628,0.0169558979473828,0.011338135699308319
3.369,0.8119774132940778,0.8130155571601742,0.006440937816962,0.006667774993856078,0.7076101850237988,0.6937358297953286,0.0072113069690789,0.012590130934583351,0.7644433032461356,0.7548884814825089,0.008816310151702,0.011275868401836557
3.37,0.8142442791860479,0.8130637423376595,0.0066001424732855,0.006666105055076558,0.6979422924119535,0.6939007891136275,0.0099713587103118,0.012525469892008746,0.754117338142982,0.7548582405672333,0.0096098322531361,0.011234731706806916
3.371,0.8051698914555789,0.8127541795579702,0.0072274347969683,0.0066799650487035156,0.6770609503896969,0.6932404032813165,0.0181539475898841,0.012664444649980976,0.7731597211640446,0.7555759456886769,0.0076534009430486,0.011146303786714117
3.372,0.8079688072927458,0.8125665179005104,0.0083028602485554,0.006720036535119612,0.6852769353021255,0.6929281104193875,0.0141046161797753,0.012700004440840096,0.7503219409931158,0.7553699062888509,0.0135781674472369,0.01120634980302332
3.373,0.8138914692349073,0.8126184767763691,0.0068810064830355,0.0067240111017348204,0.6682024817297058,0.6919584779217528,0.0142068636267856,0.012737210840493073,0.7650808462247323,0.755750727462807,0.0136740055910757,0.011267279575567822
3.374,0.8078657669197548,0.8124320959976783,0.0079153410801199,0.006753426656756673,0.6807813934239877,0.6915201608826248,0.0137500956581132,0.012762220342162707,0.7382273994833533,0.7550635381302795,0.0138214481824727,0.01133034546709634
3.375,0.8233211861155484,0.8128591191395557,0.007229006937069,0.006765169379727348,0.692629277005618,0.6915636556325462,0.0134234259469082,0.012778546406477409,0.7571528341366305,0.755145471306999,0.0123060354839016,0.011354436578622394
3.376,0.8039038095917225,0.8125079305298367,0.0092344288889933,0.006826138750326507,0.6990690696323192,0.6918579855933216,0.0125623216069538,0.012773207522538554,0.7421190667833946,0.7546346319139166,0.0155289678650547,0.01145751142520097
3.377,0.8185741931544055,0.8127458231817806,0.0048045261825559,0.006776222390628467,0.688473722400606,0.6917252693896856,0.0132204082977525,0.012784249516988281,0.7566491525673854,0.7547136327238565,0.0086544540595493,0.011388300132221916
3.378,0.8066898392634386,0.8125083336163554,0.0050776663206024,0.006734282734578441,0.6843156290243428,0.6914346952577114,0.0165600142632147,0.012877478276154368,0.7458588507168757,0.7543663863706416,0.0113151746378725,0.011386494564460203
3.379,0.8040426702934698,0.8121763468193796,0.0064025472501676,0.006726091734963358,0.7026226692255828,0.6918734393348828,0.0109119216317622,0.01282894601332987,0.7480407150127432,0.7541183208271945,0.0133513596622041,0.011435009752058817
3.38,0.8189965727358945,0.8124438066592429,0.0061512620173077,0.00671189840860149,0.7024182203426269,0.6922869601587158,0.0104583683993545,0.012770413232737888,0.7496081827317778,0.75394145266659,0.0103225857826804,0.011407542493555647
3.381,0.8096026234094712,0.8123323877082714,0.0086333401744152,0.006759341415164793,0.6747813584925837,0.6916004659757303,0.0136294532595705,0.012791624097597954,0.7574254480065115,0.7540780799348222,0.0114368315922003,0.011408265681176505
3.382,0.8042893687210722,0.8120169751989695,0.0062607291031318,0.006747030000052868,0.7026508739415291,0.6920338153077225,0.0090439645688564,0.012699089294419149,0.7482587720988607,0.7538498717843924,0.0108641514782393,0.011394830762585463
3.383,0.825572236978308,0.8125485540922769,0.0056247085211949,0.006719318358599585,0.7072821778306473,0.6926317903086213,0.0066380783309829,0.012549434702729368,0.7475213615844684,0.7536016949138071,0.011004860596452,0.011385201869594514
3.384,0.8237301757263058,0.8129870490583173,0.0059833539229675,0.006701146397225953,0.6962888192762526,0.6927752032093126,0.0096355205498909,0.012477486205128417,0.7369159360848503,0.7529473514303185,0.0165587497768403,0.011512943793230212
3.385,0.8094872571219324,0.812849802315714,0.0061726725469317,0.006688097660181651,0.6941723244038971,0.6928299922757669,0.009064419042736,0.012393212941859468,0.7516176138542376,0.7528952048587074,0.0106337704087055,0.011491235808427131
3.386,0.8198877026700888,0.8131257984080424,0.0056159571012043,0.006661625053787149,0.6933724538680858,0.6928512652793872,0.0121699932002106,0.012387701343300236,0.7619014637959328,0.7532483914836966,0.0114909932421689,0.011491229819136806
3.387,0.8082266025263571,0.8129336730793488,0.0083794182151925,0.0067040396997477755,0.6907158112405143,0.6927675219837452,0.0117879554583116,0.012372892802930146,0.7523026044896048,0.7532113017976537,0.0106550624191962,0.011470583710496298
3.388,0.8027780592700542,0.8125354137142784,0.0090508162953915,0.006761984800874782,0.6875872339417488,0.6925643734330786,0.0143483130281492,0.012421668610960244,0.751604493061854,0.7531482896903675,0.0121210402612987,0.011486644366071665
3.389,0.7934070863016864,0.8117852832275101,0.0096989451205371,0.006834502339631876,0.6798501763144607,0.6920657774676426,0.0168164751888104,0.01253018235362321,0.7405211494535726,0.7526531077202971,0.0095324962812267,0.011438393796075494
3.39,0.8074623409181275,0.8116157560781225,0.0072492814111196,0.006844743798187127,0.6814315463186253,0.6916487487951322,0.0139936860356305,0.012566318247006105,0.7421641555032231,0.7522417762608039,0.0103592074156948,0.011411747218782143
3.391,0.8008473435450235,0.81119346539055,0.0095454618292906,0.006911428194016843,0.6671061613265468,0.6906862943845995,0.0162544655093483,0.012657383611508382,0.7371791297924366,0.7516510842424367,0.0168188588320949,0.011545256147505916
3.392,0.8009854749459269,0.8107931520397806,0.0081983401556753,0.00694320379800841,0.6815722411495588,0.6903288805322451,0.0140841733961158,0.012692612988906097,0.7428449973545738,0.7513057475017362,0.0115278969772948,0.011544827526019222
3.393,0.810802340819246,0.8107935123840735,0.0049342424760559,0.006893599814750323,0.6849349635728954,0.6901173543769764,0.0101253302609313,0.012629223291919064,0.7530256156179792,0.7513731933102163,0.0102916749287399,0.011513885486580226
3.394,0.7906053259681652,0.8100018187991359,0.0090306970310416,0.006946367647251341,0.6761952798968858,0.6895713906718748,0.0122049843309135,0.012618748255844853,0.7413195240520903,0.7509789317706821,0.0160257041244282,0.011625288415909806
3.395,0.8198135977688956,0.8103865944450088,0.0062559241502751,0.00692931965967168,0.7006260099595931,0.690004905153746,0.0167142608433633,0.012719872023437901,0.7682193568937078,0.7516550268735459,0.0083770818692449,0.011545085785127956
3.396,0.7992510123442996,0.8099499049508634,0.0072997581764459,0.006938466289715488,0.6794698450140009,0.6895917655404227,0.0128778027782016,0.01272377154824688,0.7415141265717113,0.751257344508768,0.0100263176372922,0.011507585337033246
3.397,0.806109564421795,0.8097993033614882,0.0101206699806961,0.0070170392203569845,0.6931998973925597,0.6897332609071731,0.0151815136442131,0.012784456538270737,0.743790232399892,0.7509645165829297,0.00955790283287,0.011459445028288474
3.398,0.80642476919924,0.8096669686884589,0.0042071187892135,0.006947658468970726,0.6857115297643249,0.6895755459603948,0.0152824616692168,0.01284613567730644,0.7374090486071969,0.7504329296034893,0.0111415831678232,0.011451596587289333
3.399,0.8074289986903956,0.8095792051591231,0.0045193168042202,0.006887699415520095,0.6896124099108992,0.6895769916055127,0.0097323113214613,0.012769251125310266,0.7434798798135521,0.750160260984276,0.0123695393170579,0.011474261839876213
3.4,0.801910095981329,0.8092784557796017,0.0065645888430179,0.006879721376692881,0.6765898355209785,0.6890676913669035,0.0172979200665714,0.012881070111514245,0.7519484225462276,0.7502303849670976,0.0128965760591332,0.011509380709487498
3.401,0.8094044287910201,0.8092833958976965,0.0079310086896939,0.006905679088125005,0.6941132986078474,0.6892655583175287,0.0154526820068193,0.012944566701521778,0.7464405839878268,0.7500817653208517,0.0114493835860761,0.011507899299032896
3.402,0.7987559744799269,0.8088705558420978,0.0089597728689084,0.0069563974530826205,0.6884218877152218,0.6892324731958697,0.0150026666494229,0.012995383984186003,0.7270806084905755,0.7491797591706447,0.0137669401201504,0.011563678084739501
3.403,0.7986508174190571,0.8084697817862923,0.0077495721535248,0.006975982013587365,0.688584203152382,0.689207050841223,0.015549315813925,0.013058444029364744,0.7384676264114636,0.7487596755330298,0.0131360497996251,0.01160250207769964
3.404,0.8018440244159628,0.8082099481639264,0.0091967084258674,0.0070308147645078605,0.6520670289588761,0.6877505793948565,0.0131425143679544,0.01306051984019412,0.7498190675815466,0.7488012203192461,0.0093065192335511,0.011545811143276219
3.405,0.7964308713062674,0.8077480235812732,0.0085085964599959,0.007067303201433492,0.6844443302431601,0.6876209225653782,0.0122961217818021,0.013041645814060985,0.7485410016924173,0.7487910156672135,0.0097022767151451,0.011500291774680389
3.406,0.8031745090260396,0.8075686700693032,0.0085833346706141,0.007104736077215729,0.6765006927265222,0.6871848351207173,0.0133071538808828,0.013048201568797324,0.7345947934953667,0.7482343010722391,0.015197785933874,0.011591587926759243
3.407,0.8003000654534551,0.8072836267510347,0.0066360628485277,0.007093163898729604,0.6897627443972767,0.687285929602151,0.0115721670696625,0.013011756272522388,0.754166692417175,0.7484669438700797,0.007784850380319,0.011497594407094051
3.408,0.8001210443759498,0.807002741167698,0.0062338212018058,0.007071945560533956,0.6777743787153524,0.6869129276065903,0.0129377149850184,0.013009928092584017,0.7446480691999402,0.7483171840790939,0.0090641440973961,0.011437509214262002
3.409,0.8022818437661251,0.8068176079362637,0.006540056776947,0.0070588125041490925,0.6812550461490132,0.6866910499023716,0.0164870106636463,0.013095781983227531,0.7658790188941027,0.7490058834836041,0.0093046477034981,0.011384845967082646
3.41,0.8214931753041637,0.8073931203820637,0.0045481055685998,0.006996819740308369,0.7069434946440009,0.6874852634216512,0.0093782899995598,0.013003992057704873,0.7688370890286361,0.7497835778187033,0.0084247588891687,0.01131175739725761
3.411,0.7827819086331614,0.8064279748232832,0.0078072723920022,0.007016830916893402,0.6512006989955433,0.6860623393265096,0.0168954849084141,0.013100078300932261,0.7388653915330439,0.7493554136506382,0.0141318149991796,0.011381388449156917
3.412,0.8071086850316935,0.8064546693412601,0.0084022905580681,0.0070510397969224085,0.700609248298181,0.6866328063450066,0.0171761261954698,0.013200721458822076,0.7470996901817661,0.7492669539067608,0.0110129273710465,0.011372290644759128
3.413,0.8023907471497993,0.8062952998435557,0.0080738043295031,0.007076293242171315,0.7006652183230234,0.6871830970108112,0.0187883841569756,0.013338688439023397,0.7429665734078345,0.7490198801617048,0.0168009507652855,0.01150633163538941
3.414,0.8043467858351842,0.8062188875295018,0.0067861727854338,0.0070691297741037225,0.67218747089722,0.6865950332416507,0.0115003717455247,0.013293297903381452,0.7501271853314256,0.7490633038938508,0.0087871894859061,0.011439192323056489
3.415,0.8121698149565664,0.8064522572325239,0.0057491887621796,0.007036538638006831,0.6889183295131482,0.6866861428993564,0.0138602377643851,0.01330729641846796,0.7601256607144865,0.7494971218083856,0.0071453512181379,0.011333171555033807
3.416,0.7985097295447747,0.8061407855584946,0.005016272832441,0.006986655531696562,0.6733261880638093,0.6861622231018838,0.0100241894862231,0.013226232049770555,0.7112160811076362,0.7479959045260033,0.0120455020669932,0.011350759962736507
3.417,0.8036569230215401,0.8060433791844962,0.0081492723906269,0.007015362120805954,0.6903371768213649,0.6863259467771576,0.0137349611105306,0.013238793261147347,0.7435516157281885,0.7478216186907948,0.0120578243405092,0.0113682183424346
3.418,0.8093233118155712,0.8061720039935579,0.0075276483374234,0.00702801116319157,0.6990480123403219,0.6868248513090464,0.0135480758528342,0.013246429868349494,0.7301566546429203,0.7471288750026428,0.0158468789086845,0.011478802553946944
3.419,0.8151099223204437,0.8065225105946121,0.0054318486104608,0.006988599742136489,0.6815156896338596,0.6866166488904115,0.0108152188628161,0.0131863999669783,0.7305322528498666,0.7464780270750829,0.0132661277833395,0.01152293404109244
3.42,0.8072275439307902,0.8065501589607367,0.0093309201920718,0.007046434814974399,0.6594382899294772,0.6855508308919435,0.0201429613342918,0.013358166914319373,0.7407440656364911,0.7462531658421969,0.0120375775522338,0.011535641288281117
3.421,0.7975680280448892,0.8061979185326642,0.0051763016143688,0.007000258686564384,0.6711397398531154,0.6849856900668913,0.017375710099606,0.013457365511486947,0.7373166104197879,0.745902712688377,0.0139486775678774,0.011595222430987198
3.422,0.785865200655662,0.8054005570472915,0.0091124911062858,0.007052412573471086,0.6574342865075194,0.6839052428684845,0.0153641575469506,0.013504446796313211,0.7481180995875432,0.7459895906059913,0.0098092947593559,0.011551125451440747
3.423,0.7947802374007787,0.8049840739238988,0.0114041072161677,0.007159861823908039,0.6571363483251634,0.6828554822981583,0.0141034501892868,0.013519237003547128,0.7460821125850927,0.7459932189188974,0.0126641506673298,0.011578607555536772
3.424,0.7957311081716121,0.8046212125218483,0.0101535418067761,0.007233779848176386,0.6864127995544274,0.682994984935659,0.0122169147497834,0.013487080898515925,0.7433889104196945,0.7458910891738305,0.0108727224813645,0.011561178294446098
3.425,0.7985580234847081,0.8043834404027448,0.0072023399035797,0.007233003553248073,0.6992771733476992,0.683633502128288,0.0104139140189186,0.013411200234822163,0.7247339420417341,0.7450613971294345,0.0110971825820202,0.011549721610188668
3.426,0.8091341261603852,0.8045697418050052,0.0078587018966456,0.007248452895060358,0.6893006325871166,0.6838557425384382,0.0137054286708015,0.013418465134475975,0.7491358220351163,0.745221178498285,0.0108164310916444,0.011531615671459178
3.427,0.7974839917200057,0.8042918692526524,0.0097577529128625,0.007310410920191275,0.6735448544901143,0.6834513939875235,0.0110379857619694,0.01335968786601902,0.7448620653109028,0.7452070956281917,0.0139203099871098,0.011590595778018454
3.428,0.8132995017859008,0.8046451097441524,0.0069883757377408,0.007302459434204844,0.6865327947364745,0.6835722332325804,0.0094506494728554,0.013263168399521155,0.7422710529054362,0.7450919566978875,0.0125322645458921,0.011613846858706691
3.429,0.8140909396461709,0.8050155344461922,0.0069436001524202,0.007293598711197815,0.7201669992246501,0.6850073220950146,0.0107126004933511,0.013200191414183621,0.7431810176607438,0.7450170179121172,0.0088445306102619,0.011545468679732747
3.43,0.8018133442811127,0.8048899583612871,0.0069476019406703,0.007285055581061333,0.6779260057135373,0.6847296234133879,0.0134904905433859,0.013207359293917012,0.7450974505071826,0.7450201721315314,0.0134151302605523,0.011591633163209774
3.431,0.812914169201188,0.8052046332961852,0.0067137238726409,0.007270948625297865,0.6692036252466846,0.6841207607401839,0.0138583676575879,0.013223433574501477,0.7269734126719207,0.7443124560742918,0.010900357793618,0.011574564635565533
3.432,0.7848589899233528,0.8044067649286232,0.0082759757050088,0.0072957641087475185,0.6744738523609732,0.6837424506076658,0.0139768775163293,0.013242037128620682,0.7326146201692418,0.7438537174113486,0.0141764927003839,0.011638809772968457
3.433,0.8200710371025377,0.8050210501119139,0.0065159762029743,0.007276510086382748,0.6734883671827627,0.6833403296890421,0.0144372208952083,0.013271547838906796,0.7451160988629008,0.7439032225663115,0.0123991868483638,0.01165758451557081
3.434,0.7988409457365289,0.8047786930775851,0.0088719830020622,0.007315904479362488,0.6872802708739405,0.6834948371864892,0.0123736404228637,0.01324937728542425,0.7295602374317416,0.7433407525610342,0.0107528642677754,0.011635245744020306
3.435,0.8085933987411734,0.804928289378118,0.0062437868276178,0.0072894324385786675,0.6937870473969436,0.6838984532731736,0.014690215157056,0.013284953529168244,0.7301209872372958,0.7428223303914757,0.0084563691099094,0.011556754962931147
3.436,0.8145430818010152,0.8053053400613689,0.0095109284731635,0.007344284192519034,0.6896336533529315,0.6841233630802229,0.0155436653822631,0.013340724192207625,0.76949633722186,0.7438683698750201,0.0105369011792546,0.011531573388025552
3.437,0.8059916604892656,0.8053322545879531,0.0053585391793431,0.007295253451452962,0.6899571363341371,0.6843521385019451,0.0120481603400316,0.013308809035363774,0.7368548315109142,0.7435933291548592,0.0142248774676144,0.011598074723324043
3.438,0.8106367337273707,0.8055402733777342,0.0082998211552557,0.007320057592287597,0.6776360875413197,0.6840887639544696,0.0103365002969489,0.013235418696143652,0.7473917044316272,0.7437422850480658,0.0102544655996152,0.011564899189405306
3.439,0.8065653931385519,0.8055804741526681,0.0073163980658828,0.007319967233610935,0.6808053882598865,0.6839600041233096,0.0133429638757943,0.013238074132678235,0.7644573184521368,0.744554639299206,0.0091036991457451,0.011504128817956904
3.44,0.8059875725114678,0.8055964387941896,0.0051045456182271,0.007265265465329853,0.7002208154645895,0.6845976829994382,0.0122083598468614,0.013212649088583992,0.7669684737246206,0.7454336131982418,0.011817870604368,0.011511875528732488
3.441,0.7993403828076381,0.8053511032653053,0.0078052181804387,0.00727859763113501,0.6782664185695993,0.6843493981198367,0.0106007111873173,0.013148156794725556,0.750325415893272,0.7456254485980468,0.0112407192345849,0.011505180311593042
3.442,0.808501998756562,0.8054746677943742,0.0070441558091201,0.007272808944171678,0.6923732698266156,0.6846640597553966,0.0158386995774583,0.013214589949854761,0.7610431817335144,0.7462300655837513,0.0134747679158251,0.011553812104290129
3.443,0.7887256665777641,0.8048178442172522,0.0067057919410761,0.007258808524342158,0.6739853552813809,0.6842452870309254,0.0102364351338875,0.013141055263040756,0.7453029610559669,0.7461937085434459,0.0084956664110946,0.011478302334087769
3.444,0.8089586127710814,0.8049802272977946,0.0075621455834839,0.007266298328271583,0.6939355761326927,0.6846252983682495,0.0120196557866634,0.013113366387080822,0.7564211530115447,0.7465947847970968,0.0095280851557034,0.011430148823510377
3.445,0.7924263543525849,0.8044879185548452,0.0064239652208397,0.007245499979939931,0.6804400623851172,0.6844611714669502,0.0120348259932035,0.013086735760071504,0.7396650099171551,0.746323028919452,0.0145808951755198,0.011507945029732833
3.446,0.7938809385402215,0.8040719585542717,0.0084774170235203,0.007275917684719693,0.6710444103257713,0.6839350239712176,0.0170961948312206,0.013185734749482595,0.7236701492990889,0.7454346806990456,0.0146755075857176,0.01158615645086826
3.447,0.8005412918599728,0.8039335010368481,0.0086244034995688,0.007309213630765349,0.6778594598547463,0.6836967665548855,0.0158228169010389,0.013250847889027195,0.7483911774334411,0.7455506217474532,0.0112993348725389,0.011579074436588524
3.448,0.7930275480162526,0.8035058166046678,0.0107483722990261,0.007394131128747096,0.6508894008800525,0.6824102031950882,0.0131097308556897,0.013247363517833677,0.7377014515173415,0.7452428111501941,0.0131179015547926,0.011617070167902204
3.449,0.807302195773082,0.8036546942191154,0.0057189075212915,0.007352767582883995,0.6894220007958316,0.6826851756500193,0.0084857245548132,0.013129792185413418,0.7670881059997205,0.7460994893795874,0.0095989488094679,0.011567240010903826
3.45,0.7907501070242573,0.8031486319761799,0.0086755031410605,0.007385427720122921,0.6742210399154291,0.6823532487584668,0.0154933868312939,0.013188152547040097,0.7419097862523508,0.7459351872961663,0.0157183723891805,0.011669737106663745
3.451,0.792500714235104,0.802731066574569,0.0061476282190335,0.007354864769478738,0.6755290780064521,0.6820856342191721,0.0127308162360791,0.013176860292448467,0.7498816920962552,0.7460899521902875,0.0112942279351899,0.011660465275269328
3.452,0.8029655601946524,0.8027402624028077,0.0066353915017735,0.007337099997436634,0.6670619617635252,0.6814964705934604,0.0162674825163192,0.013253171952297126,0.7485814867443876,0.7461876594277033,0.0087730196963432,0.01158917032270325
3.453,0.7819924206653089,0.8019266215503568,0.0073373973868895,0.007337107340386086,0.6626751849668281,0.6807583809610435,0.0176215710848228,0.013361033659273068,0.7408092987923998,0.745976743324358,0.0111690730456664,0.011578797550430736
3.454,0.8000679405033311,0.8018537320975322,0.0084004786443574,0.007363363421965624,0.6712474951204395,0.6803854050457256,0.0122206983917448,0.013332877232914344,0.7297521391551598,0.7453404843373307,0.0179820893379923,0.011736903520493985
3.455,0.7930860897260081,0.8015099029849233,0.0108906742877825,0.007450457517417893,0.6597160986967596,0.6795748440124328,0.0209148061003267,0.013520085353097367,0.7456278094054936,0.7453517519870626,0.015485135346469,0.011829452454468677
3.456,0.8070005316124225,0.8017252217546292,0.0078873215893711,0.007461244284626614,0.6690426237288647,0.6791618157660183,0.0131277658151064,0.01351039845092475,0.7498431142844831,0.7455278838418635,0.0130277917434801,0.011859041078888712
3.457,0.8104989836201268,0.8020692908473939,0.0051003216298171,0.007402949898088107,0.6880427812393255,0.6795100889218343,0.0096076864319572,0.013414035191197158,0.7537929456656238,0.7458520039133835,0.0098154502824368,0.011808582046877554
3.458,0.8091990153168993,0.8023488878854137,0.0063396472829495,0.007376695512529129,0.6721183052298709,0.6792202150515613,0.0114563731234726,0.013365697856191613,0.7403110541282114,0.7456347117649454,0.010334585604031,0.011772187072980108
3.459,0.7933264009644625,0.8019950648689059,0.0062270770774167,0.007348309872155983,0.667958140355823,0.6787785650634931,0.0131907023565981,0.013361376979658442,0.7353570705059326,0.74523166700969,0.0096424368776144,0.011719600648403177
3.46,0.813446199250591,0.8024441289623054,0.0071888480456476,0.007344372543106393,0.6869339096275351,0.6790983824973771,0.0104075511773886,0.013288443009232025,0.7492629830205824,0.7453897578336466,0.0087355340916661,0.011645919992681273
3.461,0.8122264181070229,0.8028277481444513,0.0067654563585372,0.007330078316326908,0.683492427435072,0.6792706979851298,0.0081446588891455,0.013161435993921246,0.748816916989262,0.745524156231906,0.0097467026544559,0.011599025737416448
3.462,0.8038914337074012,0.8028694613037828,0.0062263669509369,0.007302826183848143,0.6762746040431428,0.679153204105052,0.0134782650609171,0.013169258933847069,0.7367462896999006,0.7451799261718275,0.0115019037158127,0.011596627662808948
3.463,0.8042117556007238,0.8029221002958197,0.0055387902197202,0.007259269740289428,0.6853199815909743,0.6793950385162646,0.0114140183149971,0.013125919659307565,0.728218954796287,0.7445147900394534,0.0129429050863663,0.011629869080674562
3.464,0.7973272951710293,0.8027026961732789,0.0091359675110239,0.0073056079568507735,0.6779769499208929,0.679339427198799,0.0144145546195747,0.013157737806474657,0.7380414543537932,0.744260933738055,0.0155730563277585,0.011727231728750709
3.465,0.8093881764519513,0.8029648718704817,0.0072753414672823,0.007304860636120688,0.6823714771222384,0.6794583311173653,0.0116488956144187,0.013120482443707842,0.7452140202540161,0.7442983096798573,0.0110147385455161,0.01170963930447331
3.466,0.7917018167534607,0.80252318343452,0.0088581325761986,0.0073432130297028594,0.6715861861265695,0.6791496195490987,0.0192530066712079,0.01327190279500414,0.7394132330394214,0.744106738046899,0.010871706663293,0.011688949609629353
3.467,0.7999020962281151,0.8024203957009356,0.0096959039159776,0.007401304162697297,0.6874080253623485,0.6794734786005986,0.0147346967005582,0.013308021163042512,0.7445802534315424,0.7441253072776693,0.0079817585515224,0.011597414027947698
3.468,0.8050367011871586,0.8025229959160817,0.0072215951964797,0.00739686690427217,0.6609575247044045,0.6787473627615321,0.013042765011166,0.013301471628428275,0.7496081150201279,0.744340319346001,0.0107769985683321,0.011577156856105338
3.469,0.8008601373846403,0.8024577857775937,0.0095919097322988,0.007451065492618507,0.6834524368722394,0.6789318754717559,0.0179461222500091,0.013416154359825332,0.7401270248203065,0.7441750921096992,0.0139748472209913,0.01163635908733709
3.47,0.7972998105539802,0.8022555122394129,0.0056514735922845,0.007406631124709026,0.6831876126404428,0.6790987671254298,0.0138615070492962,0.013427150722528317,0.7212286646680024,0.743275232210025,0.0136977252894473,0.011687257018253391
3.471,0.7924779105154676,0.8018720768776896,0.0083727478663718,0.007430485859071071,0.6783485919680089,0.6790693484918056,0.0180506251445451,0.013541310584800337,0.7436591962763051,0.7432902896243889,0.010744372036508,0.011663975907593011
3.472,0.8037484299971503,0.8019456593529626,0.0061428479548517,0.007398692330571827,0.6648765393683925,0.6785127677418678,0.0136643275901586,0.013544348041722764,0.721674156890545,0.7424425981446303,0.0116879888072246,0.011664568818695025
3.473,0.806257427559917,0.8021147483022548,0.0079454166140645,0.007412191695596338,0.6709321681754439,0.6782154893274982,0.0189103777985567,0.013676842603619897,0.7458507336712903,0.7425762505182247,0.0155097049145547,0.011759510450691561
3.474,0.8080019265071066,0.8023456180357784,0.0063133996143633,0.007385061026923917,0.7012470604196314,0.6791186881938563,0.0138631523390996,0.013681442844002112,0.7491024513069652,0.7428321799609203,0.0125961522301958,0.011780168272407715
3.475,0.7968465466709979,0.802129968178336,0.0103392590485897,0.007458004187952701,0.6690318178893321,0.6787231246525025,0.0131805244042969,0.013669074487466184,0.7396540419668627,0.7427075470984082,0.0065390537080971,0.011650758036251896
3.476,0.7812780751004803,0.8013122468811653,0.011466251286319,0.0075569732521098935,0.6799821517052096,0.6787724982624126,0.014147232976654,0.013680880869915266,0.7341852319749512,0.7423733386621942,0.0143037716448957,0.011716264545107298
3.477,0.7986906248492088,0.8012094381740298,0.007163344039684,0.007547254012296908,0.6894376175090645,0.6791907382328695,0.0138649167953016,0.013685424966838384,0.7517419253794758,0.7427407342197347,0.0067521417419052,0.0115936936116949
3.478,0.8174282729070903,0.8018454709086595,0.0069743505962008,0.00753310824893651,0.6698886257856804,0.6788259495094503,0.0151218200548856,0.013720891512222265,0.7514967402732917,0.7430841070061487,0.0108676514032735,0.01157576664358573
3.479,0.8026561881883911,0.8018772637431588,0.0087151372696412,0.007562294150682303,0.6921173045860565,0.6793471791202975,0.0100263705132941,0.01362966877150799,0.7470891974234052,0.7432411693754528,0.0122238490883432,0.011591768679258752
3.48,0.812123462485349,0.8022790754585388,0.0081049106341971,0.007575692088546866,0.6775858227203532,0.6792781063202996,0.0152147334721166,0.013668806171523018,0.7530348674910252,0.7436252359682203,0.0131951687477017,0.011631358804405491
3.481,0.8034086014629767,0.8023233705959677,0.0074153477709228,0.0075717329695931855,0.6666693891026189,0.6787836468215671,0.0104580208059371,0.013589527520520896,0.7358165032808116,0.7433190111569493,0.0128302341731899,0.01166096066536313
3.482,0.8075409975155701,0.8025279834163443,0.006498584293294,0.007545235471412958,0.6801609305502323,0.6788376579481815,0.0141486591011547,0.013603333238561237,0.7474762398682213,0.743482039733862,0.013611373306703,0.011709119002186337
3.483,0.8093316233518615,0.8027947928255804,0.0073640532328833,0.0075407618358937075,0.6955197896648445,0.6794918591919721,0.0126487454913733,0.013579763170729436,0.7492679574567114,0.7437089384680914,0.011033453493363,0.011692435903203045
3.484,0.8007597803740535,0.8027149884157166,0.0079370461043963,0.007550546632646858,0.6572505492883054,0.6786196509604557,0.0139237182431738,0.01358825588856757,0.7424196759039485,0.7436583791518505,0.0136989555036175,0.01174197959704044
3.485,0.7981464730730825,0.8025358309512997,0.0058536770763179,0.007508648618910339,0.6738260788085972,0.6784316677388142,0.0147024327513036,0.013615766428388212,0.7435480112952709,0.7436540510006121,0.0115443071030921,0.011737098794720728
3.486,0.8025126684925497,0.8025349226195839,0.0072484291914462,0.007502223447861843,0.6871908513080158,0.6787751651336849,0.0126490731212972,0.013591897457842752,0.7347972411616049,0.7433067251245726,0.0103694141083803,0.01170332880246541
3.487,0.7986857780794003,0.8023839757748708,0.0068362562722828,0.007485779813896928,0.6991216704024042,0.6795730673010857,0.0124414445080867,0.013563491212169765,0.7287325065562835,0.7427351871415026,0.0123449381534422,0.011719171008662368
3.488,0.804885603690583,0.8024820788303889,0.0078418957836121,0.007494572800803475,0.6706013350441111,0.6792212346635572,0.0167956510557989,0.013643297628061844,0.7443989982247529,0.7428004346349634,0.0078949059443624,0.011624744710778416
3.489,0.7946802586047962,0.8021761250960519,0.0082296927531795,0.007512723910738685,0.6592443631440148,0.6784378279373007,0.0120493099929297,0.013603939908675866,0.7464846774158566,0.742944914744018,0.0140877666203286,0.011685560066569779
3.49,0.7891497700955914,0.8016652876450533,0.0077080667946459,0.007517547191822813,0.654798708929059,0.6775108036624677,0.0173509735585227,0.013696459258054799,0.7031209546671474,0.7413831908194349,0.0103209015753433,0.01165186479518147
3.491,0.7753519785801054,0.8006333931719181,0.0062237539784347,0.007485601680381131,0.649736348171862,0.6764216093295028,0.0150777960664314,0.01373056633974311,0.7131279785091709,0.7402751432778559,0.0185985653955608,0.011823388266795777
3.492,0.7979927339976504,0.8005298379101821,0.0075080936086755,0.007486157036635312,0.6622992392175466,0.6758677908937397,0.0123637790154229,0.013696818504574708,0.741378718261144,0.7403184207281811,0.0126126917082374,0.011842877240658535
3.493,0.7872156757321545,0.8000077139032006,0.007845398760778,0.007495027202663527,0.6607103610271383,0.6752733818793633,0.0129403175702778,0.01367813946915997,0.7182573598715718,0.7394532810867455,0.0134350981483882,0.011882191337145687
3.494,0.8092658897113282,0.8003707796211662,0.0069152391599528,0.007480711448522521,0.6989437354069407,0.6762016310373076,0.0123718591273093,0.01364588563355872,0.7525996316135297,0.7399688242446586,0.0094744284528197,0.01182274040173023
3.495,0.7884825688780536,0.799904575278299,0.009760026540817,0.007536990833517446,0.6730484799438936,0.6760779780532521,0.0127664946250046,0.013624172275322814,0.7077916241877658,0.7387069732620354,0.0181151490803873,0.011978108517252627
3.496,0.8085030003977896,0.8002417684202398,0.0081035322379391,0.007550979510169832,0.6809302882502133,0.6762682647276427,0.0105840997949905,0.013549108757289915,0.7430952250205948,0.7388790615662926,0.0108894101251569,0.011951227075472486
3.497,0.789467351872984,0.7998192422811317,0.0081873009361002,0.007566691150316261,0.6717374781769131,0.6760905868236924,0.0145308054903403,0.01357334818279733,0.7316693361032897,0.7385963272344102,0.0141811059386954,0.012006285812836016
3.498,0.7740240374711712,0.7988076656219175,0.0085829866355904,0.0075917848660020425,0.6697072117944092,0.6758402583911716,0.016595091941622,0.013647959139805347,0.7361710790779108,0.738501219463567,0.0121092819072816,0.012008828926279117
3.499,0.8117558941803449,0.7993154392908755,0.0059422243528202,0.007551054976787676,0.6802770729854077,0.6760142511203574,0.0121497790118355,0.013610967037880166,0.7330157194950477,0.7382861018177427,0.0097554204557259,0.011953189210956816
3.5,0.7875057709482363,0.7988523150421445,0.009947577452634,0.007610228371253017,0.6852758366266567,0.6763774505519771,0.0145891321893491,0.013635119263842362,0.7333332148324938,0.7380918709555762,0.0113390031880853,0.011938024123972333
