method,sigma_mhz,num_samples,average_fidelity,average_gate_fidelity,fidelity_variance
adam_70ns,0.1,60,0.9970078818931164,0.9962598523663957,2.5389036315503366e-07
adam_70ns,0.101,60,0.9970207957030409,0.9962759946288012,3.047859591222999e-07
adam_70ns,0.102,60,0.9970997832586154,0.9963747290732694,2.7612807754084894e-07
adam_70ns,0.103,60,0.9971194228542622,0.9963992785678278,2.421186769398824e-07
adam_70ns,0.104,60,0.9970187260231449,0.9962734075289309,2.0354044960081698e-07
adam_70ns,0.105,60,0.9970626840976664,0.9963283551220828,1.991348630947466e-07
adam_70ns,0.106,60,0.9971268633271877,0.9964085791589847,2.3117273498306503e-07
adam_70ns,0.107,60,0.9969786048564174,0.9962232560705219,2.7905846600786836e-07
adam_70ns,0.108,60,0.9970361670917672,0.9962952088647089,2.4786683605476954e-07
adam_70ns,0.109,60,0.9969872937462848,0.9962341171828559,2.3819555116912456e-07
adam_70ns,0.11,60,0.997163868051025,0.996454835063781,3.0237120198467897e-07
adam_70ns,0.111,60,0.9969367597389163,0.9961709496736455,2.710768768967371e-07
adam_70ns,0.112,60,0.9969773347677213,0.9962216684596515,3.211241011210599e-07
adam_70ns,0.113,60,0.9970175321415244,0.9962719151769055,3.109261705378066e-07
adam_70ns,0.114,60,0.9971098261282152,0.996387282660269,3.1864478640680176e-07
adam_70ns,0.115,60,0.9970616431381853,0.9963270539227316,3.6172666629218357e-07
adam_70ns,0.116,60,0.9970891095373315,0.9963613869216642,2.749299185911792e-07
adam_70ns,0.117,60,0.9970526388515888,0.9963157985644859,3.431211605539317e-07
adam_70ns,0.118,60,0.9970068048381716,0.9962585060477144,4.446005596972135e-07
adam_70ns,0.119,60,0.9970248163019424,0.9962810203774278,2.8502101892305207e-07
adam_70ns,0.12,60,0.996910148752129,0.9961376859401615,2.9433329831923043e-07
adam_70ns,0.121,60,0.9968765821523317,0.9960957276904145,5.854514713556377e-07
adam_70ns,0.122,60,0.996951627833566,0.9961895347919574,4.4603581101338634e-07
adam_70ns,0.123,60,0.9970144369254816,0.9962680461568522,2.8926585472321774e-07
adam_70ns,0.124,60,0.9970439238278562,0.99630490478482,3.762395923509967e-07
adam_70ns,0.125,60,0.9969040217552552,0.9961300271940688,3.8718621322269226e-07
adam_70ns,0.126,60,0.9969185480298393,0.9961481850372989,4.5727188242785706e-07
adam_70ns,0.127,60,0.9970222572266544,0.9962778215333178,3.6364770296403443e-07
adam_70ns,0.128,60,0.9969016995770382,0.9961271244712974,3.956081950238123e-07
adam_70ns,0.129,60,0.9969235637967171,0.9961544547458961,5.667178943261514e-07
adam_70ns,0.13,60,0.9969418313100775,0.9961772891375966,4.630889632057795e-07
adam_70ns,0.131,60,0.9969780720876363,0.9962225901095454,3.763676550090687e-07
adam_70ns,0.132,60,0.997065790999875,0.9963322387498439,4.808969207801621e-07
adam_70ns,0.133,60,0.9968438380425291,0.9960547975531612,4.7588785636358494e-07
adam_70ns,0.134,60,0.9968523701220978,0.9960654626526224,4.033661889651007e-07
adam_70ns,0.135,60,0.9969176279839858,0.9961470349799821,5.58150797207876e-07
adam_70ns,0.136,60,0.9969322506035738,0.9961653132544677,3.282183337931161e-07
adam_70ns,0.137,60,0.996948115648608,0.9961851445607601,4.3354349524633224e-07
adam_70ns,0.138,60,0.9970528328155299,0.9963160410194123,5.299847529572078e-07
adam_70ns,0.139,60,0.9968726800588841,0.9960908500736047,4.970839590331708e-07
adam_70ns,0.14,60,0.9968336441894119,0.9960420552367647,4.416195696492359e-07
adam_70ns,0.141,60,0.9967037058275651,0.9958796322844565,4.2462896472477106e-07
adam_70ns,0.142,60,0.9968675326206505,0.9960844157758132,5.458201717749763e-07
adam_70ns,0.143,60,0.9968186537043935,0.9960233171304919,5.355366388030522e-07
adam_70ns,0.144,60,0.9967780314847658,0.9959725393559573,6.099830233446916e-07
adam_70ns,0.145,60,0.9968086919849366,0.9960108649811712,4.6607634887800586e-07
adam_70ns,0.146,60,0.9968645396775613,0.9960806745969514,3.443951990054805e-07
adam_70ns,0.147,60,0.9967615790337153,0.9959519737921442,6.296718420336305e-07
adam_70ns,0.148,60,0.9968599209501229,0.9960749011876534,5.547617194646002e-07
adam_70ns,0.149,60,0.9967617077760539,0.9959521347200672,3.951373090443561e-07
adam_70ns,0.15,60,0.9968215473654602,0.9960269342068255,6.24823244398189e-07
adam_70ns,0.151,60,0.9967459540088129,0.9959324425110162,8.056993654078214e-07
adam_70ns,0.152,60,0.9968561132822856,0.9960701416028569,5.425925131983868e-07
adam_70ns,0.153,60,0.9968130210537656,0.9960162763172068,5.355971798592369e-07
adam_70ns,0.154,60,0.9968773348785821,0.9960966685982275,6.786521637693275e-07
adam_70ns,0.155,60,0.9968746993157013,0.9960933741446264,6.788513339925763e-07
adam_70ns,0.156,60,0.996907262959315,0.9961340786991438,4.7360189477896167e-07
adam_70ns,0.157,60,0.9967831579024331,0.9959789473780413,6.607684295440679e-07
adam_70ns,0.158,60,0.9967997302263853,0.9959996627829817,8.029570188595598e-07
adam_70ns,0.159,60,0.996808503367157,0.9960106292089461,6.898852248852586e-07
adam_70ns,0.16,60,0.9966929961550645,0.9958662451938307,5.82757580274469e-07
adam_70ns,0.161,60,0.9967257249635421,0.9959071562044273,5.100929604024605e-07
adam_70ns,0.162,60,0.996621089498078,0.9957763618725975,5.051220814967754e-07
adam_70ns,0.163,60,0.9967806764272986,0.995975845534123,6.574609609988719e-07
adam_70ns,0.164,60,0.9968053656898018,0.9960067071122527,8.009184154115051e-07
adam_70ns,0.165,60,0.9967500491454478,0.9959375614318099,9.007200135436944e-07
adam_70ns,0.166,60,0.9967861419049879,0.995982677381235,4.0710313972499227e-07
adam_70ns,0.167,60,0.9968982514587641,0.9961228143234552,5.952073072271761e-07
adam_70ns,0.168,60,0.9967182321205638,0.9958977901507046,9.530816957590327e-07
adam_70ns,0.169,60,0.9967110614375472,0.9958888267969338,6.642369377292697e-07
adam_70ns,0.17,60,0.9966808664698468,0.9958510830873084,9.004397157949465e-07
adam_70ns,0.171,60,0.9967312754095419,0.9959140942619272,7.898254917183877e-07
adam_70ns,0.172,60,0.9968806902781462,0.996100862847683,1.0919735277437518e-06
adam_70ns,0.173,60,0.9967735015750798,0.9959668769688499,6.752885625620794e-07
adam_70ns,0.174,60,0.9967216372275989,0.9959020465344987,7.353201297831793e-07
adam_70ns,0.175,60,0.99671269284454,0.995890866055675,8.073957881701463e-07
adam_70ns,0.176,60,0.9969205612126846,0.9961507015158556,7.358485437592603e-07
adam_70ns,0.177,60,0.9967822978292745,0.9959778722865933,7.295056689438406e-07
adam_70ns,0.178,60,0.9967273273114969,0.9959091591393711,9.673729837520367e-07
adam_70ns,0.179,60,0.9965821659923599,0.99572770749045,7.031917803149848e-07
adam_70ns,0.18,60,0.9965539972050819,0.9956924965063524,8.643508186353053e-07
adam_70ns,0.181,60,0.9963685341080691,0.9954606676350861,8.381868609379812e-07
adam_70ns,0.182,60,0.9965072365718547,0.9956340457148184,5.936204269486596e-07
adam_70ns,0.183,60,0.9967586727235638,0.9959483409044545,9.849383613174896e-07
adam_70ns,0.184,60,0.9966292400999648,0.9957865501249561,6.720217292075465e-07
adam_70ns,0.185,60,0.9964837238306515,0.9956046547883143,9.116825188009919e-07
adam_70ns,0.186,60,0.9964734784142015,0.9955918480177517,8.903105772935033e-07
adam_70ns,0.187,60,0.9965004598740608,0.995625574842576,7.929626373643906e-07
adam_70ns,0.188,60,0.9964756156712391,0.9955945195890489,1.3122411573808616e-06
adam_70ns,0.189,60,0.9964421579217506,0.9955526974021883,1.1872782550602122e-06
adam_70ns,0.19,60,0.9966532404538152,0.9958165505672691,6.267539852648758e-07
adam_70ns,0.191,60,0.9965679388132561,0.9957099235165702,9.897488642142786e-07
adam_70ns,0.192,60,0.9965859632310163,0.9957324540387703,9.174744055081461e-07
adam_70ns,0.193,60,0.9965110146112622,0.995638768264078,1.2659786021810973e-06
adam_70ns,0.194,60,0.9963213649707218,0.995401706213402,1.236884077981832e-06
adam_70ns,0.195,60,0.996479996888785,0.9955999961109809,1.2654083784814672e-06
adam_70ns,0.196,60,0.9966210615088595,0.9957763268860746,1.4412350402166767e-06
adam_70ns,0.197,60,0.9963987593630184,0.9954984492037734,1.0444570366230678e-06
adam_70ns,0.198,60,0.9965355601410222,0.9956694501762776,1.5051788324289996e-06
adam_70ns,0.199,60,0.996486168232781,0.9956077102909763,1.2111968445730865e-06
adam_70ns,0.2,60,0.9965528717362923,0.9956910896703651,1.0934388241533142e-06
adam_70ns,0.201,60,0.9966460322308093,0.9958075402885115,9.098312341134575e-07
adam_70ns,0.202,60,0.9963976585684833,0.9954970732106039,8.570582448831501e-07
adam_70ns,0.203,60,0.9965251014626682,0.9956563768283347,8.951495583205039e-07
adam_70ns,0.204,60,0.9963734745422048,0.9954668431777558,1.4290948030128765e-06
adam_70ns,0.205,60,0.9964960774632025,0.9956200968290033,9.828411508976448e-07
adam_70ns,0.206,60,0.9963883013601127,0.995485376700141,1.4282712874428753e-06
adam_70ns,0.207,60,0.9964044646347056,0.9955055807933821,1.1490744242561732e-06
adam_70ns,0.208,60,0.9963590870951559,0.9954488588689447,1.2625789723760713e-06
adam_70ns,0.209,60,0.9963672643310612,0.9954590804138265,1.013397298058071e-06
adam_70ns,0.21,60,0.9962890807622845,0.9953613509528556,1.556016485166185e-06
adam_70ns,0.211,60,0.9962738143476699,0.9953422679345874,1.4016663662049757e-06
adam_70ns,0.212,60,0.9961917881977727,0.9952397352472158,1.232692117548604e-06
adam_70ns,0.213,60,0.9963577800130299,0.9954472250162874,1.0901077860884961e-06
adam_70ns,0.214,60,0.996206483357301,0.9952581041966257,1.6463556079851733e-06
adam_70ns,0.215,60,0.9960295836084612,0.9950369795105763,1.5525880822871661e-06
adam_70ns,0.216,60,0.996355292545586,0.9954441156819827,1.044868191435786e-06
adam_70ns,0.217,60,0.9963195148563759,0.9953993935704701,1.0059984742083368e-06
adam_70ns,0.218,60,0.996319386456555,0.995399233070694,1.2667955725902735e-06
adam_70ns,0.219,60,0.9961168109817653,0.9951460137272066,1.2872336483669546e-06
adam_70ns,0.22,60,0.9964449777220978,0.9955562221526223,1.3316156872438819e-06
adam_70ns,0.221,60,0.9961178156473913,0.995147269559239,1.2848713827777161e-06
adam_70ns,0.222,60,0.9961205087086009,0.9951506358857513,1.9528045477029207e-06
adam_70ns,0.223,60,0.9963045463591094,0.9953806829488869,1.2664037363915171e-06
adam_70ns,0.224,60,0.9962535779094985,0.995316972386873,1.3195984649434676e-06
adam_70ns,0.225,60,0.9962854512327333,0.9953568140409165,9.865681207594404e-07
adam_70ns,0.226,60,0.9962374550778414,0.9952968188473015,1.4027552965465522e-06
adam_70ns,0.227,60,0.996354142162736,0.99544267770342,1.4462463953048453e-06
adam_70ns,0.228,60,0.9958412918535064,0.9948016148168832,1.665080608862464e-06
adam_70ns,0.229,60,0.9959708768750755,0.9949635960938444,2.1708570516918184e-06
adam_70ns,0.23,60,0.9964616114787556,0.9955770143484444,1.0928454752096811e-06
adam_70ns,0.231,60,0.9959903483200613,0.9949879354000765,1.83491124593793e-06
adam_70ns,0.232,60,0.9961248712997544,0.9951560891246928,1.8485113647343794e-06
adam_70ns,0.233,60,0.996095737700712,0.9951196721258901,1.9030829040601652e-06
adam_70ns,0.234,60,0.9962331239442137,0.9952914049302672,1.7369238518515365e-06
adam_70ns,0.235,60,0.9962337879069877,0.9952922348837346,1.5090121285367705e-06
adam_70ns,0.236,60,0.9961318105748694,0.9951647632185866,1.1714361046781841e-06
adam_70ns,0.237,60,0.9962411617286171,0.9953014521607711,1.0319619440269427e-06
adam_70ns,0.238,60,0.9961176903562818,0.9951471129453523,1.6326543539772996e-06
adam_70ns,0.239,60,0.9962009558848899,0.9952511948561124,1.4189487987589092e-06
adam_70ns,0.24,60,0.9961323010327064,0.995165376290883,2.046973881709925e-06
adam_70ns,0.241,60,0.9961473154972227,0.9951841443715282,1.413437292097859e-06
adam_70ns,0.242,60,0.996161681859804,0.9952021023247551,1.9371161400797606e-06
adam_70ns,0.243,60,0.9961313730786115,0.9951642163482642,1.681048176634674e-06
adam_70ns,0.244,60,0.9960630747848636,0.9950788434810793,1.4070922767073555e-06
adam_70ns,0.245,60,0.9959393945430087,0.9949242431787607,2.1319607022523773e-06
adam_70ns,0.246,60,0.9956495057469206,0.9945618821836504,1.8973964000592573e-06
adam_70ns,0.247,60,0.9958991584799144,0.9948739480998934,2.168026418028062e-06
adam_70ns,0.248,60,0.996034902710132,0.9950436283876648,3.0318669859970117e-06
adam_70ns,0.249,60,0.9957584092873255,0.9946980116091566,1.6309559679807078e-06
adam_70ns,0.25,60,0.9959097610197901,0.9948872012747376,1.3352490213252454e-06
adam_70ns,0.251,60,0.995887196549125,0.9948589956864062,1.7798969438297905e-06
adam_70ns,0.252,60,0.9959078909891584,0.9948848637364481,2.459453731741145e-06
adam_70ns,0.253,60,0.996135855211135,0.9951698190139185,2.0483138535808847e-06
adam_70ns,0.254,60,0.9958760659101945,0.9948450823877432,2.2879317554444016e-06
adam_70ns,0.255,60,0.9960611212308607,0.9950764015385758,1.78145913989703e-06
adam_70ns,0.256,60,0.9961126098771308,0.9951407623464136,2.259000944372752e-06
adam_70ns,0.257,60,0.9959827726736358,0.9949784658420445,2.042685745743514e-06
adam_70ns,0.258,60,0.9959577717213549,0.9949472146516937,1.5776174297471955e-06
adam_70ns,0.259,60,0.995978890454461,0.9949736130680762,2.21758922593474e-06
adam_70ns,0.26,60,0.9959033504539421,0.9948791880674276,2.3495034922634536e-06
adam_70ns,0.261,60,0.9957633050705734,0.9947041313382166,1.621313328391506e-06
adam_70ns,0.262,60,0.9958434994662437,0.9948043743328048,2.58469282299469e-06
adam_70ns,0.263,60,0.9958600037123486,0.9948250046404356,1.8005157174304119e-06
adam_70ns,0.264,60,0.9956383587159611,0.9945479483949512,1.9049049422999694e-06
adam_70ns,0.265,60,0.9958185526318566,0.994773190789821,1.7945186303290756e-06
adam_70ns,0.266,60,0.9958437704848457,0.994804713106057,2.0466270136097596e-06
adam_70ns,0.267,60,0.9957227018554706,0.9946533773193384,2.110493877948837e-06
adam_70ns,0.268,60,0.9955358124603191,0.9944197655753991,2.9727697317931635e-06
adam_70ns,0.269,60,0.9956318766391098,0.9945398457988871,3.565827042272379e-06
adam_70ns,0.27,60,0.9959573624398929,0.994946703049866,1.7558966070047524e-06
adam_70ns,0.271,60,0.995883868312016,0.99485483539002,1.995233861402004e-06
adam_70ns,0.272,60,0.9956148369269384,0.9945185461586732,2.616682971286244e-06
adam_70ns,0.273,60,0.9961498259781559,0.9951872824726947,2.022083229619359e-06
adam_70ns,0.274,60,0.9956250269299286,0.9945312836624107,2.447348489336742e-06
adam_70ns,0.275,60,0.9957492504578127,0.994686563072266,2.6682309355854745e-06
adam_70ns,0.276,60,0.9957952279170919,0.9947440348963651,2.195977514065359e-06
adam_70ns,0.277,60,0.9956675126636366,0.9945843908295459,2.870362158980373e-06
adam_70ns,0.278,60,0.9959775173129739,0.9949718966412174,2.0301715840875806e-06
adam_70ns,0.279,60,0.995688564513435,0.9946107056417937,2.5469754653491925e-06
adam_70ns,0.28,60,0.9954563390973388,0.9943204238716733,3.449419289240527e-06
adam_70ns,0.281,60,0.9957790293257148,0.9947237866571432,2.345018859612307e-06
adam_70ns,0.282,60,0.995708958196424,0.99463619774553,1.8663638237783439e-06
adam_70ns,0.283,60,0.9956986020522687,0.994623252565336,2.0428350024045597e-06
adam_70ns,0.284,60,0.9958546448762073,0.994818306095259,1.4303797369254223e-06
adam_70ns,0.285,60,0.9955390977023607,0.9944238721279509,2.527641228101832e-06
adam_70ns,0.286,60,0.9956669165214391,0.994583645651799,2.657165284301352e-06
adam_70ns,0.287,60,0.9958332242138597,0.9947915302673245,2.6257221581074515e-06
adam_70ns,0.288,60,0.995684203550934,0.9946052544386674,3.408324837471496e-06
adam_70ns,0.289,60,0.9956629118022925,0.9945786397528656,2.600141375193084e-06
adam_70ns,0.29,60,0.995430242071933,0.9942878025899163,2.2298809329711532e-06
adam_70ns,0.291,60,0.995731641242421,0.9946645515530261,3.3629059561593083e-06
adam_70ns,0.292,60,0.9954138619522738,0.9942673274403421,3.2412760319736315e-06
adam_70ns,0.293,60,0.9953058402321538,0.9941323002901922,2.869526731205738e-06
adam_70ns,0.294,60,0.9958291454518284,0.9947864318147853,2.1721022511361476e-06
adam_70ns,0.295,60,0.9953092888479964,0.9941366110599952,3.3245820351592223e-06
adam_70ns,0.296,60,0.9955991062171148,0.9944988827713939,3.1408792723366287e-06
adam_70ns,0.297,60,0.9953966557474253,0.9942458196842817,2.821706023910144e-06
adam_70ns,0.298,60,0.9951611464021142,0.9939514330026429,3.723485263369132e-06
adam_70ns,0.299,60,0.9956475642500003,0.9945594553125002,3.149923701978002e-06
adam_70ns,0.3,60,0.9952236194334034,0.9940295242917543,3.7348011148069355e-06
adam_70ns,0.301,60,0.9951569026632477,0.9939461283290593,3.2069157526073037e-06
adam_70ns,0.302,60,0.9957086439114647,0.994635804889331,2.3470553582023405e-06
adam_70ns,0.303,60,0.9953467242381486,0.9941834052976859,3.6779933065740743e-06
adam_70ns,0.304,60,0.9955659080244387,0.9944573850305483,2.8380284133229396e-06
adam_70ns,0.305,60,0.995338154279051,0.9941726928488139,1.8622205723801764e-06
adam_70ns,0.306,60,0.994970050536454,0.9937125631705673,3.0885978480560136e-06
adam_70ns,0.307,60,0.9956751362138386,0.9945939202672982,2.1956243381231948e-06
adam_70ns,0.308,60,0.9949818392035028,0.9937272990043787,3.838814787951442e-06
adam_70ns,0.309,60,0.9953021120768666,0.9941276400960832,3.4016225935232155e-06
adam_70ns,0.31,60,0.9952481196355034,0.994060149544379,3.428515922667314e-06
adam_70ns,0.311,60,0.9954582233356892,0.9943227791696113,4.357672031407455e-06
adam_70ns,0.312,60,0.9955720335560733,0.9944650419450914,4.0167310854503395e-06
adam_70ns,0.313,60,0.9953503037659228,0.9941878797074033,2.3257617533433735e-06
adam_70ns,0.314,60,0.9954579898353417,0.9943224872941775,2.8393045733944747e-06
adam_70ns,0.315,60,0.9952213192470648,0.994026649058831,2.907945799573605e-06
adam_70ns,0.316,60,0.9951527813718543,0.9939409767148177,2.8573333085937915e-06
adam_70ns,0.317,60,0.995275848088706,0.9940948101108821,4.032724315811085e-06
adam_70ns,0.318,60,0.9953541133076063,0.9941926416345078,3.141011145833933e-06
adam_70ns,0.319,60,0.9951866877033955,0.993983359629244,3.0139677633895237e-06
adam_70ns,0.32,60,0.9953096735566084,0.9941370919457604,5.132633495064815e-06
adam_70ns,0.321,60,0.9949797772491682,0.9937247215614602,4.129982075592482e-06
adam_70ns,0.322,60,0.9948622161563563,0.9935777701954456,4.664400354218214e-06
adam_70ns,0.323,60,0.99523937983491,0.9940492247936373,3.4110219431734157e-06
adam_70ns,0.324,60,0.9952316477219043,0.9940395596523804,4.039571091187284e-06
adam_70ns,0.325,60,0.9951040383907555,0.9938800479884446,3.700500328226956e-06
adam_70ns,0.326,60,0.995193470924164,0.9939918386552049,2.771360332888137e-06
adam_70ns,0.327,60,0.9947906746119204,0.9934883432649004,5.0405097535772e-06
adam_70ns,0.328,60,0.9947431052813361,0.9934288816016701,4.2257125725821364e-06
adam_70ns,0.329,60,0.9948753625201321,0.9935942031501648,2.9914594586473125e-06
adam_70ns,0.33,60,0.9947335772108584,0.993416971513573,5.563465451525548e-06
adam_70ns,0.331,60,0.9949469477502451,0.9936836846878062,3.4864799442350907e-06
adam_70ns,0.332,60,0.9951358258568839,0.9939197823211046,3.8393279132397185e-06
adam_70ns,0.333,60,0.995088092763146,0.9938601159539326,3.52384792686138e-06
adam_70ns,0.334,60,0.9951000720441755,0.9938750900552196,4.26661917174605e-06
adam_70ns,0.335,60,0.994960683522813,0.9937008544035163,3.352023318737038e-06
adam_70ns,0.336,60,0.9946690964349103,0.9933363705436378,8.488068557953106e-06
adam_70ns,0.337,60,0.9944860436233776,0.9931075545292222,5.69990463515989e-06
adam_70ns,0.338,60,0.9946524730476685,0.9933155913095854,4.639195842062066e-06
adam_70ns,0.339,60,0.9949779459836101,0.9937224324795128,5.279685390158392e-06
adam_70ns,0.34,60,0.995102659418118,0.9938783242726477,4.365081303841243e-06
adam_70ns,0.341,60,0.9950687269007501,0.9938359086259377,3.677038580592422e-06
adam_70ns,0.342,60,0.9948025545413277,0.9935031931766598,5.867507745875594e-06
adam_70ns,0.343,60,0.9948779105877466,0.9935973882346832,4.823666714692358e-06
adam_70ns,0.344,60,0.9945634905497536,0.9932043631871921,6.772845138675351e-06
adam_70ns,0.345,60,0.9947531967206116,0.9934414959007646,4.49526795327103e-06
adam_70ns,0.346,60,0.9946644481710418,0.9933305602138023,5.3568348457547455e-06
adam_70ns,0.347,60,0.9948629539732313,0.9935786924665392,4.07214880398653e-06
adam_70ns,0.348,60,0.9950500203168033,0.9938125253960043,3.29980754312696e-06
adam_70ns,0.349,60,0.9949224811884957,0.9936531014856196,2.9951571711192668e-06
adam_70ns,0.35,60,0.9949687729633045,0.9937109662041308,4.876539030397582e-06
adam_70ns,0.351,60,0.9946213786834804,0.9932767233543505,7.284828439752022e-06
adam_70ns,0.352,60,0.99481254624861,0.9935156828107625,4.639371362402213e-06
adam_70ns,0.353,60,0.9946992234194106,0.9933740292742633,6.014598589004953e-06
adam_70ns,0.354,60,0.994954222268146,0.9936927778351827,3.8794918137127856e-06
adam_70ns,0.355,60,0.9948586391217241,0.9935732989021552,7.136308731377522e-06
adam_70ns,0.356,60,0.9947318037996816,0.9934147547496021,3.4833243741246484e-06
adam_70ns,0.357,60,0.9949338105316129,0.993667263164516,5.062003534741944e-06
adam_70ns,0.358,60,0.9949780657859325,0.9937225822324156,4.084085523329642e-06
adam_70ns,0.359,60,0.9943053353546812,0.9928816691933517,7.799940666984225e-06
adam_70ns,0.36,60,0.9947356860653076,0.9934196075816347,4.158555884742648e-06
adam_70ns,0.361,60,0.9947074699671765,0.9933843374589709,3.0778401409705226e-06
adam_70ns,0.362,60,0.9948124260314606,0.993515532539326,3.909014140089197e-06
adam_70ns,0.363,60,0.9951245000043459,0.9939056250054321,4.289128008665273e-06
adam_70ns,0.364,60,0.9949198512358033,0.9936498140447544,5.316670104443054e-06
adam_70ns,0.365,60,0.9946956641270662,0.9933695801588329,3.7381634845534888e-06
adam_70ns,0.366,60,0.994668815307068,0.9933360191338352,4.195656725021614e-06
adam_70ns,0.367,60,0.9945043123253845,0.9931303904067306,3.8203315809072175e-06
adam_70ns,0.368,60,0.9944719615359529,0.993089951919941,6.3809682886887705e-06
adam_70ns,0.369,60,0.9947058680977723,0.9933823351222149,5.312273240705238e-06
adam_70ns,0.37,60,0.994392288529866,0.9929903606623325,5.2604024849845485e-06
adam_70ns,0.371,60,0.9943614509555078,0.9929518136943845,6.375853031345923e-06
adam_70ns,0.372,60,0.9944930279051261,0.9931162848814076,5.011683528589122e-06
adam_70ns,0.373,60,0.9949301783662847,0.9936627229578557,6.629021108168201e-06
adam_70ns,0.374,60,0.9942994525717425,0.992874315714678,4.4050634099704695e-06
adam_70ns,0.375,60,0.9944379880125439,0.9930474850156799,6.765414933604395e-06
adam_70ns,0.376,60,0.994011392205983,0.9925142402574788,5.094615393218966e-06
adam_70ns,0.377,60,0.9947310703276954,0.9934138379096192,3.825168463101937e-06
adam_70ns,0.378,60,0.9939673732499508,0.9924592165624383,6.937066664418934e-06
adam_70ns,0.379,60,0.9944223812624458,0.9930279765780571,6.988085784895697e-06
adam_70ns,0.38,60,0.9943236407529409,0.9929045509411759,4.741030389919797e-06
adam_70ns,0.381,60,0.9943755344920802,0.9929694181151,5.36614037825743e-06
adam_70ns,0.382,60,0.9943019141054421,0.9928773926318027,6.132654478428381e-06
adam_70ns,0.383,60,0.994682970881025,0.9933537136012813,3.412247621882728e-06
adam_70ns,0.384,60,0.9942669439621575,0.9928336799526973,6.066074690126187e-06
adam_70ns,0.385,60,0.9944014316991936,0.993001789623992,3.663132633132476e-06
adam_70ns,0.386,60,0.9938136362340956,0.9922670452926197,6.481491136834749e-06
adam_70ns,0.387,60,0.9944490467683217,0.9930613084604022,4.704039160567533e-06
adam_70ns,0.388,60,0.9941141442983477,0.9926426803729347,6.3706048574525136e-06
adam_70ns,0.389,60,0.9943968931714893,0.9929961164643614,6.158645998192908e-06
adam_70ns,0.39,60,0.9940101762885929,0.992512720360741,5.770285857472224e-06
adam_70ns,0.391,60,0.9942033083641443,0.9927541354551807,5.362597787875551e-06
adam_70ns,0.392,60,0.9941106329993048,0.992638291249131,5.425401440677831e-06
adam_70ns,0.393,60,0.9941382744158521,0.992672843019815,6.4854566327380725e-06
adam_70ns,0.394,60,0.9942907677283807,0.992863459660476,8.275186564688609e-06
adam_70ns,0.395,60,0.9939779899392462,0.9924724874240579,6.950211468925004e-06
adam_70ns,0.396,60,0.9939868761351207,0.9924835951689008,6.404525070241089e-06
adam_70ns,0.397,60,0.9938025866197908,0.9922532332747385,1.0178509922391545e-05
adam_70ns,0.398,60,0.9940684099384633,0.9925855124230792,5.2559915572064515e-06
adam_70ns,0.399,60,0.9940222543913543,0.9925278179891931,6.3862807777041844e-06
adam_70ns,0.4,60,0.9944524530576015,0.9930655663220019,3.7158222504331016e-06
adam_70ns,0.401,60,0.9940997414992904,0.9926246768741128,5.330186549321296e-06
adam_70ns,0.402,60,0.993416795066326,0.9917709938329072,1.0349064595477623e-05
adam_70ns,0.403,60,0.9941633188868068,0.9927041486085085,6.877799484549392e-06
adam_70ns,0.404,60,0.9939760583459795,0.9924700729324745,5.542894556522339e-06
adam_70ns,0.405,60,0.9945080873741206,0.9931351092176506,4.272446878139899e-06
adam_70ns,0.406,60,0.9939516512425679,0.9924395640532098,7.481782356784522e-06
adam_70ns,0.407,60,0.9935257818112705,0.9919072272640881,4.6000469628118115e-06
adam_70ns,0.408,60,0.993654888658022,0.9920686108225273,5.50989110424647e-06
adam_70ns,0.409,60,0.993812656353326,0.9922658204416577,8.914308133972003e-06
adam_70ns,0.41,60,0.9938921826760932,0.9923652283451164,5.670259095989866e-06
adam_70ns,0.411,60,0.9940109031484696,0.9925136289355871,6.3329508536109815e-06
adam_70ns,0.412,60,0.9931302571581103,0.9914128214476379,6.147338519102203e-06
adam_70ns,0.413,60,0.9940476254639101,0.9925595318298878,7.113142343901247e-06
adam_70ns,0.414,60,0.9938326817282832,0.9922908521603537,6.532275226481429e-06
adam_70ns,0.415,60,0.993719523122066,0.9921494039025824,9.565534189146069e-06
adam_70ns,0.416,60,0.9932410463475121,0.9915513079343901,6.150386292438375e-06
adam_70ns,0.417,60,0.9939213097997446,0.9924016372496806,7.658933837804492e-06
adam_70ns,0.418,60,0.9937458416362921,0.9921823020453655,6.046463914318501e-06
adam_70ns,0.419,60,0.9939332752105172,0.9924165940131464,7.931118962996268e-06
adam_70ns,0.42,60,0.9936248480002674,0.992031060000334,9.070538170204489e-06
adam_70ns,0.421,60,0.9937946638955627,0.9922433298694535,6.071225051719029e-06
adam_70ns,0.422,60,0.9940894047190437,0.9926117558988048,6.3940225999885345e-06
adam_70ns,0.423,60,0.9938481385996744,0.9923101732495929,1.0375576930857915e-05
adam_70ns,0.424,60,0.9928435511398297,0.9910544389247871,9.03539610106398e-06
adam_70ns,0.425,60,0.993439724253478,0.9917996553168477,6.822091042765763e-06
adam_70ns,0.426,60,0.9935179479988648,0.9918974349985809,1.0685860580054987e-05
adam_70ns,0.427,60,0.9935258981590551,0.9919073726988187,6.521141876985371e-06
adam_70ns,0.428,60,0.9939031719686308,0.9923789649607885,5.9513423995491715e-06
adam_70ns,0.429,60,0.9933313636406105,0.9916642045507632,9.460054890963532e-06
adam_70ns,0.43,60,0.9936158526554473,0.9920198158193091,8.930681691251491e-06
adam_70ns,0.431,60,0.9927742139627966,0.9909677674534959,9.258605324949857e-06
adam_70ns,0.432,60,0.993398181328752,0.9917477266609399,6.0020845278413705e-06
adam_70ns,0.433,60,0.9931391046978639,0.9914238808723302,6.126950767944932e-06
adam_70ns,0.434,60,0.993588941675326,0.9919861770941573,7.761470604906148e-06
adam_70ns,0.435,60,0.9938733851757222,0.9923417314696528,6.779307086366936e-06
adam_70ns,0.436,60,0.9931609065843491,0.991451133230436,7.924968407555803e-06
adam_70ns,0.437,60,0.9933125378459006,0.9916406723073757,9.177094319879781e-06
adam_70ns,0.438,60,0.9933156639438985,0.9916445799298731,8.874989486369283e-06
adam_70ns,0.439,60,0.9933301653723121,0.99166270671539,1.155088631509961e-05
adam_70ns,0.44,60,0.992923956680567,0.9911549458507085,1.356418018132539e-05
adam_70ns,0.441,60,0.9929933151714825,0.991241643964353,1.0945402596284231e-05
adam_70ns,0.442,60,0.9932376820847808,0.9915471026059759,8.27009610977453e-06
adam_70ns,0.443,60,0.9934649002265297,0.9918311252831621,7.1110029369897375e-06
adam_70ns,0.444,60,0.9929948679191396,0.9912435848989245,1.0081871592057095e-05
adam_70ns,0.445,60,0.9932750318803895,0.991593789850487,6.962231415102271e-06
adam_70ns,0.446,60,0.9927828677186231,0.9909785846482788,9.384464598346054e-06
adam_70ns,0.447,60,0.9934075341587832,0.9917594176984792,6.384949774704675e-06
adam_70ns,0.448,60,0.9936837299393029,0.9921046624241288,5.526097973720143e-06
adam_70ns,0.449,60,0.993395248225353,0.9917440602816912,7.910181340804706e-06
adam_70ns,0.45,60,0.9932455527155952,0.991556940894494,6.3769416071364965e-06
adam_70ns,0.451,60,0.9929551062240249,0.9911938827800313,6.993527277757898e-06
adam_70ns,0.452,60,0.993503225312627,0.9918790316407837,5.432904933684472e-06
adam_70ns,0.453,60,0.9934978179248573,0.9918722724060717,8.654133841473881e-06
adam_70ns,0.454,60,0.9933674682669692,0.9917093353337114,5.982540196060047e-06
adam_70ns,0.455,60,0.9932872229765555,0.9916090287206942,1.208277683396749e-05
adam_70ns,0.456,60,0.9926751547789596,0.9908439434736996,1.617353011626251e-05
adam_70ns,0.457,60,0.9937482949508024,0.9921853686885029,6.152329464158678e-06
adam_70ns,0.458,60,0.9931351936552796,0.9914189920690997,8.189330000293185e-06
adam_70ns,0.459,60,0.9933423382852464,0.9916779228565583,6.578695724761279e-06
adam_70ns,0.46,60,0.9928488757775229,0.9910610947219038,1.2794187144896935e-05
adam_70ns,0.461,60,0.9930507489954561,0.9913134362443202,7.133180458794734e-06
adam_70ns,0.462,60,0.9928590798336198,0.9910738497920247,7.729426532958694e-06
adam_70ns,0.463,60,0.9930095646415906,0.9912619558019881,8.898645751426293e-06
adam_70ns,0.464,60,0.9925467559471781,0.9906834449339726,1.0307778409762037e-05
adam_70ns,0.465,60,0.9930459191762595,0.9913073989703243,9.860767404588491e-06
adam_70ns,0.466,60,0.9933174336324826,0.991646792040603,1.2136245602543686e-05
adam_70ns,0.467,60,0.9926178495207497,0.990772311900937,1.1268186822146374e-05
adam_70ns,0.468,60,0.9931259790752591,0.9914074738440737,8.03169422276518e-06
adam_70ns,0.469,60,0.9925834184313743,0.9907292730392179,1.5474589369773147e-05
adam_70ns,0.47,60,0.9920000365613997,0.9900000457017495,1.253358468797467e-05
adam_70ns,0.471,60,0.9931667462647124,0.9914584328308904,6.79616369403555e-06
adam_70ns,0.472,60,0.9928878848036359,0.9911098560045448,7.5879000758689095e-06
adam_70ns,0.473,60,0.9932959217201586,0.9916199021501978,6.58459361276948e-06
adam_70ns,0.474,60,0.9926573557060969,0.9908216946326214,7.87697788499844e-06
adam_70ns,0.475,60,0.9929044461601976,0.9911305577002468,8.196045413065519e-06
adam_70ns,0.476,60,0.992564161552095,0.9907052019401189,1.185751995499388e-05
adam_70ns,0.477,60,0.9929451944967982,0.9911814931209977,1.0137969911060451e-05
adam_70ns,0.478,60,0.9924185734250888,0.9905232167813608,1.0945246870350742e-05
adam_70ns,0.479,60,0.9925989738128806,0.9907487172661005,1.0994610948206957e-05
adam_70ns,0.48,60,0.9921815625250929,0.9902269531563659,9.590791273865849e-06
adam_70ns,0.481,60,0.9919072132932718,0.9898840166165898,1.1125081635271427e-05
adam_70ns,0.482,60,0.9922916683043547,0.990364585380443,1.3406673005428224e-05
adam_70ns,0.483,60,0.9925417134849207,0.9906771418561509,1.3883799256289606e-05
adam_70ns,0.484,60,0.9924332271127121,0.9905415338908902,1.249004655761036e-05
adam_70ns,0.485,60,0.9923837939515725,0.9904797424394653,1.8280682862504356e-05
adam_70ns,0.486,60,0.9923146345843163,0.9903932932303956,8.141496214262358e-06
adam_70ns,0.487,60,0.9929062581138486,0.9911328226423106,1.0074445208698093e-05
adam_70ns,0.488,60,0.9929809321110196,0.9912261651387746,7.389507827384979e-06
adam_70ns,0.489,60,0.992336381377427,0.9904204767217838,9.696516003460168e-06
adam_70ns,0.49,60,0.9922638732818924,0.9903298416023655,1.119383211711683e-05
adam_70ns,0.491,60,0.9918920121864722,0.9898650152330902,1.3938070199569171e-05
adam_70ns,0.492,60,0.9925053833850961,0.9906317292313701,8.860957092424904e-06
adam_70ns,0.493,60,0.9915851955538675,0.9894814944423341,1.2805884445741366e-05
adam_70ns,0.494,60,0.9921973127261957,0.9902466409077445,9.489175383377829e-06
adam_70ns,0.495,60,0.9924679514696853,0.9905849393371063,8.662874595503205e-06
adam_70ns,0.496,60,0.992134168711496,0.9901677108893698,1.5477663667811084e-05
adam_70ns,0.497,60,0.9924147767776867,0.9905184709721084,8.190610060830796e-06
adam_70ns,0.498,60,0.9918212781038384,0.9897765976297979,1.921053338732047e-05
adam_70ns,0.499,60,0.9923346195556952,0.9904182744446189,1.2754833180670705e-05
adam_70ns,0.5,60,0.9918447347560658,0.9898059184450823,1.6617752896504514e-05
adam_70ns,0.501,60,0.991805847294955,0.9897573091186939,1.40408625346803e-05
adam_70ns,0.502,60,0.9924513745521207,0.990564218190151,1.1433198994123082e-05
adam_70ns,0.503,60,0.9920346965919985,0.9900433707399982,1.662970555138861e-05
adam_70ns,0.504,60,0.9918281906470876,0.9897852383088596,1.7753032381856112e-05
adam_70ns,0.505,60,0.9926330826028237,0.9907913532535294,1.127940755105178e-05
adam_70ns,0.506,60,0.9921027851961016,0.9901284814951268,1.0751411053269208e-05
adam_70ns,0.507,60,0.9917677411163588,0.9897096763954486,1.7333768236346864e-05
adam_70ns,0.508,60,0.9920187399432472,0.9900234249290593,8.260833037571948e-06
adam_70ns,0.509,60,0.9919223089546225,0.9899028861932778,1.5922488221595033e-05
adam_70ns,0.51,60,0.9920601307530448,0.9900751634413056,1.3683970428388495e-05
adam_70ns,0.511,60,0.9914128537856975,0.9892660672321222,1.5368319487056866e-05
adam_70ns,0.512,60,0.9918604906829425,0.989825613353678,1.1797576128716207e-05
adam_70ns,0.513,60,0.9919393171272483,0.9899241464090603,1.5820768477569825e-05
adam_70ns,0.514,60,0.9916666118360301,0.9895832647950378,1.5796803876683223e-05
adam_70ns,0.515,60,0.9914112004237492,0.9892640005296863,2.0569242700140898e-05
adam_70ns,0.516,60,0.9917044897109002,0.989630612138625,1.883694786682768e-05
adam_70ns,0.517,60,0.9922749198399343,0.9903436497999178,1.076064116716883e-05
adam_70ns,0.518,60,0.9918141815758489,0.9897677269698111,1.4555065082623344e-05
adam_70ns,0.519,60,0.9918094236287218,0.9897617795359025,1.169449043678244e-05
adam_70ns,0.52,60,0.9912975849291819,0.9891219811614774,2.2646849985794503e-05
adam_70ns,0.521,60,0.9916499613792663,0.9895624517240831,1.1506285834358428e-05
adam_70ns,0.522,60,0.9916791550180488,0.989598943772561,9.685194681907806e-06
adam_70ns,0.523,60,0.9918236340668826,0.989779542583603,1.9502011814267074e-05
adam_70ns,0.524,60,0.991615594423175,0.9895194930289687,1.80334557220702e-05
adam_70ns,0.525,60,0.9918751564855504,0.9898439456069378,8.86659410804779e-06
adam_70ns,0.526,60,0.9913870385022229,0.9892337981277788,1.9077661237441372e-05
adam_70ns,0.527,60,0.9919270600283012,0.9899088250353767,1.130905093110129e-05
adam_70ns,0.528,60,0.9916388492325829,0.989548561540729,1.375084198594468e-05
adam_70ns,0.529,60,0.9913260452555156,0.9891575565693942,1.897115645676657e-05
adam_70ns,0.53,60,0.9921181494322863,0.9901476867903578,1.0184892347229094e-05
adam_70ns,0.531,60,0.9923714636449358,0.9904643295561697,9.406390102138038e-06
adam_70ns,0.532,60,0.9906863820338332,0.9883579775422916,1.8441191912667207e-05
adam_70ns,0.533,60,0.9912915422171888,0.989114427771486,1.5908110217153056e-05
adam_70ns,0.534,60,0.9910006484470927,0.9887508105588658,1.5819224411742683e-05
adam_70ns,0.535,60,0.9905369998875013,0.9881712498593765,2.4592601262162618e-05
adam_70ns,0.536,60,0.9917087034220586,0.9896358792775732,1.705568934914341e-05
adam_70ns,0.537,60,0.9919181221762721,0.9898976527203399,1.6736316385385495e-05
adam_70ns,0.538,60,0.9910511306541334,0.9888139133176665,2.0911121070654458e-05
adam_70ns,0.539,60,0.9918466747580009,0.9898083434475013,1.5189665291956972e-05
adam_70ns,0.54,60,0.9915751378857472,0.9894689223571839,1.6109325073713686e-05
adam_70ns,0.541,60,0.9916096172343463,0.9895120215429325,2.1862598295556237e-05
adam_70ns,0.542,60,0.9919965393797501,0.9899956742246874,1.0006426185073318e-05
adam_70ns,0.543,60,0.990307112290544,0.98788389036318,2.1771689335799483e-05
adam_70ns,0.544,60,0.9909429406097321,0.9886786757621648,1.4104301088124584e-05
adam_70ns,0.545,60,0.9914466705890765,0.9893083382363456,1.1399599185372541e-05
adam_70ns,0.546,60,0.9909861841044922,0.9887327301306154,1.535938858834788e-05
adam_70ns,0.547,60,0.9916874567590676,0.9896093209488345,1.8157999070092548e-05
adam_70ns,0.548,60,0.9910126814722338,0.9887658518402922,2.2189030604745982e-05
adam_70ns,0.549,60,0.991026860729562,0.9887835759119524,1.635904485308447e-05
adam_70ns,0.55,60,0.9911651723951792,0.9889564654939742,1.2871533674021422e-05
adam_70ns,0.551,60,0.9907501319243359,0.9884376649054201,1.818784463998823e-05
adam_70ns,0.552,60,0.991270374547322,0.9890879681841526,1.4415901021044655e-05
adam_70ns,0.553,60,0.9913318318314112,0.989164789789264,1.2124149205663019e-05
adam_70ns,0.554,60,0.9908229016700422,0.988528627087553,1.872573007488255e-05
adam_70ns,0.555,60,0.9913509262150454,0.9891886577688067,1.8672505291257193e-05
adam_70ns,0.556,60,0.991285117519203,0.989106396899004,1.1153892091805188e-05
adam_70ns,0.557,60,0.9904884186929245,0.9881105233661557,1.626108816798379e-05
adam_70ns,0.558,60,0.9909400350358795,0.9886750437948492,2.1001870878275965e-05
adam_70ns,0.559,60,0.9911888097677117,0.9889860122096398,1.76624848383383e-05
adam_70ns,0.56,60,0.991588043625765,0.9894850545322061,1.814478146651939e-05
adam_70ns,0.561,60,0.9911780626816384,0.9889725783520479,1.6923941374608864e-05
adam_70ns,0.562,60,0.9906569116958253,0.9883211396197817,1.3314035922712957e-05
adam_70ns,0.563,60,0.9906767802559454,0.988345975319932,1.8020670215248144e-05
adam_70ns,0.564,60,0.9907268950058639,0.9884086187573299,1.928433393362541e-05
adam_70ns,0.565,60,0.9902301523493393,0.9877876904366739,1.6867700149955936e-05
adam_70ns,0.566,60,0.9906400451507054,0.9883000564383817,1.8993533503799694e-05
adam_70ns,0.567,60,0.990960039072991,0.9887000488412385,1.6975097603697334e-05
adam_70ns,0.568,60,0.9902900727094629,0.9878625908868288,2.293893914044641e-05
adam_70ns,0.569,60,0.9906020940504295,0.9882526175630366,1.2862390468155046e-05
adam_70ns,0.57,60,0.9899251135902349,0.9874063919877935,2.7880505850350727e-05
adam_70ns,0.571,60,0.9906988977621243,0.9883736222026553,1.9600947452553735e-05
adam_70ns,0.572,60,0.9905646537426196,0.9882058171782745,2.690633040690014e-05
adam_70ns,0.573,60,0.9901501648379754,0.9876877060474689,3.2950275277019585e-05
adam_70ns,0.574,60,0.9907917360742626,0.9884896700928283,1.729300768391496e-05
adam_70ns,0.575,60,0.9906819967605028,0.9883524959506289,1.6683223535059474e-05
adam_70ns,0.576,60,0.9909829644834247,0.9887287056042809,1.605867498788718e-05
adam_70ns,0.577,60,0.9902156179628506,0.9877695224535631,2.012155820386209e-05
adam_70ns,0.578,60,0.990096478470952,0.9876205980886898,2.1304216040836352e-05
adam_70ns,0.579,60,0.9901594837512679,0.9876993546890848,1.9172174155954566e-05
adam_70ns,0.58,60,0.9908464498426316,0.9885580623032896,1.999857503041354e-05
adam_70ns,0.581,60,0.9897472992261429,0.9871841240326787,2.7403568736418734e-05
adam_70ns,0.582,60,0.9896748796265378,0.9870935995331725,2.283188641550942e-05
adam_70ns,0.583,60,0.9902327005073313,0.9877908756341642,1.9105547827347004e-05
adam_70ns,0.584,60,0.990906079029811,0.9886325987872637,1.4289073154458294e-05
adam_70ns,0.585,60,0.9903164835716709,0.9878956044645885,1.972590679898875e-05
adam_70ns,0.586,60,0.9906406648390833,0.988300831048854,1.4300251875196466e-05
adam_70ns,0.587,60,0.9898931302575416,0.9873664128219268,1.4725816472574305e-05
adam_70ns,0.588,60,0.9894841471442902,0.986855183930363,3.993489373765218e-05
adam_70ns,0.589,60,0.9898818443038778,0.9873523053798472,2.801987147977488e-05
adam_70ns,0.59,60,0.9908864152182937,0.9886080190228669,2.9956312249720244e-05
adam_70ns,0.591,60,0.9902564612875342,0.9878205766094177,2.6166190801413043e-05
adam_70ns,0.592,60,0.99015945048571,0.9876993131071374,3.5566398709644407e-05
adam_70ns,0.593,60,0.9900173939442859,0.9875217424303574,2.453869598797695e-05
adam_70ns,0.594,60,0.9898215749734409,0.987276968716801,4.599472504090772e-05
adam_70ns,0.595,60,0.9900733721012437,0.9875917151265544,2.8169252536305318e-05
adam_70ns,0.596,60,0.9904646595006454,0.9880808243758067,2.0009497229644602e-05
adam_70ns,0.597,60,0.989721098230509,0.9871513727881361,2.505765467695706e-05
adam_70ns,0.598,60,0.9899778527473316,0.9874723159341646,1.49813462220475e-05
adam_70ns,0.599,60,0.9894992019681418,0.9868740024601775,2.9059369727001786e-05
adam_70ns,0.6,60,0.9894975023589017,0.986871877948627,2.55714335935455e-05
adam_70ns,0.601,60,0.9899166406865025,0.987395800858128,2.0241797414708102e-05
adam_70ns,0.602,60,0.9893962459584955,0.9867453074481197,4.140083665872683e-05
adam_70ns,0.603,60,0.9901900245531463,0.987737530691433,1.8220847591844057e-05
adam_70ns,0.604,60,0.9895917793309223,0.986989724163653,1.9753758153633364e-05
adam_70ns,0.605,60,0.9902425414778131,0.9878031768472664,1.976544108710979e-05
adam_70ns,0.606,60,0.9902229680655359,0.9877787100819196,2.243980015789451e-05
adam_70ns,0.607,60,0.9897987461706095,0.9872484327132618,2.920722820475284e-05
adam_70ns,0.608,60,0.9890217439481632,0.9862771799352039,3.171041451835777e-05
adam_70ns,0.609,60,0.9897145474977838,0.9871431843722298,2.4726546928413413e-05
adam_70ns,0.61,60,0.990195247565604,0.9877440594570054,2.663295342803769e-05
adam_70ns,0.611,60,0.9888367182875228,0.9860458978594034,2.276684414261246e-05
adam_70ns,0.612,60,0.9896409365024397,0.9870511706280497,2.2582314145648095e-05
adam_70ns,0.613,60,0.9884383138277695,0.9855478922847121,2.321492579677922e-05
adam_70ns,0.614,60,0.9908937288220321,0.9886171610275399,1.1734258883061364e-05
adam_70ns,0.615,60,0.989866576497067,0.9873332206213336,2.2473627314154364e-05
adam_70ns,0.616,60,0.9892568667017697,0.9865710833772121,2.6836375094533127e-05
adam_70ns,0.617,60,0.989633248878212,0.987041561097765,2.2765933363632646e-05
adam_70ns,0.618,60,0.9896424331015208,0.9870530413769012,2.0624255333549037e-05
adam_70ns,0.619,60,0.9892913345260533,0.9866141681575668,2.3417425561091147e-05
adam_70ns,0.62,60,0.988850210357348,0.9860627629466854,3.7353441790480216e-05
adam_70ns,0.621,60,0.9894336697363202,0.9867920871704003,2.9184214179745832e-05
adam_70ns,0.622,60,0.9889531878952799,0.9861914848690998,2.8701687163538482e-05
adam_70ns,0.623,60,0.989488149126486,0.9868601864081075,1.73472430143392e-05
adam_70ns,0.624,60,0.9893427382886814,0.9866784228608515,2.273228946750247e-05
adam_70ns,0.625,60,0.9896947501833019,0.9871184377291274,2.055357220628026e-05
adam_70ns,0.626,60,0.9882723239677045,0.9853404049596306,4.745615515349417e-05
adam_70ns,0.627,60,0.9891406191046235,0.9864257738807795,2.7852192379178506e-05
adam_70ns,0.628,60,0.988526488204607,0.985658110255759,3.442021747404866e-05
adam_70ns,0.629,60,0.9889428780963464,0.9861785976204324,2.853349160052381e-05
adam_70ns,0.63,60,0.9885462959042951,0.9856828698803685,2.175387368416692e-05
adam_70ns,0.631,60,0.989443364527091,0.9868042056588637,2.9711717509937404e-05
adam_70ns,0.632,60,0.9883130683628742,0.9853913354535926,3.227189271231099e-05
adam_70ns,0.633,60,0.9887707414766087,0.9859634268457607,3.217649757396416e-05
adam_70ns,0.634,60,0.988626510909945,0.9857831386374312,2.2962688536899762e-05
adam_70ns,0.635,60,0.9891374222502037,0.9864217778127543,2.8209672703733044e-05
adam_70ns,0.636,60,0.9887007474385783,0.9858759342982228,2.7076933647876757e-05
adam_70ns,0.637,60,0.9895719753963846,0.986964969245481,2.4193712359206427e-05
adam_70ns,0.638,60,0.9887927257948095,0.985990907243512,5.518100043577614e-05
adam_70ns,0.639,60,0.9884398076677684,0.9855497595847107,2.411535686126939e-05
adam_70ns,0.64,60,0.9892316480483138,0.9865395600603922,2.0924727418874727e-05
adam_70ns,0.641,60,0.9890449271012616,0.9863061588765768,2.5017879417774657e-05
adam_70ns,0.642,60,0.9893679106468425,0.986709888308553,3.4686778839402184e-05
adam_70ns,0.643,60,0.9888018511023499,0.9860023138779372,2.243618486784097e-05
adam_70ns,0.644,60,0.9903377118211593,0.9879221397764489,1.9772708862832443e-05
adam_70ns,0.645,60,0.9887584146505279,0.9859480183131599,3.225712423976215e-05
adam_70ns,0.646,60,0.9885113150429862,0.9856391438037327,2.7483578892544633e-05
adam_70ns,0.647,60,0.9887425153467048,0.9859281441833809,2.2250190203937075e-05
adam_70ns,0.648,60,0.9888974103473704,0.9861217629342128,2.6441556542556123e-05
adam_70ns,0.649,60,0.9875972940827191,0.9844966176033989,3.8084790682209305e-05
adam_70ns,0.65,60,0.9895165587778302,0.9868956984722874,1.7551042752953255e-05
adam_70ns,0.651,60,0.988611800129608,0.9857647501620098,2.968657797587744e-05
adam_70ns,0.652,60,0.9885762031250629,0.9857202539063287,1.9496763338991244e-05
adam_70ns,0.653,60,0.9891876729024887,0.9864845911281107,2.5189665488638313e-05
adam_70ns,0.654,60,0.9887235650805751,0.9859044563507188,4.1967963328991636e-05
adam_70ns,0.655,60,0.987916350098756,0.984895437623445,3.2678771121007496e-05
adam_70ns,0.656,60,0.9886248813493005,0.9857811016866252,2.7174530620665043e-05
adam_70ns,0.657,60,0.9888853317997139,0.9861066647496421,3.60225329921017e-05
adam_70ns,0.658,60,0.9870992845936901,0.9838741057421125,3.4535136077575654e-05
adam_70ns,0.659,60,0.98873613379034,0.985920167237925,2.516705150453749e-05
adam_70ns,0.66,60,0.9890337703413693,0.9862922129267115,3.4354703299013215e-05
adam_70ns,0.661,60,0.9883128460167159,0.9853910575208946,3.6173239185362686e-05
adam_70ns,0.662,60,0.988789075690875,0.9859863446135937,2.035018881184943e-05
adam_70ns,0.663,60,0.9885164007951497,0.985645500993937,3.351277044059572e-05
adam_70ns,0.664,60,0.9891081008678353,0.9863851260847939,2.4022705095292304e-05
adam_70ns,0.665,60,0.98789625413906,0.9848703176738248,2.582975288545092e-05
adam_70ns,0.666,60,0.9881217130885835,0.9851521413607294,3.000416287954917e-05
adam_70ns,0.667,60,0.9876927934049271,0.9846159917561589,5.752151468223286e-05
adam_70ns,0.668,60,0.9883111000877266,0.9853888751096582,3.349967423328814e-05
adam_70ns,0.669,60,0.9879965250902956,0.9849956563628695,2.5357943743146258e-05
adam_70ns,0.67,60,0.9887412640755091,0.9859265800943864,3.210222906708606e-05
adam_70ns,0.671,60,0.9879125404608028,0.9848906755760035,3.711211655487402e-05
adam_70ns,0.672,60,0.9884367974958708,0.9855459968698385,3.912241142813652e-05
adam_70ns,0.673,60,0.9888665654875827,0.9860832068594783,2.4312385350561997e-05
adam_70ns,0.674,60,0.9889396208322275,0.986174526040284,1.7038921165578388e-05
adam_70ns,0.675,60,0.9881750412137557,0.9852188015171944,2.9024238624641363e-05
adam_70ns,0.676,60,0.9869428789273244,0.9836785986591555,5.2902847222332636e-05
adam_70ns,0.677,60,0.9882090498217132,0.9852613122771412,3.139508994689109e-05
adam_70ns,0.678,60,0.9882455761043563,0.9853069701304455,3.176695987750616e-05
adam_70ns,0.679,60,0.9874271683549076,0.9842839604436342,3.2217128469832374e-05
adam_70ns,0.68,60,0.9866705850222233,0.9833382312777788,3.89686314846658e-05
adam_70ns,0.681,60,0.9875905346113945,0.9844881682642428,3.271663064537059e-05
adam_70ns,0.682,60,0.9870275637884283,0.9837844547355351,4.300630535116743e-05
adam_70ns,0.683,60,0.9873046007982685,0.9841307509978356,3.8992334644381666e-05
adam_70ns,0.684,60,0.9875029536550587,0.9843786920688234,2.9639002724390655e-05
adam_70ns,0.685,60,0.9869603529570526,0.9837004411963156,2.7917830984380127e-05
adam_70ns,0.686,60,0.9882020216101246,0.9852525270126555,2.5091554598413798e-05
adam_70ns,0.687,60,0.9877472506592654,0.9846840633240815,3.925154118822207e-05
adam_70ns,0.688,60,0.9881936529776447,0.9852420662220561,2.2590688992076204e-05
adam_70ns,0.689,60,0.9873507383905527,0.9841884229881906,3.534221939525304e-05
adam_70ns,0.69,60,0.9882234670816662,0.9852793338520828,2.4265330823372442e-05
adam_70ns,0.691,60,0.9872868658503932,0.9841085823129914,4.3801352038903484e-05
adam_70ns,0.692,60,0.9877260926161475,0.9846576157701842,2.97835434485737e-05
adam_70ns,0.693,60,0.9871942149838309,0.9839927687297881,4.3630199300306666e-05
adam_70ns,0.694,60,0.9870478190873642,0.9838097738592052,4.113673153184337e-05
adam_70ns,0.695,60,0.9877847721610078,0.9847309652012598,3.399954671631837e-05
adam_70ns,0.696,60,0.9877114220174757,0.9846392775218449,3.217108045260914e-05
adam_70ns,0.697,60,0.9886092067481793,0.9857615084352243,2.4946938441211507e-05
adam_70ns,0.698,60,0.9861012185015379,0.9826265231269221,3.704300682133163e-05
adam_70ns,0.699,60,0.9872394987621809,0.9840493734527259,4.672395692525443e-05
adam_70ns,0.7,60,0.9867707608067431,0.9834634510084286,5.795295624450657e-05
adam_70ns,0.701,60,0.9857911034686165,0.9822388793357704,4.125600053290886e-05
adam_70ns,0.702,60,0.9877403663453604,0.9846754579317006,4.2579272440744586e-05
adam_70ns,0.703,60,0.9867981486329221,0.9834976857911527,5.0677607976462736e-05
adam_70ns,0.704,60,0.986339529858481,0.9829244123231011,2.4028048193269516e-05
adam_70ns,0.705,60,0.9872035594503932,0.9840044493129914,3.8505457841358214e-05
adam_70ns,0.706,60,0.9862668826075693,0.9828336032594616,4.185966083578029e-05
adam_70ns,0.707,60,0.9875476083538488,0.9844345104423109,3.749873464201669e-05
adam_70ns,0.708,60,0.988006371303454,0.9850079641293176,2.1566515171976523e-05
adam_70ns,0.709,60,0.9871169750739075,0.9838962188423844,3.0220339096916025e-05
adam_70ns,0.71,60,0.9862228089183791,0.982778511147974,3.8315787317056204e-05
adam_70ns,0.711,60,0.9872239622725751,0.9840299528407187,4.1347890467767586e-05
adam_70ns,0.712,60,0.9868751297410011,0.9835939121762513,3.343506164626516e-05
adam_70ns,0.713,60,0.9878014720965244,0.9847518401206552,2.6260968094975565e-05
adam_70ns,0.714,60,0.9873027117514925,0.9841283896893656,1.853794139015097e-05
adam_70ns,0.715,60,0.98778806308469,0.9847350788558623,4.2283161215698805e-05
adam_70ns,0.716,60,0.9865840908139429,0.9832301135174288,4.343245025556905e-05
adam_70ns,0.717,60,0.9867059339266944,0.9833824174083678,3.776553616974191e-05
adam_70ns,0.718,60,0.9878059928916585,0.9847574911145734,3.3320974767988324e-05
adam_70ns,0.719,60,0.9874602899646545,0.9843253624558184,3.3148629783675936e-05
adam_70ns,0.72,60,0.986004256924446,0.9825053211555576,3.731327850512197e-05
adam_70ns,0.721,60,0.985468458026409,0.9818355725330116,3.11954359086174e-05
adam_70ns,0.722,60,0.9860721401366654,0.9825901751708319,3.571181379420774e-05
adam_70ns,0.723,60,0.9873672203974228,0.9842090254967784,3.585715370761906e-05
adam_70ns,0.724,60,0.9871682470376388,0.9839603087970488,3.331245388764239e-05
adam_70ns,0.725,60,0.9867597063173836,0.9834496328967296,2.778851063277557e-05
adam_70ns,0.726,60,0.9870623402218759,0.9838279252773448,4.4664311111927146e-05
adam_70ns,0.727,60,0.9866125181757042,0.98326564771963,3.1124761560970646e-05
adam_70ns,0.728,60,0.9874859331779503,0.9843574164724377,4.824107972607076e-05
adam_70ns,0.729,60,0.9866463003712135,0.9833078754640167,3.0070809287906412e-05
adam_70ns,0.73,60,0.9868461259429675,0.9835576574287095,3.7836493998127786e-05
adam_70ns,0.731,60,0.9872007877781398,0.9840009847226746,3.840570824511504e-05
adam_70ns,0.732,60,0.9865173716067273,0.983146714508409,4.318714237705068e-05
adam_70ns,0.733,60,0.9869190074717367,0.9836487593396708,4.5003620621084075e-05
adam_70ns,0.734,60,0.9861416479760081,0.9826770599700101,3.573736902593743e-05
adam_70ns,0.735,60,0.9854240502173032,0.9817800627716289,5.057211190311548e-05
adam_70ns,0.736,60,0.9858453414059704,0.982306676757463,2.7437554442636288e-05
adam_70ns,0.737,60,0.9858324210144915,0.9822905262681144,6.0229194151612494e-05
adam_70ns,0.738,60,0.9857950485914652,0.9822438107393315,4.299111875250139e-05
adam_70ns,0.739,60,0.9870346363691861,0.9837932954614825,4.106697023295817e-05
adam_70ns,0.74,60,0.986068555284666,0.9825856941058324,3.6267336752995244e-05
adam_70ns,0.741,60,0.9860280726635784,0.982535090829473,3.166226711283375e-05
adam_70ns,0.742,60,0.9873222486386919,0.9841528107983648,3.0041196623583554e-05
adam_70ns,0.743,60,0.9852116018053683,0.9815145022567102,5.963231354956244e-05
adam_70ns,0.744,60,0.9860437274590339,0.9825546593237925,5.0275319706750395e-05
adam_70ns,0.745,60,0.9856150811794571,0.9820188514743211,5.403542536977231e-05
adam_70ns,0.746,60,0.986402328216486,0.9830029102706075,3.716632145128724e-05
adam_70ns,0.747,60,0.9855361204077202,0.9819201505096502,4.9624268740269504e-05
adam_70ns,0.748,60,0.9853786678542154,0.981723334817769,4.665496937931346e-05
adam_70ns,0.749,60,0.9847678126294372,0.9809597657867964,6.552149329974448e-05
adam_70ns,0.75,60,0.9855211146714752,0.9819013933393437,3.81859541027487e-05
adam_70ns,0.751,60,0.986683730039088,0.9833546625488603,2.280713616766185e-05
adam_70ns,0.752,60,0.9847138851026138,0.9808923563782673,6.207281753326034e-05
adam_70ns,0.753,60,0.9860529158337134,0.9825661447921417,6.164494756006429e-05
adam_70ns,0.754,60,0.985546833738799,0.9819335421734987,3.573172063382193e-05
adam_70ns,0.755,60,0.9852087876107142,0.9815109845133929,6.475648112164255e-05
adam_70ns,0.756,60,0.9860251754945966,0.9825314693682455,3.620506908105015e-05
adam_70ns,0.757,60,0.9862153333898059,0.9827691667372576,3.124034619266092e-05
adam_70ns,0.758,60,0.9859833502993738,0.9824791878742173,4.179511552623775e-05
adam_70ns,0.759,60,0.9836076350895013,0.9795095438618764,6.041014585706233e-05
adam_70ns,0.76,60,0.9861804216379234,0.9827255270474043,3.5561556336905425e-05
adam_70ns,0.761,60,0.986003388306703,0.9825042353833787,3.6492470799139165e-05
adam_70ns,0.762,60,0.9848986298459566,0.9811232873074459,4.655471764472355e-05
adam_70ns,0.763,60,0.985060039957303,0.9813250499466285,6.322608490242197e-05
adam_70ns,0.764,60,0.9854238655750369,0.9817798319687963,4.2259662090508114e-05
adam_70ns,0.765,60,0.984866926736984,0.9810836584212299,4.6412141056316356e-05
adam_70ns,0.766,60,0.9848911952293893,0.9811139940367365,4.9561197110002964e-05
adam_70ns,0.767,60,0.9852751580908535,0.9815939476135668,3.704100301610805e-05
adam_70ns,0.768,60,0.9859619056488094,0.9824523820610117,3.96773710979854e-05
adam_70ns,0.769,60,0.9848868846998556,0.9811086058748193,4.789508974594406e-05
adam_70ns,0.77,60,0.9864471385229845,0.9830589231537307,5.668646207285384e-05
adam_70ns,0.771,60,0.985759019272297,0.9821987740903712,4.128350757432451e-05
adam_70ns,0.772,60,0.9847184952570105,0.9808981190712629,4.931488193176796e-05
adam_70ns,0.773,60,0.986194909477307,0.9827436368466337,3.4268024391956355e-05
adam_70ns,0.774,60,0.984477689423088,0.9805971117788601,7.704169415521903e-05
adam_70ns,0.775,60,0.986295453543005,0.9828693169287561,4.071298026430034e-05
adam_70ns,0.776,60,0.9863925430247247,0.9829906787809058,5.319737591124236e-05
adam_70ns,0.777,60,0.9853017479499467,0.9816271849374335,6.5780727257537e-05
adam_70ns,0.778,60,0.9863157037174197,0.9828946296467745,3.313703152870365e-05
adam_70ns,0.779,60,0.985205170667415,0.9815064633342686,4.107240252179067e-05
adam_70ns,0.78,60,0.9830722796019548,0.9788403495024433,7.138949748936752e-05
adam_70ns,0.781,60,0.984440803662732,0.9805510045784148,7.240754067847805e-05
adam_70ns,0.782,60,0.9851780271098254,0.981472533887282,6.40995651054976e-05
adam_70ns,0.783,60,0.9844237758102065,0.980529719762758,5.0592336075927246e-05
adam_70ns,0.784,60,0.9846291822596502,0.9807864778245629,6.075059817896848e-05
adam_70ns,0.785,60,0.9846078100647615,0.9807597625809521,5.502036579977597e-05
adam_70ns,0.786,60,0.9845883748144921,0.980735468518115,4.9199055804134806e-05
adam_70ns,0.787,60,0.9840250529290174,0.9800313161612716,7.132990989397085e-05
adam_70ns,0.788,60,0.984849776007285,0.9810622200091058,5.3452020979367036e-05
adam_70ns,0.789,60,0.9856829650185278,0.9821037062731597,4.8602578056088077e-05
adam_70ns,0.79,60,0.9831131507303574,0.9788914384129467,6.203288398531712e-05
adam_70ns,0.791,60,0.983852987647796,0.9798162345597451,6.187553229115133e-05
adam_70ns,0.792,60,0.984706710176819,0.9808833877210238,5.297782598578609e-05
adam_70ns,0.793,60,0.9859182753739555,0.9823978442174444,3.164684316155926e-05
adam_70ns,0.794,60,0.9853322188981055,0.9816652736226319,3.893564625877316e-05
adam_70ns,0.795,60,0.9847807133489334,0.9809758916861664,5.0590413863935176e-05
adam_70ns,0.796,60,0.9821854015689513,0.9777317519611892,6.9960918865813e-05
adam_70ns,0.797,60,0.984049703821188,0.9800621297764851,4.161431860432215e-05
adam_70ns,0.798,60,0.9848191421015472,0.9810239276269339,3.092004803737317e-05
adam_70ns,0.799,60,0.9849594310218214,0.9811992887772768,5.340045664662609e-05
adam_70ns,0.8,60,0.9846364456444899,0.9807955570556124,5.338619641419206e-05
adam_70ns,0.801,60,0.9834617200658795,0.979327150082349,8.183095500466082e-05
adam_70ns,0.802,60,0.9835355036757154,0.979419379594644,6.018618381119991e-05
adam_70ns,0.803,60,0.9841840983583439,0.9802301229479295,5.139215646041329e-05
adam_70ns,0.804,60,0.9839821686672252,0.9799777108340314,5.620279356209496e-05
adam_70ns,0.805,60,0.9828617728196165,0.9785772160245204,6.908292644754886e-05
adam_70ns,0.806,60,0.984043615471613,0.9800545193395165,5.118682460016626e-05
adam_70ns,0.807,60,0.9839973360470344,0.979996670058793,5.8442130400509415e-05
adam_70ns,0.808,60,0.9838594260404634,0.9798242825505793,5.028356847848361e-05
adam_70ns,0.809,60,0.984189482407059,0.9802368530088238,6.807687506881849e-05
adam_70ns,0.81,60,0.9851259642134398,0.9814074552667996,4.34792001242417e-05
adam_70ns,0.811,60,0.9819841616514563,0.9774802020643204,9.639417577003877e-05
adam_70ns,0.812,60,0.983383228349695,0.9792290354371186,7.609176752562991e-05
adam_70ns,0.813,60,0.9859171038312914,0.9823963797891141,5.006766013193285e-05
adam_70ns,0.814,60,0.983628297671643,0.9795353720895538,8.071302875830066e-05
adam_70ns,0.815,60,0.9828608997528137,0.9785761246910168,8.587155524407324e-05
adam_70ns,0.816,60,0.9821677031158956,0.9777096288948696,8.68883099395066e-05
adam_70ns,0.817,60,0.9829099502477526,0.9786374378096905,9.607223006202406e-05
adam_70ns,0.818,60,0.9836239637971504,0.9795299547464381,7.280951731261779e-05
adam_70ns,0.819,60,0.9830164526480316,0.9787705658100394,4.590639667647484e-05
adam_70ns,0.82,60,0.9839184528212077,0.9798980660265094,4.85266396916295e-05
adam_70ns,0.821,60,0.9830596270803839,0.9788245338504797,6.639958535934845e-05
adam_70ns,0.822,60,0.9836511618113214,0.9795639522641516,6.201170156273144e-05
adam_70ns,0.823,60,0.9833438137936441,0.9791797672420549,6.679238890009283e-05
adam_70ns,0.824,60,0.9831114823694791,0.978889352961849,7.108814666693811e-05
adam_70ns,0.825,60,0.9833701882798916,0.9792127353498643,6.768481946780705e-05
adam_70ns,0.826,60,0.9834821019950089,0.979352627493761,7.201259285436524e-05
adam_70ns,0.827,60,0.9831540984354565,0.9789426230443206,5.051465589021162e-05
adam_70ns,0.828,60,0.9844281419128942,0.980535177391118,8.572039946058997e-05
adam_70ns,0.829,60,0.9826141701493744,0.978267712686718,0.0001027732346059634
adam_70ns,0.83,60,0.9831411626387094,0.9789264532983871,6.118892786000638e-05
adam_70ns,0.831,60,0.9835439086952029,0.9794298858690031,4.557477991653503e-05
adam_70ns,0.832,60,0.9827882994711676,0.9784853743389593,9.395153335262776e-05
adam_70ns,0.833,60,0.9818559091781651,0.9773198864727065,7.559128542847627e-05
adam_70ns,0.834,60,0.9840411004725971,0.9800513755907461,4.5640786783898744e-05
adam_70ns,0.835,60,0.9812264777931112,0.9765330972413888,0.0001123360123721664
adam_70ns,0.836,60,0.984267501613262,0.9803343770165774,5.6952193649301557e-05
adam_70ns,0.837,60,0.9825137534289325,0.9781421917861655,9.196259806819653e-05
adam_70ns,0.838,60,0.984109931773745,0.9801374147171812,5.475547337155248e-05
adam_70ns,0.839,60,0.9826443796828365,0.9783054746035457,7.331985126241407e-05
adam_70ns,0.84,60,0.9834731666103379,0.9793414582629224,5.9195052912956675e-05
adam_70ns,0.841,60,0.9831920757713001,0.9789900947141253,6.52113984808151e-05
adam_70ns,0.842,60,0.9829940126562922,0.9787425158203651,6.507190601010444e-05
adam_70ns,0.843,60,0.9836728395568625,0.9795910494460781,4.83479919516941e-05
adam_70ns,0.844,60,0.9835737596546889,0.979467199568361,5.865470220743335e-05
adam_70ns,0.845,60,0.9839185239716542,0.979898154964568,5.666694918819871e-05
adam_70ns,0.846,60,0.9828835096981763,0.9786043871227202,7.457129836917515e-05
adam_70ns,0.847,60,0.9812192133756762,0.9765240167195955,0.00010125529497220509
adam_70ns,0.848,60,0.9826900241299339,0.978362530162417,5.205848770509639e-05
adam_70ns,0.849,60,0.9836455728006591,0.9795569660008238,5.486479335487444e-05
adam_70ns,0.85,60,0.9842073358825483,0.9802591698531854,4.641648170491834e-05
adam_70ns,0.851,60,0.9819661707136209,0.977457713392026,6.852797904732416e-05
adam_70ns,0.852,60,0.9819676598884929,0.977459574860616,7.654602277646661e-05
adam_70ns,0.853,60,0.9827567341151483,0.9784459176439351,5.384781375235526e-05
adam_70ns,0.854,60,0.9813168067100375,0.9766460083875469,9.542692904101906e-05
adam_70ns,0.855,60,0.9818985606795612,0.9773732008494513,0.00011277820154216143
adam_70ns,0.856,60,0.9824494353260294,0.9780617941575366,7.206520230806105e-05
adam_70ns,0.857,60,0.9829957860525305,0.9787447325656633,6.68546342100843e-05
adam_70ns,0.858,60,0.9807506867051435,0.9759383583814294,9.91879039391029e-05
adam_70ns,0.859,60,0.982737881008055,0.9784223512600686,7.588903536529983e-05
adam_70ns,0.86,60,0.9817477897598974,0.977184737199872,6.585297962721146e-05
adam_70ns,0.861,60,0.9827624270707749,0.9784530338384686,7.771145522325536e-05
adam_70ns,0.862,60,0.9804048429037264,0.9755060536296579,0.00012692775573688376
adam_70ns,0.863,60,0.9822730757548753,0.9778413446935941,7.104671301240892e-05
adam_70ns,0.864,60,0.9822940651864678,0.9778675814830847,6.1015300034413395e-05
adam_70ns,0.865,60,0.9823962678619304,0.977995334827413,6.946874941776856e-05
adam_70ns,0.866,60,0.9815989731346577,0.9769987164183223,6.364010195333935e-05
adam_70ns,0.867,60,0.9818719873053088,0.9773399841316359,9.401087601221631e-05
adam_70ns,0.868,60,0.9819364574039607,0.9774205717549509,6.707614162769596e-05
adam_70ns,0.869,60,0.9826984492275117,0.9783730615343895,9.05917777325337e-05
adam_70ns,0.87,60,0.9797555013189634,0.9746943766487042,8.119001421812707e-05
adam_70ns,0.871,60,0.9841656327427446,0.9802070409284307,4.052022186837709e-05
adam_70ns,0.872,60,0.9815970765102396,0.9769963456377994,0.00011236984541755663
adam_70ns,0.873,60,0.982447099917512,0.9780588748968899,6.150223520954094e-05
adam_70ns,0.874,60,0.9804524978629594,0.9755656223286994,8.461123518895956e-05
adam_70ns,0.875,60,0.9820879723144214,0.9776099653930266,7.91882965527326e-05
adam_70ns,0.876,60,0.9815701109619523,0.9769626387024402,0.00010414111449860776
adam_70ns,0.877,60,0.9808570374485059,0.9760712968106323,7.138514016893158e-05
adam_70ns,0.878,60,0.9817889423618162,0.9772361779522706,6.021732059914279e-05
adam_70ns,0.879,60,0.982144469449488,0.9776805868118601,6.714967122125805e-05
adam_70ns,0.88,60,0.982020012593038,0.9775250157412975,8.210737607552451e-05
adam_70ns,0.881,60,0.9828580027031916,0.9785725033789895,6.486961259491595e-05
adam_70ns,0.882,60,0.9814125131236481,0.9767656414045601,6.594179203637831e-05
adam_70ns,0.883,60,0.9814690132296253,0.9768362665370315,9.948268447948564e-05
adam_70ns,0.884,60,0.9806323991340197,0.9757904989175246,9.083602000710076e-05
adam_70ns,0.885,60,0.9805290903173948,0.9756613628967433,7.664167144420465e-05
adam_70ns,0.886,60,0.9808832821738678,0.9761041027173348,6.837851716738559e-05
adam_70ns,0.887,60,0.9808011001696061,0.9760013752120076,0.00010729326096320525
adam_70ns,0.888,60,0.9821120457858644,0.9776400572323305,5.7430858447767065e-05
adam_70ns,0.889,60,0.9804354118891507,0.9755442648614385,8.205664686862807e-05
adam_70ns,0.89,60,0.9821995682905927,0.9777494603632407,6.482062930917102e-05
adam_70ns,0.891,60,0.9811983000215957,0.9764978750269947,6.573070809619178e-05
adam_70ns,0.892,60,0.9823548367889808,0.9779435459862261,5.2815546633570773e-05
adam_70ns,0.893,60,0.9798487317943411,0.9748109147429265,0.00010128316891923918
adam_70ns,0.894,60,0.9817690749563628,0.9772113436954534,9.447151701356018e-05
adam_70ns,0.895,60,0.9811805112247858,0.9764756390309822,9.827185494938601e-05
adam_70ns,0.896,60,0.9798420518286705,0.974802564785838,8.777819045910915e-05
adam_70ns,0.897,60,0.9803129054826883,0.9753911318533603,8.135813792949591e-05
adam_70ns,0.898,60,0.9810472067732875,0.9763090084666092,7.204657096585705e-05
adam_70ns,0.899,60,0.9815824754989859,0.9769780943737323,9.650862018089621e-05
adam_70ns,0.9,60,0.9798775647351395,0.9748469559189245,8.663654099672804e-05
adam_70ns,0.901,60,0.9818425391282262,0.9773031739102827,5.2953114309829586e-05
adam_70ns,0.902,60,0.9816501869479058,0.9770627336848821,5.938215872363726e-05
adam_70ns,0.903,60,0.9807700157707804,0.9759625197134753,9.169647990924842e-05
adam_70ns,0.904,60,0.9799062391452242,0.9748827989315303,6.506232595956356e-05
adam_70ns,0.905,60,0.9807502594120638,0.9759378242650796,8.314414080954683e-05
adam_70ns,0.906,60,0.981066698657542,0.9763333733219276,0.00010002062605351192
adam_70ns,0.907,60,0.9816929496238743,0.9771161870298427,6.565431267918722e-05
adam_70ns,0.908,60,0.9812932583689625,0.9766165729612031,5.358378739706568e-05
adam_70ns,0.909,60,0.9804933678974618,0.9756167098718274,7.991626225108069e-05
adam_70ns,0.91,60,0.9816971936056276,0.9771214920070347,7.988825635257882e-05
adam_70ns,0.911,60,0.9790760553171887,0.9738450691464856,0.00012415815206553814
adam_70ns,0.912,60,0.9794821922182404,0.9743527402728004,0.00013369778510389938
adam_70ns,0.913,60,0.980622404786492,0.9757780059831148,7.855517590324761e-05
adam_70ns,0.914,60,0.9783318724614049,0.9729148405767561,0.0001204109899928497
adam_70ns,0.915,60,0.982191159548966,0.9777389494362075,4.505669901867009e-05
adam_70ns,0.916,60,0.982806479485658,0.9785080993570726,6.385795327399896e-05
adam_70ns,0.917,60,0.9788300511721307,0.9735375639651636,8.803717578019159e-05
adam_70ns,0.918,60,0.9822646516108817,0.9778308145136024,6.641803192961783e-05
adam_70ns,0.919,60,0.9785742865806129,0.9732178582257661,0.000102404542434813
adam_70ns,0.92,60,0.9812757587789882,0.9765946984737351,6.38973890133441e-05
adam_70ns,0.921,60,0.9811055166485367,0.9763818958106713,8.373693918097901e-05
adam_70ns,0.922,60,0.9790013232039304,0.9737516540049127,0.00011191357198594809
adam_70ns,0.923,60,0.9807215065106991,0.975901883138374,0.00010188410426827974
adam_70ns,0.924,60,0.9803705146582626,0.9754631433228285,6.34351505477443e-05
adam_70ns,0.925,60,0.9793726016006084,0.9742157520007603,0.00011097825221085629
adam_70ns,0.926,60,0.9796595255486003,0.9745744069357501,0.00010850458212587939
adam_70ns,0.927,60,0.978816955500688,0.97352119437586,0.00011279514554219149
adam_70ns,0.928,60,0.9812419951091358,0.9765524938864197,7.596607451311067e-05
adam_70ns,0.929,60,0.9793177347851492,0.9741471684814366,0.00012234107131623692
adam_70ns,0.93,60,0.9793571162007236,0.9741963952509044,0.00010373239534433259
adam_70ns,0.931,60,0.9782731537483761,0.9728414421854701,0.00014106489782785974
adam_70ns,0.932,60,0.9796844118701924,0.9746055148377404,5.795583607038574e-05
adam_70ns,0.933,60,0.977942088069897,0.9724276100873711,0.00011192339456000723
adam_70ns,0.934,60,0.979693983013322,0.9746174787666525,0.0001111792244987094
adam_70ns,0.935,60,0.9820621518383551,0.9775776897979437,8.443976777713374e-05
adam_70ns,0.936,60,0.9783254432406561,0.9729068040508201,0.00017484038677870179
adam_70ns,0.937,60,0.979721126029687,0.9746514075371088,0.00010265751439435287
adam_70ns,0.938,60,0.9800735113500272,0.9750918891875339,8.126463090209432e-05
adam_70ns,0.939,60,0.9801740273754627,0.9752175342193283,0.00013695712901960703
adam_70ns,0.94,60,0.9800528527234751,0.9750660659043436,9.399070486431252e-05
adam_70ns,0.941,60,0.9790879009843959,0.9738598762304946,8.18547079397151e-05
adam_70ns,0.942,60,0.9798405893649911,0.9748007367062386,0.000123275429798278
adam_70ns,0.943,60,0.9801501475520653,0.9751876844400814,8.4536737422373e-05
adam_70ns,0.944,60,0.9793466620027399,0.9741833275034248,8.779462031066994e-05
adam_70ns,0.945,60,0.9789416852472901,0.9736771065591124,0.00012087127238449543
adam_70ns,0.946,60,0.9803149134878284,0.9753936418597857,0.0001360430054571311
adam_70ns,0.947,60,0.9807888584367479,0.9759860730459351,8.116732218424962e-05
adam_70ns,0.948,60,0.9787699360621414,0.9734624200776768,0.00012086304163619786
adam_70ns,0.949,60,0.9802167742283614,0.9752709677854515,0.00011600684921395416
adam_70ns,0.95,60,0.978782823396032,0.9734785292450396,0.00010272791415194167
adam_70ns,0.951,60,0.9791211438444472,0.9739014298055586,0.00011259229568809183
adam_70ns,0.952,60,0.9779167473926048,0.9723959342407561,0.00015872780047265658
adam_70ns,0.953,60,0.9781568678027575,0.9726960847534465,0.00015866597824009215
adam_70ns,0.954,60,0.979057901732651,0.9738223771658139,0.00012898621122108407
adam_70ns,0.955,60,0.980782714869203,0.9759783935865037,0.0001102958584093024
adam_70ns,0.956,60,0.981052766142577,0.9763159576782214,7.534578586496199e-05
adam_70ns,0.957,60,0.9809571292508885,0.9761964115636104,7.168678590813586e-05
adam_70ns,0.958,60,0.9783974142163588,0.9729967677704486,0.00011508559928924533
adam_70ns,0.959,60,0.9797352043419839,0.9746690054274798,0.00011218157965388483
adam_70ns,0.96,60,0.9779873349089006,0.9724841686361256,0.00011102695998868699
adam_70ns,0.961,60,0.9781288561601947,0.9726610702002436,0.00010979960657114269
adam_70ns,0.962,60,0.9757976056458241,0.9697470070572799,0.0001317549429145353
adam_70ns,0.963,60,0.9789412037515132,0.9736765046893916,9.648047533196792e-05
adam_70ns,0.964,60,0.9784057340824426,0.9730071676030533,0.00010556986095674662
adam_70ns,0.965,60,0.9777928470714606,0.9722410588393259,0.0001087021923622069
adam_70ns,0.966,60,0.9778737972834283,0.9723422466042854,0.0001084324944246861
adam_70ns,0.967,60,0.9780604379141988,0.9725755473927484,0.00010865202432158006
adam_70ns,0.968,60,0.9773783636080626,0.9717229545100784,0.00014987152978315307
adam_70ns,0.969,60,0.97896794441738,0.9737099305217252,0.0001332440871997742
adam_70ns,0.97,60,0.9772712453016699,0.9715890566270874,0.000136656673497234
adam_70ns,0.971,60,0.9773996806548709,0.9717496008185886,0.00015384520443462898
adam_70ns,0.972,60,0.9800229435495414,0.975028679436927,0.00011237056910273214
adam_70ns,0.973,60,0.9790430990817935,0.973803873852242,0.00010375673404254181
adam_70ns,0.974,60,0.9788455151586881,0.97355689394836,0.0001019988108782701
adam_70ns,0.975,60,0.9777932984552369,0.9722416230690462,0.00012927597805819
adam_70ns,0.976,60,0.9793373980540171,0.9741717475675216,8.222166824472806e-05
adam_70ns,0.977,60,0.9800819109823848,0.975102388727981,0.00010077089703204005
adam_70ns,0.978,60,0.9770192332690762,0.9712740415863453,0.00013094700445099303
adam_70ns,0.979,60,0.978130636021028,0.972663295026285,0.00015153990212430645
adam_70ns,0.98,60,0.978349501675759,0.9729368770946987,0.000125178505349734
adam_70ns,0.981,60,0.979455408995103,0.9743192612438788,8.406622618312238e-05
adam_70ns,0.982,60,0.9787951458626081,0.9734939323282602,9.059726975769635e-05
adam_70ns,0.983,60,0.9788291923050757,0.9735364903813447,0.00011712791130216287
adam_70ns,0.984,60,0.9772582758517093,0.9715728448146366,9.21706763623556e-05
adam_70ns,0.985,60,0.9779599357995843,0.97244991974948,7.964919909210734e-05
adam_70ns,0.986,60,0.9778832456964235,0.9723540571205291,0.00010343663504837915
adam_70ns,0.987,60,0.9776374247512725,0.9720467809390906,0.00011218523278664284
adam_70ns,0.988,60,0.976504377091592,0.97063047136449,0.0001760295808515233
adam_70ns,0.989,60,0.9778186898880874,0.9722733623601092,0.00010411913386672829
adam_70ns,0.99,60,0.975851047848995,0.9698138098112437,0.00014234430493183407
adam_70ns,0.991,60,0.9788514300986274,0.9735642876232842,0.00011040699930668251
adam_70ns,0.992,60,0.9770885081211411,0.9713606351514265,0.00010125339218901259
adam_70ns,0.993,60,0.9783399166857252,0.9729248958571564,0.00010731007231584536
adam_70ns,0.994,60,0.9767223506837402,0.9709029383546753,0.00014186347827175135
adam_70ns,0.995,60,0.9774284104722825,0.9717855130903531,0.00010192826159306689
adam_70ns,0.996,60,0.9781041384229548,0.9726301730286935,9.483210394620553e-05
adam_70ns,0.997,60,0.9762976283244769,0.9703720354055961,0.00012925908912576637
adam_70ns,0.998,60,0.9771319266150024,0.971414908268753,8.84713682057609e-05
adam_70ns,0.999,60,0.9768398925855082,0.9710498657318853,0.00012099958746805003
adam_70ns,1.0,60,0.9785556290260917,0.9731945362826147,0.00010445570584094133
adam_70ns,1.001,60,0.978083837771457,0.9726047972143214,9.92234401511606e-05
adam_70ns,1.002,60,0.9771092063246046,0.971386507905756,6.300522379381055e-05
adam_70ns,1.003,60,0.9788715577133786,0.9735894471417234,7.104107748846203e-05
adam_70ns,1.004,60,0.9760939938456987,0.9701174923071234,9.240224695885807e-05
adam_70ns,1.005,60,0.9760998904881121,0.9701248631101401,8.714624419117043e-05
adam_70ns,1.006,60,0.9762003101567398,0.9702503876959248,0.00012758799465954532
adam_70ns,1.007,60,0.9763676062586986,0.9704595078233732,0.0001351757948879281
adam_70ns,1.008,60,0.9768964083548488,0.9711205104435608,0.00012476544815758517
adam_70ns,1.009,60,0.9752165431368853,0.9690206789211065,0.00025290374905194397
adam_70ns,1.01,60,0.9773699324979579,0.9717124156224476,0.00010434121411906727
adam_70ns,1.011,60,0.9783899152053742,0.9729873940067179,0.00012255180779770206
adam_70ns,1.012,60,0.9756284723111377,0.969535590388922,0.0001572386716745176
adam_70ns,1.013,60,0.9753171005171346,0.9691463756464179,0.00018217134080095084
adam_70ns,1.014,60,0.9762206708055242,0.9702758385069054,0.0002096586610619653
adam_70ns,1.015,60,0.9768883424865362,0.9711104281081703,0.0001438043364144104
adam_70ns,1.016,60,0.9776007730990307,0.9720009663737886,8.217054604036286e-05
adam_70ns,1.017,60,0.9753001541753353,0.9691251927191689,0.00020043497581188804
adam_70ns,1.018,60,0.9740233249751846,0.9675291562189805,0.0001600355484232748
adam_70ns,1.019,60,0.9763056752422149,0.9703820940527687,0.00010133994671922087
adam_70ns,1.02,60,0.9745536389530657,0.968192048691332,0.00021324303481348004
adam_70ns,1.021,60,0.9777728274921049,0.9722160343651312,0.00014602630915966215
adam_70ns,1.022,60,0.9774404736940332,0.9718005921175413,0.00014446446563108392
adam_70ns,1.023,60,0.978409697975053,0.9730121224688161,9.031257045049785e-05
adam_70ns,1.024,60,0.9765000779417872,0.9706250974272341,0.00016234104009787547
adam_70ns,1.025,60,0.9773178839800475,0.9716473549750592,0.00010427205313702768
adam_70ns,1.026,60,0.9747222706561797,0.9684028383202247,0.00014041106359507314
adam_70ns,1.027,60,0.9765868495239843,0.9707335619049806,9.731355368648598e-05
adam_70ns,1.028,60,0.9774392049498403,0.9717990061873002,9.682423277470069e-05
adam_70ns,1.029,60,0.9749883230936537,0.9687354038670668,0.000183246173706602
adam_70ns,1.03,60,0.9758873422237463,0.9698591777796829,0.00014761151308421793
adam_70ns,1.031,60,0.9759173002229521,0.96989662527869,0.00015495993696161892
adam_70ns,1.032,60,0.9746887391305837,0.9683609239132296,0.0001474222192783321
adam_70ns,1.033,60,0.9769427388058525,0.9711784235073154,0.0001153887818334098
adam_70ns,1.034,60,0.975617909056062,0.9695223863200774,0.0001524493796735139
adam_70ns,1.035,60,0.9759984529853316,0.9699980662316647,0.0001657540773484959
adam_70ns,1.036,60,0.9746115769242041,0.9682644711552549,0.0001374199001426709
adam_70ns,1.037,60,0.9732993367883364,0.9666241709854203,0.00020644630626455836
adam_70ns,1.038,60,0.9743081305143897,0.9678851631429874,0.00013026463168971708
adam_70ns,1.039,60,0.9743305280238546,0.9679131600298183,0.0001133633878321364
adam_70ns,1.04,60,0.9761531011868126,0.9701913764835157,9.509911864320887e-05
adam_70ns,1.041,60,0.9748378818791461,0.9685473523489325,0.00022662636235604207
adam_70ns,1.042,60,0.9752134290493588,0.9690167863116985,0.0001450417469333634
adam_70ns,1.043,60,0.9765638913946513,0.9707048642433144,9.58693917578349e-05
adam_70ns,1.044,60,0.976431888591192,0.9705398607389899,0.0001368177562829975
adam_70ns,1.045,60,0.9776741993505134,0.9720927491881419,0.000130946991863581
adam_70ns,1.046,60,0.9768660517860699,0.9710825647325876,8.93535517537087e-05
adam_70ns,1.047,60,0.9757804639637986,0.9697255799547482,0.00018117459791387023
adam_70ns,1.048,60,0.9757434770225033,0.9696793462781289,0.00010815046401987766
adam_70ns,1.049,60,0.9728584878126244,0.9660731097657802,0.00016207894787857738
adam_70ns,1.05,60,0.97558125271566,0.9694765658945751,0.00014336239542569817
adam_70ns,1.051,60,0.9762584280255052,0.9703230350318817,0.00010874243644399619
adam_70ns,1.052,60,0.9757370000745967,0.9696712500932457,0.00017557336786369894
adam_70ns,1.053,60,0.9740711966856122,0.9675889958570153,0.00010234495007970075
adam_70ns,1.054,60,0.9763531078513049,0.9704413848141311,9.726847790730117e-05
adam_70ns,1.055,60,0.9737424120642896,0.967178015080362,0.00019607192828949172
adam_70ns,1.056,60,0.9735851185093198,0.9669813981366497,0.00020759098278672023
adam_70ns,1.057,60,0.9744138078613371,0.9680172598266717,0.00021556267104262683
adam_70ns,1.058,60,0.9757046828073114,0.9696308535091394,0.0001268727687058536
adam_70ns,1.059,60,0.9760311941634188,0.9700389927042734,0.00013787945642877288
adam_70ns,1.06,60,0.9750112886931049,0.9687641108663813,0.0001691368648819005
adam_70ns,1.061,60,0.9769244443776007,0.9711555554720007,0.0001351481563654393
adam_70ns,1.062,60,0.9752806599208612,0.9691008249010762,0.00011161113726731878
adam_70ns,1.063,60,0.9716607871125078,0.9645759838906345,0.0001844711078486548
adam_70ns,1.064,60,0.9738392951017844,0.9672991188772302,0.00015836090069210257
adam_70ns,1.065,60,0.9742122325293228,0.9677652906616533,0.00021733821308320735
adam_70ns,1.066,60,0.9740671105548764,0.9675838881935956,0.0002028335788282659
adam_70ns,1.067,60,0.977303693325236,0.971629616656545,9.114933643641481e-05
adam_70ns,1.068,60,0.97606259101977,0.9700782387747123,0.00013074717917341372
adam_70ns,1.069,60,0.9746965013573965,0.9683706266967457,0.00016110892335413667
adam_70ns,1.07,60,0.974693044574758,0.9683663057184476,0.00021715208891506913
adam_70ns,1.071,60,0.9719984454732661,0.9649980568415825,0.00015761240618309425
adam_70ns,1.072,60,0.9726228214283211,0.9657785267854012,0.0001500668692664724
adam_70ns,1.073,60,0.9736586353906429,0.9670732942383038,0.00018126448658541383
adam_70ns,1.074,60,0.9740021274983534,0.9675026593729414,0.00019103709409572968
adam_70ns,1.075,60,0.9740758104390512,0.9675947630488141,0.00015370937770236675
adam_70ns,1.076,60,0.9718441343353565,0.9648051679191956,0.00020314536540079605
adam_70ns,1.077,60,0.9742093969390528,0.9677617461738159,0.000187192937743572
adam_70ns,1.078,60,0.9771694315007249,0.9714617893759061,0.00014122770807470259
adam_70ns,1.079,60,0.972783312002198,0.9659791400027476,0.00014372704768135898
adam_70ns,1.08,60,0.9741871882439797,0.9677339853049746,0.00018748949225290187
adam_70ns,1.081,60,0.972882338252164,0.9661029228152049,0.00013957120197850793
adam_70ns,1.082,60,0.973409278853535,0.9667615985669187,0.00022142773975687284
adam_70ns,1.083,60,0.9750157766747387,0.9687697208434235,0.00015563660475107106
adam_70ns,1.084,60,0.9716295514719069,0.9645369393398833,0.00025764805850593124
adam_70ns,1.085,60,0.9720038146990654,0.9650047683738318,0.00016360537267386935
adam_70ns,1.086,60,0.9727149603422934,0.9658937004278668,0.00027152334824100913
adam_70ns,1.087,60,0.972773950038797,0.9659674375484958,0.00016320097630700468
adam_70ns,1.088,60,0.9734155800398856,0.9667694750498569,0.00019556453073421673
adam_70ns,1.089,60,0.973296676574241,0.9666208457178008,0.00017882813729568493
adam_70ns,1.09,60,0.973590828014841,0.9669885350185513,0.00023635298396053168
adam_70ns,1.091,60,0.973344517621124,0.9666806470264048,0.00021720783419755367
adam_70ns,1.092,60,0.9720180863933141,0.9650226079916427,0.00016026425224126859
adam_70ns,1.093,60,0.971629775695433,0.9645372196192912,0.0002482658096485997
adam_70ns,1.094,60,0.9736707074176206,0.9670883842720258,0.00015179445573238427
adam_70ns,1.095,60,0.9737790483066452,0.9672238103833064,0.00012199352369174124
adam_70ns,1.096,60,0.9741119894296157,0.9676399867870197,0.00010967941717062502
adam_70ns,1.097,60,0.9731035046047215,0.9663793807559019,0.0001821780387908633
adam_70ns,1.098,60,0.9732818637774742,0.9666023297218427,0.0001655996347947243
adam_70ns,1.099,60,0.9742262316996122,0.9677827896245154,0.0001687096569125845
adam_70ns,1.1,60,0.9745799130458233,0.9682248913072791,0.00017122603329416258
adam_70ns,1.101,60,0.9722590415107814,0.9653238018884769,0.000188230486459991
adam_70ns,1.102,60,0.9731747010947439,0.9664683763684297,0.0001255961776046325
adam_70ns,1.103,60,0.9749654448962481,0.96870680612031,0.00012777329568174403
adam_70ns,1.104,60,0.9751187460806299,0.9688984326007873,0.00015454752262868514
adam_70ns,1.105,60,0.9752063829861083,0.9690079787326352,9.982419668571303e-05
adam_70ns,1.106,60,0.9745449850923695,0.968181231365462,0.0001695538502772765
adam_70ns,1.107,60,0.9712319599093023,0.964039949886628,0.00025366391847811713
adam_70ns,1.108,60,0.9737403062472378,0.967175382809047,0.0001359195948766352
adam_70ns,1.109,60,0.9751230842899826,0.9689038553624783,0.00015698218122454108
adam_70ns,1.11,60,0.9691971961679298,0.961496495209912,0.000306535740128025
adam_70ns,1.111,60,0.97350113620567,0.9668764202570874,0.00017657120459148404
adam_70ns,1.112,60,0.9716084163447004,0.9645105204308757,0.0002610420674536637
adam_70ns,1.113,60,0.9730062264155628,0.9662577830194536,0.00015215882598397602
adam_70ns,1.114,60,0.973640282854446,0.9670503535680574,0.000140182897299221
adam_70ns,1.115,60,0.9741741421962777,0.9677176777453471,0.00016871304403362876
adam_70ns,1.116,60,0.971927396722421,0.9649092459030263,0.00017541847895044324
adam_70ns,1.117,60,0.9713462711146928,0.9641828388933661,0.0001004697661723004
adam_70ns,1.118,60,0.9715648926026411,0.9644561157533015,0.00018645479406216413
adam_70ns,1.119,60,0.970620049964563,0.9632750624557036,0.00018814130484766655
adam_70ns,1.12,60,0.9704349802420311,0.9630437253025389,0.00017032861789450027
adam_70ns,1.121,60,0.9717942239689933,0.9647427799612414,0.00022489143469512791
adam_70ns,1.122,60,0.9736216362718904,0.967027045339863,0.00012265569231170135
adam_70ns,1.123,60,0.9693584393511074,0.9616980491888844,0.00023952630034410145
adam_70ns,1.124,60,0.9733687958426925,0.9667109948033654,0.0001493003359656428
adam_70ns,1.125,60,0.9736848375508498,0.967106046938562,0.00018108168669452986
adam_70ns,1.126,60,0.9733905817576833,0.9667382271971039,0.00022989571401627997
adam_70ns,1.127,60,0.9700026319745185,0.9625032899681482,0.0001924296141415637
adam_70ns,1.128,60,0.9739172339765588,0.9673965424706985,0.00016478017532537927
adam_70ns,1.129,60,0.972176882637729,0.9652211032971613,0.00017032263530641174
adam_70ns,1.13,60,0.971576138576123,0.9644701732201537,0.00023231272354235419
adam_70ns,1.131,60,0.9723569095296496,0.9654461369120619,0.000234461994394797
adam_70ns,1.132,60,0.9699182113100067,0.9623977641375085,0.00022488708266748514
adam_70ns,1.133,60,0.9706629613187028,0.9633287016483785,0.00019674801574859026
adam_70ns,1.134,60,0.9704211558574176,0.9630264448217721,0.0002522743010549694
adam_70ns,1.135,60,0.9705143066845718,0.963142883355715,0.00021372606352023263
adam_70ns,1.136,60,0.9716284378940018,0.9645355473675021,0.00019220830034801507
adam_70ns,1.137,60,0.9719142568647021,0.9648928210808773,0.00016104897294769293
adam_70ns,1.138,60,0.9702535741443367,0.9628169676804208,0.00028122176391457635
adam_70ns,1.139,60,0.972159431412867,0.9651992892660839,0.00022697628787421702
adam_70ns,1.14,60,0.9708950702198806,0.9636188377748507,0.00013618682587885917
adam_70ns,1.141,60,0.9720995141386868,0.9651243926733585,0.0001367535325032665
adam_70ns,1.142,60,0.9712149422328271,0.9640186777910337,0.0001709266349865572
adam_70ns,1.143,60,0.9707733478626864,0.9634666848283582,0.00023251626744787433
adam_70ns,1.144,60,0.9692537039200583,0.9615671299000729,0.00021627147922705835
adam_70ns,1.145,60,0.9702653855275067,0.9628317319093831,0.00013130362924937023
adam_70ns,1.146,60,0.9682696281251975,0.9603370351564968,0.00025809745740422554
adam_70ns,1.147,60,0.9701044027968699,0.9626305034960875,0.00018403616456791103
adam_70ns,1.148,60,0.9700115919005894,0.9625144898757368,0.00025020693378841275
adam_70ns,1.149,60,0.9721058668322723,0.9651323335403406,0.0001779950723251002
adam_70ns,1.15,60,0.971297230175042,0.9641215377188025,0.0002712375762950725
adam_70ns,1.151,60,0.969809647094007,0.9622620588675086,0.0001709503528723602
adam_70ns,1.152,60,0.9725177235739242,0.9656471544674052,0.00016800480262382797
adam_70ns,1.153,60,0.9706962696820697,0.9633703371025871,0.00015779312373385258
adam_70ns,1.154,60,0.9705517319941596,0.9631896649926993,0.00024438889429353534
adam_70ns,1.155,60,0.9701632808739249,0.962704101092406,0.0002711748413417545
adam_70ns,1.156,60,0.9719508091607164,0.9649385114508958,0.00017051424506928274
adam_70ns,1.157,60,0.9723104037407737,0.9653880046759667,0.00021918961981589287
adam_70ns,1.158,60,0.9699674207459807,0.9624592759324759,0.00021468857860251986
adam_70ns,1.159,60,0.9690990329118802,0.9613737911398504,0.00022750765473156007
adam_70ns,1.16,60,0.9699198084326043,0.9623997605407553,0.00021757028353905984
adam_70ns,1.161,60,0.9695769624607767,0.961971203075971,0.00017915989172240685
adam_70ns,1.162,60,0.9698686218176471,0.962335777272059,0.00026156585156863603
adam_70ns,1.163,60,0.9680953080421812,0.9601191350527266,0.0001598891238729654
adam_70ns,1.164,60,0.9707676886974146,0.9634596108717678,0.00022141653398054858
adam_70ns,1.165,60,0.9683177301190438,0.9603971626488047,0.0002485574617939452
adam_70ns,1.166,60,0.9711331316858921,0.9639164146073651,0.0001789121372424597
adam_70ns,1.167,60,0.9715849058771158,0.9644811323463947,0.00018741857254056063
adam_70ns,1.168,60,0.968176710550689,0.9602208881883613,0.00020862005347578415
adam_70ns,1.169,60,0.9721381513736702,0.9651726892170881,0.0002446192605781351
adam_70ns,1.17,60,0.9706323726928702,0.9632904658660881,0.0001963265818054937
adam_70ns,1.171,60,0.9717824911973367,0.9647281139966707,0.00014902910203709997
adam_70ns,1.172,60,0.972152425976216,0.96519053247027,0.0001816234868724577
adam_70ns,1.173,60,0.9721708769166475,0.9652135961458094,0.00019950608159290513
adam_70ns,1.174,60,0.9696135343639526,0.9620169179549407,0.00022432547584669442
adam_70ns,1.175,60,0.9692375560639356,0.9615469450799193,0.00022535622182399877
adam_70ns,1.176,60,0.9704906225612501,0.9631132782015626,0.00025689769354223153
adam_70ns,1.177,60,0.9704937124641657,0.9631171405802069,0.00019319070691823322
adam_70ns,1.178,60,0.9696056964532705,0.9620071205665883,0.00013621898991668166
adam_70ns,1.179,60,0.9714487811587276,0.9643109764484092,0.00023469677483971242
adam_70ns,1.18,60,0.9686712203068076,0.9608390253835093,0.0002940084277492898
adam_70ns,1.181,60,0.9667370487053675,0.9584213108817093,0.0003260650598851552
adam_70ns,1.182,60,0.9666694166755392,0.958336770844424,0.00038681013444718463
adam_70ns,1.183,60,0.970430827167699,0.9630385339596236,0.00020559124968137294
adam_70ns,1.184,60,0.9700389116469387,0.9625486395586733,0.00023719750380690716
adam_70ns,1.185,60,0.9694023634877568,0.961752954359696,0.00018066881297023175
adam_70ns,1.186,60,0.9680615124804195,0.9600768906005244,0.00023168596642774122
adam_70ns,1.187,60,0.9678588924277526,0.9598236155346906,0.00022642229703558102
adam_70ns,1.188,60,0.96613868222433,0.9576733527804125,0.00030957684106447587
adam_70ns,1.189,60,0.969998232271366,0.9624977903392077,0.0002683259859036182
adam_70ns,1.19,60,0.9669449813877407,0.9586812267346759,0.00025224909372743344
adam_70ns,1.191,60,0.9676703039790144,0.9595878799737683,0.00024530817589096495
adam_70ns,1.192,60,0.97097125280073,0.9637140660009125,0.00025265022747722563
adam_70ns,1.193,60,0.9667087928932944,0.9583859911166179,0.00023753745242883055
adam_70ns,1.194,60,0.9664935537993575,0.9581169422491969,0.00022509898006728825
adam_70ns,1.195,60,0.9721969485084841,0.9652461856356052,0.00021292425982949193
adam_70ns,1.196,60,0.9694056275465656,0.9617570344332071,0.00017699385875330278
adam_70ns,1.197,60,0.9677809806855054,0.9597262258568817,0.00017228679157782711
adam_70ns,1.198,60,0.9674825172684183,0.9593531465855228,0.0002576058173292385
adam_70ns,1.199,60,0.9699061633562774,0.9623827041953468,0.0001647114304866657
adam_70ns,1.2,60,0.968280402155315,0.9603505026941437,0.00025714897207251695
adam_70ns,1.201,60,0.9686297947817013,0.9607872434771263,0.00026295358000169133
adam_70ns,1.202,60,0.9672177262370435,0.9590221577963043,0.00021397424695024145
adam_70ns,1.203,60,0.9697478992070563,0.9621848740088207,0.00014678330929911455
adam_70ns,1.204,60,0.9658060392027292,0.9572575490034114,0.0003567096298323492
adam_70ns,1.205,60,0.9695440831709473,0.9619301039636843,0.0003223640282375497
adam_70ns,1.206,60,0.9686827934784117,0.9608534918480147,0.0001910374003928039
adam_70ns,1.207,60,0.969147481885608,0.9614343523570098,0.00024334755213195275
adam_70ns,1.208,60,0.9652908555128086,0.9566135693910105,0.00020714649243669704
adam_70ns,1.209,60,0.9674496840568712,0.9593121050710889,0.000249040746195745
adam_70ns,1.21,60,0.9675140716622206,0.9593925895777758,0.0002622305400963205
adam_70ns,1.211,60,0.9697027861923644,0.9621284827404557,0.00018837942202892794
adam_70ns,1.212,60,0.9695801165680074,0.9619751457100091,0.00023747275260152853
adam_70ns,1.213,60,0.9665756460206393,0.958219557525799,0.0002810461400884815
adam_70ns,1.214,60,0.9693989704716941,0.9617487130896182,0.00021619357136513836
adam_70ns,1.215,60,0.9667379214027868,0.9584224017534834,0.0002396055205420389
adam_70ns,1.216,60,0.9714765459950044,0.9643456824937556,0.00018250426592174965
adam_70ns,1.217,60,0.9662150027263371,0.9577687534079213,0.00026819646932456245
adam_70ns,1.218,60,0.9654938756371441,0.95686734454643,0.0003096730583435783
adam_70ns,1.219,60,0.9675828638560784,0.9594785798200981,0.00021238450840109274
adam_70ns,1.22,60,0.9663399574375241,0.9579249467969049,0.0003055780793639491
adam_70ns,1.221,60,0.9689056712429989,0.9611320890537486,0.0002304111955151534
adam_70ns,1.222,60,0.9684811862493394,0.9606014828116739,0.00016477074345774538
adam_70ns,1.223,60,0.9678672378204802,0.9598340472756003,0.0002865728335984521
adam_70ns,1.224,60,0.965015970537851,0.9562699631723138,0.00028342182296937473
adam_70ns,1.225,60,0.9655010761040039,0.9568763451300052,0.00015203683973849037
adam_70ns,1.226,60,0.966981842733906,0.9587273034173823,0.0002901267180214748
adam_70ns,1.227,60,0.9679551465979082,0.959943933247385,0.0002013284599246414
adam_70ns,1.228,60,0.9685961706119066,0.9607452132648832,0.00025141101972637987
adam_70ns,1.229,60,0.9697820375289018,0.9622275469111276,0.0003744239500174995
adam_70ns,1.23,60,0.9638674115588715,0.9548342644485895,0.0003409020549510015
adam_70ns,1.231,60,0.966916525688839,0.9586456571110487,0.0002417238806627673
adam_70ns,1.232,60,0.9685921164980389,0.9607401456225486,0.000269190778193179
adam_70ns,1.233,60,0.9664438666249379,0.9580548332811725,0.0005883921225269724
adam_70ns,1.234,60,0.9647062324982116,0.9558827906227645,0.0003048550604536602
adam_70ns,1.235,60,0.9662308881390005,0.9577886101737506,0.0002956351342698421
adam_70ns,1.236,60,0.9654386506100181,0.9567983132625226,0.0003287887960508085
adam_70ns,1.237,60,0.9657520681702731,0.9571900852128415,0.00022145908562529686
adam_70ns,1.238,60,0.9666886848698463,0.958360856087308,0.0002553532716302634
adam_70ns,1.239,60,0.9619244597978005,0.9524055747472508,0.0002628635074915351
adam_70ns,1.24,60,0.9702508648735177,0.9628135810918972,0.0002166684694052075
adam_70ns,1.241,60,0.9673281249426717,0.9591601561783398,0.0002965854298152112
adam_70ns,1.242,60,0.9656044595507987,0.9570055744384984,0.00025585591982942436
adam_70ns,1.243,60,0.9669647709041993,0.9587059636302492,0.0002514010070735349
adam_70ns,1.244,60,0.9653253295164387,0.9566566618955484,0.0003807484718108152
adam_70ns,1.245,60,0.9686153069469271,0.9607691336836588,0.0002606606927576039
adam_70ns,1.246,60,0.9672993977016375,0.9591242471270468,0.00029563404316330233
adam_70ns,1.247,60,0.9673258700387788,0.9591573375484733,0.00025975806537317764
adam_70ns,1.248,60,0.9673621632173589,0.9592027040216986,0.00015215221651691186
adam_70ns,1.249,60,0.9655914432491507,0.956989304061438,0.0001961917332317095
adam_70ns,1.25,60,0.9646264609222522,0.9557830761528154,0.00029668390717784473
adam_70ns,1.251,60,0.9693526159768653,0.9616907699710817,0.00025045531137173163
adam_70ns,1.252,60,0.9651169644024462,0.9563962055030577,0.00028843029453665505
adam_70ns,1.253,60,0.9638602145412687,0.954825268176586,0.00045299607599419954
adam_70ns,1.254,60,0.9640302389768456,0.9550377987210569,0.0003326564240507712
adam_70ns,1.255,60,0.9648933209087368,0.9561166511359207,0.00032982947045287535
adam_70ns,1.256,60,0.9669256868977757,0.9586571086222195,0.00030624312865001874
adam_70ns,1.257,60,0.9643539957584975,0.9554424946981217,0.0002761740047691778
adam_70ns,1.258,60,0.9642144024697231,0.9552680030871538,0.0003302765997663575
adam_70ns,1.259,60,0.9649549933509647,0.9561937416887062,0.00026299216562930913
adam_70ns,1.26,60,0.9683881600422503,0.9604852000528129,0.00017041593379894403
adam_70ns,1.261,60,0.9675533082547787,0.9594416353184733,0.00028550488759174274
adam_70ns,1.262,60,0.9646828714556179,0.9558535893195225,0.0002815278042343391
adam_70ns,1.263,60,0.9672065899289191,0.9590082374111492,0.00024125659938612376
adam_70ns,1.264,60,0.9677778849486253,0.9597223561857814,0.00021172004899135
adam_70ns,1.265,60,0.9649050120631788,0.9561312650789733,0.00030325097979226184
adam_70ns,1.266,60,0.9618713591946453,0.9523391989933067,0.0003213822434791906
adam_70ns,1.267,60,0.9672280588276383,0.959035073534548,0.0002953345481818296
adam_70ns,1.268,60,0.9672831987444163,0.9591039984305201,0.00045265871498620196
adam_70ns,1.269,60,0.965808601792316,0.9572607522403953,0.00026184094698227835
adam_70ns,1.27,60,0.9636102286685411,0.9545127858356763,0.00034380817396987423
adam_70ns,1.271,60,0.9652370635416603,0.9565463294270753,0.00036444699433585697
adam_70ns,1.272,60,0.9619530630777977,0.9524413288472472,0.0003804291195026418
adam_70ns,1.273,60,0.9623453498495096,0.9529316873118867,0.0003803274537729438
adam_70ns,1.274,60,0.9650606373032101,0.9563257966290125,0.00023908034225016053
adam_70ns,1.275,60,0.9659583309180273,0.9574479136475341,0.00016675451349897156
adam_70ns,1.276,60,0.9647607933776069,0.9559509917220087,0.00023113864132801476
adam_70ns,1.277,60,0.9657547670612351,0.9571934588265438,0.0002808172999992723
adam_70ns,1.278,60,0.9644119174952636,0.9555148968690799,0.000388324056017525
adam_70ns,1.279,60,0.9646933669149806,0.9558667086437258,0.00027082519757466673
adam_70ns,1.28,60,0.9636918961248235,0.9546148701560292,0.0002854059298865105
adam_70ns,1.281,60,0.9630417138465674,0.9538021423082089,0.0003837392094232895
adam_70ns,1.282,60,0.9651501089405627,0.9564376361757033,0.0002317002743408958
adam_70ns,1.283,60,0.9667253803773015,0.9584067254716271,0.0003511514989813967
adam_70ns,1.284,60,0.9650257276387116,0.9562821595483892,0.00031167612974092676
adam_70ns,1.285,60,0.9639509079409344,0.9549386349261678,0.000359439160791449
adam_70ns,1.286,60,0.9663568908772828,0.9579461135966035,0.00028897973954209615
adam_70ns,1.287,60,0.9638950358842039,0.9548687948552551,0.0003584687299566796
adam_70ns,1.288,60,0.9637048332650434,0.9546310415813041,0.00032520289767977114
adam_70ns,1.289,60,0.963749254753839,0.9546865684422987,0.0002810747868949779
adam_70ns,1.29,60,0.9645033110557535,0.9556291388196917,0.00022582086667159224
adam_70ns,1.291,60,0.9674613347904842,0.9593266684881054,0.00019773061964611832
adam_70ns,1.292,60,0.9652065793143839,0.95650822414298,0.00034031527615972497
adam_70ns,1.293,60,0.9682770692029821,0.9603463365037276,0.00026309365546385897
adam_70ns,1.294,60,0.9636583526555264,0.954572940819408,0.00034836214649292517
adam_70ns,1.295,60,0.9613085502337315,0.9516356877921642,0.0002521542474127789
adam_70ns,1.296,60,0.9624855902205987,0.9531069877757485,0.0003861092043689961
adam_70ns,1.297,60,0.9643913478156684,0.9554891847695857,0.00024895762226752885
adam_70ns,1.298,60,0.9629101974507063,0.9536377468133826,0.000285789955652476
adam_70ns,1.299,60,0.960618198787503,0.9507727484843784,0.0003903344865840279
adam_70ns,1.3,60,0.9646285471562921,0.9557856839453651,0.00033662663558521486
adam_70ns,1.301,60,0.9645508235333473,0.9556885294166845,0.0002663565110936929
adam_70ns,1.302,60,0.9648491731001146,0.9560614663751433,0.00043008484684633797
adam_70ns,1.303,60,0.966454848770474,0.9580685609630926,0.00019132150048962595
adam_70ns,1.304,60,0.9652688329802528,0.9565860412253158,0.00020874759719056296
adam_70ns,1.305,60,0.9614230879141689,0.951778859892711,0.00033652640934770837
adam_70ns,1.306,60,0.9641825941914975,0.955228242739372,0.0003834989589021735
adam_70ns,1.307,60,0.9637958408939977,0.9547448011174972,0.0003091629220573717
adam_70ns,1.308,60,0.9626880275184455,0.9533600343980569,0.00026998608075661147
adam_70ns,1.309,60,0.9641706708165376,0.955213338520672,0.0003270535809674756
adam_70ns,1.31,60,0.9640122257033177,0.9550152821291473,0.0003405700121310592
adam_70ns,1.311,60,0.9646855861278184,0.9558569826597728,0.0002721186666344945
adam_70ns,1.312,60,0.963574651674258,0.9544683145928227,0.0002661300741042863
adam_70ns,1.313,60,0.9649230996268884,0.9561538745336107,0.00031419318646045866
adam_70ns,1.314,60,0.9654501840385953,0.9568127300482442,0.00023510197229656356
adam_70ns,1.315,60,0.9636665690384341,0.9545832112980427,0.0003847210164461251
adam_70ns,1.316,60,0.9620113722523009,0.9525142153153764,0.00033681226567612636
adam_70ns,1.317,60,0.9635398576576044,0.9544248220720054,0.00027706185274347045
adam_70ns,1.318,60,0.9582528995935786,0.947816124491973,0.00047268287968745476
adam_70ns,1.319,60,0.9660938180461334,0.9576172725576667,0.0002503461482671471
adam_70ns,1.32,60,0.9638193728001782,0.9547742160002227,0.0002557959083338962
adam_70ns,1.321,60,0.9607672440581183,0.9509590550726478,0.0003357822425328819
adam_70ns,1.322,60,0.9625326603961469,0.9531658254951836,0.00030121225152843396
adam_70ns,1.323,60,0.9656558792387009,0.957069849048376,0.00026670343273724206
adam_70ns,1.324,60,0.9635781176229191,0.9544726470286488,0.0004283238947608736
adam_70ns,1.325,60,0.9634055975341088,0.9542569969176358,0.00024243038786935165
adam_70ns,1.326,60,0.9644923934176562,0.9556154917720701,0.00024986023008811026
adam_70ns,1.327,60,0.9635136802263187,0.9543921002828983,0.0003090728339953004
adam_70ns,1.328,60,0.9612075879146844,0.9515094848933555,0.00023706631359354083
adam_70ns,1.329,60,0.9604070626931516,0.9505088283664394,0.0004194133455445691
adam_70ns,1.33,60,0.9643345209218526,0.9554181511523155,0.00033307996464679773
adam_70ns,1.331,60,0.9615351481765452,0.9519189352206816,0.00044882254006858185
adam_70ns,1.332,60,0.9606292898615222,0.9507866123269028,0.00029898501844293705
adam_70ns,1.333,60,0.9620609806086802,0.9525762257608503,0.0004901918817352714
adam_70ns,1.334,60,0.9618376656060074,0.9522970820075092,0.0004227262526283754
adam_70ns,1.335,60,0.9616004392136045,0.9520005490170055,0.0004055633992993896
adam_70ns,1.336,60,0.9626248102254235,0.9532810127817792,0.00043425411915929974
adam_70ns,1.337,60,0.9611729311419088,0.9514661639273861,0.0003641015435966906
adam_70ns,1.338,60,0.9614689988852327,0.9518362486065407,0.000250447962956025
adam_70ns,1.339,60,0.9583938302778373,0.9479922878472967,0.0002551742641995406
adam_70ns,1.34,60,0.9648363526515787,0.9560454408144733,0.0002098625909897136
adam_70ns,1.341,60,0.9619940429651657,0.9524925537064572,0.00027158018057252617
adam_70ns,1.342,60,0.96321356796919,0.9540169599614875,0.00032202733099323294
adam_70ns,1.343,60,0.9620593232267884,0.9525741540334853,0.00038513450118378927
adam_70ns,1.344,60,0.9629818877466484,0.9537273596833102,0.0002566653211547152
adam_70ns,1.345,60,0.9621004544830392,0.9526255681037991,0.0003317207037704301
adam_70ns,1.346,60,0.9606225295278823,0.9507781619098526,0.00040825092229293097
adam_70ns,1.347,60,0.9611149587234341,0.9513936984042924,0.00037165779713091706
adam_70ns,1.348,60,0.9612631253192072,0.951578906649009,0.00034222773226878685
adam_70ns,1.349,60,0.9624962744879438,0.9531203431099295,0.00030053832858278494
adam_70ns,1.35,60,0.9598529712645689,0.9498162140807109,0.00039634236661461735
adam_70ns,1.351,60,0.963968909207154,0.9549611365089422,0.0003023641697314089
adam_70ns,1.352,60,0.959042946970833,0.9488036837135411,0.0004506562630987537
adam_70ns,1.353,60,0.95728323835854,0.9466040479481751,0.0005761101552436957
adam_70ns,1.354,60,0.9613647563408872,0.9517059454261091,0.000384774409434947
adam_70ns,1.355,60,0.9603862126995826,0.9504827658744782,0.0005714567544959355
adam_70ns,1.356,60,0.9604821709802147,0.9506027137252684,0.00042139923501996896
adam_70ns,1.357,60,0.9632873666909841,0.9541092083637305,0.00035594362313355436
adam_70ns,1.358,60,0.956487404866736,0.94560925608342,0.00035374227424069535
adam_70ns,1.359,60,0.961514235601732,0.9518927945021649,0.00032428042176105135
adam_70ns,1.36,60,0.9626821038001684,0.9533526297502102,0.00025004706548545954
adam_70ns,1.361,60,0.9589902124358267,0.9487377655447833,0.0002949123932642459
adam_70ns,1.362,60,0.9588222816084404,0.9485278520105507,0.0005311211804645037
adam_70ns,1.363,60,0.9589085021889089,0.9486356277361362,0.00041330552728296923
adam_70ns,1.364,60,0.9593135020288124,0.9491418775360152,0.0003282431155741674
adam_70ns,1.365,60,0.9602951242786315,0.9503689053482891,0.0003916442033039154
adam_70ns,1.366,60,0.9607528988275149,0.9509411235343938,0.0004159692661982291
adam_70ns,1.367,60,0.9570688722001125,0.9463360902501406,0.0004843378274454955
adam_70ns,1.368,60,0.9621724678785635,0.9527155848482043,0.000295735521029369
adam_70ns,1.369,60,0.9561933954019697,0.9452417442524621,0.0005373657476883865
adam_70ns,1.37,60,0.9577901613258106,0.9472377016572635,0.0004799728638010088
adam_70ns,1.371,60,0.9573099660823563,0.946637457602945,0.0004721760194109724
adam_70ns,1.372,60,0.963912935117688,0.9548911688971098,0.0003185674479349567
adam_70ns,1.373,60,0.9592766838093603,0.9490958547617004,0.0006921858168955677
adam_70ns,1.374,60,0.960679682715022,0.9508496033937772,0.0003386117874320312
adam_70ns,1.375,60,0.960952232036211,0.9511902900452639,0.0003119028057733373
adam_70ns,1.376,60,0.9587370238888893,0.9484212798611117,0.00031008875063718325
adam_70ns,1.377,60,0.9583163661235177,0.947895457654397,0.0003894891872487979
adam_70ns,1.378,60,0.9615946241331557,0.9519932801664445,0.00040381670497506225
adam_70ns,1.379,60,0.960555332318598,0.9506941653982477,0.00041198538448042457
adam_70ns,1.38,60,0.9573869335685763,0.9467336669607206,0.000473155016030246
adam_70ns,1.381,60,0.9566559519076961,0.94581993988462,0.0004390918313682754
adam_70ns,1.382,60,0.9560336473012087,0.9450420591265106,0.0006115692167149996
adam_70ns,1.383,60,0.9576977963178902,0.9471222453973624,0.00046491292972905703
adam_70ns,1.384,60,0.9541141928265493,0.9426427410331866,0.0004736856379644832
adam_70ns,1.385,60,0.9612547320524026,0.9515684150655033,0.00028159199502875355
adam_70ns,1.386,60,0.9610520955081935,0.9513151193852418,0.00032454728764520915
adam_70ns,1.387,60,0.9602130926702567,0.9502663658378209,0.00041380127709175253
adam_70ns,1.388,60,0.9570671316639953,0.9463339145799943,0.0005468480034050687
adam_70ns,1.389,60,0.9596128442207942,0.9495160552759925,0.0005112523861801765
adam_70ns,1.39,60,0.9609839975096813,0.9512299968871015,0.00042214707002770303
adam_70ns,1.391,60,0.9566059481566097,0.9457574351957623,0.0005683559243110033
adam_70ns,1.392,60,0.9592758615483874,0.9490948269354842,0.00034571669462511907
adam_70ns,1.393,60,0.9540827145617042,0.9426033932021303,0.0005580598583089128
adam_70ns,1.394,60,0.9584490319056234,0.9480612898820292,0.00029806050312162336
adam_70ns,1.395,60,0.9574656782574952,0.946832097821869,0.00047948627469716817
adam_70ns,1.396,60,0.9614417020604518,0.9518021275755649,0.0003427443659609696
adam_70ns,1.397,60,0.9616910383572282,0.9521137979465352,0.0003450406714652999
adam_70ns,1.398,60,0.9585120987103823,0.9481401233879779,0.00033866804220118035
adam_70ns,1.399,60,0.957188853060076,0.946486066325095,0.0003163749608776666
adam_70ns,1.4,60,0.9604343114728497,0.9505428893410623,0.00022735173299017386
adam_70ns,1.401,60,0.9576985350396134,0.9471231687995166,0.00037881476073899523
adam_70ns,1.402,60,0.9545265016603021,0.9431581270753776,0.0003425503128788448
adam_70ns,1.403,60,0.9594717186158013,0.9493396482697514,0.0004112616270510665
adam_70ns,1.404,60,0.9605394007659194,0.9506742509573994,0.0003639580377625907
adam_70ns,1.405,60,0.9576815046321283,0.94710188079016,0.0006361800170743555
adam_70ns,1.406,60,0.9584762856385837,0.9480953570482296,0.00044082307170838865
adam_70ns,1.407,60,0.9576406245319966,0.9470507806649958,0.0003351871291888477
adam_70ns,1.408,60,0.9591436080956641,0.9489295101195802,0.00033901846790746073
adam_70ns,1.409,60,0.9593599864185127,0.9491999830231409,0.0004380121479070595
adam_70ns,1.41,60,0.959937260707072,0.9499215758838401,0.00030562557568157496
adam_70ns,1.411,60,0.9605190852829697,0.9506488566037121,0.000385016361595583
adam_70ns,1.412,60,0.9588950211279077,0.9486187764098849,0.000420365315694563
adam_70ns,1.413,60,0.9532921963753097,0.9416152454691372,0.00047512181922297755
adam_70ns,1.414,60,0.9577751385537779,0.9472189231922223,0.0003755570849897072
adam_70ns,1.415,60,0.9582176367794354,0.9477720459742943,0.00027579902058976364
adam_70ns,1.416,60,0.9594241419158133,0.9492801773947666,0.00032862277177400005
adam_70ns,1.417,60,0.95710352902423,0.9463794112802872,0.0002750088138008651
adam_70ns,1.418,60,0.9590517203294301,0.9488146504117878,0.00044868139208814264
adam_70ns,1.419,60,0.9548639131101034,0.9435798913876291,0.00041916650484457164
adam_70ns,1.42,60,0.9559348661358618,0.9449185826698272,0.00037789553016368596
adam_70ns,1.421,60,0.9540505159721446,0.9425631449651808,0.0003558668239374441
adam_70ns,1.422,60,0.9603908762874106,0.950488595359263,0.0005598445857929931
adam_70ns,1.423,60,0.955503709410127,0.9443796367626589,0.0004118480731964729
adam_70ns,1.424,60,0.954908268558366,0.9436353356979572,0.0004965220626581957
adam_70ns,1.425,60,0.9592565953271639,0.9490707441589546,0.000624950937232202
adam_70ns,1.426,60,0.9563342947751208,0.9454178684689009,0.0005266066182765038
adam_70ns,1.427,60,0.9586787254419851,0.948348406802481,0.00034027714045320315
adam_70ns,1.428,60,0.9540671419407372,0.9425839274259215,0.0006351981952677636
adam_70ns,1.429,60,0.9544597196345498,0.9430746495431873,0.0002993851668368786
adam_70ns,1.43,60,0.9570157906192045,0.9462697382740052,0.00035903544969824507
adam_70ns,1.431,60,0.9560280703704678,0.9450350879630847,0.0005023408413688356
adam_70ns,1.432,60,0.9518233848545581,0.9397792310681976,0.0005342572462133221
adam_70ns,1.433,60,0.9568715674356792,0.9460894592945992,0.0003761013759977608
adam_70ns,1.434,60,0.955660425137478,0.9445755314218472,0.0003740836953281335
adam_70ns,1.435,60,0.9561291660376471,0.9451614575470587,0.0004910236882817874
adam_70ns,1.436,60,0.9570146655796329,0.9462683319745407,0.0006013110983569034
adam_70ns,1.437,60,0.9550167606530476,0.9437709508163094,0.0004092895172676378
adam_70ns,1.438,60,0.9577839306898093,0.9472299133622613,0.0004131134869708795
adam_70ns,1.439,60,0.9559640989324102,0.9449551236655129,0.0004237157192396482
adam_70ns,1.44,60,0.9540361457737907,0.9425451822172384,0.0006318939770413282
adam_70ns,1.441,60,0.9553856055161813,0.9442320068952266,0.0005580724163760218
adam_70ns,1.442,60,0.9549284338566896,0.943660542320862,0.000519279582781014
adam_70ns,1.443,60,0.9544748410543354,0.9430935513179194,0.00039874580841838865
adam_70ns,1.444,60,0.9557055648504793,0.944631956063099,0.0004783120088043436
adam_70ns,1.445,60,0.9540965175709636,0.9426206469637044,0.00043451383807623735
adam_70ns,1.446,60,0.9550030835775349,0.9437538544719187,0.000567390704142351
adam_70ns,1.447,60,0.9527746796834627,0.9409683496043285,0.000755852479060723
adam_70ns,1.448,60,0.9520157424630737,0.9400196780788422,0.0005404705112918393
adam_70ns,1.449,60,0.9566329038016607,0.9457911297520758,0.0004529934194365776
adam_70ns,1.45,60,0.9534337243142673,0.941792155392834,0.0003776043678190763
adam_70ns,1.451,60,0.9524402017318364,0.9405502521647955,0.0005236081266990968
adam_70ns,1.452,60,0.9555587893871291,0.9444484867339114,0.000683298465972436
adam_70ns,1.453,60,0.9538046243854809,0.9422557804818511,0.000452303464530123
adam_70ns,1.454,60,0.9542469867729004,0.9428087334661256,0.0005986926245369576
adam_70ns,1.455,60,0.9576475691930888,0.9470594614913613,0.000521576556694529
adam_70ns,1.456,60,0.9547299215579446,0.9434124019474306,0.0005453457944738798
adam_70ns,1.457,60,0.9549077748833112,0.943634718604139,0.0004204799191727132
adam_70ns,1.458,60,0.9563848914059119,0.9454811142573898,0.0003722348640964236
adam_70ns,1.459,60,0.9565885892480989,0.9457357365601236,0.00048281188352024864
adam_70ns,1.46,60,0.9547107715543984,0.9433884644429982,0.0005139928211297589
adam_70ns,1.461,60,0.9553862508939024,0.9442328136173778,0.0004447936126974368
adam_70ns,1.462,60,0.9577582311640402,0.9471977889550502,0.000579643775013793
adam_70ns,1.463,60,0.9564346441014528,0.9455433051268162,0.0004765840628534409
adam_70ns,1.464,60,0.9530011619298705,0.941251452412338,0.0004783050771164191
adam_70ns,1.465,60,0.9534956549325315,0.9418695686656645,0.0006138654355369964
adam_70ns,1.466,60,0.9542976192425526,0.9428720240531906,0.0003258018362942872
adam_70ns,1.467,60,0.9546351609392719,0.9432939511740898,0.0006937495494806699
adam_70ns,1.468,60,0.9549667582274424,0.9437084477843029,0.0005029211011978647
adam_70ns,1.469,60,0.9572439362646499,0.946554920330812,0.00035342163588098993
adam_70ns,1.47,60,0.9565984738743982,0.9457480923429976,0.0003602680019149873
adam_70ns,1.471,60,0.9483480998998499,0.9354351248748125,0.0006439489682435666
adam_70ns,1.472,60,0.9524957690117303,0.9406197112646628,0.0005287813944054033
adam_70ns,1.473,60,0.9566088206065061,0.9457610257581327,0.0004013491176236318
adam_70ns,1.474,60,0.9526134419509518,0.9407668024386897,0.0005818101586755824
adam_70ns,1.475,60,0.9535196567245117,0.9418995709056398,0.0003684020132197196
adam_70ns,1.476,60,0.9502508091448567,0.9378135114310708,0.0011749078619539281
adam_70ns,1.477,60,0.9570898540040821,0.9463623175051025,0.0003852143107767507
adam_70ns,1.478,60,0.9545236381171766,0.9431545476464709,0.0005208922835339843
adam_70ns,1.479,60,0.9548135490683418,0.9435169363354273,0.00048794413885935753
adam_70ns,1.48,60,0.9554210044226423,0.944276255528303,0.00048825592100082437
adam_70ns,1.481,60,0.9571626540048129,0.9464533175060161,0.0005008584258815323
adam_70ns,1.482,60,0.9529069060412164,0.9411336325515204,0.00046657689489802896
adam_70ns,1.483,60,0.9531446918728709,0.9414308648410883,0.0004285473213313397
adam_70ns,1.484,60,0.9533311220686524,0.9416639025858157,0.0004883841841655263
adam_70ns,1.485,60,0.9545553030025963,0.9431941287532454,0.00032769881889308883
adam_70ns,1.486,60,0.9560099024934235,0.9450123781167794,0.0004147357231955844
adam_70ns,1.487,60,0.9554179295844176,0.944272411980522,0.00042049335696361055
adam_70ns,1.488,60,0.9537281219435265,0.942160152429408,0.0005042245009926584
adam_70ns,1.489,60,0.9540299317173284,0.9425374146466605,0.0004136139701979144
adam_70ns,1.49,60,0.9559540150355489,0.9449425187944359,0.0003236659928503208
adam_70ns,1.491,60,0.9504099993050388,0.9380124991312982,0.0006691505154908913
adam_70ns,1.492,60,0.9528659242541395,0.9410824053176743,0.0004599388319941053
adam_70ns,1.493,60,0.9545916991191528,0.943239623898941,0.0004518325144810678
adam_70ns,1.494,60,0.9545843186118991,0.9432303982648738,0.00043263927059879713
adam_70ns,1.495,60,0.9557314646956222,0.9446643308695276,0.0005218142239696086
adam_70ns,1.496,60,0.9518648622488656,0.9398310778110819,0.0005679077195304324
adam_70ns,1.497,60,0.9519318432477264,0.9399148040596579,0.0004876736511821525
adam_70ns,1.498,60,0.9538382491350241,0.94229781141878,0.0004111202767787298
adam_70ns,1.499,60,0.9509326597605015,0.9386658247006265,0.0007142404522781559
adam_70ns,1.5,60,0.9548001524876248,0.9435001906095312,0.00035091541435328035
adam_70ns,1.501,60,0.9500792302472698,0.9375990378090875,0.0005848037363656607
adam_70ns,1.502,60,0.9495170497524864,0.936896312190608,0.0007601333545984507
adam_70ns,1.503,60,0.9560751419682699,0.9450939274603375,0.0003475249192175002
adam_70ns,1.504,60,0.9536228406704739,0.9420285508380923,0.0005338599064167103
adam_70ns,1.505,60,0.9512032116351984,0.9390040145439978,0.0006416869695678418
adam_70ns,1.506,60,0.9541919479122435,0.9427399348903048,0.0003475999453055775
adam_70ns,1.507,60,0.9558169091315918,0.9447711364144895,0.000511030064634682
adam_70ns,1.508,60,0.9488436077258222,0.9360545096572778,0.000802701500293921
adam_70ns,1.509,60,0.9502443694445006,0.9378054618056257,0.0006639316274229555
adam_70ns,1.51,60,0.9550396364388984,0.9437995455486232,0.0004028202943638296
adam_70ns,1.511,60,0.9493220529483746,0.9366525661854681,0.0008717197145870629
adam_70ns,1.512,60,0.9520302277426009,0.9400377846782508,0.0006020553040051675
adam_70ns,1.513,60,0.9504979416018742,0.9381224270023428,0.0005477037327648146
adam_70ns,1.514,60,0.9522197610778345,0.9402747013472931,0.00045259360980083705
adam_70ns,1.515,60,0.9512852424431332,0.9391065530539162,0.0005951226225355357
adam_70ns,1.516,60,0.9493901543920288,0.9367376929900358,0.0006368479016711675
adam_70ns,1.517,60,0.9526040433432063,0.9407550541790074,0.0005483299887974299
adam_70ns,1.518,60,0.9516113635812462,0.9395142044765574,0.0004705425883122999
adam_70ns,1.519,60,0.9571284036196268,0.9464105045245337,0.0004164385021201258
adam_70ns,1.52,60,0.9509591895972112,0.938698986996514,0.00034862681688421977
adam_70ns,1.521,60,0.9546769940156896,0.943346242519612,0.000340242560499095
adam_70ns,1.522,60,0.9481347433882132,0.9351684292352668,0.0005880002873959823
adam_70ns,1.523,60,0.9515895089702013,0.9394868862127517,0.0009411326296537653
adam_70ns,1.524,60,0.9490950349403047,0.9363687936753803,0.000947654450868866
adam_70ns,1.525,60,0.9489885708480656,0.936235713560082,0.0006601757689748861
adam_70ns,1.526,60,0.9520597508979649,0.9400746886224559,0.000562770805304208
adam_70ns,1.527,60,0.9540572274693528,0.9425715343366909,0.0004637484425583389
adam_70ns,1.528,60,0.944978819288,0.9312235241100001,0.0010582204513722912
adam_70ns,1.529,60,0.9511649931555294,0.9389562414444117,0.00045721926236740165
adam_70ns,1.53,60,0.9475512939535249,0.9344391174419061,0.0006147324969199488
adam_70ns,1.531,60,0.95264638013829,0.9408079751728619,0.0006117962200721333
adam_70ns,1.532,60,0.9508720260313854,0.9385900325392317,0.0005542021748110301
adam_70ns,1.533,60,0.949981589449282,0.9374769868116029,0.0005773767499587248
adam_70ns,1.534,60,0.9503704037295414,0.9379630046619265,0.0005563449513031959
adam_70ns,1.535,60,0.9470483274624215,0.9338104093280268,0.0007881519327995435
adam_70ns,1.536,60,0.9469644362002493,0.9337055452503117,0.0007642010244021916
adam_70ns,1.537,60,0.9512908102680986,0.9391135128351231,0.00048723640002957364
adam_70ns,1.538,60,0.9502932309495042,0.9378665386868804,0.000351940600193443
adam_70ns,1.539,60,0.9507282266296238,0.9384102832870297,0.0004668617588978045
adam_70ns,1.54,60,0.9481433500779363,0.9351791875974205,0.0006548350413202414
adam_70ns,1.541,60,0.9490047851190859,0.9362559813988572,0.0006907109897844737
adam_70ns,1.542,60,0.9469022450201063,0.9336278062751331,0.0008882474605627011
adam_70ns,1.543,60,0.9524868998471154,0.9406086248088943,0.00046245032432366573
adam_70ns,1.544,60,0.9462606204126515,0.9328257755158141,0.0008008666883347263
adam_70ns,1.545,60,0.9544827747160725,0.9431034683950905,0.0006239562655502407
adam_70ns,1.546,60,0.9544623451940191,0.9430779314925236,0.0003776620917857787
adam_70ns,1.547,60,0.9527169089933516,0.9408961362416898,0.0004928697480947015
adam_70ns,1.548,60,0.945891878425493,0.9323648480318664,0.0007320928681149115
adam_70ns,1.549,60,0.9501011187644676,0.9376263984555845,0.0006710755719593123
adam_70ns,1.55,60,0.9495729766602317,0.9369662208252898,0.0004133703833268242
adam_70ns,1.551,60,0.9508070545430073,0.9385088181787589,0.0005424118258237247
adam_70ns,1.552,60,0.9470308487546362,0.9337885609432951,0.0006232745616324875
adam_70ns,1.553,60,0.9533045771498014,0.9416307214372517,0.00039023476046490225
adam_70ns,1.554,60,0.9491163412341264,0.936395426542658,0.0005181056363851566
adam_70ns,1.555,60,0.9491086781528832,0.936385847691104,0.0004553362212166801
adam_70ns,1.556,60,0.9514432739880164,0.9393040924850202,0.0006149867870844932
adam_70ns,1.557,60,0.9475475070513284,0.9344343838141606,0.0007323077337241236
adam_70ns,1.558,60,0.9500184297194414,0.9375230371493017,0.000555878861979628
adam_70ns,1.559,60,0.9447504660663779,0.9309380825829726,0.0006893614422072646
adam_70ns,1.56,60,0.9450176446149009,0.9312720557686259,0.0005111929840102715
adam_70ns,1.561,60,0.9513937323897252,0.9392421654871566,0.00045242874516063724
adam_70ns,1.562,60,0.9443202771124626,0.930400346390578,0.0007904246459775857
adam_70ns,1.563,60,0.950913778920903,0.9386422236511288,0.0007123748345123009
adam_70ns,1.564,60,0.9460147614741559,0.932518451842695,0.0007079597590789649
adam_70ns,1.565,60,0.9511779760126378,0.9389724700157969,0.0004327314151647626
adam_70ns,1.566,60,0.9473925197876366,0.9342406497345459,0.0009051490755051008
adam_70ns,1.567,60,0.9488019326591535,0.9360024158239421,0.0005986264730982473
adam_70ns,1.568,60,0.9458398811363588,0.9322998514204481,0.0008194513973697411
adam_70ns,1.569,60,0.947990879635991,0.9349885995449887,0.0009126016099221954
adam_70ns,1.57,60,0.949247131140804,0.9365589139260048,0.0004967295493529307
adam_70ns,1.571,60,0.948599208070876,0.9357490100885948,0.0004425444265124779
adam_70ns,1.572,60,0.9449182231454245,0.9311477789317808,0.0008172232062891629
adam_70ns,1.573,60,0.9471805485715745,0.933975685714468,0.0006075641347563926
adam_70ns,1.574,60,0.9514366944369952,0.9392958680462438,0.0004406210346134143
adam_70ns,1.575,60,0.9494251886062642,0.9367814857578302,0.0006144692553363282
adam_70ns,1.576,60,0.9458000275945386,0.9322500344931733,0.0008388282815088885
adam_70ns,1.577,60,0.948946245386443,0.9361828067330541,0.0006381939170217856
adam_70ns,1.578,60,0.9490612752262451,0.9363265940328063,0.0006490281526748122
adam_70ns,1.579,60,0.9492568597792215,0.9365710747240266,0.0005880231439096933
adam_70ns,1.58,60,0.9491204182754983,0.9364005228443728,0.0005365707501004717
adam_70ns,1.581,60,0.9442158464110275,0.9302698080137841,0.0004667483643256099
adam_70ns,1.582,60,0.948098413706077,0.9351230171325962,0.000826474502610515
adam_70ns,1.583,60,0.9493946295925909,0.9367432869907387,0.0005051555847879573
adam_70ns,1.584,60,0.9488083122378091,0.9360103902972614,0.0006076135360700133
adam_70ns,1.585,60,0.9485318108833289,0.935664763604161,0.0005261427505324135
adam_70ns,1.586,60,0.9517937213772556,0.9397421517215693,0.0004382638436925574
adam_70ns,1.587,60,0.9488079097008515,0.936009887126064,0.0007097697831313712
adam_70ns,1.588,60,0.9430475902453402,0.9288094878066755,0.0006454198821457607
adam_70ns,1.589,60,0.9485585832568897,0.935698229071112,0.0005508200972387886
adam_70ns,1.59,60,0.9451253083036676,0.9314066353795842,0.0006653658236870921
adam_70ns,1.591,60,0.947983753645445,0.934979692056806,0.0005057616150724744
adam_70ns,1.592,60,0.9459033176567836,0.9323791470709796,0.0008168672178383515
adam_70ns,1.593,60,0.9438475455206963,0.9298094319008702,0.001078013938809782
adam_70ns,1.594,60,0.9535769190536314,0.9419711488170392,0.00042853648604244
adam_70ns,1.595,60,0.9483044164880587,0.9353805206100737,0.0004027002723963965
adam_70ns,1.596,60,0.946756737201738,0.9334459215021723,0.000809546183766395
adam_70ns,1.597,60,0.939347130612045,0.9241839132650562,0.0008549371210453682
adam_70ns,1.598,60,0.9456549845078808,0.932068730634851,0.0006873738472800032
adam_70ns,1.599,60,0.9452123665647503,0.9315154582059377,0.000841647486028202
adam_70ns,1.6,60,0.9467326155813943,0.933415769476743,0.000726787337584085
adam_70ns,1.601,60,0.9463025654497583,0.932878206812198,0.0006849157261696881
adam_70ns,1.602,60,0.9465984171624893,0.9332480214531118,0.00045614606390729666
adam_70ns,1.603,60,0.9433438618671239,0.9291798273339053,0.001072232786931083
adam_70ns,1.604,60,0.9479560634925968,0.9349450793657458,0.00045909631261852935
adam_70ns,1.605,60,0.9511404314863043,0.9389255393578803,0.0004630866873804179
adam_70ns,1.606,60,0.9513901678690004,0.9392377098362505,0.0005178493771974697
adam_70ns,1.607,60,0.9460274318899501,0.9325342898624375,0.000695468073694942
adam_70ns,1.608,60,0.9502163194863006,0.9377703993578758,0.0003420140446618927
adam_70ns,1.609,60,0.9433603256305139,0.9292004070381423,0.0007305765344729207
adam_70ns,1.61,60,0.9480936172875851,0.9351170216094811,0.0005337339486529808
adam_70ns,1.611,60,0.9423554153302313,0.9279442691627893,0.0005309694616001801
adam_70ns,1.612,60,0.9409966015918503,0.9262457519898131,0.0007379840298361068
adam_70ns,1.613,60,0.9442675102650018,0.9303343878312521,0.0009176300058527147
adam_70ns,1.614,60,0.9411701742026901,0.9264627177533626,0.0008070555371188192
adam_70ns,1.615,60,0.9434554454004342,0.9293193067505428,0.0010403519580569202
adam_70ns,1.616,60,0.9470445050835583,0.9338056313544477,0.0005263460055530794
adam_70ns,1.617,60,0.9470724627480384,0.9338405784350479,0.0007873740543360944
adam_70ns,1.618,60,0.9474970014573239,0.9343712518216545,0.0008510668229793587
adam_70ns,1.619,60,0.945995173518067,0.9324939668975836,0.0009537682353476579
adam_70ns,1.62,60,0.9433317100708689,0.9291646375885863,0.0006151902896304415
adam_70ns,1.621,60,0.9415662652650991,0.9269578315813738,0.000694808371144955
adam_70ns,1.622,60,0.949379850756079,0.936724813445099,0.0006952103798686713
adam_70ns,1.623,60,0.9472081323591596,0.9340101654489492,0.0005373932286742638
adam_70ns,1.624,60,0.9466492893259881,0.9333116116574851,0.0004943712176893315
adam_70ns,1.625,60,0.9434955648632224,0.929369456079028,0.0005848606018147369
adam_70ns,1.626,60,0.9417273851338372,0.9271592314172967,0.0012102066954995945
adam_70ns,1.627,60,0.941226470000456,0.9265330875005701,0.0006737473220154641
adam_70ns,1.628,60,0.9407110391185814,0.9258887988982266,0.0007661860554651004
adam_70ns,1.629,60,0.9448718899754802,0.9310898624693501,0.000681714011842055
adam_70ns,1.63,60,0.9468442775397062,0.9335553469246329,0.0006644916334652268
adam_70ns,1.631,60,0.947400908809923,0.9342511360124038,0.0006930886821690478
adam_70ns,1.632,60,0.9435833107549878,0.929479138443735,0.0006927352646894318
adam_70ns,1.633,60,0.9454770294441073,0.9318462868051339,0.0006676880785413696
adam_70ns,1.634,60,0.9431804203895926,0.9289755254869908,0.0006347776018391119
adam_70ns,1.635,60,0.9488257528960494,0.9360321911200618,0.0006141603538929614
adam_70ns,1.636,60,0.9469566539018976,0.9336958173773718,0.0008859506767523369
adam_70ns,1.637,60,0.9412115423759753,0.9265144279699692,0.0009387805559665496
adam_70ns,1.638,60,0.9457080991661719,0.932135123957715,0.0005286932942427445
adam_70ns,1.639,60,0.9466105585245246,0.9332631981556556,0.0007277225514682788
adam_70ns,1.64,60,0.9478804114061341,0.9348505142576673,0.0006467522347771646
adam_70ns,1.641,60,0.9410892220536571,0.926361527567071,0.0006740507346072952
adam_70ns,1.642,60,0.9479310050037679,0.9349137562547098,0.0006020680445870615
adam_70ns,1.643,60,0.9444808052952184,0.930601006619023,0.0004457895081172348
adam_70ns,1.644,60,0.9419228145565027,0.9274035181956284,0.0005737734886535534
adam_70ns,1.645,60,0.9445466188758123,0.9306832735947652,0.0007256436782479432
adam_70ns,1.646,60,0.9450081708001377,0.931260213500172,0.0008554573777708228
adam_70ns,1.647,60,0.9489602164214572,0.9362002705268216,0.000610139960316361
adam_70ns,1.648,60,0.9371595844617645,0.9214494805772058,0.0008799989031854632
adam_70ns,1.649,60,0.9439368497059375,0.9299210621324218,0.0008198528296552976
adam_70ns,1.65,60,0.9434267164971545,0.9292833956214431,0.0006952925185625534
adam_70ns,1.651,60,0.9450068881535751,0.9312586101919689,0.0007619436750661944
adam_70ns,1.652,60,0.945467144878101,0.9318339310976264,0.0007173415715384598
adam_70ns,1.653,60,0.9433319313962367,0.9291649142452959,0.0007455712065670699
adam_70ns,1.654,60,0.9402119460678379,0.9252649325847974,0.0007515625723682693
adam_70ns,1.655,60,0.9402872738488196,0.9253590923110245,0.0007462721221174974
adam_70ns,1.656,60,0.9389240894343752,0.9236551117929692,0.0007329876927071752
adam_70ns,1.657,60,0.9397441548091934,0.9246801935114917,0.0009492600683852976
adam_70ns,1.658,60,0.9394886980810281,0.9243608726012851,0.0008182244574757526
adam_70ns,1.659,60,0.9419159739759515,0.9273949674699391,0.0012095194631995348
adam_70ns,1.66,60,0.9410640433996176,0.926330054249522,0.0011908897683516823
adam_70ns,1.661,60,0.9423392106131914,0.9279240132664894,0.0007763410606521033
adam_70ns,1.662,60,0.9426270695494621,0.9282838369368276,0.0009207110086788568
adam_70ns,1.663,60,0.9409372947778547,0.9261716184723183,0.0008307071404548559
adam_70ns,1.664,60,0.9405435547622756,0.9256794434528447,0.0007382329054828472
adam_70ns,1.665,60,0.940966080108967,0.9262076001362087,0.0007890015919418772
adam_70ns,1.666,60,0.9442801175070502,0.9303501468838127,0.0007160837569604325
adam_70ns,1.667,60,0.9458267347073983,0.932283418384248,0.0005798758810751103
adam_70ns,1.668,60,0.9447993143121676,0.9309991428902094,0.0006179761663433287
adam_70ns,1.669,60,0.9426970957569595,0.928371369696199,0.0012680766788673511
adam_70ns,1.67,60,0.9433523722274257,0.9291904652842823,0.0006902266657250688
adam_70ns,1.671,60,0.9394117819533145,0.9242647274416433,0.00061775109978289
adam_70ns,1.672,60,0.9479501732715634,0.9349377165894541,0.0005861007925556663
adam_70ns,1.673,60,0.9442034188195709,0.9302542735244637,0.0004921802854978871
adam_70ns,1.674,60,0.9379713478236623,0.9224641847795777,0.0010951477227769885
adam_70ns,1.675,60,0.9498547760575168,0.9373184700718961,0.000769198613982611
adam_70ns,1.676,60,0.941650477300346,0.9270630966254327,0.000718816046900014
adam_70ns,1.677,60,0.9416309161031619,0.9270386451289522,0.0005455891669769216
adam_70ns,1.678,60,0.9392367464614747,0.9240459330768434,0.000590046838183292
adam_70ns,1.679,60,0.9360033938591734,0.9200042423239668,0.0010046839256746744
adam_70ns,1.68,60,0.9363652411468074,0.9204565514335095,0.0012470454485085933
adam_70ns,1.681,60,0.9425060081768134,0.9281325102210166,0.0009038669993353532
adam_70ns,1.682,60,0.9414842747705292,0.9268553434631615,0.000996010826045616
adam_70ns,1.683,60,0.9366172426809911,0.920771553351239,0.0012806460850991503
adam_70ns,1.684,60,0.9428826834597367,0.9286033543246707,0.000709003415344555
adam_70ns,1.685,60,0.9385031148897145,0.9231288936121432,0.0007869941396197067
adam_70ns,1.686,60,0.9398903316595928,0.9248629145744905,0.0007750524143487599
adam_70ns,1.687,60,0.9419994338016923,0.9274992922521151,0.0007398617639701149
adam_70ns,1.688,60,0.9397282924245416,0.9246603655306769,0.000860129524164977
adam_70ns,1.689,60,0.9457505147174445,0.9321881433968054,0.0006576771462180355
adam_70ns,1.69,60,0.9426520087442487,0.928315010930311,0.0006428173190428799
adam_70ns,1.691,60,0.9377099903574426,0.922137487946803,0.0013018398165959809
adam_70ns,1.692,60,0.9431226706205973,0.9289033382757464,0.0006850852703090459
adam_70ns,1.693,60,0.9371034391880919,0.9213792989851154,0.0009962807697071455
adam_70ns,1.694,60,0.9436194683361709,0.9295243354202134,0.00046445583827183407
adam_70ns,1.695,60,0.9377483376005511,0.9221854220006885,0.000886410818528697
adam_70ns,1.696,60,0.9415138755032644,0.9268923443790804,0.0009460642375353223
adam_70ns,1.697,60,0.9408525172867095,0.9260656466083869,0.0010201156433547484
adam_70ns,1.698,60,0.9336482017137823,0.9170602521422277,0.000917039824088774
adam_70ns,1.699,60,0.941088732259864,0.9263609153248298,0.00094669728486347
adam_70ns,1.7,60,0.9386579132089303,0.9233223915111629,0.0009018723359465058
adam_70ns,1.701,60,0.9425930987018454,0.9282413733773064,0.0008258898121052258
adam_70ns,1.702,60,0.9392319102108259,0.9240398877635322,0.000660380865764205
adam_70ns,1.703,60,0.9453685281463857,0.9317106601829821,0.0007449100700106909
adam_70ns,1.704,60,0.9394368732778697,0.924296091597337,0.0008588913370121307
adam_70ns,1.705,60,0.9348851034286465,0.9186063792858081,0.001069572826891095
adam_70ns,1.706,60,0.9372644211741994,0.9215805264677494,0.0012683649531778295
adam_70ns,1.707,60,0.9423619794023786,0.9279524742529734,0.0009373012688703948
adam_70ns,1.708,60,0.937656823399796,0.9220710292497447,0.0012907901375527216
adam_70ns,1.709,60,0.9394428562880048,0.924303570360006,0.0008320901517136364
adam_70ns,1.71,60,0.9336392055597257,0.9170490069496574,0.0012733653862890707
adam_70ns,1.711,60,0.9396765530014918,0.9245956912518645,0.0011422609120120297
adam_70ns,1.712,60,0.9408582394135222,0.9260727992669026,0.0009110976918595897
adam_70ns,1.713,60,0.9408410287170986,0.9260512858963732,0.0006565818792739496
adam_70ns,1.714,60,0.9358516479677346,0.9198145599596681,0.0009881964240493538
adam_70ns,1.715,60,0.9373718953035172,0.9217148691293965,0.0009393102724918689
adam_70ns,1.716,60,0.939535904088757,0.9244198801109463,0.0008085400002220838
adam_70ns,1.717,60,0.939804581669846,0.9247557270873076,0.0007426176096048184
adam_70ns,1.718,60,0.9398070132273766,0.924758766534221,0.0006511680379935023
adam_70ns,1.719,60,0.9374832498390913,0.9218540622988641,0.0008727326383823879
adam_70ns,1.72,60,0.936039116045436,0.9200488950567949,0.0007346353115599866
adam_70ns,1.721,60,0.9397899046585749,0.9247373808232187,0.0008638107432051032
adam_70ns,1.722,60,0.9404129185339184,0.9255161481673978,0.0007715675748845886
adam_70ns,1.723,60,0.9396633150502339,0.9245791438127925,0.0014545445209824318
adam_70ns,1.724,60,0.9396595563868794,0.9245744454835995,0.0007111593774656782
adam_70ns,1.725,60,0.9416772699667688,0.927096587458461,0.000641220305541135
adam_70ns,1.726,60,0.9378027791714406,0.9222534739643007,0.000516453999463802
adam_70ns,1.727,60,0.9374860396845318,0.9218575496056646,0.0007911117554813557
adam_70ns,1.728,60,0.9394953462681116,0.9243691828351395,0.000992515810821135
adam_70ns,1.729,60,0.9419173287730417,0.9273966609663022,0.0009100151595669662
adam_70ns,1.73,60,0.937481639594073,0.9218520494925911,0.001242405176738008
adam_70ns,1.731,60,0.93628024480722,0.9203503060090251,0.0008311158869273732
adam_70ns,1.732,60,0.9344388423850156,0.9180485529812692,0.0011952534482096299
adam_70ns,1.733,60,0.9355707439186114,0.9194634298982647,0.001293336597128888
adam_70ns,1.734,60,0.9429033762690188,0.9286292203362732,0.0009195259633083037
adam_70ns,1.735,60,0.939311366462114,0.9241392080776427,0.0008017601949053862
adam_70ns,1.736,60,0.9394089309289673,0.9242611636612093,0.0007344690022827398
adam_70ns,1.737,60,0.9356354052733571,0.9195442565916961,0.0008576928263131315
adam_70ns,1.738,60,0.9297188134887954,0.9121485168609943,0.001288314277945918
adam_70ns,1.739,60,0.9366900444485857,0.9208625555607325,0.0010176306772801298
adam_70ns,1.74,60,0.9363947426675134,0.9204934283343914,0.0006351015748537742
adam_70ns,1.741,60,0.9350336783289714,0.918792097911214,0.0012041410225817103
adam_70ns,1.742,60,0.9317897111986876,0.9147371389983594,0.0010697994321777597
adam_70ns,1.743,60,0.9349472272332993,0.9186840340416239,0.001005628857540884
adam_70ns,1.744,60,0.9369638966426046,0.921204870803256,0.001033601026417954
adam_70ns,1.745,60,0.9394422672695436,0.9243028340869296,0.0010211247745251556
adam_70ns,1.746,60,0.9356972796341548,0.9196215995426936,0.0008105364928751705
adam_70ns,1.747,60,0.9362297902706758,0.9202872378383447,0.0011597404964201635
adam_70ns,1.748,60,0.9389333870255829,0.9236667337819788,0.0008407032262320209
adam_70ns,1.749,60,0.9348472071991382,0.9185590089989226,0.0007928825911206895
adam_70ns,1.75,60,0.9367197865092871,0.9208997331366091,0.0007901470876578717
adam_70ns,1.751,60,0.9374561742235663,0.9218202177794581,0.0008888105095334874
adam_70ns,1.752,60,0.9352894253504727,0.9191117816880907,0.0016244930221042753
adam_70ns,1.753,60,0.9344295235389221,0.9180369044236525,0.0007979966458918983
adam_70ns,1.754,60,0.9324202287603852,0.9155252859504814,0.0013583716000505402
adam_70ns,1.755,60,0.9321251290701856,0.915156411337732,0.0007670602143492846
adam_70ns,1.756,60,0.9286997029800628,0.9108746287250784,0.0011548967639083579
adam_70ns,1.757,60,0.9347355854453827,0.9184194818067282,0.0008849710361012197
adam_70ns,1.758,60,0.9379238683798641,0.9224048354748298,0.0009630669654381639
adam_70ns,1.759,60,0.9351618976390208,0.9189523720487759,0.0005945737115083861
adam_70ns,1.76,60,0.9365566217257094,0.9206957771571367,0.0008554053265747221
adam_70ns,1.761,60,0.9396351542543713,0.9245439428179644,0.0009058277319037687
adam_70ns,1.762,60,0.9377757229330181,0.9222196536662726,0.0005521083472675429
adam_70ns,1.763,60,0.9291270237830036,0.9114087797287543,0.0012418382836799913
adam_70ns,1.764,60,0.9352869476992318,0.9191086846240396,0.0011844122521968532
adam_70ns,1.765,60,0.9359308600910098,0.9199135751137624,0.0009768631964653218
adam_70ns,1.766,60,0.9377720205678228,0.9222150257097785,0.0009151835469547523
adam_70ns,1.767,60,0.9348655089087714,0.9185818861359641,0.0008420040190201037
adam_70ns,1.768,60,0.9315115754270235,0.9143894692837794,0.000957836038022772
adam_70ns,1.769,60,0.9354057065779641,0.919257133222455,0.0008164500965182397
adam_70ns,1.77,60,0.9361474717236311,0.9201843396545387,0.0009768364407897532
adam_70ns,1.771,60,0.936420046157225,0.9205250576965313,0.001144069866959831
adam_70ns,1.772,60,0.9397697101577164,0.9247121376971453,0.0011888948996358754
adam_70ns,1.773,60,0.9325933847088044,0.9157417308860054,0.001143041491962427
adam_70ns,1.774,60,0.9379468784165321,0.922433598020665,0.0011741135435873787
adam_70ns,1.775,60,0.9360141525217659,0.9200176906522071,0.0008653872194723688
adam_70ns,1.776,60,0.9338350635423951,0.9172938294279939,0.0010267709340233751
adam_70ns,1.777,60,0.9377439252086077,0.9221799065107594,0.0008127131645422123
adam_70ns,1.778,60,0.9288183755809257,0.911022969476157,0.0006891972757298038
adam_70ns,1.779,60,0.9290304106462511,0.911288013307814,0.0012535547550318329
adam_70ns,1.78,60,0.9343549689447848,0.9179437111809812,0.0009713850708940288
adam_70ns,1.781,60,0.9351866567498583,0.9189833209373229,0.0010421649417434319
adam_70ns,1.782,60,0.9341413957855634,0.9176767447319544,0.0007156738438794091
adam_70ns,1.783,60,0.9350744953509541,0.9188431191886927,0.0014938960934488678
adam_70ns,1.784,60,0.9342078218064493,0.9177597772580616,0.0008584682846490509
adam_70ns,1.785,60,0.9346588667153566,0.9183235833941957,0.000673117132337695
adam_70ns,1.786,60,0.935678161675332,0.9195977020941648,0.0007661619430447836
adam_70ns,1.787,60,0.938422863442032,0.9230285793025401,0.0006007727490032375
adam_70ns,1.788,60,0.9357893926711963,0.9197367408389951,0.0008499654494343817
adam_70ns,1.789,60,0.9380489631477682,0.9225612039347103,0.0010373352481783786
adam_70ns,1.79,60,0.9425024540434332,0.9281280675542916,0.0005684155623906527
adam_70ns,1.791,60,0.9341483525040719,0.9176854406300902,0.0012608564993279135
adam_70ns,1.792,60,0.9379746265696973,0.9224682832121215,0.000762599399882226
adam_70ns,1.793,60,0.9362357732532669,0.9202947165665836,0.0009439618659836428
adam_70ns,1.794,60,0.9331927031020874,0.916490878877609,0.001029592629397293
adam_70ns,1.795,60,0.9371586326710738,0.9214482908388422,0.0010415532645217014
adam_70ns,1.796,60,0.9355947413567404,0.9194934266959254,0.001371683948712517
adam_70ns,1.797,60,0.932645411636211,0.9158067645452636,0.0008986780660736109
adam_70ns,1.798,60,0.9337878926578604,0.9172348658223254,0.0008682156009524208
adam_70ns,1.799,60,0.9289335419380962,0.91116692742262,0.0011941640090647493
adam_70ns,1.8,60,0.9362953856154118,0.9203692320192647,0.000854277235501973
adam_70ns,1.801,60,0.9303330315855765,0.9129162894819708,0.0015466779446112343
adam_70ns,1.802,60,0.9406052693027349,0.9257565866284186,0.0005944392731001482
adam_70ns,1.803,60,0.9362464609012001,0.9203080761264999,0.0010367622789644695
adam_70ns,1.804,60,0.9333339895271635,0.9166674869089545,0.0011957193210339928
adam_70ns,1.805,60,0.9329847295934539,0.9162309119918175,0.00093573247359258
adam_70ns,1.806,60,0.9348892210414231,0.918611526301779,0.0008415601001539925
adam_70ns,1.807,60,0.9338290156329077,0.9172862695411346,0.0010614290288776594
adam_70ns,1.808,60,0.9342138642511131,0.9177673303138911,0.0009158311538178534
adam_70ns,1.809,60,0.9320881366598468,0.9151101708248083,0.0011163861451155771
adam_70ns,1.81,60,0.9368848385501096,0.9211060481876369,0.0007345146179376608
adam_70ns,1.811,60,0.9280161275926484,0.9100201594908104,0.0010419458183024402
adam_70ns,1.812,60,0.9325423900469434,0.9156779875586791,0.0009040805676263499
adam_70ns,1.813,60,0.9328638014395715,0.9160797517994645,0.0009912095532360647
adam_70ns,1.814,60,0.928724273860206,0.9109053423252573,0.0012192899463644227
adam_70ns,1.815,60,0.932077984951858,0.9150974811898226,0.000842735325251495
adam_70ns,1.816,60,0.9341176195670076,0.9176470244587592,0.0009956844850105792
adam_70ns,1.817,60,0.9304862057728187,0.9131077572160232,0.0008691603446565687
adam_70ns,1.818,60,0.932286766452998,0.9153584580662476,0.0010992723108259384
adam_70ns,1.819,60,0.9354823679556447,0.9193529599445557,0.0007963757345100782
adam_70ns,1.82,60,0.9328313239091544,0.9160391548864429,0.0007812703205505678
adam_70ns,1.821,60,0.9348149507623422,0.9185186884529276,0.0012331834059999902
adam_70ns,1.822,60,0.9408725811032319,0.9260907263790397,0.0007354078440317384
adam_70ns,1.823,60,0.9336923915254055,0.9171154894067567,0.0007526473602889664
adam_70ns,1.824,60,0.9295542995165725,0.9119428743957155,0.0011654301995954303
adam_70ns,1.825,60,0.9339878738264139,0.9174848422830173,0.0008254268662368552
adam_70ns,1.826,60,0.9309037658557652,0.9136297073197066,0.001392801318329065
adam_70ns,1.827,60,0.9329156792235804,0.9161445990294753,0.0009107550969639007
adam_70ns,1.828,60,0.9332122080845071,0.9165152601056339,0.0010342260931424925
adam_70ns,1.829,60,0.9297643709293635,0.9122054636617043,0.0011566921899789416
adam_70ns,1.83,60,0.9369880737925315,0.9212350922406642,0.0007987101420808684
adam_70ns,1.831,60,0.9288971168063344,0.9111213960079177,0.0010344967024034253
adam_70ns,1.832,60,0.9247281557203542,0.9059101946504424,0.001491549764642277
adam_70ns,1.833,60,0.9265413691337905,0.9081767114172379,0.001033727962978415
adam_70ns,1.834,60,0.9273370629711515,0.9091713287139391,0.0011706556072028072
adam_70ns,1.835,60,0.9328793982233056,0.9160992477791315,0.0011991280294947734
adam_70ns,1.836,60,0.9298979243632903,0.9123724054541129,0.001471762793938055
adam_70ns,1.837,60,0.93582567205634,0.9197820900704251,0.0012090971271049575
adam_70ns,1.838,60,0.9305147238818638,0.9131434048523299,0.0008911995712235905
adam_70ns,1.839,60,0.9331669867151575,0.9164587333939469,0.0012179085133808096
adam_70ns,1.84,60,0.9262785424766161,0.9078481780957702,0.0012706872143252244
adam_70ns,1.841,60,0.9237640230498996,0.9047050288123742,0.0015036127475866008
adam_70ns,1.842,60,0.9380218629137776,0.9225273286422221,0.0007716906607437293
adam_70ns,1.843,60,0.9299631191614245,0.9124538989517809,0.0009938278667242307
adam_70ns,1.844,60,0.9239115938450656,0.904889492306332,0.0012947867187961387
adam_70ns,1.845,60,0.9317644003823169,0.9147055004778962,0.0011135268132893622
adam_70ns,1.846,60,0.9256819488805645,0.9071024361007057,0.0011035384366935399
adam_70ns,1.847,60,0.9327382928260168,0.9159228660325209,0.001088664114406656
adam_70ns,1.848,60,0.9248502008075615,0.906062751009452,0.0010999991162856872
adam_70ns,1.849,60,0.927706457647603,0.9096330720595034,0.001233047840063937
adam_70ns,1.85,60,0.9273672856076584,0.9092091070095729,0.0015461652531136036
adam_70ns,1.851,60,0.9312604070903867,0.9140755088629832,0.0010200009597365737
adam_70ns,1.852,60,0.9314810013959898,0.9143512517449871,0.0012001314065578736
adam_70ns,1.853,60,0.9301936859434452,0.9127421074293066,0.0013153015086266632
adam_70ns,1.854,60,0.9262620061870095,0.9078275077337618,0.0010906332013720119
adam_70ns,1.855,60,0.9271042292732155,0.9088802865915192,0.001017183542479242
adam_70ns,1.856,60,0.9326090369564426,0.9157612961955531,0.0009565793380890607
adam_70ns,1.857,60,0.926316613594246,0.9078957669928076,0.0010374133860403237
adam_70ns,1.858,60,0.9331421635376199,0.9164277044220248,0.0012853022901235965
adam_70ns,1.859,60,0.9313078883921198,0.9141348604901496,0.0010725671870001445
adam_70ns,1.86,60,0.9287422786533117,0.9109278483166398,0.0011840876277946256
adam_70ns,1.861,60,0.9308971844512929,0.9136214805641162,0.0011948939313337703
adam_70ns,1.862,60,0.9297851095068084,0.9122313868835106,0.0008355696123987632
adam_70ns,1.863,60,0.9293292981792884,0.9116616227241107,0.0007799231400434898
adam_70ns,1.864,60,0.93211700609753,0.9151462576219124,0.0013189214900964981
adam_70ns,1.865,60,0.9312228236851695,0.9140285296064619,0.0009543271608667281
adam_70ns,1.866,60,0.9347541329809147,0.9184426662261433,0.0009539587878346344
adam_70ns,1.867,60,0.9295047104252249,0.911880888031531,0.0010008391534002783
adam_70ns,1.868,60,0.9223552354459926,0.9029440443074908,0.0017056138566766065
adam_70ns,1.869,60,0.9293170963239515,0.9116463704049393,0.0010821557537533295
adam_70ns,1.87,60,0.9257785156732308,0.9072231445915382,0.002152047455692371
adam_70ns,1.871,60,0.9289796833037471,0.9112246041296839,0.0013036935886576392
adam_70ns,1.872,60,0.9294211904238916,0.9117764880298648,0.001085449564117866
adam_70ns,1.873,60,0.927394516325461,0.9092431454068259,0.0013842997013547738
adam_70ns,1.874,60,0.9319336672879637,0.9149170841099546,0.0005827700187956311
adam_70ns,1.875,60,0.9265026796894491,0.9081283496118112,0.0015308860686908466
adam_70ns,1.876,60,0.9264354687603739,0.9080443359504673,0.0014143028112338814
adam_70ns,1.877,60,0.9386430604135682,0.9233038255169602,0.000668414720397033
adam_70ns,1.878,60,0.9307979951603742,0.9134974939504678,0.0011490325740711451
adam_70ns,1.879,60,0.9249746142526658,0.9062182678158321,0.0013000415959975595
adam_70ns,1.88,60,0.9297655996726797,0.9122069995908494,0.0010745197878579277
adam_70ns,1.881,60,0.93191688767775,0.9148961095971875,0.0013992597879294397
adam_70ns,1.882,60,0.9324972063651652,0.9156215079564564,0.0005708363609376443
adam_70ns,1.883,60,0.9325987024088577,0.915748378011072,0.0011464978079235258
adam_70ns,1.884,60,0.9282761704283637,0.9103452130354549,0.0011962144338135098
adam_70ns,1.885,60,0.9260903007361307,0.9076128759201634,0.0019764400534835564
adam_70ns,1.886,60,0.9273169088698939,0.9091461360873674,0.001264825912553783
adam_70ns,1.887,60,0.9281311219986595,0.9101639024983244,0.0010291687734850189
adam_70ns,1.888,60,0.930890949204351,0.9136136865054387,0.0009375393119374446
adam_70ns,1.889,60,0.9299611927284538,0.9124514909105673,0.0011195553959641165
adam_70ns,1.89,60,0.9274049191284164,0.9092561489105205,0.0009402146083079406
adam_70ns,1.891,60,0.9308423576598799,0.91355294707485,0.001408520282500088
adam_70ns,1.892,60,0.9286959902390728,0.9108699877988408,0.001342446964317925
adam_70ns,1.893,60,0.9283301026140706,0.9104126282675882,0.0011698617355747627
adam_70ns,1.894,60,0.9286581686759021,0.9108227108448775,0.0015989827701640498
adam_70ns,1.895,60,0.9308113714789603,0.9135142143487002,0.000863970459875674
adam_70ns,1.896,60,0.9268174282687671,0.9085217853359586,0.0008844395083410745
adam_70ns,1.897,60,0.9305243439068369,0.9131554298835459,0.00127431754741715
adam_70ns,1.898,60,0.9285917320836283,0.9107396651045359,0.0011945518120355908
adam_70ns,1.899,60,0.9249389010791653,0.9061736263489567,0.001751646540322987
adam_70ns,1.9,60,0.9245790796457428,0.9057238495571784,0.00107915562525987
adam_70ns,1.901,60,0.9246280572628995,0.9057850715786244,0.0014699601372917747
adam_70ns,1.902,60,0.9291303573035489,0.9114129466294364,0.001401815580996418
adam_70ns,1.903,60,0.923182054174604,0.9039775677182553,0.0016039334610138056
adam_70ns,1.904,60,0.9219200514274359,0.902400064284295,0.001938526205102156
adam_70ns,1.905,60,0.9286666474870735,0.9108333093588421,0.0008916862153274624
adam_70ns,1.906,60,0.9254320858337133,0.9067901072921415,0.0017520076514298962
adam_70ns,1.907,60,0.932130139295545,0.9151626741194312,0.0006309153713141333
adam_70ns,1.908,60,0.9243058919893585,0.9053823649866982,0.001162648467959649
adam_70ns,1.909,60,0.9179059799603331,0.8973824749504165,0.0014384577297071321
adam_70ns,1.91,60,0.9321783272878087,0.9152229091097611,0.001249234000174343
adam_70ns,1.911,60,0.9246899324448752,0.9058624155560939,0.0018047288242329371
adam_70ns,1.912,60,0.9238054739803225,0.904756842475403,0.001397957495469948
adam_70ns,1.913,60,0.9286165711428451,0.9107707139285564,0.0018187153245643435
adam_70ns,1.914,60,0.9230416378236339,0.9038020472795424,0.0012311022483280515
adam_70ns,1.915,60,0.9229572444460402,0.9036965555575504,0.001920095209378478
adam_70ns,1.916,60,0.9246071170307911,0.9057588962884887,0.0017412068638729442
adam_70ns,1.917,60,0.9249631764653391,0.9062039705816739,0.0008791706967663527
adam_70ns,1.918,60,0.9234697545866152,0.9043371932332691,0.001130252891223358
adam_70ns,1.919,60,0.930079773407671,0.9125997167595885,0.0008865861873803616
adam_70ns,1.92,60,0.9185774540487707,0.8982218175609635,0.002141586849058457
adam_70ns,1.921,60,0.9318881746762827,0.9148602183453532,0.0012436888536324206
adam_70ns,1.922,60,0.9201132345364873,0.9001415431706088,0.0014777387576009203
adam_70ns,1.923,60,0.9289334835273831,0.911166854409229,0.0013022594404288536
adam_70ns,1.924,60,0.9251358887368261,0.9064198609210325,0.0008673611421085282
adam_70ns,1.925,60,0.9256432371104473,0.9070540463880589,0.0012584605723136562
adam_70ns,1.926,60,0.920623622990529,0.9007795287381613,0.0012353253983340103
adam_70ns,1.927,60,0.9239715740213962,0.9049644675267453,0.0014441224362181505
adam_70ns,1.928,60,0.9185902874673819,0.8982378593342274,0.0012883918754461265
adam_70ns,1.929,60,0.9207814783358448,0.9009768479198059,0.0012716398561530074
adam_70ns,1.93,60,0.9215612766027204,0.9019515957534007,0.001770280818181495
adam_70ns,1.931,60,0.9208959709507231,0.9011199636884035,0.0017330722341644157
adam_70ns,1.932,60,0.9226334624760683,0.903291828095085,0.00122276021696227
adam_70ns,1.933,60,0.9306425834436614,0.9133032293045769,0.001070682105444224
adam_70ns,1.934,60,0.9230738945844916,0.9038423682306145,0.001022924120254901
adam_70ns,1.935,60,0.9243121228784146,0.9053901535980183,0.0014137594691113148
adam_70ns,1.936,60,0.9205600490928832,0.900700061366104,0.0013346479077118029
adam_70ns,1.937,60,0.928529398834683,0.910661748543354,0.0013602983145647258
adam_70ns,1.938,60,0.9243411975041907,0.9054264968802385,0.0014917749518150102
adam_70ns,1.939,60,0.9208395305317012,0.9010494131646263,0.0018535090664837414
adam_70ns,1.94,60,0.913510912000679,0.891888640000849,0.0016567520689643484
adam_70ns,1.941,60,0.92175479595803,0.9021934949475376,0.0013083655348820828
adam_70ns,1.942,60,0.9247783485557962,0.9059729356947452,0.0018769697183267126
adam_70ns,1.943,60,0.9288610866664689,0.911076358333086,0.0012877300506236595
adam_70ns,1.944,60,0.9251197965897806,0.9063997457372259,0.0009543097480171937
adam_70ns,1.945,60,0.9234370268559332,0.9042962835699164,0.0016103883514733109
adam_70ns,1.946,60,0.9322168081565387,0.9152710101956735,0.0007842565993595018
adam_70ns,1.947,60,0.9166081627994788,0.8957602034993485,0.0015753475760565301
adam_70ns,1.948,60,0.9127134943993429,0.8908918679991787,0.002426066243942339
adam_70ns,1.949,60,0.9235843376343799,0.9044804220429747,0.0011124034942974058
adam_70ns,1.95,60,0.9294745916713565,0.9118432395891954,0.0011312349286292597
adam_70ns,1.951,60,0.9214346226611969,0.901793278326496,0.0011648763809179738
adam_70ns,1.952,60,0.9288744016017443,0.9110930020021802,0.001155637915571081
adam_70ns,1.953,60,0.9227465976323921,0.9034332470404903,0.0011998757651282778
adam_70ns,1.954,60,0.9130505525345645,0.8913131906682056,0.0019884961479076143
adam_70ns,1.955,60,0.9276254998451965,0.9095318748064954,0.0009495038762806322
adam_70ns,1.956,60,0.9250733370318862,0.9063416712898579,0.0010458384242595696
adam_70ns,1.957,60,0.9214944882743302,0.9018681103429127,0.0013245731696768807
adam_70ns,1.958,60,0.9202728454760973,0.9003410568451218,0.001507947787760277
adam_70ns,1.959,60,0.9216265302836995,0.9020331628546245,0.0012485609778981259
adam_70ns,1.96,60,0.922796450166546,0.9034955627081823,0.0017926309320575706
adam_70ns,1.961,60,0.9124051678757426,0.8905064598446781,0.0021270700085441905
adam_70ns,1.962,60,0.9179914519877168,0.8974893149846459,0.001189904698319729
adam_70ns,1.963,60,0.9263095818122237,0.9078869772652791,0.0007748083896787036
adam_70ns,1.964,60,0.9234570912926316,0.9043213641157895,0.0016081546472217166
adam_70ns,1.965,60,0.9216285925859155,0.9020357407323939,0.0012233265684728103
adam_70ns,1.966,60,0.9269161475860834,0.9086451844826043,0.001099475710626261
adam_70ns,1.967,60,0.9250509834138324,0.9063137292672907,0.0016593857225034247
adam_70ns,1.968,60,0.926430465158925,0.908038081448656,0.001310600293628115
adam_70ns,1.969,60,0.9214937972680316,0.9018672465850394,0.0013832172804590867
adam_70ns,1.97,60,0.9196618907695946,0.8995773634619935,0.002012478372589099
adam_70ns,1.971,60,0.9196587821061105,0.8995734776326383,0.0014904421480082199
adam_70ns,1.972,60,0.9236125471282819,0.9045156839103524,0.0014891314410233213
adam_70ns,1.973,60,0.9175666112033302,0.8969582640041628,0.0017998656168599805
adam_70ns,1.974,60,0.9270823673723201,0.9088529592153998,0.0011634141706904158
adam_70ns,1.975,60,0.9315508120513787,0.9144385150642234,0.0009600733735758334
adam_70ns,1.976,60,0.9236363776025862,0.9045454720032325,0.0011059604123810967
adam_70ns,1.977,60,0.9219842475253242,0.902480309406655,0.001591569773025349
adam_70ns,1.978,60,0.9265967303066918,0.9082459128833646,0.0010436221040025515
adam_70ns,1.979,60,0.9170568726013457,0.8963210907516821,0.0018214009111653445
adam_70ns,1.98,60,0.9188979883500594,0.898622485437574,0.0017523813080654697
adam_70ns,1.981,60,0.9216368455308995,0.9020460569136244,0.0019092483318769093
adam_70ns,1.982,60,0.9193190043263663,0.8991487554079577,0.0012573219983225896
adam_70ns,1.983,60,0.922974197930317,0.903717747412896,0.0015420214385444841
adam_70ns,1.984,60,0.9226977354104172,0.9033721692630219,0.00137390359610323
adam_70ns,1.985,60,0.9167093216573119,0.89588665207164,0.0014972728379241348
adam_70ns,1.986,60,0.9204240193748238,0.9005300242185295,0.0011524674052472616
adam_70ns,1.987,60,0.9147472652533652,0.8934340815667067,0.0019555061642663025
adam_70ns,1.988,60,0.9216604327564678,0.9020755409455847,0.00152357275908118
adam_70ns,1.989,60,0.9250396685851054,0.9062995857313818,0.0009417705933897567
adam_70ns,1.99,60,0.924100642315896,0.9051258028948699,0.001790554684022672
adam_70ns,1.991,60,0.9212467276011594,0.9015584095014494,0.001512866641534481
adam_70ns,1.992,60,0.9228007069385147,0.9035008836731431,0.0013580255942577668
adam_70ns,1.993,60,0.9171052111003061,0.8963815138753827,0.0019951791253827174
adam_70ns,1.994,60,0.9198782556502142,0.8998478195627678,0.001712899358795646
adam_70ns,1.995,60,0.9204271475514818,0.900533934439352,0.0016710441402462682
adam_70ns,1.996,60,0.9135405998859712,0.8919257498574639,0.0016445850184935197
adam_70ns,1.997,60,0.9220860553860544,0.9026075692325679,0.001348588143753089
adam_70ns,1.998,60,0.9239445570930397,0.9049306963662996,0.0011136697060000502
adam_70ns,1.999,60,0.9261798928219666,0.907724866027458,0.0009355798520629971
adam_70ns,2.0,60,0.9244561201787352,0.9055701502234189,0.0012447220364914398
adam_70ns,2.001,60,0.9267851184162332,0.9084813980202917,0.0012172219342257821
adam_70ns,2.002,60,0.9254724043217364,0.9068405054021705,0.0011000479464041014
adam_70ns,2.003,60,0.9230044883740561,0.90375561046757,0.00126848862603357
adam_70ns,2.004,60,0.9195829958749177,0.899478744843647,0.00172578537236941
adam_70ns,2.005,60,0.919206936145595,0.8990086701819936,0.0018830335387216512
adam_70ns,2.006,60,0.9144042188874448,0.8930052736093056,0.002244819076007176
adam_70ns,2.007,60,0.9200903761497469,0.9001129701871836,0.0012644851946138126
adam_70ns,2.008,60,0.9221110901041748,0.9026388626302186,0.0012264319782211318
adam_70ns,2.009,60,0.9163073701347817,0.8953842126684768,0.0018125557859356076
adam_70ns,2.01,60,0.9207667968044849,0.9009584960056062,0.0017498850874641204
adam_70ns,2.011,60,0.9213679662051825,0.9017099577564781,0.0015291479281824207
adam_70ns,2.012,60,0.9220438834548847,0.9025548543186062,0.0008841407588426848
adam_70ns,2.013,60,0.9206655302280154,0.9008319127850196,0.0014329452225464371
adam_70ns,2.014,60,0.9176616317468202,0.8970770396835255,0.0011967226839476746
adam_70ns,2.015,60,0.91763510560535,0.8970438820066875,0.0014924755029978437
adam_70ns,2.016,60,0.9129005514931259,0.8911256893664071,0.0018690439444913876
adam_70ns,2.017,60,0.9121018100328631,0.8901272625410788,0.0017807928990108805
adam_70ns,2.018,60,0.921921951509545,0.902402439386931,0.0013817937262174613
adam_70ns,2.019,60,0.9143801905203486,0.8929752381504357,0.0017101083713216766
adam_70ns,2.02,60,0.911677488185913,0.8895968602323913,0.0025915767242256195
adam_70ns,2.021,60,0.915840240536109,0.8948003006701362,0.0016476311008764817
adam_70ns,2.022,60,0.9167460363466517,0.8959325454333148,0.0016423031322335476
adam_70ns,2.023,60,0.9203552645076134,0.9004440806345163,0.001718608230049524
adam_70ns,2.024,60,0.9216860353174504,0.9021075441468133,0.0011191848608390227
adam_70ns,2.025,60,0.9229805745929238,0.9037257182411546,0.0018009922386803912
adam_70ns,2.026,60,0.9160502461422443,0.8950628076778053,0.0012163702042659384
adam_70ns,2.027,60,0.9214617200651989,0.9018271500814985,0.0012423815580504373
adam_70ns,2.028,60,0.9062352595636111,0.8827940744545139,0.0021286089357968824
adam_70ns,2.029,60,0.9104661201742719,0.8880826502178397,0.0015671957152455739
adam_70ns,2.03,60,0.9124468882568366,0.8905586103210458,0.0013434692478985343
adam_70ns,2.031,60,0.9169510215771197,0.8961887769713994,0.0014479286714722862
adam_70ns,2.032,60,0.9135295923473408,0.8919119904341761,0.0019966314709275257
adam_70ns,2.033,60,0.9172363637772627,0.8965454547215786,0.0010626388488489428
adam_70ns,2.034,60,0.9197425219129258,0.8996781523911571,0.0011937065416339231
adam_70ns,2.035,60,0.9227161885041277,0.9033952356301597,0.0009099672436858397
adam_70ns,2.036,60,0.9132254410847307,0.8915318013559131,0.0016483542087675483
adam_70ns,2.037,60,0.9175750388575971,0.8969687985719967,0.0014879121038153074
adam_70ns,2.038,60,0.9168851488615619,0.8961064360769525,0.001580222328554298
adam_70ns,2.039,60,0.9113004573741904,0.8891255717177381,0.0016076440085604274
adam_70ns,2.04,60,0.9145314252343383,0.8931642815429228,0.0018468106642839897
adam_70ns,2.041,60,0.9174277004551421,0.8967846255689274,0.0012200471752739789
adam_70ns,2.042,60,0.9212735952254669,0.9015919940318333,0.0013765583622446207
adam_70ns,2.043,60,0.9183071150772446,0.8978838938465556,0.0015157052837937051
adam_70ns,2.044,60,0.9240205328080185,0.9050256660100232,0.0017054745723782444
adam_70ns,2.045,60,0.9191054219218355,0.8988817774022942,0.0014866689813275535
adam_70ns,2.046,60,0.918742534038298,0.8984281675478722,0.0010997881566482029
adam_70ns,2.047,60,0.9178087369129643,0.8972609211412051,0.0011570640338417688
adam_70ns,2.048,60,0.9174385638822277,0.8967982048527845,0.0011056584026339158
adam_70ns,2.049,60,0.9151951409378726,0.8939939261723405,0.0017630369574067745
adam_70ns,2.05,60,0.9172199617368268,0.8965249521710335,0.0017700858622182246
adam_70ns,2.051,60,0.9127760858571279,0.8909701073214098,0.0013087910962038612
adam_70ns,2.052,60,0.9167843694695574,0.8959804618369467,0.001832244324531011
adam_70ns,2.053,60,0.9152611133650478,0.89407639170631,0.0017828855786193904
adam_70ns,2.054,60,0.9157195348703472,0.8946494185879337,0.002178738318693362
adam_70ns,2.055,60,0.9132267404922705,0.891533425615338,0.0017171019336619069
adam_70ns,2.056,60,0.9115344214924843,0.8894180268656054,0.0015314492948610798
adam_70ns,2.057,60,0.9183144391074127,0.8978930488842658,0.0015043917738669318
adam_70ns,2.058,60,0.917427558130521,0.8967844476631512,0.0014101315017629637
adam_70ns,2.059,60,0.9207539773434785,0.9009424716793485,0.00123757809468905
adam_70ns,2.06,60,0.9189541495642243,0.8986926869552803,0.0014309806153474998
adam_70ns,2.061,60,0.9217693736240637,0.9022117170300796,0.001070713241355034
adam_70ns,2.062,60,0.912459873401852,0.890574841752315,0.0015991440344260445
adam_70ns,2.063,60,0.9199055021830687,0.8998818777288357,0.0012628074147233296
adam_70ns,2.064,60,0.9155734458363801,0.8944668072954749,0.0013915668415587223
adam_70ns,2.065,60,0.9213790083590059,0.9017237604487573,0.0012029354271863419
adam_70ns,2.066,60,0.911726775775983,0.8896584697199786,0.002087592511988377
adam_70ns,2.067,60,0.9166984697173075,0.8958730871466345,0.00128460337388904
adam_70ns,2.068,60,0.916006638065452,0.8950082975818148,0.0017377514563166956
adam_70ns,2.069,60,0.9191785437347639,0.8989731796684546,0.0012926177932974876
adam_70ns,2.07,60,0.9149234516333092,0.8936543145416362,0.0020206743834294077
adam_70ns,2.071,60,0.9081718156578168,0.8852147695722709,0.0021413292810761445
adam_70ns,2.072,60,0.9187109011019623,0.8983886263774531,0.001224756463166656
adam_70ns,2.073,60,0.908959889670335,0.8861998620879186,0.0014449588049002115
adam_70ns,2.074,60,0.9144433834306609,0.8930542292883262,0.0010545782316899509
adam_70ns,2.075,60,0.9091421881269561,0.8864277351586954,0.0018849445028132062
adam_70ns,2.076,60,0.912416211502783,0.8905202643784786,0.001572157223708952
adam_70ns,2.077,60,0.9067864943893037,0.8834831179866297,0.002230277980896747
adam_70ns,2.078,60,0.9081364169359895,0.8851705211699866,0.001756737068285384
adam_70ns,2.079,60,0.9080270062068394,0.8850337577585492,0.0016809573414742485
adam_70ns,2.08,60,0.9084648403923332,0.8855810504904162,0.0017019375696791079
adam_70ns,2.081,60,0.9131921533367882,0.8914901916709852,0.001987014291819
adam_70ns,2.082,60,0.90574377645845,0.8821797205730622,0.001963590133003756
adam_70ns,2.083,60,0.9093516198483983,0.8866895248104979,0.0017430903311148967
adam_70ns,2.084,60,0.9175568926413225,0.8969461158016528,0.0016435609340042664
adam_70ns,2.085,60,0.9199488811672776,0.899936101459097,0.0012924766035793576
adam_70ns,2.086,60,0.9144649615365271,0.8930812019206588,0.0015219528966095711
adam_70ns,2.087,60,0.9102080822679384,0.8877601028349229,0.00172032425160489
adam_70ns,2.088,60,0.9090745588414407,0.8863431985518009,0.002035863089513734
adam_70ns,2.089,60,0.9158771038919646,0.8948463798649561,0.0019672982762191024
adam_70ns,2.09,60,0.9125771939504832,0.890721492438104,0.001462079158309937
adam_70ns,2.091,60,0.9116421597589511,0.8895526996986889,0.0013408602709144247
adam_70ns,2.092,60,0.9136787726558657,0.892098465819832,0.0016368506452161746
adam_70ns,2.093,60,0.8996877329514219,0.8746096661892773,0.002912398962292244
adam_70ns,2.094,60,0.9129817361374386,0.8912271701717984,0.002363333032646413
adam_70ns,2.095,60,0.9069872121644966,0.8837340152056209,0.0017129132899559086
adam_70ns,2.096,60,0.9051777746150226,0.8814722182687782,0.002736413168914352
adam_70ns,2.097,60,0.9202289698614996,0.9002862123268744,0.0015134591621386762
adam_70ns,2.098,60,0.9142280753880135,0.8927850942350166,0.0013213094315259251
adam_70ns,2.099,60,0.9097280171610074,0.8871600214512593,0.0021686903026271447
adam_70ns,2.1,60,0.9110769964191677,0.8888462455239595,0.0017553589660112639
adam_70ns,2.101,60,0.9052901997016903,0.881612749627113,0.0020371876997843327
adam_70ns,2.102,60,0.9070792498506928,0.883849062313366,0.0017273781774738766
adam_70ns,2.103,60,0.9069191758478848,0.8836489698098557,0.002279712129559655
adam_70ns,2.104,60,0.916437709648545,0.8955471370606811,0.001610293232802839
adam_70ns,2.105,60,0.9037140421096087,0.8796425526370107,0.0021399334878440318
adam_70ns,2.106,60,0.9090986813407643,0.8863733516759554,0.001974775542457563
adam_70ns,2.107,60,0.9124489379358611,0.8905611724198262,0.0015708878433805887
adam_70ns,2.108,60,0.9112190954349579,0.8890238692936975,0.0021201460944667867
adam_70ns,2.109,60,0.9107010461586905,0.8883763076983632,0.0019185129618472148
adam_70ns,2.11,60,0.9061308202697005,0.8826635253371257,0.0015802340437054694
adam_70ns,2.111,60,0.9164234089126554,0.8955292611408192,0.0015133207962018179
adam_70ns,2.112,60,0.9141121240055153,0.8926401550068943,0.0012699906288873497
adam_70ns,2.113,60,0.9180768088625305,0.8975960110781631,0.0013784560681774874
adam_70ns,2.114,60,0.909774434299285,0.8872180428741062,0.0024729066438398902
adam_70ns,2.115,60,0.9165093809388705,0.8956367261735884,0.0015397616949696512
adam_70ns,2.116,60,0.9157311810927763,0.8946639763659703,0.0011406948278966003
adam_70ns,2.117,60,0.9031008565888146,0.878876070736018,0.0026490167271782743
adam_70ns,2.118,60,0.9161473293829868,0.8951841617287337,0.001250531411268288
adam_70ns,2.119,60,0.9123272812089447,0.8904091015111807,0.0017922082159214313
adam_70ns,2.12,60,0.9037949207632066,0.8797436509540083,0.0022823400968905237
adam_70ns,2.121,60,0.9122030066388419,0.8902537582985524,0.0022796052881236335
adam_70ns,2.122,60,0.9071876618656806,0.8839845773321007,0.0022645697501650036
adam_70ns,2.123,60,0.9103650287055093,0.8879562858818866,0.0015504346826643149
adam_70ns,2.124,60,0.910710112108386,0.8883876401354825,0.0011610102503345988
adam_70ns,2.125,60,0.9134036263988214,0.8917545329985269,0.0014214068729841716
adam_70ns,2.126,60,0.9115204302693214,0.8894005378366516,0.002328893676458997
adam_70ns,2.127,60,0.9137487637752812,0.8921859547191018,0.0014518341245525618
adam_70ns,2.128,60,0.9035150214751623,0.8793937768439527,0.0031928100695828867
adam_70ns,2.129,60,0.9122798312587339,0.8903497890734174,0.002143675915795439
adam_70ns,2.13,60,0.9097148665566728,0.8871435831958409,0.002328406696445856
adam_70ns,2.131,60,0.9050940447164391,0.8813675558955486,0.0026625271613340564
adam_70ns,2.132,60,0.9099647511142628,0.8874559388928287,0.0022090459427423674
adam_70ns,2.133,60,0.9060547870267404,0.8825684837834251,0.0026519704115360605
adam_70ns,2.134,60,0.9164833007646799,0.8956041259558497,0.0011855154471809356
adam_70ns,2.135,60,0.908895213428941,0.8861190167861762,0.002176904481821127
adam_70ns,2.136,60,0.9136807596173256,0.8921009495216569,0.0015803539112566056
adam_70ns,2.137,60,0.9003646143325263,0.8754557679156579,0.002754068463431216
adam_70ns,2.138,60,0.9084175706316607,0.885521963289576,0.0020262469628760803
adam_70ns,2.139,60,0.9132681971892123,0.8915852464865152,0.0017051731878242556
adam_70ns,2.14,60,0.9098110694006151,0.8872638367507689,0.001987566019711623
adam_70ns,2.141,60,0.9210411516256027,0.9013014395320034,0.0012171117769484334
adam_70ns,2.142,60,0.9141889194348161,0.8927361492935201,0.0011242527315240118
adam_70ns,2.143,60,0.910040739567587,0.8875509244594835,0.0019007505670236115
adam_70ns,2.144,60,0.9111483429222912,0.8889354286528639,0.0016399016123406144
adam_70ns,2.145,60,0.9104913815456044,0.8881142269320055,0.0011975925454103717
adam_70ns,2.146,60,0.9078757619429143,0.8848447024286427,0.0014579054606804556
adam_70ns,2.147,60,0.9096027090378641,0.8870033862973302,0.0013868159127504395
adam_70ns,2.148,60,0.9078222968764585,0.8847778710955729,0.0019216457379028094
adam_70ns,2.149,60,0.9123454435166902,0.8904318043958629,0.0024445578484021888
adam_70ns,2.15,60,0.9127371996839226,0.8909214996049034,0.0016354391666883468
adam_70ns,2.151,60,0.9109657192447451,0.8887071490559315,0.0017674547491675987
adam_70ns,2.152,60,0.9094850323303212,0.8868562904129015,0.0017646536660645819
adam_70ns,2.153,60,0.9124725942945002,0.8905907428681252,0.0014298577441988443
adam_70ns,2.154,60,0.9080078461121506,0.8850098076401882,0.001497647808339602
adam_70ns,2.155,60,0.9071523352691486,0.8839404190864355,0.0016742280682364903
adam_70ns,2.156,60,0.9047463399153135,0.8809329248941418,0.0024040084764812304
adam_70ns,2.157,60,0.9043618249587276,0.8804522811984092,0.0019185842383900602
adam_70ns,2.158,60,0.8999369208850665,0.8749211511063332,0.0025092454370219874
adam_70ns,2.159,60,0.9036517333755913,0.8795646667194891,0.0019401816589703512
adam_70ns,2.16,60,0.9110091960834485,0.8887614951043107,0.0017447948680978129
adam_70ns,2.161,60,0.9072204326556247,0.8840255408195309,0.0019643605258328734
adam_70ns,2.162,60,0.9046273656415722,0.8807842070519653,0.002010590933377932
adam_70ns,2.163,60,0.906599253709738,0.8832490671371725,0.002741554636622385
adam_70ns,2.164,60,0.9069090434693479,0.8836363043366848,0.002296169705309826
adam_70ns,2.165,60,0.9069630319958473,0.8837037899948093,0.001846466731645071
adam_70ns,2.166,60,0.904889898123971,0.8811123726549638,0.0016735154402949487
adam_70ns,2.167,60,0.9000708965159575,0.8750886206449467,0.002117778104335148
adam_70ns,2.168,60,0.9148210129396515,0.8935262661745642,0.0014847884487860276
adam_70ns,2.169,60,0.9044682260218174,0.8805852825272719,0.0017851408155487238
adam_70ns,2.17,60,0.9081209366808761,0.8851511708510952,0.0017435704673238936
adam_70ns,2.171,60,0.9092458747712944,0.8865573434641179,0.0018047084215723412
adam_70ns,2.172,60,0.9057539360073901,0.8821924200092376,0.001667737828229481
adam_70ns,2.173,60,0.9061237486191912,0.882654685773989,0.0018181287796202395
adam_70ns,2.174,60,0.9141267097525585,0.8926583871906981,0.0016908507501767764
adam_70ns,2.175,60,0.9043721732943872,0.8804652166179842,0.0016191634232406726
adam_70ns,2.176,60,0.908198754560168,0.8852484432002099,0.001328356255885296
adam_70ns,2.177,60,0.9085600571521099,0.8857000714401374,0.0015760013131940725
adam_70ns,2.178,60,0.9096311618479901,0.8870389523099877,0.0018840956338979859
adam_70ns,2.179,60,0.903118008996119,0.8788975112451485,0.0016082428817877016
adam_70ns,2.18,60,0.9049526303625033,0.881190787953129,0.0016898786138322469
adam_70ns,2.181,60,0.9034205901020438,0.8792757376275548,0.0017131931049958011
adam_70ns,2.182,60,0.9089041249673612,0.8861301562092014,0.0019133425806662793
adam_70ns,2.183,60,0.9085662071617728,0.8857077589522161,0.002291721800394859
adam_70ns,2.184,60,0.9014101990890769,0.876762748861346,0.0017876550896909096
adam_70ns,2.185,60,0.9134837620184023,0.8918547025230026,0.001334178546212524
adam_70ns,2.186,60,0.907481394655866,0.8843517433198324,0.0017044909145778856
adam_70ns,2.187,60,0.9098938298498465,0.8873672873123079,0.0014260730747514727
adam_70ns,2.188,60,0.9016537970086834,0.8770672462608541,0.002162327891644268
adam_70ns,2.189,60,0.9143113225288279,0.8928891531610346,0.001235624877202065
adam_70ns,2.19,60,0.901599966904,0.8769999586300001,0.0018384334764632848
adam_70ns,2.191,60,0.9010259472974091,0.8762824341217613,0.001995641497992416
adam_70ns,2.192,60,0.9100086586842173,0.8875108233552715,0.003320657848572135
adam_70ns,2.193,60,0.8990000363693034,0.8737500454616292,0.003079454005185998
adam_70ns,2.194,60,0.9081460670052716,0.8851825837565895,0.002346488342307121
adam_70ns,2.195,60,0.9079573888675343,0.8849467360844179,0.0019633180346061738
adam_70ns,2.196,60,0.899079124884085,0.8738489061051061,0.0030721140754768773
adam_70ns,2.197,60,0.9072140614037505,0.8840175767546881,0.002134587955826507
adam_70ns,2.198,60,0.9026603146897202,0.8783253933621504,0.002146109195400338
adam_70ns,2.199,60,0.9055061287302983,0.8818826609128727,0.00219511355864795
adam_70ns,2.2,60,0.8983874818034455,0.8729843522543067,0.002198355859574956
adam_70ns,2.201,60,0.9101580765120855,0.8876975956401068,0.0013772621882243196
adam_70ns,2.202,60,0.9119844472426526,0.8899805590533156,0.001984202287082514
adam_70ns,2.203,60,0.9157834174023819,0.8947292717529775,0.0011084709374841258
adam_70ns,2.204,60,0.9067598785230562,0.8834498481538205,0.0017749589409732037
adam_70ns,2.205,60,0.9012769340841604,0.8765961676052004,0.0018442726557079611
adam_70ns,2.206,60,0.9041669780728739,0.8802087225910923,0.0017663876484328293
adam_70ns,2.207,60,0.8972297636763781,0.8715372045954726,0.002100595467569956
adam_70ns,2.208,60,0.9090120649895136,0.886265081236892,0.0024433843969116614
adam_70ns,2.209,60,0.8929989397719607,0.866248674714951,0.002892120276853674
adam_70ns,2.21,60,0.9043885743545754,0.8804857179432192,0.001999292728610494
adam_70ns,2.211,60,0.9058514826858958,0.8823143533573694,0.002043463744892083
adam_70ns,2.212,60,0.9002143786081934,0.8752679732602417,0.001725090255587122
adam_70ns,2.213,60,0.8981643502663609,0.8727054378329512,0.0022719319634738546
adam_70ns,2.214,60,0.9061354442322767,0.8826693052903458,0.001515831736452052
adam_70ns,2.215,60,0.904245910013469,0.8803073875168365,0.0015816958305490774
adam_70ns,2.216,60,0.901664522140301,0.8770806526753764,0.0026686961800780912
adam_70ns,2.217,60,0.9100677725434982,0.8875847156793727,0.0013123000740367303
adam_70ns,2.218,60,0.8968265628399333,0.8710332035499169,0.0023956979443697985
adam_70ns,2.219,60,0.9061479748254403,0.8826849685318002,0.0014843315419178515
adam_70ns,2.22,60,0.90300366070393,0.8787545758799123,0.002137063298653501
adam_70ns,2.221,60,0.8985205707516745,0.873150713439593,0.0028020811333241014
adam_70ns,2.222,60,0.9070288510183787,0.8837860637729732,0.001953660581973117
adam_70ns,2.223,60,0.9108997857321829,0.8886247321652283,0.001364723033483404
adam_70ns,2.224,60,0.9038300208594947,0.8797875260743682,0.002268480755623137
adam_70ns,2.225,60,0.8995786577249835,0.8744733221562293,0.0020946292672392635
adam_70ns,2.226,60,0.908733127523385,0.8859164094042312,0.0015391366193730114
adam_70ns,2.227,60,0.8989361136829637,0.8736701421037046,0.002155375669067047
adam_70ns,2.228,60,0.9031125248104686,0.8788906560130856,0.0021768770547147005
adam_70ns,2.229,60,0.9027884027002733,0.8784855033753417,0.0017212736195217743
adam_70ns,2.23,60,0.8980288680165229,0.8725360850206536,0.002780192252794968
adam_70ns,2.231,60,0.9071431533329586,0.8839289416661982,0.0022034930869824308
adam_70ns,2.232,60,0.8946698139705893,0.8683372674632365,0.0028188516413743697
adam_70ns,2.233,60,0.8994646745822555,0.8743308432278197,0.002222546217980825
adam_70ns,2.234,60,0.8989120342235997,0.8736400427794995,0.002050569461625441
adam_70ns,2.235,60,0.8947503017986475,0.8684378772483093,0.0021003745790106176
adam_70ns,2.236,60,0.8925574607889207,0.8656968259861508,0.0030298774085756896
adam_70ns,2.237,60,0.9089456104504413,0.8861820130630517,0.0016641815620602465
adam_70ns,2.238,60,0.8989984865059757,0.8737481081324694,0.0016132300740336189
adam_70ns,2.239,60,0.9060995649206602,0.882624456150825,0.002588481866860554
adam_70ns,2.24,60,0.9066160424298508,0.8832700530373135,0.001552688644332397
adam_70ns,2.241,60,0.9037472656395664,0.8796840820494581,0.0018141150514164026
adam_70ns,2.242,60,0.887799529806589,0.8597494122582362,0.002368501701480846
adam_70ns,2.243,60,0.9087280596754415,0.8859100745943017,0.0015240291061120318
adam_70ns,2.244,60,0.8962985324472659,0.8703731655590822,0.00366220585707675
adam_70ns,2.245,60,0.8991585984063541,0.8739482480079427,0.0022103486156250973
adam_70ns,2.246,60,0.8980359342617725,0.8725449178272157,0.0022050582174771515
adam_70ns,2.247,60,0.8993350268351744,0.8741687835439681,0.0021281471638828135
adam_70ns,2.248,60,0.8912974788915172,0.8641218486143968,0.002729572242077705
adam_70ns,2.249,60,0.8998340200715534,0.8747925250894417,0.0024729357421631407
adam_70ns,2.25,60,0.9001922747722717,0.8752403434653394,0.00182331164363168
adam_70ns,2.251,60,0.9060003626475948,0.8825004533094934,0.0017704591129846967
adam_70ns,2.252,60,0.8981828184956268,0.8727285231195336,0.0028324314820145735
adam_70ns,2.253,60,0.904205618074983,0.8802570225937288,0.00208044745227115
adam_70ns,2.254,60,0.9010651781737788,0.8763314727172237,0.0018180625975975644
adam_70ns,2.255,60,0.8967761214901355,0.8709701518626694,0.002302543699217179
adam_70ns,2.256,60,0.8998230873710491,0.8747788592138114,0.0019475952297787953
adam_70ns,2.257,60,0.9005683645005395,0.8757104556256742,0.0019351464103066897
adam_70ns,2.258,60,0.8988842712948091,0.8736053391185109,0.0018806076887532925
adam_70ns,2.259,60,0.8961472212147186,0.8701840265183982,0.0028416236316382484
adam_70ns,2.26,60,0.9021880698713152,0.8777350873391436,0.0023864333227309026
adam_70ns,2.261,60,0.8999890699004368,0.874986337375546,0.002853832002569011
adam_70ns,2.262,60,0.8960489714223412,0.8700612142779265,0.0025304202964590563
adam_70ns,2.263,60,0.8954098145112361,0.869262268139045,0.00261995088660403
adam_70ns,2.264,60,0.9022300689347702,0.8777875861684628,0.0023099902538180994
adam_70ns,2.265,60,0.8901189700946832,0.8626487126183539,0.0021733671636168126
adam_70ns,2.266,60,0.8963990061921385,0.870498757740173,0.0030078976241634573
adam_70ns,2.267,60,0.8919595063255662,0.8649493829069574,0.0020168917536077685
adam_70ns,2.268,60,0.90248321201272,0.8781040150158999,0.002644952221329711
adam_70ns,2.269,60,0.893429459922781,0.8667868249034761,0.0029661009074081223
adam_70ns,2.27,60,0.8934451163742971,0.8668063954678712,0.002615069796113663
adam_70ns,2.271,60,0.8971898118887914,0.8714872648609896,0.0023584461779549357
adam_70ns,2.272,60,0.8961606198168014,0.8702007747710013,0.0032961371942167622
adam_70ns,2.273,60,0.899391556199943,0.8742394452499286,0.0026708329094108476
adam_70ns,2.274,60,0.8992545329995354,0.8740681662494191,0.0017123052691506778
adam_70ns,2.275,60,0.90357019919256,0.8794627489906998,0.001795787517644322
adam_70ns,2.276,60,0.8968225661628394,0.871028207703549,0.002312200758277331
adam_70ns,2.277,60,0.8984684339775623,0.8730855424719528,0.002606746823848201
adam_70ns,2.278,60,0.8912179121644304,0.864022390205538,0.002606523475362121
adam_70ns,2.279,60,0.9008341684664831,0.8760427105831037,0.0026910926125344706
adam_70ns,2.28,60,0.8988764588001502,0.8735955735001876,0.002177522650642799
adam_70ns,2.281,60,0.8882006614772222,0.8602508268465279,0.003911070987968124
adam_70ns,2.282,60,0.900210728068273,0.8752634100853408,0.001098844760538413
adam_70ns,2.283,60,0.8952113840628407,0.8690142300785504,0.0027330554125672628
adam_70ns,2.284,60,0.9023636972919266,0.8779546216149082,0.0019818503630086343
adam_70ns,2.285,60,0.8986915611569174,0.8733644514461468,0.001420644217166211
adam_70ns,2.286,60,0.9004061025617349,0.8755076282021684,0.0026355112190025137
adam_70ns,2.287,60,0.9000732079878712,0.8750915099848389,0.0019337083258206742
adam_70ns,2.288,60,0.8954259972427832,0.8692824965534789,0.0024019360142075344
adam_70ns,2.289,60,0.906849973369496,0.8835624667118698,0.0018227364770104259
adam_70ns,2.29,60,0.9035807480151274,0.8794759350189094,0.001737952604740939
adam_70ns,2.291,60,0.8906297892566286,0.8632872365707859,0.0020800639964596297
adam_70ns,2.292,60,0.8938313101907206,0.8672891377384009,0.0021838453673298946
adam_70ns,2.293,60,0.8868197312881819,0.8585246641102275,0.0023579546506875284
adam_70ns,2.294,60,0.891390355015431,0.8642379437692888,0.0022112848667646605
adam_70ns,2.295,60,0.8928736282593098,0.866092035324137,0.0032692688269537616
adam_70ns,2.296,60,0.8962781210411344,0.870347651301418,0.0033309623596724817
adam_70ns,2.297,60,0.9026170901425499,0.8782713626781871,0.001642009426417189
adam_70ns,2.298,60,0.8965500592263095,0.8706875740328869,0.0032361958068559036
adam_70ns,2.299,60,0.8997113863025938,0.8746392328782423,0.0026238656425331577
adam_70ns,2.3,60,0.8963991326200184,0.870498915775023,0.002530106857591034
adam_70ns,2.301,60,0.8954577251502601,0.8693221564378253,0.002392068379059468
adam_70ns,2.302,60,0.8992163601913061,0.8740204502391326,0.0034090937078878393
adam_70ns,2.303,60,0.8996178294658166,0.8745222868322706,0.002601299837511624
adam_70ns,2.304,60,0.9006036070111991,0.875754508763999,0.0027050609088868703
adam_70ns,2.305,60,0.8898169861433693,0.8622712326792115,0.001916795412168891
adam_70ns,2.306,60,0.8999553682475551,0.8749442103094438,0.0034778523330802106
adam_70ns,2.307,60,0.8960098180164459,0.8700122725205571,0.0028226698692457057
adam_70ns,2.308,60,0.9003821187560132,0.8754776484450163,0.0020406070784830957
adam_70ns,2.309,60,0.8943415246488838,0.8679269058111047,0.0022937720875134335
adam_70ns,2.31,60,0.8872108584959246,0.8590135731199058,0.0033135877968966322
adam_70ns,2.311,60,0.8881764302406158,0.8602205378007696,0.0023926835573916494
adam_70ns,2.312,60,0.8986403689152737,0.873300461144092,0.0027927727887524017
adam_70ns,2.313,60,0.888216660012326,0.8602708250154074,0.0028079751804155587
adam_70ns,2.314,60,0.8995713247176248,0.8744641558970312,0.0013784203078862638
adam_70ns,2.315,60,0.8808091763581468,0.8510114704476837,0.0038229915571236827
adam_70ns,2.316,60,0.888997824221171,0.8612472802764637,0.0029117361561825394
adam_70ns,2.317,60,0.8926028001624019,0.8657535002030022,0.002709131744215501
adam_70ns,2.318,60,0.9052837967112745,0.8816047458890928,0.0015644061422392954
adam_70ns,2.319,60,0.8866316645778574,0.8582895807223216,0.003971183191106939
adam_70ns,2.32,60,0.9008674072700402,0.8760842590875502,0.0020394563614130183
adam_70ns,2.321,60,0.888843076825359,0.8610538460316989,0.002805722323801934
adam_70ns,2.322,60,0.8992238445929353,0.8740298057411688,0.0022308962084838907
adam_70ns,2.323,60,0.9038401690494333,0.8798002113117916,0.002369552471274338
adam_70ns,2.324,60,0.9004749319534672,0.8755936649418339,0.001925141942166157
adam_70ns,2.325,60,0.8982855158160032,0.8728568947700038,0.0026122589351790836
adam_70ns,2.326,60,0.8954779368496564,0.8693474210620703,0.0024521776346898144
adam_70ns,2.327,60,0.8901875643702063,0.862734455462758,0.0030917744714727404
adam_70ns,2.328,60,0.8976454919585048,0.872056864948131,0.0022116585851161643
adam_70ns,2.329,60,0.890896907673739,0.8636211345921736,0.0024993306574460296
adam_70ns,2.33,60,0.8914797684109441,0.8643497105136805,0.002093833217518141
adam_70ns,2.331,60,0.8980276599742505,0.872534574967813,0.0020051510399225264
adam_70ns,2.332,60,0.8948532581600213,0.8685665727000262,0.002198167385158691
adam_70ns,2.333,60,0.8958204324815932,0.8697755406019915,0.001705795337162704
adam_70ns,2.334,60,0.8928232537070763,0.8660290671338452,0.00209451852112842
adam_70ns,2.335,60,0.8898493966082986,0.8623117457603733,0.0028109545966678922
adam_70ns,2.336,60,0.8916661474365445,0.8645826842956805,0.0022095270784340403
adam_70ns,2.337,60,0.8967767133427134,0.8709708916783917,0.0019437902995626949
adam_70ns,2.338,60,0.8993617767878285,0.8742022209847854,0.002071691143673215
adam_70ns,2.339,60,0.900297634198902,0.8753720427486276,0.0015636210870294909
adam_70ns,2.34,60,0.8978140575910365,0.8722675719887957,0.0019207951479398137
adam_70ns,2.341,60,0.8925836017663183,0.8657295022078981,0.002673882005981786
adam_70ns,2.342,60,0.8947565414175372,0.8684456767719215,0.0021680359892840033
adam_70ns,2.343,60,0.8905969968664764,0.8632462460830954,0.0021506738996185976
adam_70ns,2.344,60,0.8918778709434285,0.8648473386792858,0.0026991665753519577
adam_70ns,2.345,60,0.8907478211497267,0.8634347764371583,0.0024526270095110206
adam_70ns,2.346,60,0.8981055920012759,0.8726319900015949,0.0025181757260325675
adam_70ns,2.347,60,0.8919766590700249,0.8649708238375312,0.0027116848358412515
adam_70ns,2.348,60,0.8916719978353825,0.8645899972942279,0.0028533373065266145
adam_70ns,2.349,60,0.8946106892905832,0.8682633616132289,0.001749167598271679
adam_70ns,2.35,60,0.8931180947474259,0.8663976184342825,0.003126026232289416
adam_70ns,2.351,60,0.89139495429413,0.8642436928676627,0.002246114395536444
adam_70ns,2.352,60,0.8847880839477473,0.8559851049346839,0.0018416877541392066
adam_70ns,2.353,60,0.8978711959254171,0.8723389949067714,0.001642763987641298
adam_70ns,2.354,60,0.8970554231325579,0.8713192789156976,0.0027301592206714557
adam_70ns,2.355,60,0.8996403648189983,0.8745504560237477,0.0015114162537511943
adam_70ns,2.356,60,0.8936626627092608,0.8670783283865757,0.0017078012751539189
adam_70ns,2.357,60,0.8903643965845044,0.8629554957306307,0.002650405363816656
adam_70ns,2.358,60,0.885770769096903,0.8572134613711289,0.0032898963444136166
adam_70ns,2.359,60,0.8937988094528122,0.8672485118160153,0.002770446483187904
adam_70ns,2.36,60,0.8893529007788059,0.8616911259735074,0.002291332020831445
adam_70ns,2.361,60,0.8882450693585373,0.8603063366981717,0.0029384656894643744
adam_70ns,2.362,60,0.8880083698406711,0.8600104623008388,0.002633127099155248
adam_70ns,2.363,60,0.8800965047014103,0.8501206308767632,0.0033008023702383923
adam_70ns,2.364,60,0.8881276222829074,0.8601595278536345,0.003332494256966719
adam_70ns,2.365,60,0.8842190671977117,0.8552738339971395,0.0024627641393910305
adam_70ns,2.366,60,0.886581463073981,0.8582268288424763,0.002654944449602206
adam_70ns,2.367,60,0.8875676694560526,0.8594595868200655,0.001853906327821312
adam_70ns,2.368,60,0.8982665972587314,0.8728332465734141,0.0025839614571424446
adam_70ns,2.369,60,0.893393199397657,0.8667414992470714,0.0017774998491087318
adam_70ns,2.37,60,0.8929499137145988,0.8661873921432485,0.003104226391565081
adam_70ns,2.371,60,0.8918829181488,0.8648536476860001,0.002288214019782081
adam_70ns,2.372,60,0.8926582607872744,0.865822825984093,0.0017251295626657596
adam_70ns,2.373,60,0.8943062055397711,0.867882756924714,0.0015560321588203277
adam_70ns,2.374,60,0.8921120272076675,0.8651400340095842,0.0031371405250183114
adam_70ns,2.375,60,0.9038489323903689,0.879811165487961,0.002021996527681725
adam_70ns,2.376,60,0.8931184635912426,0.8663980794890532,0.002759253608833841
adam_70ns,2.377,60,0.8834685153911614,0.854335644238952,0.0031109891464647724
adam_70ns,2.378,60,0.8862567284093192,0.857820910511649,0.0029233314022346782
adam_70ns,2.379,60,0.8813748428417569,0.8517185535521962,0.0024626803290060655
adam_70ns,2.38,60,0.8902837536730012,0.8628546920912515,0.0026196137861878425
adam_70ns,2.381,60,0.8958728042384397,0.8698410052980493,0.0026845146650053124
adam_70ns,2.382,60,0.8867233788036675,0.8584042235045843,0.00256236096638874
adam_70ns,2.383,60,0.9011236390220454,0.8764045487775566,0.0019429420242308725
adam_70ns,2.384,60,0.8807703348806272,0.850962918600784,0.0030861743732563326
adam_70ns,2.385,60,0.8752290806238116,0.8440363507797641,0.004483167269659718
adam_70ns,2.386,60,0.8890319479625085,0.8612899349531354,0.003379662616554842
adam_70ns,2.387,60,0.885926074806673,0.8574075935083411,0.002981368678024602
adam_70ns,2.388,60,0.8911231220095307,0.8639039025119134,0.002708470999841945
adam_70ns,2.389,60,0.8886631560109296,0.860828945013662,0.0033546991996996523
adam_70ns,2.39,60,0.8841939466697183,0.8552424333371479,0.0027734594914629327
adam_70ns,2.391,60,0.8952659225365727,0.8690824031707157,0.002824809269222926
adam_70ns,2.392,60,0.8893412758429143,0.8616765948036426,0.002378397477338701
adam_70ns,2.393,60,0.8830989011106709,0.8538736263883385,0.0032475346559244036
adam_70ns,2.394,60,0.885880987516615,0.8573512343957687,0.0025236720127782887
adam_70ns,2.395,60,0.8882468987005492,0.8603086233756865,0.0024507844191583306
adam_70ns,2.396,60,0.884537216634119,0.8556715207926487,0.0035028040914220184
adam_70ns,2.397,60,0.8835153752125194,0.8543942190156495,0.0037724703179747524
adam_70ns,2.398,60,0.8911879706830625,0.8639849633538282,0.002483691274303108
adam_70ns,2.399,60,0.89108887443341,0.8638610930417624,0.002555561763150046
adam_70ns,2.4,60,0.889426314744712,0.86178289343089,0.003043154974180973
adam_70ns,2.401,60,0.884736280391925,0.8559203504899063,0.003828632664276201
adam_70ns,2.402,60,0.8861869800111155,0.8577337250138943,0.0021156904075602515
adam_70ns,2.403,60,0.8863294772665896,0.8579118465832369,0.0023553595261622718
adam_70ns,2.404,60,0.8918601368569146,0.8648251710711432,0.00333389902365059
adam_70ns,2.405,60,0.8907084016343699,0.8633855020429626,0.0033874450604235214
adam_70ns,2.406,60,0.8894595756358021,0.8618244695447524,0.0026472480571824147
adam_70ns,2.407,60,0.8846691913859097,0.8558364892323872,0.00221369573366607
adam_70ns,2.408,60,0.8794298547905541,0.8492873184881924,0.0032137597901591365
adam_70ns,2.409,60,0.887188996980457,0.858986246225571,0.004569542307505581
adam_70ns,2.41,60,0.8881211522126519,0.8601514402658149,0.0028483725210952976
adam_70ns,2.411,60,0.8909392606125973,0.8636740757657465,0.004219509959226499
adam_70ns,2.412,60,0.8815553041941645,0.8519441302427054,0.003016135179829036
adam_70ns,2.413,60,0.8948378329952231,0.8685472912440289,0.0026674258207762427
adam_70ns,2.414,60,0.882072787999137,0.8525909849989214,0.003330903757885854
adam_70ns,2.415,60,0.8791703844079175,0.8489629805098969,0.0033050316064758742
adam_70ns,2.416,60,0.8896494913825177,0.862061864228147,0.002801217977874905
adam_70ns,2.417,60,0.8857998315388116,0.8572497894235145,0.003488270814941364
adam_70ns,2.418,60,0.8927858984528675,0.8659823730660844,0.0027328172651666528
adam_70ns,2.419,60,0.8885088397896699,0.8606360497370871,0.0022809974190058312
adam_70ns,2.42,60,0.8775122283731371,0.8468902854664215,0.004695726061193815
adam_70ns,2.421,60,0.8921463122512302,0.8651828903140377,0.002048320828984508
adam_70ns,2.422,60,0.8839866647067812,0.8549833308834764,0.00371119833865641
adam_70ns,2.423,60,0.8823942967403406,0.852992870925426,0.00224129082448068
adam_70ns,2.424,60,0.889204340848658,0.8615054260608223,0.002815934207928769
adam_70ns,2.425,60,0.877430689501625,0.8467883618770313,0.003978508117998517
adam_70ns,2.426,60,0.8859178910787304,0.8573973638484129,0.005635190788508832
adam_70ns,2.427,60,0.8895605206485886,0.8619506508107357,0.003130708938579915
adam_70ns,2.428,60,0.8866400628174852,0.8583000785218565,0.0037967467310633858
adam_70ns,2.429,60,0.8937577819391969,0.8671972274239962,0.0023955428952999115
adam_70ns,2.43,60,0.8875517205181421,0.8594396506476777,0.004036811933393817
adam_70ns,2.431,60,0.8831869329212658,0.8539836661515824,0.0025295654164076324
adam_70ns,2.432,60,0.881845798612408,0.8523072482655099,0.0038471505540494046
adam_70ns,2.433,60,0.8831425498897109,0.8539281873621385,0.0024102238445179213
adam_70ns,2.434,60,0.8803232677075379,0.8504040846344224,0.0029335727447404253
adam_70ns,2.435,60,0.8760079550891451,0.8450099438614314,0.0034630487976406716
adam_70ns,2.436,60,0.8815982130140334,0.8519977662675419,0.0035361156985237617
adam_70ns,2.437,60,0.889050594161631,0.8613132427020386,0.0026137685946732788
adam_70ns,2.438,60,0.8860637807650529,0.8575797259563159,0.002479118240731941
adam_70ns,2.439,60,0.8763483676550117,0.8454354595687646,0.004023042278605172
adam_70ns,2.44,60,0.8886988350338154,0.8608735437922691,0.002769480114259288
adam_70ns,2.441,60,0.8854596213887206,0.8568245267359008,0.003817820914074821
adam_70ns,2.442,60,0.884065130040365,0.8550814125504562,0.0026386684950809127
adam_70ns,2.443,60,0.8833467326240844,0.8541834157801051,0.002066269429465158
adam_70ns,2.444,60,0.8814365667325235,0.8517957084156541,0.0023214739769938926
adam_70ns,2.445,60,0.8879800453786223,0.8599750567232778,0.0026959469512227874
adam_70ns,2.446,60,0.8856828760583103,0.8571035950728877,0.001753566540450961
adam_70ns,2.447,60,0.8835813258861913,0.854476657357739,0.0024162801818466786
adam_70ns,2.448,60,0.8810197712953454,0.8512747141191817,0.0030205173505292783
adam_70ns,2.449,60,0.8889923853640944,0.8612404817051178,0.002591828585296831
adam_70ns,2.45,60,0.8936030558328847,0.867003819791106,0.0024672751412975914
adam_70ns,2.451,60,0.893920007979628,0.8674000099745349,0.0026542236152505847
adam_70ns,2.452,60,0.8879644150341637,0.8599555187927046,0.0030635453166243365
adam_70ns,2.453,60,0.8817943466410694,0.8522429333013366,0.003403636722611338
adam_70ns,2.454,60,0.8691432973407146,0.8364291216758936,0.004609805125548529
adam_70ns,2.455,60,0.8789956364344473,0.8487445455430591,0.003681363407340534
adam_70ns,2.456,60,0.8803463532717747,0.8504329415897179,0.0030780597573131937
adam_70ns,2.457,60,0.8818987483206957,0.85237343540087,0.003136354532335755
adam_70ns,2.458,60,0.8885946832879962,0.8607433541099951,0.0030515412401009487
adam_70ns,2.459,60,0.8760955949280979,0.8451194936601224,0.0027429291948866228
adam_70ns,2.46,60,0.8745840673532833,0.843230084191604,0.0036731993869675962
adam_70ns,2.461,60,0.891217069730915,0.8640213371636437,0.0021649029165487946
adam_70ns,2.462,60,0.8829430151360509,0.8536787689200638,0.0038651264093878582
adam_70ns,2.463,60,0.8892919578137779,0.8616149472672224,0.0024617484456167797
adam_70ns,2.464,60,0.8898041521287043,0.8622551901608806,0.0029679796611371398
adam_70ns,2.465,60,0.8876002484031087,0.8595003105038859,0.003110758445002056
adam_70ns,2.466,60,0.8826285692582996,0.8532857115728746,0.0033900692129130673
adam_70ns,2.467,60,0.883673171190038,0.8545914639875475,0.0030543066256627765
adam_70ns,2.468,60,0.879324394100965,0.8491554926262063,0.002317306533288837
adam_70ns,2.469,60,0.87976051590138,0.8497006448767251,0.003124535234410926
adam_70ns,2.47,60,0.885261226730581,0.8565765334132259,0.0035272312106930073
adam_70ns,2.471,60,0.8873482037905074,0.8591852547381346,0.0028439954305118412
adam_70ns,2.472,60,0.8805659515615837,0.8507074394519797,0.0033473095321385152
adam_70ns,2.473,60,0.8899124596068817,0.8623905745086022,0.002536491147135209
adam_70ns,2.474,60,0.8770891367204634,0.8463614209005793,0.00487022636655311
adam_70ns,2.475,60,0.8781959820985549,0.8477449776231935,0.003741722198025215
adam_70ns,2.476,60,0.8797048234914094,0.8496310293642614,0.0030963094618633356
adam_70ns,2.477,60,0.8723904830477341,0.8404881038096674,0.0034165082934124835
adam_70ns,2.478,60,0.8759427334789014,0.8449284168486264,0.003849627319601376
adam_70ns,2.479,60,0.8837438547986068,0.8546798184982586,0.004545677644052654
adam_70ns,2.48,60,0.8852027965033328,0.8565034956291662,0.0033177836443742683
adam_70ns,2.481,60,0.8731203578396706,0.8414004472995882,0.002221472060519509
adam_70ns,2.482,60,0.8822204598897362,0.85277557486217,0.0029059635176449774
adam_70ns,2.483,60,0.888574131385642,0.8607176642320523,0.002806082639019572
adam_70ns,2.484,60,0.8851074032986409,0.8563842541233011,0.0025867333377938354
adam_70ns,2.485,60,0.8834309480825677,0.8542886851032098,0.002635222512815268
adam_70ns,2.486,60,0.8825021907990482,0.8531277384988101,0.0018446000708138676
adam_70ns,2.487,60,0.8855798029796227,0.8569747537245281,0.004303965403843538
adam_70ns,2.488,60,0.8724732716561757,0.8405915895702196,0.003750650122710667
adam_70ns,2.489,60,0.8781616655880747,0.8477020819850932,0.002707058837574841
adam_70ns,2.49,60,0.8798983701247427,0.8498729626559283,0.003696355355900699
adam_70ns,2.491,60,0.8761255456243785,0.8451569320304732,0.003929839260208283
adam_70ns,2.492,60,0.8836713885106392,0.8545892356382989,0.0043850532653885565
adam_70ns,2.493,60,0.8749175755380967,0.8436469694226207,0.0033651271380677693
adam_70ns,2.494,60,0.8775918897702161,0.8469898622127701,0.00414274236418357
adam_70ns,2.495,60,0.876522601464103,0.8456532518301288,0.0035530605242137707
adam_70ns,2.496,60,0.89492828561821,0.8686603570227625,0.002078822163468343
adam_70ns,2.497,60,0.8795585998340905,0.8494482497926132,0.0024923212343020184
adam_70ns,2.498,60,0.8859289419629388,0.8574111774536733,0.002221175262964305
adam_70ns,2.499,60,0.8874569638373796,0.8593212047967245,0.0033942537523247223
adam_70ns,2.5,60,0.8845729880872096,0.8557162351090118,0.002786246157089873
adam_70ns,2.501,60,0.8738614702633353,0.8423268378291692,0.0035903240155621143
adam_70ns,2.502,60,0.8790352667414715,0.8487940834268392,0.0028352008201739474
adam_70ns,2.503,60,0.8754635531937183,0.8443294414921477,0.0030695435580688516
adam_70ns,2.504,60,0.8861703008655386,0.8577128760819231,0.00280302829924174
adam_70ns,2.505,60,0.8848468791374992,0.8560585989218737,0.0017863484782800901
adam_70ns,2.506,60,0.8725310379577981,0.8406637974472474,0.002632061763146217
adam_70ns,2.507,60,0.8772541634936574,0.8465677043670715,0.004179508983998493
adam_70ns,2.508,60,0.8644213229369755,0.8305266536712193,0.004547098314088288
adam_70ns,2.509,60,0.8788405114625942,0.8485506393282427,0.002999662310102754
adam_70ns,2.51,60,0.8799418570515851,0.8499273213144812,0.003369374539022129
adam_70ns,2.511,60,0.8693086497501679,0.8366358121877098,0.004147873536340548
adam_70ns,2.512,60,0.8759059106861969,0.8448823883577461,0.0022913511246845006
adam_70ns,2.513,60,0.8884246179921359,0.8605307724901701,0.002152491507271819
adam_70ns,2.514,60,0.8781911017014284,0.8477388771267855,0.003838392937046969
adam_70ns,2.515,60,0.8729021063470315,0.8411276329337894,0.0034951296664184066
adam_70ns,2.516,60,0.881792570537725,0.8522407131721562,0.0018263975585646008
adam_70ns,2.517,60,0.8857094925243516,0.8571368656554397,0.0025216380310698447
adam_70ns,2.518,60,0.879960656487339,0.8499508206091736,0.0034866171477653143
adam_70ns,2.519,60,0.8656158762033819,0.8320198452542275,0.0036204740815372776
adam_70ns,2.52,60,0.8804390003356947,0.8505487504196183,0.0027599594620832087
adam_70ns,2.521,60,0.8727983577543731,0.8409979471929662,0.0042118197574322995
adam_70ns,2.522,60,0.8715312616952968,0.8394140771191212,0.003000616099159277
adam_70ns,2.523,60,0.8801178644710146,0.8501473305887682,0.0020574498796808436
adam_70ns,2.524,60,0.8780541865003777,0.8475677331254724,0.0038394077005559596
adam_70ns,2.525,60,0.8905563212937484,0.8631954016171854,0.002639004896528074
adam_70ns,2.526,60,0.875835208283951,0.8447940103549387,0.004844147608025679
adam_70ns,2.527,60,0.8732941691011309,0.8416177113764135,0.004034338767037542
adam_70ns,2.528,60,0.8679140715773415,0.834892589471677,0.0033520883205832783
adam_70ns,2.529,60,0.8813989940078497,0.851748742509812,0.0034122357454905825
adam_70ns,2.53,60,0.8749207465333111,0.8436509331666389,0.003383477540367475
adam_70ns,2.531,60,0.8718651235153237,0.8398314043941546,0.00446990952792098
adam_70ns,2.532,60,0.8799628195931529,0.8499535244914412,0.0023848893162536186
adam_70ns,2.533,60,0.8806717036901738,0.8508396296127169,0.0023172428635341168
adam_70ns,2.534,60,0.878444421906168,0.84805552738271,0.004060111049521721
adam_70ns,2.535,60,0.8666998429582495,0.8333748036978119,0.0040662135251120345
adam_70ns,2.536,60,0.8726903763591269,0.8408629704489086,0.0026022278733068573
adam_70ns,2.537,60,0.8711264532034962,0.8389080665043701,0.003927274172171901
adam_70ns,2.538,60,0.8687833634366982,0.8359792042958725,0.003764393890010915
adam_70ns,2.539,60,0.8769332013127364,0.8461665016409204,0.004458096680568084
adam_70ns,2.54,60,0.8787276428704026,0.8484095535880029,0.003527795648092099
adam_70ns,2.541,60,0.8660814577322272,0.8326018221652841,0.002928126830597036
adam_70ns,2.542,60,0.8835353337544127,0.8544191671930158,0.003105141693656181
adam_70ns,2.543,60,0.8762764838902994,0.8453456048628744,0.002853763715904009
adam_70ns,2.544,60,0.8865794155872454,0.8582242694840568,0.0018156634859460212
adam_70ns,2.545,60,0.8819208394265214,0.852401049283152,0.003100755985526878
adam_70ns,2.546,60,0.8699538269521956,0.8374422836902442,0.002877928574569063
adam_70ns,2.547,60,0.8795968896282187,0.8494961120352733,0.0023434028437997524
adam_70ns,2.548,60,0.8720228777685133,0.8400285972106415,0.0046359108461726155
adam_70ns,2.549,60,0.8841193829117068,0.8551492286396333,0.0020192311938384343
adam_70ns,2.55,60,0.8817207126571902,0.8521508908214874,0.0038644352620341373
adam_70ns,2.551,60,0.8610751260873208,0.8263439076091513,0.0039044716563715128
adam_70ns,2.552,60,0.8711813896305955,0.8389767370382443,0.0038225548022952816
adam_70ns,2.553,60,0.8825780810665487,0.853222601333186,0.003244448656366028
adam_70ns,2.554,60,0.8792258998441881,0.8490323748052353,0.002587529323174828
adam_70ns,2.555,60,0.8784659987309319,0.8480824984136647,0.002446759085111741
adam_70ns,2.556,60,0.8869623236050632,0.8587029045063289,0.0027411487035654803
adam_70ns,2.557,60,0.8688182264755032,0.8360227830943792,0.0036664076606813963
adam_70ns,2.558,60,0.8801447851917239,0.8501809814896549,0.003944132145716408
adam_70ns,2.559,60,0.889400939912111,0.8617511748901389,0.0026909083534297122
adam_70ns,2.56,60,0.8716191209669735,0.8395239012087169,0.003368060919078901
adam_70ns,2.561,60,0.8839247472870277,0.8549059341087845,0.002295025163355833
adam_70ns,2.562,60,0.875393943287305,0.844242429109131,0.00376454014862703
adam_70ns,2.563,60,0.8730773958291229,0.8413467447864035,0.0027210250356306293
adam_70ns,2.564,60,0.8781028831014499,0.8476286038768123,0.004100714462186887
adam_70ns,2.565,60,0.8741715040518816,0.8427143800648519,0.003967874393010239
adam_70ns,2.566,60,0.8752275884259556,0.8440344855324443,0.0023345169650033303
adam_70ns,2.567,60,0.8858457747065902,0.8573072183832374,0.002272857303322089
adam_70ns,2.568,60,0.8725080711891494,0.8406350889864367,0.0031543821027554745
adam_70ns,2.569,60,0.8719745729368267,0.8399682161710335,0.0034122526993180173
adam_70ns,2.57,60,0.8787640806406838,0.8484551008008548,0.003849779373968508
adam_70ns,2.571,60,0.8647804947536271,0.8309756184420338,0.0036345323610124853
adam_70ns,2.572,60,0.8725359138568877,0.8406698923211098,0.0043303762537993794
adam_70ns,2.573,60,0.8740735434621517,0.8425919293276897,0.002541732619129602
adam_70ns,2.574,60,0.8709731956752397,0.8387164945940495,0.0034572147185905054
adam_70ns,2.575,60,0.8801956977901881,0.8502446222377351,0.0024507374837499096
adam_70ns,2.576,60,0.8704511452474141,0.8380639315592675,0.003938715261346499
adam_70ns,2.577,60,0.8708497299330773,0.8385621624163466,0.0034975534554662494
adam_70ns,2.578,60,0.8841099300863274,0.8551374126079092,0.002470378952403011
adam_70ns,2.579,60,0.8812816805899172,0.8516021007373965,0.003524941458304219
adam_70ns,2.58,60,0.8769163317202153,0.8461454146502692,0.0033074643007845396
adam_70ns,2.581,60,0.877804878161016,0.8472560977012699,0.0033931932001023814
adam_70ns,2.582,60,0.8760920873751726,0.8451151092189657,0.003518161375860781
adam_70ns,2.583,60,0.8695079503427512,0.836884937928439,0.003330490588470501
adam_70ns,2.584,60,0.871167590579669,0.838959488224586,0.0029691963997426634
adam_70ns,2.585,60,0.8617189194081778,0.8271486492602222,0.0039660460764487275
adam_70ns,2.586,60,0.871874133700371,0.839842667125464,0.0037213970054230986
adam_70ns,2.587,60,0.8791364650120155,0.8489205812650191,0.0028408851149808703
adam_70ns,2.588,60,0.8805630477029773,0.8507038096287217,0.0031056084779357723
adam_70ns,2.589,60,0.8641179595653281,0.83014744945666,0.003777547113327162
adam_70ns,2.59,60,0.8757095439280214,0.8446369299100269,0.0028881053475297014
adam_70ns,2.591,60,0.8699321578709078,0.8374151973386348,0.0044041036825696305
adam_70ns,2.592,60,0.8769935824081229,0.8462419780101537,0.0031089183946997763
adam_70ns,2.593,60,0.869110890384707,0.8363886129808837,0.0036283296997406244
adam_70ns,2.594,60,0.8616524609082234,0.8270655761352792,0.004126012700130134
adam_70ns,2.595,60,0.8713987978850108,0.8392484973562635,0.0026412529709144757
adam_70ns,2.596,60,0.8709776704249009,0.838722088031126,0.002815061638584518
adam_70ns,2.597,60,0.8704425403294735,0.8380531754118419,0.004531077706131796
adam_70ns,2.598,60,0.866257112596124,0.832821390745155,0.0034631278973171332
adam_70ns,2.599,60,0.8600782600627686,0.8250978250784604,0.003792667822988628
adam_70ns,2.6,60,0.8692038992747673,0.8365048740934588,0.0032547663635718047
adam_70ns,2.601,60,0.880562613882432,0.8507032673530399,0.003677336241003053
adam_70ns,2.602,60,0.863818969503015,0.8297737118787688,0.003673130230267536
adam_70ns,2.603,60,0.8630741381655245,0.8288426727069056,0.004987159087303184
adam_70ns,2.604,60,0.8677397327296781,0.8346746659120975,0.0038926074776592418
adam_70ns,2.605,60,0.8740532084839243,0.8425665106049054,0.0028740886412630417
adam_70ns,2.606,60,0.875112120127425,0.8438901501592814,0.003694679412366834
adam_70ns,2.607,60,0.8684740541393614,0.8355925676742016,0.004105651151816926
adam_70ns,2.608,60,0.8699430206346073,0.8374287757932586,0.004248059766772483
adam_70ns,2.609,60,0.8715917368343146,0.8394896710428934,0.004238074999524002
adam_70ns,2.61,60,0.8638188946761449,0.8297736183451809,0.003161995201249035
adam_70ns,2.611,60,0.8767177120989352,0.8458971401236689,0.0020982043360154292
adam_70ns,2.612,60,0.8496661295180239,0.8120826618975301,0.004318609300570658
adam_70ns,2.613,60,0.8646960224915152,0.830870028114394,0.0052761405387576525
adam_70ns,2.614,60,0.8611802190757226,0.8264752738446531,0.0033481917113337553
adam_70ns,2.615,60,0.8679304803430544,0.834913100428818,0.0033485570973804724
adam_70ns,2.616,60,0.8636132132913481,0.8295165166141849,0.004425972601010745
adam_70ns,2.617,60,0.8667581461429305,0.8334476826786629,0.0046705565973970955
adam_70ns,2.618,60,0.8767496409635481,0.8459370512044351,0.0017023020689814184
adam_70ns,2.619,60,0.8543536664792889,0.817942083099111,0.003968556130031463
adam_70ns,2.62,60,0.8681755018325735,0.835219377290717,0.003381762093051659
adam_70ns,2.621,60,0.8735150351212515,0.8418937939015643,0.0025515263385529597
adam_70ns,2.622,60,0.8749563511166762,0.8436954388958454,0.0030214004275612026
adam_70ns,2.623,60,0.8726091200582933,0.8407614000728667,0.003049101723409861
adam_70ns,2.624,60,0.8685824170485017,0.8357280213106271,0.004056996187240615
adam_70ns,2.625,60,0.8502625432293759,0.8128281790367198,0.0037442985669429944
adam_70ns,2.626,60,0.8605650271804202,0.825706283975525,0.005793612275327154
adam_70ns,2.627,60,0.8665721292712046,0.8332151615890059,0.004325623643018154
adam_70ns,2.628,60,0.8607805211982251,0.8259756514977814,0.0037676824515940443
adam_70ns,2.629,60,0.8739042109666848,0.8423802637083561,0.0022216567686247223
adam_70ns,2.63,60,0.85888215709121,0.8236026963640125,0.0038381007299042747
adam_70ns,2.631,60,0.8711597587563088,0.8389496984453858,0.005578141410232601
adam_70ns,2.632,60,0.8821586628063663,0.852698328507958,0.0026729828687940328
adam_70ns,2.633,60,0.8770346812750248,0.8462933515937808,0.001944471248004048
adam_70ns,2.634,60,0.8813267267523761,0.8516584084404702,0.0028870705391161274
adam_70ns,2.635,60,0.8770504234277312,0.8463130292846637,0.003420014101947447
adam_70ns,2.636,60,0.8695842916155017,0.8369803645193771,0.0032163962269596605
adam_70ns,2.637,60,0.8667658114787443,0.8334572643484306,0.003917446596164424
adam_70ns,2.638,60,0.8612782784897801,0.8265978481122251,0.006647213778788925
adam_70ns,2.639,60,0.8564985968073557,0.8206232460091948,0.003835586973475802
adam_70ns,2.64,60,0.8579552125339263,0.8224440156674078,0.0044390391391684
adam_70ns,2.641,60,0.8652115677052556,0.8315144596315698,0.0038291696624433414
adam_70ns,2.642,60,0.8594820469738897,0.824352558717362,0.0025502939323919374
adam_70ns,2.643,60,0.8610573315509709,0.8263216644387135,0.003756314609581695
adam_70ns,2.644,60,0.8662503411629792,0.8328129264537236,0.0033049583914709873
adam_70ns,2.645,60,0.8614832869015565,0.8268541086269455,0.0041113811559495865
adam_70ns,2.646,60,0.8741199452939354,0.8426499316174193,0.0032988817908398177
adam_70ns,2.647,60,0.8736561123618721,0.8420701404523404,0.0031290469548852303
adam_70ns,2.648,60,0.866601742407013,0.8332521780087665,0.0026030840898770805
adam_70ns,2.649,60,0.863147887169395,0.8289348589617436,0.003878041228246705
adam_70ns,2.65,60,0.8743031531851625,0.8428789414814533,0.0037834749007397577
adam_70ns,2.651,60,0.8678761257569912,0.834845157196239,0.004229512266945114
adam_70ns,2.652,60,0.8602964782675475,0.8253705978344341,0.0038820901367635496
adam_70ns,2.653,60,0.8696924921071529,0.8371156151339412,0.003375624622056896
adam_70ns,2.654,60,0.8703661751854231,0.8379577189817792,0.0034599169035672726
adam_70ns,2.655,60,0.8679705856694071,0.8349632320867592,0.00395365677784268
adam_70ns,2.656,60,0.8633776734942219,0.8292220918677774,0.0037825855261590245
adam_70ns,2.657,60,0.8543744038176284,0.8179680047720355,0.004321867257655427
adam_70ns,2.658,60,0.8580028649784446,0.822503581223056,0.0036035922009750782
adam_70ns,2.659,60,0.8646670784931243,0.8308338481164053,0.003021975575656139
adam_70ns,2.66,60,0.8666324941387625,0.833290617673453,0.004198949910450159
adam_70ns,2.661,60,0.8736825283844409,0.8421031604805511,0.003914137150898303
adam_70ns,2.662,60,0.8526249866843305,0.8157812333554129,0.0052324128754705785
adam_70ns,2.663,60,0.8699608885713584,0.8374511107141981,0.004016560377975416
adam_70ns,2.664,60,0.8550153134892476,0.8187691418615591,0.004182364344975166
adam_70ns,2.665,60,0.8584136149338211,0.8230170186672766,0.003375908069045545
adam_70ns,2.666,60,0.8637122537150699,0.8296403171438375,0.004165329296921464
adam_70ns,2.667,60,0.8648791840012969,0.8310989800016209,0.0035553584425239027
adam_70ns,2.668,60,0.8621911171297474,0.8277388964121842,0.00459697109453062
adam_70ns,2.669,60,0.8632815474713397,0.8291019343391746,0.0038103833660145517
adam_70ns,2.67,60,0.8574127007622985,0.8217658759528731,0.003572780064225968
adam_70ns,2.671,60,0.8639436738762897,0.8299295923453622,0.0040770910826701924
adam_70ns,2.672,60,0.8591196726654332,0.8238995908317915,0.004882376600369908
adam_70ns,2.673,60,0.867589703331675,0.8344871291645934,0.005011158354369271
adam_70ns,2.674,60,0.8642215214864586,0.8302769018580733,0.0034878074944879305
adam_70ns,2.675,60,0.867469237230959,0.8343365465386989,0.003996428940719219
adam_70ns,2.676,60,0.8650582489477074,0.8313228111846342,0.005633481686390263
adam_70ns,2.677,60,0.8713319567581556,0.8391649459476945,0.00271272924556949
adam_70ns,2.678,60,0.864447007111728,0.8305587588896599,0.005105671403213712
adam_70ns,2.679,60,0.8626732597147586,0.828341574643448,0.0038905299634701433
adam_70ns,2.68,60,0.8679230898008055,0.834903862251007,0.0035872993305007123
adam_70ns,2.681,60,0.8624355012020328,0.8280443765025409,0.00377139881137859
adam_70ns,2.682,60,0.863959247792759,0.8299490597409485,0.0035499245643307088
adam_70ns,2.683,60,0.8655660386437195,0.8319575483046493,0.003258283114952555
adam_70ns,2.684,60,0.8451512043758271,0.8064390054697839,0.0050712186225817775
adam_70ns,2.685,60,0.8519016158396874,0.8148770197996094,0.004581934619195377
adam_70ns,2.686,60,0.8642326044627524,0.8302907555784405,0.0051270886839782015
adam_70ns,2.687,60,0.8518244515835202,0.8147805644794002,0.00591659357357931
adam_70ns,2.688,60,0.8621357374192318,0.8276696717740398,0.002657844594641598
adam_70ns,2.689,60,0.8663044030726716,0.8328805038408392,0.0030758106416085376
adam_70ns,2.69,60,0.8668331994037143,0.8335414992546429,0.004280025028409174
adam_70ns,2.691,60,0.8554979486758004,0.8193724358447506,0.004250588553642493
adam_70ns,2.692,60,0.8713084594282763,0.8391355742853451,0.003302376906244008
adam_70ns,2.693,60,0.8629787359523118,0.8287234199403897,0.005436836431414682
adam_70ns,2.694,60,0.8593070909901555,0.8241338637376945,0.005334954457096261
adam_70ns,2.695,60,0.8773110530887888,0.846638816360986,0.004390800721739601
adam_70ns,2.696,60,0.8671726231540977,0.833965778942622,0.0035778793199197326
adam_70ns,2.697,60,0.8588191639211384,0.823523954901423,0.00415895916627433
adam_70ns,2.698,60,0.861043491137361,0.8263043639217014,0.004158007943720172
adam_70ns,2.699,60,0.8519578409737876,0.8149473012172345,0.0027125742303730077
adam_70ns,2.7,60,0.8600576671384884,0.8250720839231104,0.00407604234730412
adam_70ns,2.701,60,0.8654995720888764,0.8318744651110954,0.002873191316875437
adam_70ns,2.702,60,0.8548617937968562,0.81857724224607,0.004048195646196701
adam_70ns,2.703,60,0.8716527926964727,0.8395659908705911,0.002734890675977279
adam_70ns,2.704,60,0.8667557744690623,0.8334447180863278,0.003092592699759292
adam_70ns,2.705,60,0.8600200021473235,0.8250250026841547,0.003492919552394074
adam_70ns,2.706,60,0.8704201389972206,0.8380251737465259,0.005746772485311248
adam_70ns,2.707,60,0.858032364057129,0.8225404550714116,0.0032159761378582692
adam_70ns,2.708,60,0.847692002125394,0.8096150026567425,0.0048968279293422606
adam_70ns,2.709,60,0.8608699627165155,0.8260874533956446,0.0038971808154133892
adam_70ns,2.71,60,0.8612435692078484,0.8265544615098102,0.003909524477269169
adam_70ns,2.711,60,0.8674791312781496,0.8343489140976867,0.0028654787280752653
adam_70ns,2.712,60,0.8657773106692009,0.832221638336501,0.0029871886222538986
adam_70ns,2.713,60,0.8576687137475159,0.8220858921843948,0.0032165485855346243
adam_70ns,2.714,60,0.8593789518580647,0.8242236898225807,0.004053617118112805
adam_70ns,2.715,60,0.8577188218717823,0.8221485273397279,0.002782542568441103
adam_70ns,2.716,60,0.862477254085583,0.8280965676069788,0.003164324920028051
adam_70ns,2.717,60,0.8700799706273639,0.8375999632842049,0.0031545862495344634
adam_70ns,2.718,60,0.8639028483717575,0.8298785604646965,0.004533325885236565
adam_70ns,2.719,60,0.8619032006635763,0.8273790008294704,0.004098957148941648
adam_70ns,2.72,60,0.8558313949404417,0.8197892436755521,0.0036916428446261487
adam_70ns,2.721,60,0.8619798407389667,0.8274748009237085,0.003886334700808463
adam_70ns,2.722,60,0.8671673669249126,0.8339592086561409,0.0027633866706405436
adam_70ns,2.723,60,0.8712794465804857,0.8390993082256073,0.004462688305314668
adam_70ns,2.724,60,0.8634646977301061,0.8293308721626327,0.004299980655089263
adam_70ns,2.725,60,0.8561809070417606,0.8202261338022009,0.0036597897137855212
adam_70ns,2.726,60,0.8445795344152979,0.8057244180191222,0.003423164088610523
adam_70ns,2.727,60,0.8597950249157972,0.8247437811447464,0.0038542178397565937
adam_70ns,2.728,60,0.8611846005513302,0.8264807506891626,0.003911566876297677
adam_70ns,2.729,60,0.8624539610917472,0.8280674513646841,0.005130102263578516
adam_70ns,2.73,60,0.848620754404228,0.8107759430052848,0.005671185392687282
adam_70ns,2.731,60,0.8657803257047603,0.8322254071309503,0.004322154223433013
adam_70ns,2.732,60,0.8504720091525736,0.8130900114407169,0.004824823836644154
adam_70ns,2.733,60,0.860587894391319,0.8257348679891486,0.0028730101085230834
adam_70ns,2.734,60,0.8634255973842774,0.8292819967303465,0.0036465517557398783
adam_70ns,2.735,60,0.8697161983554498,0.8371452479443121,0.0039435192049243695
adam_70ns,2.736,60,0.8549048835485795,0.8186311044357244,0.004213684331132237
adam_70ns,2.737,60,0.8596596103550596,0.8245745129438242,0.002999617288301245
adam_70ns,2.738,60,0.8573230961788503,0.8216538702235627,0.004098493480993847
adam_70ns,2.739,60,0.8643729634008768,0.8304662042510957,0.003394872495232862
adam_70ns,2.74,60,0.8532292623182841,0.8165365778978549,0.006214783149040176
adam_70ns,2.741,60,0.8579954625105295,0.8224943281381617,0.0036869855467498583
adam_70ns,2.742,60,0.8512348073201349,0.8140435091501687,0.00669670766162008
adam_70ns,2.743,60,0.8616592348654639,0.8270740435818297,0.0033619619200922646
adam_70ns,2.744,60,0.8644816503334476,0.8306020629168093,0.00465468523865436
adam_70ns,2.745,60,0.85775933001561,0.8221991625195124,0.004053007428546995
adam_70ns,2.746,60,0.866945665777808,0.8336820822222599,0.004311483031056258
adam_70ns,2.747,60,0.8470424751414728,0.8088030939268409,0.004329124643049731
adam_70ns,2.748,60,0.8490797521443798,0.8113496901804748,0.00446892922929599
adam_70ns,2.749,60,0.8492614765135159,0.8115768456418946,0.007782894166841018
adam_70ns,2.75,60,0.8651337931282903,0.8314172414103627,0.0036619492213949096
adam_70ns,2.751,60,0.8481720289073778,0.8102150361342223,0.004395153877510023
adam_70ns,2.752,60,0.8599946429147871,0.8249933036434839,0.004085557031557398
adam_70ns,2.753,60,0.852613099530787,0.8157663744134838,0.004694166772933458
adam_70ns,2.754,60,0.8567669313221953,0.8209586641527443,0.003442858456755628
adam_70ns,2.755,60,0.8517873550578682,0.8147341938223354,0.005344584906681409
adam_70ns,2.756,60,0.8532544299774518,0.8165680374718146,0.004800894708611931
adam_70ns,2.757,60,0.8544256235650025,0.818032029456253,0.004686621116534589
adam_70ns,2.758,60,0.8566085718066593,0.8207607147583241,0.005237515423583302
adam_70ns,2.759,60,0.85467309931455,0.8183413741431877,0.004647420306811542
adam_70ns,2.76,60,0.8573571155987258,0.8216963944984073,0.0029660084201784103
adam_70ns,2.761,60,0.8504263617373085,0.8130329521716354,0.004228060310884496
adam_70ns,2.762,60,0.8599785285788193,0.8249731607235238,0.004539023627178331
adam_70ns,2.763,60,0.863894529437684,0.829868161797105,0.004820257316775113
adam_70ns,2.764,60,0.8539991121860692,0.8174988902325865,0.003448418516449125
adam_70ns,2.765,60,0.8554553666887792,0.8193192083609737,0.005067808862496701
adam_70ns,2.766,60,0.8552974093191751,0.819121761648969,0.0034548832589776325
adam_70ns,2.767,60,0.8507199171441328,0.813399896430166,0.003921597652538894
adam_70ns,2.768,60,0.8623805129736593,0.8279756412170741,0.004255989780268594
adam_70ns,2.769,60,0.851638838922343,0.8145485486529285,0.004240852003387452
adam_70ns,2.77,60,0.861037954021216,0.8262974425265203,0.003413958474664827
adam_70ns,2.771,60,0.8600661251551842,0.8250826564439803,0.004379219598405422
adam_70ns,2.772,60,0.8471750520647716,0.8089688150809644,0.005535853270759645
adam_70ns,2.773,60,0.8547257383131401,0.8184071728914251,0.004245225743006861
adam_70ns,2.774,60,0.8538114558149478,0.8172643197686847,0.003652053650283224
adam_70ns,2.775,60,0.8556172271481565,0.8195215339351957,0.006933056003880158
adam_70ns,2.776,60,0.8677689582343707,0.8347111977929634,0.00248720183187296
adam_70ns,2.777,60,0.8537474262129092,0.8171842827661366,0.005046638858912367
adam_70ns,2.778,60,0.859247925114946,0.8240599063936823,0.003889932029453027
adam_70ns,2.779,60,0.8562807836223816,0.8203509795279769,0.0036781210999901944
adam_70ns,2.78,60,0.8423664959942991,0.8029581199928739,0.004413386967791793
adam_70ns,2.781,60,0.8614215864709399,0.8267769830886749,0.0034651392252132824
adam_70ns,2.782,60,0.8504656771581909,0.8130820964477385,0.005725340784282248
adam_70ns,2.783,60,0.8553656237428033,0.8192070296785039,0.004179818087938048
adam_70ns,2.784,60,0.8550032300219574,0.8187540375274468,0.004072858841266461
adam_70ns,2.785,60,0.841969630430998,0.8024620380387477,0.006314137496348975
adam_70ns,2.786,60,0.8712373990810218,0.8390467488512774,0.0035491771214832984
adam_70ns,2.787,60,0.8497436342703619,0.8121795428379527,0.006416746836284588
adam_70ns,2.788,60,0.8557359962202069,0.8196699952752587,0.003892445196081103
adam_70ns,2.789,60,0.8522438911194945,0.8153048638993681,0.004404824825450765
adam_70ns,2.79,60,0.8558634164247967,0.8198292705309961,0.004417729600242259
adam_70ns,2.791,60,0.8537743612133464,0.8172179515166828,0.004533565766251457
adam_70ns,2.792,60,0.8386364723038231,0.7982955903797788,0.005059179844744097
adam_70ns,2.793,60,0.8537778823067484,0.8172223528834355,0.004151500274205927
adam_70ns,2.794,60,0.8513836831847685,0.8142296039809606,0.005094654099743826
adam_70ns,2.795,60,0.8633528204002208,0.8291910255002756,0.0025171605561789987
adam_70ns,2.796,60,0.8576046165520581,0.8220057706900724,0.003666416700530995
adam_70ns,2.797,60,0.8427395585853535,0.8034244482316919,0.005628357585968775
adam_70ns,2.798,60,0.8542864658631537,0.817858082328942,0.005859092244977335
adam_70ns,2.799,60,0.8542698532840352,0.817837316605044,0.004575822351036553
adam_70ns,2.8,60,0.8561280036562668,0.8201600045703334,0.0028166194390461573
adam_70ns,2.801,60,0.8601130103258243,0.8251412629072803,0.004233021221788588
adam_70ns,2.802,60,0.862177423775412,0.8277217797192651,0.003593967383013495
adam_70ns,2.803,60,0.8676322041390456,0.8345402551738069,0.004304603353170708
adam_70ns,2.804,60,0.8469951084529521,0.8087438855661901,0.00351372054015417
adam_70ns,2.805,60,0.8633153731328389,0.8291442164160487,0.003069295469448029
adam_70ns,2.806,60,0.8477774003887073,0.8097217504858842,0.004734347006749826
adam_70ns,2.807,60,0.8656683746577123,0.8320854683221401,0.004098215045527389
adam_70ns,2.808,60,0.8536135380842351,0.8170169226052939,0.003657531285464945
adam_70ns,2.809,60,0.8387684423428787,0.7984605529285983,0.00434519964914862
adam_70ns,2.81,60,0.8676779425126306,0.8345974281407884,0.003302903803428225
adam_70ns,2.811,60,0.8571236721736466,0.8214045902170581,0.004485791007312239
adam_70ns,2.812,60,0.8618990201488407,0.8273737751860508,0.004023802159838862
adam_70ns,2.813,60,0.8492650649971492,0.8115813312464364,0.004804273005830693
adam_70ns,2.814,60,0.8576636082875869,0.8220795103594836,0.00397059295368254
adam_70ns,2.815,60,0.847512093156508,0.8093901164456349,0.005679325010449856
adam_70ns,2.816,60,0.8643282452707501,0.830410306588438,0.0031384160162155356
adam_70ns,2.817,60,0.8390518899606367,0.798814862450796,0.006662729550606154
adam_70ns,2.818,60,0.8612517279392087,0.8265646599240112,0.0036268493802962204
adam_70ns,2.819,60,0.8533957971036756,0.8167447463795945,0.0035011475979925934
adam_70ns,2.82,60,0.8549385415291955,0.8186731769114942,0.005261381544116753
adam_70ns,2.821,60,0.8584149862258331,0.8230187327822912,0.004556921182878227
adam_70ns,2.822,60,0.8578010893165744,0.8222513616457178,0.00502681740958884
adam_70ns,2.823,60,0.8450037482030578,0.8062546852538224,0.004641899605381737
adam_70ns,2.824,60,0.8380182420674122,0.7975228025842653,0.005314412756636286
adam_70ns,2.825,60,0.8574823844375026,0.821852980546878,0.004883448257623275
adam_70ns,2.826,60,0.8576297381903699,0.8220371727379622,0.0050401085893706935
adam_70ns,2.827,60,0.8480131788802248,0.8100164736002812,0.007566354028649971
adam_70ns,2.828,60,0.8270571822493846,0.7838214778117306,0.0078095620882362
adam_70ns,2.829,60,0.847499950162349,0.8093749377029361,0.006508976391319922
adam_70ns,2.83,60,0.8521942121695137,0.8152427652118921,0.003408603454098709
adam_70ns,2.831,60,0.8475459946509656,0.8094324933137068,0.005617102886306069
adam_70ns,2.832,60,0.8403543077553923,0.8004428846942401,0.004850273720475976
adam_70ns,2.833,60,0.8450622559509604,0.8063278199387007,0.005845928229083857
adam_70ns,2.834,60,0.8547342442288249,0.8184178052860314,0.00287910016066053
adam_70ns,2.835,60,0.8428282631999597,0.8035353289999495,0.004231969837568858
adam_70ns,2.836,60,0.8550096957965629,0.8187621197457035,0.005240995420934606
adam_70ns,2.837,60,0.8492200347250525,0.8115250434063156,0.004240986883185466
adam_70ns,2.838,60,0.863279383510297,0.8290992293878712,0.003750275547787132
adam_70ns,2.839,60,0.8525047768819829,0.8156309711024786,0.0035195012536301017
adam_70ns,2.84,60,0.8491601718735139,0.8114502148418923,0.003682888790723523
adam_70ns,2.841,60,0.8512335975754525,0.8140419969693156,0.004043418168742629
adam_70ns,2.842,60,0.8534092127590894,0.8167615159488616,0.004997798245086704
adam_70ns,2.843,60,0.8421219689332745,0.8026524611665928,0.006198795006096545
adam_70ns,2.844,60,0.8483866324183016,0.810483290522877,0.0031451184324830356
adam_70ns,2.845,60,0.8408692434337723,0.8010865542922154,0.0054832010982426675
adam_70ns,2.846,60,0.8490884820534039,0.8113606025667546,0.004079763399579066
adam_70ns,2.847,60,0.8585900900607151,0.8232376125758941,0.003943763778407826
adam_70ns,2.848,60,0.851961121510934,0.8149514018886674,0.004750386995900136
adam_70ns,2.849,60,0.8589717168798757,0.8237146460998445,0.002719454019651565
adam_70ns,2.85,60,0.8360501602485929,0.7950627003107412,0.003657351838964045
adam_70ns,2.851,60,0.8529976266456775,0.8162470333070969,0.004578507570797864
adam_70ns,2.852,60,0.8460024233597688,0.807503029199711,0.004047285825421645
adam_70ns,2.853,60,0.8450760641567862,0.8063450801959827,0.0045643846730830055
adam_70ns,2.854,60,0.8534584528960854,0.8168230661201066,0.0037275805707866227
adam_70ns,2.855,60,0.8541519423076187,0.8176899278845231,0.00280197304612559
adam_70ns,2.856,60,0.851595506234275,0.8144943827928439,0.0031898432313440766
adam_70ns,2.857,60,0.8416211816695921,0.8020264770869902,0.00493260983426185
adam_70ns,2.858,60,0.8495499895141393,0.8119374868926742,0.0032654692774933183
adam_70ns,2.859,60,0.8424737858302468,0.8030922322878083,0.0054273832302206984
adam_70ns,2.86,60,0.8472547304145114,0.8090684130181393,0.0031943703043616953
adam_70ns,2.861,60,0.8487431445614956,0.8109289307018694,0.005157220194182784
adam_70ns,2.862,60,0.8598175004930187,0.8247718756162732,0.0028713869915702748
adam_70ns,2.863,60,0.8463597848699511,0.8079497310874386,0.006400594557884645
adam_70ns,2.864,60,0.8539337817206282,0.8174172271507848,0.006027473106275966
adam_70ns,2.865,60,0.8378344205330231,0.797293025666279,0.005741949434015553
adam_70ns,2.866,60,0.8529361234580501,0.8161701543225625,0.004872333339280038
adam_70ns,2.867,60,0.8317488227804329,0.789686028475541,0.006664474072949787
adam_70ns,2.868,60,0.8436988219888995,0.8046235274861242,0.005875938055735754
adam_70ns,2.869,60,0.85103468296926,0.8137933537115747,0.0038766362115023345
adam_70ns,2.87,60,0.8493007699382041,0.8116259624227552,0.004644008006520303
adam_70ns,2.871,60,0.850109754879982,0.8126371935999772,0.004164884368740415
adam_70ns,2.872,60,0.8407823541813301,0.8009779427266627,0.00558643344578555
adam_70ns,2.873,60,0.8605235737660859,0.8256544672076073,0.004760500898338521
adam_70ns,2.874,60,0.8478430171762668,0.8098037714703336,0.005343571688110462
adam_70ns,2.875,60,0.8321746601542348,0.7902183251927931,0.006367454105854247
adam_70ns,2.876,60,0.8440725801998756,0.8050907252498444,0.0059170966669556384
adam_70ns,2.877,60,0.8435572951223649,0.8044466189029564,0.004408677378497211
adam_70ns,2.878,60,0.8434255395533509,0.8042819244416886,0.005390457274097807
adam_70ns,2.879,60,0.8465974087043193,0.8082467608803994,0.0054909578073628834
adam_70ns,2.88,60,0.8365108076012593,0.795638509501574,0.006473534072142043
adam_70ns,2.881,60,0.8272868750073272,0.7841085937591589,0.007811286742368991
adam_70ns,2.882,60,0.8421995078909239,0.8027493848636548,0.004130174413574531
adam_70ns,2.883,60,0.8393738795179264,0.799217349397408,0.004663866582290772
adam_70ns,2.884,60,0.8509679280812975,0.8137099101016219,0.004400282561486588
adam_70ns,2.885,60,0.8458479562364002,0.8073099452955003,0.00519485676877792
adam_70ns,2.886,60,0.8606690535591635,0.8258363169489542,0.0028948212617101927
adam_70ns,2.887,60,0.8471017173916829,0.8088771467396038,0.004434738032652653
adam_70ns,2.888,60,0.8385161373594521,0.798145171699315,0.004270868045779868
adam_70ns,2.889,60,0.8311433362502788,0.7889291703128484,0.004329279421225472
adam_70ns,2.89,60,0.8462013800321309,0.8077517250401637,0.004117042849203842
adam_70ns,2.891,60,0.8507050048953126,0.8133812561191409,0.005379135951911684
adam_70ns,2.892,60,0.8343230155390966,0.7929037694238709,0.006868486059312162
adam_70ns,2.893,60,0.8430492304305212,0.8038115380381515,0.003573532905499714
adam_70ns,2.894,60,0.8380840879671404,0.7976051099589255,0.007127425440762555
adam_70ns,2.895,60,0.8318854397747357,0.7898567997184195,0.005219516843387013
adam_70ns,2.896,60,0.8356832024572141,0.7946040030715179,0.005642939764747399
adam_70ns,2.897,60,0.8422551646717751,0.8028189558397187,0.003575424746582684
adam_70ns,2.898,60,0.8471158789584371,0.8088948486980463,0.004974557927979721
adam_70ns,2.899,60,0.8510877707033617,0.8138597133792022,0.0028530576951094413
adam_70ns,2.9,60,0.8418330781026322,0.8022913476282902,0.003434059335580558
adam_70ns,2.901,60,0.8535132815585224,0.8168916019481529,0.004504204785859
adam_70ns,2.902,60,0.8352399318869157,0.7940499148586447,0.0058512063511847595
adam_70ns,2.903,60,0.8463886900791459,0.8079858625989325,0.005639763823518313
adam_70ns,2.904,60,0.8367236404001588,0.7959045505001985,0.005470012223243421
adam_70ns,2.905,60,0.8470110383190914,0.808763797898864,0.004155902199489024
adam_70ns,2.906,60,0.8321582538058087,0.7901978172572608,0.0039055145260311944
adam_70ns,2.907,60,0.8268512637857036,0.7835640797321293,0.004100262302964579
adam_70ns,2.908,60,0.8341142186374668,0.7926427732968336,0.0039009009962487607
adam_70ns,2.909,60,0.8365616253075014,0.7957020316343771,0.0036385503149255313
adam_70ns,2.91,60,0.8580878972593855,0.8226098715742317,0.0036096098886272848
adam_70ns,2.911,60,0.8460632673400625,0.8075790841750781,0.0038988161985385665
adam_70ns,2.912,60,0.8481429583534527,0.8101786979418156,0.005443334378888327
adam_70ns,2.913,60,0.8396096556390007,0.7995120695487509,0.00544915467677201
adam_70ns,2.914,60,0.8551577224573901,0.8189471530717375,0.0036578384803273296
adam_70ns,2.915,60,0.8353945400089824,0.7942431750112282,0.004698843412883555
adam_70ns,2.916,60,0.8354861983279401,0.7943577479099253,0.006222342023194788
adam_70ns,2.917,60,0.8508784548465764,0.8135980685582206,0.00399739083422864
adam_70ns,2.918,60,0.8342895624129731,0.7928619530162163,0.005716854789177046
adam_70ns,2.919,60,0.8409971279337921,0.8012464099172403,0.006657048657884435
adam_70ns,2.92,60,0.8385718597723157,0.7982148247153945,0.006284084275226189
adam_70ns,2.921,60,0.8423448726473698,0.8029310908092121,0.004699890275374266
adam_70ns,2.922,60,0.8312797417292945,0.789099677161618,0.005940060823651576
adam_70ns,2.923,60,0.8460097779243143,0.8075122224053929,0.00572622451069101
adam_70ns,2.924,60,0.8419008180250167,0.802376022531271,0.0043535612398384145
adam_70ns,2.925,60,0.8464877947410724,0.8081097434263403,0.003242106862805944
adam_70ns,2.926,60,0.8371751902366352,0.7964689877957941,0.007615321718725847
adam_70ns,2.927,60,0.8379749706112922,0.7974687132641151,0.004551249007486513
adam_70ns,2.928,60,0.8356932137269095,0.794616517158637,0.005760487141264782
adam_70ns,2.929,60,0.8402026003824927,0.8002532504781159,0.004597111339333468
adam_70ns,2.93,60,0.8449426818484582,0.806178352310573,0.004641772968619788
adam_70ns,2.931,60,0.8522477122458337,0.8153096403072921,0.003822486003400708
adam_70ns,2.932,60,0.8332724442270529,0.7915905552838159,0.007272350006073002
adam_70ns,2.933,60,0.8378799599616411,0.7973499499520514,0.005448621170641459
adam_70ns,2.934,60,0.8373328277859344,0.7966660347324179,0.0051248147978692265
adam_70ns,2.935,60,0.8318159483726497,0.7897699354658123,0.004718012345809769
adam_70ns,2.936,60,0.8496432366270465,0.8120540457838081,0.004786567285385262
adam_70ns,2.937,60,0.8471232329303752,0.8089040411629688,0.004704499542880779
adam_70ns,2.938,60,0.8422951142880479,0.8028688928600599,0.004448820611773935
adam_70ns,2.939,60,0.8508279269395577,0.8135349086744471,0.003914350151737692
adam_70ns,2.94,60,0.8385675601221186,0.7982094501526483,0.004649816938793804
adam_70ns,2.941,60,0.8320097341046744,0.7900121676308427,0.006775281056192542
adam_70ns,2.942,60,0.8413684618149351,0.8017105772686689,0.0037057054845217835
adam_70ns,2.943,60,0.8347361980828376,0.7934202476035467,0.005237592286061347
adam_70ns,2.944,60,0.8392199937027702,0.7990249921284628,0.004785324031842369
adam_70ns,2.945,60,0.8271410240954575,0.783926280119322,0.004978174785120718
adam_70ns,2.946,60,0.8433527923684023,0.8041909904605029,0.006475140398909466
adam_70ns,2.947,60,0.8459872354141219,0.8074840442676522,0.005459506769783727
adam_70ns,2.948,60,0.8242709278825653,0.7803386598532068,0.005472455016668666
adam_70ns,2.949,60,0.8423355621301092,0.8029194526626363,0.006214491820723597
adam_70ns,2.95,60,0.8434991397166304,0.8043739246457879,0.0057259225811062625
adam_70ns,2.951,60,0.846230505861978,0.8077881323274726,0.005042287355681506
adam_70ns,2.952,60,0.8368232241117657,0.796029030139707,0.006348511153120362
adam_70ns,2.953,60,0.8374703429243807,0.7968379286554756,0.004832734300769171
adam_70ns,2.954,60,0.8289055086396355,0.7861318857995442,0.007601950698389671
adam_70ns,2.955,60,0.8293808269007844,0.7867260336259806,0.007359119269045835
adam_70ns,2.956,60,0.830326257051814,0.7879078213147676,0.0040751879985280815
adam_70ns,2.957,60,0.8283068303077941,0.7853835378847425,0.005112098494801866
adam_70ns,2.958,60,0.8503440794186645,0.8129300992733307,0.004237460935927011
adam_70ns,2.959,60,0.858212916772763,0.8227661459659534,0.0038653844283641726
adam_70ns,2.96,60,0.8379479474779002,0.7974349343473756,0.005630384147021261
adam_70ns,2.961,60,0.8276432821350099,0.7845541026687625,0.009654190012374253
adam_70ns,2.962,60,0.8428117623311961,0.8035147029139953,0.005155294231691286
adam_70ns,2.963,60,0.8356304238236257,0.7945380297795321,0.0044859684066546335
adam_70ns,2.964,60,0.8499138199104919,0.8123922748881147,0.0035634592450748737
adam_70ns,2.965,60,0.8218806961521153,0.777350870190144,0.005907269199195187
adam_70ns,2.966,60,0.8321607584525484,0.7902009480656857,0.007060659667809338
adam_70ns,2.967,60,0.852362086957206,0.8154526086965073,0.00498315699347723
adam_70ns,2.968,60,0.8276466935437159,0.7845583669296446,0.0070347395659665505
adam_70ns,2.969,60,0.8235598902067004,0.7794498627583754,0.011042413571932547
adam_70ns,2.97,60,0.8532885343076781,0.8166106678845978,0.003392047485336341
adam_70ns,2.971,60,0.8366350210004576,0.7957937762505721,0.005437493979927075
adam_70ns,2.972,60,0.8369415300296477,0.7961769125370595,0.0053050225944985645
adam_70ns,2.973,60,0.8338750561449793,0.7923438201812243,0.00330880752872635
adam_70ns,2.974,60,0.8402673508126078,0.80033418851576,0.004989496970159839
adam_70ns,2.975,60,0.8406274452084018,0.8007843065105023,0.004814793455149082
adam_70ns,2.976,60,0.8496061801390609,0.812007725173826,0.004532556192816145
adam_70ns,2.977,60,0.8313595936661011,0.7891994920826265,0.005298223507278032
adam_70ns,2.978,60,0.842237508243699,0.8027968853046237,0.003892047252066004
adam_70ns,2.979,60,0.8307879110641733,0.7884848888302165,0.00602794824783401
adam_70ns,2.98,60,0.8315922729876388,0.7894903412345486,0.005057394730921281
adam_70ns,2.981,60,0.8379800314623016,0.7974750393278767,0.005874016615561596
adam_70ns,2.982,60,0.834024622098525,0.7925307776231564,0.007215949874682352
adam_70ns,2.983,60,0.8352139535103028,0.7940174418878784,0.006179948625383406
adam_70ns,2.984,60,0.8346682254140806,0.7933352817676006,0.007256761947025682
adam_70ns,2.985,60,0.8349748396406412,0.7937185495508015,0.005939219609798764
adam_70ns,2.986,60,0.823670943829905,0.7795886797873813,0.004325339804185657
adam_70ns,2.987,60,0.8341064273781239,0.7926330342226549,0.006283569935036696
adam_70ns,2.988,60,0.8392418802107333,0.7990523502634166,0.005262316940693438
adam_70ns,2.989,60,0.8345309016844512,0.7931636271055639,0.004566023219662266
adam_70ns,2.99,60,0.8458602814270185,0.8073253517837728,0.004995158580420542
adam_70ns,2.991,60,0.8308469829572117,0.7885587286965146,0.004836694115181111
adam_70ns,2.992,60,0.8324341818205849,0.790542727275731,0.005614006974168743
adam_70ns,2.993,60,0.8276025888353691,0.7845032360442112,0.007910109460781516
adam_70ns,2.994,60,0.8412778318016292,0.8015972897520366,0.0037880901296177337
adam_70ns,2.995,60,0.8319725097912539,0.7899656372390672,0.004690964793528171
adam_70ns,2.996,60,0.8412307454813522,0.8015384318516905,0.005073325347305275
adam_70ns,2.997,60,0.8446805188105764,0.8058506485132202,0.0059213888617434315
adam_70ns,2.998,60,0.8396381743410581,0.799547717926323,0.005036314342050459
adam_70ns,2.999,60,0.8287182828990798,0.7858978536238497,0.005387330880143496
adam_70ns,3.0,60,0.8308654043201626,0.7885817554002031,0.006619761771595414
adam_70ns,3.001,60,0.8319973747285059,0.7899967184106322,0.004304995846369853
adam_70ns,3.002,60,0.8312628007043034,0.7890785008803791,0.006133242874902062
adam_70ns,3.003,60,0.8271125917826343,0.7838907397282927,0.00472883794090095
adam_70ns,3.004,60,0.8562640020965013,0.8203300026206265,0.0033425583537382403
adam_70ns,3.005,60,0.8396183412576751,0.7995229265720937,0.004631997113466136
adam_70ns,3.006,60,0.8329243520496349,0.7911554400620435,0.004428526188638092
adam_70ns,3.007,60,0.8362972194185585,0.7953715242731978,0.005210590470197456
adam_70ns,3.008,60,0.829367850069,0.7867098125862501,0.00682688658487663
adam_70ns,3.009,60,0.838071389054484,0.7975892363181047,0.004415612749383789
adam_70ns,3.01,60,0.8272914002718029,0.7841142503397535,0.007461021935846738
adam_70ns,3.011,60,0.821436449908963,0.7767955623862036,0.008843244807267574
adam_70ns,3.012,60,0.8312178615717003,0.7890223269646254,0.005204663498237494
adam_70ns,3.013,60,0.8249083086060356,0.7811353857575443,0.004309208803018648
adam_70ns,3.014,60,0.8334811736570121,0.791851467071265,0.005591910916810448
adam_70ns,3.015,60,0.8310681121141773,0.7888351401427216,0.004610682683348484
adam_70ns,3.016,60,0.8406706903424646,0.8008383629280806,0.005477811091672754
adam_70ns,3.017,60,0.8300743425849547,0.7875929282311933,0.00736209265393287
adam_70ns,3.018,60,0.8430198086531295,0.803774760816412,0.005355190235561784
adam_70ns,3.019,60,0.8299919802360712,0.7874899752950888,0.005494725036687316
adam_70ns,3.02,60,0.8371657687350826,0.796457210918853,0.0051399136956426185
adam_70ns,3.021,60,0.8301091209867182,0.7876364012333975,0.006935548909054589
adam_70ns,3.022,60,0.8299513642677372,0.787439205334671,0.005740310052190276
adam_70ns,3.023,60,0.8316463804134554,0.789557975516819,0.006473654383340544
adam_70ns,3.024,60,0.8332342882619307,0.7915428603274133,0.004728701434290725
adam_70ns,3.025,60,0.8265092594827088,0.7831365743533859,0.008156804402334747
adam_70ns,3.026,60,0.8207682333740906,0.7759602917176133,0.006805323880555213
adam_70ns,3.027,60,0.8323515781754662,0.7904394727193327,0.006690943706346525
adam_70ns,3.028,60,0.8493551263497356,0.8116939079371692,0.003611148274981183
adam_70ns,3.029,60,0.8331827566243396,0.7914784457804246,0.007708100266166121
adam_70ns,3.03,60,0.8349692629371411,0.7937115786714262,0.0038812537137059584
adam_70ns,3.031,60,0.834310014082857,0.7928875176035711,0.003961005825465567
adam_70ns,3.032,60,0.8418397191531022,0.8022996489413777,0.005573668705335143
adam_70ns,3.033,60,0.8145050402161087,0.7681313002701355,0.005832279260703689
adam_70ns,3.034,60,0.8438467115913882,0.8048083894892353,0.004688741938327628
adam_70ns,3.035,60,0.8328913545735759,0.7911141932169699,0.005843131105224957
adam_70ns,3.036,60,0.8238533746720909,0.7798167183401135,0.006428079894364924
adam_70ns,3.037,60,0.8176960360190734,0.7721200450238419,0.007822222333550696
adam_70ns,3.038,60,0.8274496163476915,0.7843120204346145,0.006394722748094007
adam_70ns,3.039,60,0.8378013411632662,0.7972516764540825,0.00490736887895763
adam_70ns,3.04,60,0.8321467646443598,0.7901834558054495,0.006283014491315954
adam_70ns,3.041,60,0.8205447826565714,0.7756809783207139,0.007155728086372634
adam_70ns,3.042,60,0.8369972854063831,0.7962466067579789,0.004943906285639279
adam_70ns,3.043,60,0.8398478767540642,0.79980984594258,0.004784106385458944
adam_70ns,3.044,60,0.8351277770148088,0.7939097212685108,0.004721031109315819
adam_70ns,3.045,60,0.826288076942213,0.7828600961777663,0.0054299429902215385
adam_70ns,3.046,60,0.8240754282304169,0.780094285288021,0.004345247041691371
adam_70ns,3.047,60,0.834555890376268,0.793194862970335,0.005585316091008956
adam_70ns,3.048,60,0.8326999971426279,0.7908749964282847,0.007897623933410229
adam_70ns,3.049,60,0.8330408083295524,0.7913010104119405,0.0042385183133257665
adam_70ns,3.05,60,0.8323336492410424,0.7904170615513028,0.0052618280237283635
adam_70ns,3.051,60,0.8240934972987193,0.7801168716233992,0.006491328380979052
adam_70ns,3.052,60,0.8372555741948228,0.7965694677435284,0.005644206018373241
adam_70ns,3.053,60,0.8189015451515197,0.7736269314393993,0.005872491029856657
adam_70ns,3.054,60,0.8297654474676261,0.7872068093345326,0.005236514318274086
adam_70ns,3.055,60,0.8299859779350934,0.7874824724188669,0.004632204248622924
adam_70ns,3.056,60,0.8347397577126202,0.7934246971407752,0.004798818323799973
adam_70ns,3.057,60,0.8408785556777763,0.80109819459722,0.0039197171805495385
adam_70ns,3.058,60,0.8207477642469801,0.775934705308725,0.006268355966059792
adam_70ns,3.059,60,0.8201987800388992,0.775248475048624,0.007081331880695341
adam_70ns,3.06,60,0.8395836525793499,0.7994795657241871,0.007845357863816727
adam_70ns,3.061,60,0.8192029543729054,0.7740036929661316,0.007745556015569931
adam_70ns,3.062,60,0.8293527625865649,0.7866909532332059,0.005287253700717821
adam_70ns,3.063,60,0.8370580812302901,0.7963226015378628,0.003875872687998029
adam_70ns,3.064,60,0.8341601082761901,0.7927001353452374,0.005406348082093416
adam_70ns,3.065,60,0.8220781725879264,0.7775977157349079,0.006527062354621104
adam_70ns,3.066,60,0.8217254033272836,0.7771567541591042,0.006481389889551619
adam_70ns,3.067,60,0.828192589998944,0.78524073749868,0.008043569682949326
adam_70ns,3.068,60,0.8220112144753021,0.7775140180941272,0.005384363525792661
adam_70ns,3.069,60,0.8249656760436928,0.7812070950546158,0.0059307831026304365
adam_70ns,3.07,60,0.8234953151439403,0.7793691439299252,0.006347105814904896
adam_70ns,3.071,60,0.8201595009720508,0.7751993762150634,0.0056541586477171545
adam_70ns,3.072,60,0.8401437434515128,0.8001796793143908,0.0065256688313175696
adam_70ns,3.073,60,0.8380671593119899,0.7975839491399874,0.005676473227166619
adam_70ns,3.074,60,0.8386324818460555,0.7982906023075692,0.005144973951933118
adam_70ns,3.075,60,0.8176664002394596,0.7720830002993246,0.0052401420231142125
adam_70ns,3.076,60,0.8422370169673172,0.8027962712091464,0.00590415602249669
adam_70ns,3.077,60,0.8285927371873687,0.7857409214842108,0.005159923355759142
adam_70ns,3.078,60,0.8434096759695401,0.8042620949619251,0.004002880231821703
adam_70ns,3.079,60,0.8186600017868195,0.7733250022335242,0.006483033688820185
adam_70ns,3.08,60,0.833933720425285,0.792417150531606,0.005540041559150958
adam_70ns,3.081,60,0.8222066098888832,0.777758262361104,0.007976423418761196
adam_70ns,3.082,60,0.8325062964666579,0.7906328705833221,0.00561174923956966
adam_70ns,3.083,60,0.8328318685223008,0.7910398356528762,0.006243252138968277
adam_70ns,3.084,60,0.8377525687981819,0.7971907109977273,0.0054426983542704135
adam_70ns,3.085,60,0.8327297288422022,0.7909121610527529,0.0046649048270112565
adam_70ns,3.086,60,0.8358856331433171,0.7948570414291464,0.005506483219717524
adam_70ns,3.087,60,0.8267996064035847,0.7834995080044812,0.006537619044719529
adam_70ns,3.088,60,0.8216104626758844,0.7770130783448554,0.004065692564818997
adam_70ns,3.089,60,0.8213766217357016,0.7767207771696271,0.006803797128407961
adam_70ns,3.09,60,0.827366756965822,0.7842084462072771,0.00673252963879332
adam_70ns,3.091,60,0.8168930778243066,0.7711163472803834,0.005171733201899786
adam_70ns,3.092,60,0.8349120039984972,0.7936400049981212,0.004393754110875959
adam_70ns,3.093,60,0.8127791824091276,0.7659739780114094,0.006726220767307637
adam_70ns,3.094,60,0.832916393669275,0.7911454920865936,0.005524022135224311
adam_70ns,3.095,60,0.8240636991623753,0.7800796239529689,0.006321487596568082
adam_70ns,3.096,60,0.8107623387610176,0.7634529234512717,0.0073587336249162525
adam_70ns,3.097,60,0.8275823741070405,0.7844779676338006,0.0073595951117231525
adam_70ns,3.098,60,0.8207906713231549,0.7759883391539435,0.009692052200330077
adam_70ns,3.099,60,0.8271906310589163,0.7839882888236454,0.004645792283565889
adam_70ns,3.1,60,0.8382611704458939,0.7978264630573673,0.00531452680901553
adam_70ns,3.101,60,0.8226881585878059,0.7783601982347571,0.005282753076706993
adam_70ns,3.102,60,0.8396535099324396,0.7995668874155496,0.004994660282445531
adam_70ns,3.103,60,0.8236982373234687,0.7796227966543358,0.00765448910573302
adam_70ns,3.104,60,0.8192927302028897,0.7741159127536121,0.005611429143427846
adam_70ns,3.105,60,0.8097293972566227,0.7621617465707783,0.007270256597238363
adam_70ns,3.106,60,0.8375613255543135,0.7969516569428919,0.006184497843689373
adam_70ns,3.107,60,0.8260718137524314,0.7825897671905394,0.006266085730737169
adam_70ns,3.108,60,0.825753291706048,0.7821916146325599,0.010727760763518316
adam_70ns,3.109,60,0.8130114221788965,0.7662642777236205,0.008272507075540576
adam_70ns,3.11,60,0.8291865790773895,0.7864832238467366,0.0057352940311392285
adam_70ns,3.111,60,0.8170146085214061,0.7712682606517576,0.00715654040365939
adam_70ns,3.112,60,0.8180630722884369,0.7725788403605461,0.00475764277574097
adam_70ns,3.113,60,0.8152679300887636,0.7690849126109546,0.007956046503751712
adam_70ns,3.114,60,0.8266182368877488,0.7832727961096858,0.006902810346826929
adam_70ns,3.115,60,0.8182788365603724,0.7728485457004655,0.006598001958851042
adam_70ns,3.116,60,0.8223478812806264,0.7779348516007829,0.004702790894468884
adam_70ns,3.117,60,0.819948256999182,0.774935321248977,0.005266198212611106
adam_70ns,3.118,60,0.8350462737886515,0.7938078422358145,0.005589367181370454
adam_70ns,3.119,60,0.8292311564926562,0.78653894561582,0.00594258198707413
adam_70ns,3.12,60,0.8147324040965196,0.7684155051206493,0.004347350492017737
adam_70ns,3.121,60,0.8243882622852272,0.7804853278565342,0.005024469962600248
adam_70ns,3.122,60,0.8250175460789205,0.7812719325986507,0.006805775149414026
adam_70ns,3.123,60,0.8297047541258579,0.7871309426573224,0.0068690487808160654
adam_70ns,3.124,60,0.8196058587023121,0.7745073233778901,0.009126643575738464
adam_70ns,3.125,60,0.8182512778727671,0.7728140973409587,0.0051119161974614805
adam_70ns,3.126,60,0.8181285150952914,0.7726606438691145,0.006976739569161749
adam_70ns,3.127,60,0.8073904947562642,0.7592381184453304,0.004533596010179173
adam_70ns,3.128,60,0.8271580962488603,0.7839476203110753,0.005033966317029349
adam_70ns,3.129,60,0.8266881552432054,0.7833601940540066,0.005275442263170022
adam_70ns,3.13,60,0.8192052769629466,0.7740065962036835,0.004791951415010774
adam_70ns,3.131,60,0.8294628433314923,0.7868285541643654,0.005709396219705605
adam_70ns,3.132,60,0.8174644649386871,0.7718305811733587,0.004982889002645266
adam_70ns,3.133,60,0.8210792656015233,0.7763490820019042,0.005717922074286221
adam_70ns,3.134,60,0.8151206006835221,0.7689007508544027,0.007394115221782679
adam_70ns,3.135,60,0.8171854927226893,0.7714818659033615,0.006805421534605611
adam_70ns,3.136,60,0.8158231557672002,0.7697789447090002,0.005621196661198651
adam_70ns,3.137,60,0.8295074376681658,0.7868842970852074,0.005150997101938518
adam_70ns,3.138,60,0.8375756726685882,0.7969695908357352,0.004682081768609885
adam_70ns,3.139,60,0.8098962817017743,0.7623703521272176,0.007368497690319617
adam_70ns,3.14,60,0.8197351975503206,0.7746689969379008,0.007782438171785222
adam_70ns,3.141,60,0.8228491107609399,0.778561388451175,0.005615166400434709
adam_70ns,3.142,60,0.826862511791121,0.7835781397389011,0.006308652836802684
adam_70ns,3.143,60,0.8295156057207755,0.7868945071509695,0.004961935500079262
adam_70ns,3.144,60,0.8051037279407347,0.7563796599259186,0.008633848727499782
adam_70ns,3.145,60,0.8043965050909858,0.755495631363732,0.00842606105727566
adam_70ns,3.146,60,0.825104663961467,0.7813808299518338,0.005583675931914291
adam_70ns,3.147,60,0.8130061400487322,0.7662576750609151,0.006074153663885624
adam_70ns,3.148,60,0.8160631465370003,0.7700789331712504,0.007276931979927944
adam_70ns,3.149,60,0.8251112354945749,0.7813890443682185,0.005173571983314843
adam_70ns,3.15,60,0.8277983438432837,0.7847479298041047,0.005361412350029428
adam_70ns,3.151,60,0.8041202045546587,0.7551502556933237,0.007338526591832901
adam_70ns,3.152,60,0.8316458306098871,0.7895572882623586,0.00571406967788215
adam_70ns,3.153,60,0.8057360142047282,0.7571700177559101,0.011215124732181756
adam_70ns,3.154,60,0.8290042484583232,0.7862553105729042,0.006113184368730331
adam_70ns,3.155,60,0.818257958517653,0.7728224481470664,0.007136108159955889
adam_70ns,3.156,60,0.8147153283292611,0.7683941604115763,0.004447688889698323
adam_70ns,3.157,60,0.8165210707365621,0.7706513384207021,0.008119949256696934
adam_70ns,3.158,60,0.8183457049281515,0.7729321311601894,0.007359260180729804
adam_70ns,3.159,60,0.8254441524239724,0.7818051905299653,0.006471000501571921
adam_70ns,3.16,60,0.8091758662822297,0.7614698328527872,0.005885417541431116
adam_70ns,3.161,60,0.8132371427505345,0.7665464284381682,0.00508352692098248
adam_70ns,3.162,60,0.8099480365794256,0.7624350457242816,0.0065414574126726995
adam_70ns,3.163,60,0.8237887548349315,0.7797359435436643,0.006412922366144547
adam_70ns,3.164,60,0.8047246124095733,0.7559057655119664,0.006688035046281029
adam_70ns,3.165,60,0.8002883400423436,0.7503604250529293,0.0060269243541300225
adam_70ns,3.166,60,0.8241572066922693,0.7801965083653367,0.004214384096180265
adam_70ns,3.167,60,0.8102143483834567,0.7627679354793206,0.006418317450067098
adam_70ns,3.168,60,0.8276068944183654,0.7845086180229569,0.005891367250052087
adam_70ns,3.169,60,0.8153027728042599,0.7691284660053251,0.009163429838551005
adam_70ns,3.17,60,0.8175317948673881,0.7719147435842351,0.009170903754828935
adam_70ns,3.171,60,0.8030965346564835,0.7538706683206046,0.005615147277429303
adam_70ns,3.172,60,0.815465780963114,0.7693322262038922,0.006887243325569401
adam_70ns,3.173,60,0.8209462480571594,0.7761828100714491,0.006350048405508947
adam_70ns,3.174,60,0.8187416099482686,0.7734270124353358,0.0078122695420557945
adam_70ns,3.175,60,0.8096830711031964,0.7621038388789956,0.008111023626810392
adam_70ns,3.176,60,0.8074368320217289,0.7592960400271611,0.006335457730260028
adam_70ns,3.177,60,0.8257199794481807,0.7821499743102258,0.006444894958896334
adam_70ns,3.178,60,0.8182361950864078,0.7727952438580098,0.005929607177891716
adam_70ns,3.179,60,0.8292790499871953,0.7865988124839941,0.006104795407609781
adam_70ns,3.18,60,0.8222651476757028,0.7778314345946284,0.005886656606113484
adam_70ns,3.181,60,0.8136917648641536,0.7671147060801922,0.008556650098708828
adam_70ns,3.182,60,0.8185067473489828,0.773133434186228,0.004030403479954284
adam_70ns,3.183,60,0.812812562793302,0.7660157034916275,0.010243205854592203
adam_70ns,3.184,60,0.8064732626071663,0.7580915782589579,0.0057147536075079
adam_70ns,3.185,60,0.8173910203734973,0.7717387754668719,0.006362933793135773
adam_70ns,3.186,60,0.8147785385649758,0.7684731732062198,0.007455350298787956
adam_70ns,3.187,60,0.8125491408087502,0.7656864260109376,0.00793703300235536
adam_70ns,3.188,60,0.8073660782742522,0.7592075978428156,0.010483435719115593
adam_70ns,3.189,60,0.8184312744378825,0.7730390930473531,0.005973489571858178
adam_70ns,3.19,60,0.8087559964192468,0.7609449955240585,0.010352542543413027
adam_70ns,3.191,60,0.8148829327248279,0.7686036659060349,0.004580402837309673
adam_70ns,3.192,60,0.8135810233190865,0.7669762791488581,0.00870094541061281
adam_70ns,3.193,60,0.802597063013452,0.753246328766815,0.008296131892375151
adam_70ns,3.194,60,0.8075286486113739,0.7594108107642172,0.0075858009864735055
adam_70ns,3.195,60,0.808849675648279,0.761062094560349,0.006804227458225069
adam_70ns,3.196,60,0.8206604740734257,0.7758255925917817,0.005262809942743171
adam_70ns,3.197,60,0.8197697300340261,0.7747121625425327,0.005880137324860081
adam_70ns,3.198,60,0.8227886507557095,0.778485813444637,0.006049618969664499
adam_70ns,3.199,60,0.8085295768746547,0.7606619710933182,0.0081037335830898
adam_70ns,3.2,60,0.8050448057469901,0.7563060071837376,0.005299505931686877
adam_70ns,3.201,60,0.8165070763554954,0.7706338454443691,0.0068011244758689055
adam_70ns,3.202,60,0.8196767070841979,0.7745958838552475,0.0065014750240483315
adam_70ns,3.203,60,0.8158438685087813,0.7698048356359767,0.006007810212889991
adam_70ns,3.204,60,0.8198406909872262,0.7748008637340327,0.006669212384419808
adam_70ns,3.205,60,0.7960531577620265,0.7450664472025331,0.01038582194081158
adam_70ns,3.206,60,0.8156015551923494,0.7695019439904367,0.009215338110561208
adam_70ns,3.207,60,0.8119580814378072,0.7649476017972588,0.006516516193258443
adam_70ns,3.208,60,0.8103466299344231,0.7629332874180287,0.00731396594675596
adam_70ns,3.209,60,0.8210436660300471,0.776304582537559,0.00637300473887721
adam_70ns,3.21,60,0.7970142648448655,0.7462678310560817,0.00934822004002766
adam_70ns,3.211,60,0.8108106818159033,0.7635133522698794,0.008268467896048346
adam_70ns,3.212,60,0.8091211373022813,0.7614014216278517,0.007985858252268711
adam_70ns,3.213,60,0.8330442630656743,0.7913053288320929,0.006063612994166431
adam_70ns,3.214,60,0.8177188404356976,0.7721485505446222,0.0056254078726860396
adam_70ns,3.215,60,0.8198573199763244,0.7748216499704055,0.005315830597231109
adam_70ns,3.216,60,0.8029301513061441,0.7536626891326803,0.008946737372242514
adam_70ns,3.217,60,0.8214988516384644,0.7768735645480808,0.004427018262931102
adam_70ns,3.218,60,0.8100209397911767,0.7625261747389709,0.008298051404618964
adam_70ns,3.219,60,0.8085969307218268,0.7607461634022832,0.0062068494179778385
adam_70ns,3.22,60,0.810112445668313,0.762640557085391,0.007462497519783249
adam_70ns,3.221,60,0.8113376913552668,0.7641721141940834,0.005921411658611827
adam_70ns,3.222,60,0.817996421519448,0.7724955268993097,0.006946302414234416
adam_70ns,3.223,60,0.8145743365776991,0.7682179207221239,0.00613378234152332
adam_70ns,3.224,60,0.8262195747141476,0.7827744683926846,0.00783549343193702
adam_70ns,3.225,60,0.8360531814455489,0.7950664768069358,0.008249088218553661
adam_70ns,3.226,60,0.8008989325359119,0.7511236656698901,0.006060065589889658
adam_70ns,3.227,60,0.8065681107815946,0.7582101384769933,0.009782934013171029
adam_70ns,3.228,60,0.8059156100932887,0.7573945126166108,0.006968013438674057
adam_70ns,3.229,60,0.8075823543503495,0.7594779429379367,0.0062735944488576225
adam_70ns,3.23,60,0.818903453735884,0.7736293171698546,0.00818265665593995
adam_70ns,3.231,60,0.8127344556722118,0.7659180695902648,0.0071619303837624085
adam_70ns,3.232,60,0.801345011436342,0.7516812642954274,0.0068929763867387975
adam_70ns,3.233,60,0.8142568437498252,0.7678210546872813,0.00767779234649309
adam_70ns,3.234,60,0.8057715781211198,0.7572144726513996,0.00607215374372187
adam_70ns,3.235,60,0.8097832008818706,0.762229001102338,0.007499515712746249
adam_70ns,3.236,60,0.8158980267776395,0.7698725334720495,0.007172215679913157
adam_70ns,3.237,60,0.8113047271472683,0.7641309089340852,0.006167032338467645
adam_70ns,3.238,60,0.8220311409197573,0.7775389261496966,0.007569020632082208
adam_70ns,3.239,60,0.8155153552160521,0.7693941940200655,0.00502035034937487
adam_70ns,3.24,60,0.7925689233737094,0.7407111542171366,0.005443682505933998
adam_70ns,3.241,60,0.8119687276483467,0.7649609095604333,0.006728298475364814
adam_70ns,3.242,60,0.8012376667356119,0.7515470834195148,0.009035144439684737
adam_70ns,3.243,60,0.8124703036891155,0.7655878796113945,0.006431040998142596
adam_70ns,3.244,60,0.8165922473647396,0.7707403092059245,0.006751807846443649
adam_70ns,3.245,60,0.8226114355870247,0.7782642944837809,0.007734529848745606
adam_70ns,3.246,60,0.8164276271565346,0.7705345339456681,0.007182669527007027
adam_70ns,3.247,60,0.8214155879367415,0.7767694849209266,0.006947812801201875
adam_70ns,3.248,60,0.8103584851932194,0.7629481064915243,0.006331555755141785
adam_70ns,3.249,60,0.7978438008263636,0.7473047510329546,0.007130081749295964
adam_70ns,3.25,60,0.8074478714856288,0.7593098393570358,0.008709436000226107
adam_70ns,3.251,60,0.8253647369418049,0.7817059211772562,0.005894648675609441
adam_70ns,3.252,60,0.8056420943934732,0.7570526179918414,0.0066060052798364
adam_70ns,3.253,60,0.8059608568932632,0.7574510711165788,0.007150856560616886
adam_70ns,3.254,60,0.7995895483037329,0.7494869353796659,0.009592714243871567
adam_70ns,3.255,60,0.8071075179284946,0.7588843974106182,0.006252846492010547
adam_70ns,3.256,60,0.8074133585410256,0.7592666981762817,0.008886966337056578
adam_70ns,3.257,60,0.7870550897405721,0.7338188621757151,0.010581132525712853
adam_70ns,3.258,60,0.8036221959797155,0.7545277449746445,0.008054701017627638
adam_70ns,3.259,60,0.7985902724466075,0.7482378405582595,0.007994635393121856
adam_70ns,3.26,60,0.8110009151899003,0.7637511439873753,0.00734855248610763
adam_70ns,3.261,60,0.801286839513379,0.7516085493917237,0.006519031482627267
adam_70ns,3.262,60,0.8121933822197349,0.7652417277746685,0.004953453469546263
adam_70ns,3.263,60,0.8049075471230854,0.7561344339038568,0.008303611667012933
adam_70ns,3.264,60,0.8052711674056076,0.7565889592570094,0.007770255667302081
adam_70ns,3.265,60,0.8189051408056678,0.7736314260070846,0.0070459284056850245
adam_70ns,3.266,60,0.803181734440517,0.7539771680506461,0.007263085770093103
adam_70ns,3.267,60,0.8083840999670375,0.760480124958797,0.009870328770114263
adam_70ns,3.268,60,0.8189983345206724,0.7737479181508404,0.008361246527896682
adam_70ns,3.269,60,0.7992390745050904,0.749048843131363,0.007234060476422934
adam_70ns,3.27,60,0.8037996757461349,0.7547495946826684,0.008920556125580811
adam_70ns,3.271,60,0.7948464442001647,0.7435580552502057,0.00552404224774769
adam_70ns,3.272,60,0.8096145728473925,0.7620182160592407,0.004198863897022773
adam_70ns,3.273,60,0.8034114906193146,0.754264363274143,0.007656140800629643
adam_70ns,3.274,60,0.8036220433133278,0.7545275541416596,0.006949107184400616
adam_70ns,3.275,60,0.8016530328289083,0.7520662910361352,0.00861028532094213
adam_70ns,3.276,60,0.8116777928856106,0.7645972411070132,0.005966022325795158
adam_70ns,3.277,60,0.7987311404207794,0.7484139255259741,0.007593770825910067
adam_70ns,3.278,60,0.7993336477527911,0.7491670596909887,0.009881758567069606
adam_70ns,3.279,60,0.8159381479267417,0.769922684908427,0.005687640837937871
adam_70ns,3.28,60,0.8085144178546501,0.7606430223183123,0.008731619182272865
adam_70ns,3.281,60,0.8240806944745478,0.7801008680931848,0.005978160586467932
adam_70ns,3.282,60,0.8046598429229971,0.755824803653746,0.007998201081456786
adam_70ns,3.283,60,0.8203631405158376,0.7754539256447968,0.0053014320275881896
adam_70ns,3.284,60,0.8115631892690232,0.7644539865862789,0.006302155767126245
adam_70ns,3.285,60,0.7963984785109178,0.7454980981386473,0.007449483098793114
adam_70ns,3.286,60,0.8127176243549951,0.7658970304437439,0.004756062172169632
adam_70ns,3.287,60,0.8170976189219797,0.7713720236524747,0.005481623588664841
adam_70ns,3.288,60,0.7942348593029933,0.7427935741287415,0.007913881774184723
adam_70ns,3.289,60,0.8037428677169514,0.7546785846461891,0.009610597984270847
adam_70ns,3.29,60,0.8087377370274766,0.7609221712843456,0.005773816024536444
adam_70ns,3.291,60,0.7980239369250524,0.7475299211563154,0.008774859368714189
adam_70ns,3.292,60,0.805534993906857,0.7569187423835715,0.007666617984163201
adam_70ns,3.293,60,0.806769829997141,0.7584622874964262,0.005809934148114853
adam_70ns,3.294,60,0.8120472531958788,0.7650590664948483,0.005773211757446296
adam_70ns,3.295,60,0.8109316346363058,0.763664543295382,0.007544324422170043
adam_70ns,3.296,60,0.7827938604148769,0.728492325518596,0.008256532353874043
adam_70ns,3.297,60,0.8127369428839659,0.7659211786049572,0.005736094569333346
adam_70ns,3.298,60,0.8079717728477038,0.7599647160596298,0.0061241591290783475
adam_70ns,3.299,60,0.8031524088395181,0.7539405110493976,0.006017633160106081
adam_70ns,3.3,60,0.808478855100109,0.7605985688751359,0.006960434607108306
adam_70ns,3.301,60,0.8137708122594411,0.7672135153243015,0.00792085262960729
adam_70ns,3.302,60,0.8159369523188881,0.7699211903986101,0.0060121694995022784
adam_70ns,3.303,60,0.7899170442560821,0.7373963053201027,0.012410019687268252
adam_70ns,3.304,60,0.8051307719128055,0.7564134648910067,0.007013739635652002
adam_70ns,3.305,60,0.7952334513719747,0.7440418142149684,0.009714997022707636
adam_70ns,3.306,60,0.8097951518952243,0.7622439398690302,0.006880104575594706
adam_70ns,3.307,60,0.8013670077090244,0.7517087596362807,0.007828740403407952
adam_70ns,3.308,60,0.8128725661131126,0.7660907076413909,0.005646415919633479
adam_70ns,3.309,60,0.7990132098365592,0.7487665122956991,0.008650716146556239
adam_70ns,3.31,60,0.8014276533152146,0.7517845666440182,0.006292100937520064
adam_70ns,3.311,60,0.8001343776979486,0.7501679721224356,0.009072136200311718
adam_70ns,3.312,60,0.8021591742422545,0.7526989678028179,0.006079275372414733
adam_70ns,3.313,60,0.7956506229372704,0.744563278671588,0.008496067641353558
adam_70ns,3.314,60,0.8094977469162692,0.7618721836453362,0.010191814888166038
adam_70ns,3.315,60,0.8103883755309802,0.7629854694137255,0.007111265435401021
adam_70ns,3.316,60,0.8067054709080662,0.7583818386350824,0.006132090409394415
adam_70ns,3.317,60,0.7956719469864433,0.7445899337330543,0.006197652823570505
adam_70ns,3.318,60,0.8220436805637835,0.777554600704729,0.006143422921593055
adam_70ns,3.319,60,0.7948238931427271,0.7435298664284088,0.007286360865560782
adam_70ns,3.32,60,0.7961848987421012,0.7452311234276264,0.005788286698979953
adam_70ns,3.321,60,0.8105563478960104,0.7631954348700131,0.007538247862710917
adam_70ns,3.322,60,0.8067111941457121,0.7583889926821403,0.005735472486539302
adam_70ns,3.323,60,0.8125418297205844,0.7656772871507306,0.004634907977370552
adam_70ns,3.324,60,0.8141264584879027,0.7676580731098783,0.0043569038390460875
adam_70ns,3.325,60,0.8035132245295918,0.7543915306619895,0.00599769728104836
adam_70ns,3.326,60,0.8004696428028955,0.7505870535036194,0.006656896346817072
adam_70ns,3.327,60,0.8019931894724706,0.7524914868405881,0.007500985954010301
adam_70ns,3.328,60,0.7904539750192003,0.7380674687740004,0.008401561393946155
adam_70ns,3.329,60,0.7838455101779236,0.7298068877224043,0.009069127855161839
adam_70ns,3.33,60,0.7954615683070361,0.744326960383795,0.00914086172692553
adam_70ns,3.331,60,0.7987150038908362,0.7483937548635454,0.005980636380907918
adam_70ns,3.332,60,0.8059418261832647,0.7574272827290806,0.00898791618311948
adam_70ns,3.333,60,0.8099498391305456,0.762437298913182,0.006448149150084903
adam_70ns,3.334,60,0.788213760717249,0.7352672008965612,0.0072466800136783555
adam_70ns,3.335,60,0.8054333236685128,0.7567916545856409,0.00801034381227721
adam_70ns,3.336,60,0.801556804906606,0.7519460061332572,0.01004113755329565
adam_70ns,3.337,60,0.7842707538042213,0.7303384422552767,0.0083105079267095
adam_70ns,3.338,60,0.7751246352073972,0.7189057940092461,0.006196048521105013
adam_70ns,3.339,60,0.7957831496456884,0.7447289370571106,0.005901504545567174
adam_70ns,3.34,60,0.8029556595312872,0.7536945744141089,0.006402869655448121
adam_70ns,3.341,60,0.7968335434826849,0.7460419293533559,0.009192774615166578
adam_70ns,3.342,60,0.8050117818818976,0.7562647273523718,0.006867985966528128
adam_70ns,3.343,60,0.8011327356392037,0.7514159195490046,0.006592089046486183
adam_70ns,3.344,60,0.7961949690149231,0.745243711268654,0.008567417782288188
adam_70ns,3.345,60,0.8195210382974285,0.7744012978717857,0.006550437504463007
adam_70ns,3.346,60,0.7981613858212286,0.7477017322765356,0.006464304641035825
adam_70ns,3.347,60,0.8078141740942428,0.7597677176178036,0.005866979366470886
adam_70ns,3.348,60,0.8042094610747434,0.7552618263434291,0.0064357265926856975
adam_70ns,3.349,60,0.7903242696856332,0.7379053371070416,0.013670261021279774
adam_70ns,3.35,60,0.812496678524945,0.7656208481561814,0.009730128434668365
adam_70ns,3.351,60,0.8038104466149942,0.754763058268743,0.007921280957786336
adam_70ns,3.352,60,0.7895023345964416,0.736877918245552,0.009312528135897521
adam_70ns,3.353,60,0.7873710622513163,0.7342138278141453,0.009794146138765614
adam_70ns,3.354,60,0.8042910226984015,0.755363778373002,0.0063762929185172635
adam_70ns,3.355,60,0.8063736661556041,0.757967082694505,0.008022321143895079
adam_70ns,3.356,60,0.8026564710274475,0.7533205887843094,0.008859296105267733
adam_70ns,3.357,60,0.8014534266548022,0.7518167833185028,0.0063628420547151105
adam_70ns,3.358,60,0.809231372194523,0.7615392152431537,0.007099724856178195
adam_70ns,3.359,60,0.7966829452252756,0.7458536815315944,0.014330358853324654
adam_70ns,3.36,60,0.7943592733239332,0.7429490916549164,0.008423561552183566
adam_70ns,3.361,60,0.7978703802155849,0.747337975269481,0.010599999140061388
adam_70ns,3.362,60,0.8051264536649279,0.7564080670811595,0.0080940728775064
adam_70ns,3.363,60,0.7991364417498397,0.7489205521872997,0.009498456598469283
adam_70ns,3.364,60,0.7952613892573482,0.7440767365716853,0.006697719030823011
adam_70ns,3.365,60,0.7803908653944123,0.7254885817430152,0.006748564090486519
adam_70ns,3.366,60,0.8008012289451756,0.7510015361814695,0.008121652781862061
adam_70ns,3.367,60,0.7859961595086783,0.7324951993858478,0.0096437641043287
adam_70ns,3.368,60,0.7704948957816448,0.7131186197270559,0.010639100271995142
adam_70ns,3.369,60,0.8102289846742794,0.7627862308428492,0.005123031141054841
adam_70ns,3.37,60,0.7880844166854349,0.7351055208567936,0.0068002664010190245
adam_70ns,3.371,60,0.7904204210605767,0.738025526325721,0.007006633142101577
adam_70ns,3.372,60,0.7899924328791716,0.7374905410989644,0.007772271314952267
adam_70ns,3.373,60,0.8023019370023872,0.7528774212529837,0.006978719855173548
adam_70ns,3.374,60,0.7878863516023753,0.7348579395029692,0.013906584879759789
adam_70ns,3.375,60,0.8045587295034,0.7556984118792502,0.00821496715989286
adam_70ns,3.376,60,0.7933813753973067,0.7417267192466334,0.009338032208112938
adam_70ns,3.377,60,0.7962186061235511,0.745273257654439,0.006627377365635185
adam_70ns,3.378,60,0.7883138231792144,0.7353922789740178,0.009262347205899867
adam_70ns,3.379,60,0.8033008883776898,0.7541261104721122,0.006610166304042963
adam_70ns,3.38,60,0.8094274411353344,0.7617843014191679,0.005624006836646461
adam_70ns,3.381,60,0.7916434587308296,0.7395543234135371,0.008349240016471091
adam_70ns,3.382,60,0.7985147773527898,0.748143471690987,0.006512560154473195
adam_70ns,3.383,60,0.8143641171414724,0.7679551464268406,0.0053210979371822965
adam_70ns,3.384,60,0.8110251450714014,0.7637814313392517,0.006758850882056576
adam_70ns,3.385,60,0.794072312758138,0.7425903909476724,0.010156960752553673
adam_70ns,3.386,60,0.8148763685112677,0.7685954606390847,0.006728406634973097
adam_70ns,3.387,60,0.7861468987190483,0.7326836233988102,0.010078478515020013
adam_70ns,3.388,60,0.7802316726532823,0.7252895908166028,0.007416983052729819
adam_70ns,3.389,60,0.799260901577686,0.7490761269721076,0.007813369021806902
adam_70ns,3.39,60,0.8049037128566117,0.7561296410707644,0.0076087441832988325
adam_70ns,3.391,60,0.7850833164165899,0.7313541455207375,0.012367245068800107
adam_70ns,3.392,60,0.7854734316740057,0.7318417895925072,0.00704650872484788
adam_70ns,3.393,60,0.8082065863443764,0.7602582329304702,0.007610789749213389
adam_70ns,3.394,60,0.7844247737119011,0.730530967139876,0.008397980297071837
adam_70ns,3.395,60,0.8075380904561875,0.7594226130702345,0.006932271057039793
adam_70ns,3.396,60,0.783698234127463,0.7296227926593287,0.007653119534631719
adam_70ns,3.397,60,0.7820438437833039,0.7275548047291299,0.007491722127607761
adam_70ns,3.398,60,0.7805333705581231,0.7256667131976536,0.007349967745852639
adam_70ns,3.399,60,0.7765815727688392,0.7207269659610492,0.0067363532132760605
adam_70ns,3.4,60,0.7881162119152358,0.735145264894045,0.00902088080731329
adam_70ns,3.401,60,0.7891857900338218,0.7364822375422769,0.008626733718001694
adam_70ns,3.402,60,0.7870830443047673,0.733853805380959,0.010953183562341819
adam_70ns,3.403,60,0.786774665340751,0.7334683316759387,0.010764711770211492
adam_70ns,3.404,60,0.7806191397790441,0.7257739247238052,0.011607046250297268
adam_70ns,3.405,60,0.7734034994699286,0.7167543743374108,0.013004293277342002
adam_70ns,3.406,60,0.7966079304391864,0.745759913048983,0.007873504592329853
adam_70ns,3.407,60,0.8031038784973987,0.7538798481217484,0.005466694364660165
adam_70ns,3.408,60,0.7821483752608384,0.727685469076048,0.008413456359413884
adam_70ns,3.409,60,0.7970460981697344,0.746307622712168,0.008473131026992929
adam_70ns,3.41,60,0.81786085968937,0.7723260746117124,0.004592616969911234
adam_70ns,3.411,60,0.7722760019428418,0.7153450024285523,0.010575585004153492
adam_70ns,3.412,60,0.7919098235264059,0.7398872794080074,0.006162595721049087
adam_70ns,3.413,60,0.802632011302121,0.7532900141276513,0.009505310176836822
adam_70ns,3.414,60,0.7982344647007019,0.7477930808758774,0.00816102675441298
adam_70ns,3.415,60,0.8031652121098694,0.7539565151373366,0.006541948936891371
adam_70ns,3.416,60,0.7846273028029979,0.7307841285037472,0.006842029700121408
adam_70ns,3.417,60,0.7824771412772433,0.728096426596554,0.010703872958726131
adam_70ns,3.418,60,0.7833128754477969,0.7291410943097462,0.010774038580481404
adam_70ns,3.419,60,0.7974495404136251,0.7468119255170315,0.00823261514053371
adam_70ns,3.42,60,0.7902819359117398,0.7378524198896748,0.01134495642769786
adam_70ns,3.421,60,0.7849772925797276,0.7312216157246596,0.005464806440800819
adam_70ns,3.422,60,0.7768574656993499,0.7210718321241874,0.008531055196685856
adam_70ns,3.423,60,0.7758211938546105,0.7197764923182632,0.014619206018398759
adam_70ns,3.424,60,0.7764294904478635,0.7205368630598293,0.009318004249629362
adam_70ns,3.425,60,0.7817529779158254,0.7271912223947816,0.009538171962301426
adam_70ns,3.426,60,0.7999481193144711,0.7499351491430889,0.008368410282628096
adam_70ns,3.427,60,0.7828396840061423,0.728549605007678,0.008976828334816812
adam_70ns,3.428,60,0.7876593308531568,0.7345741635664458,0.007429182995117233
adam_70ns,3.429,60,0.8090455911757947,0.7613069889697431,0.006073177708516395
adam_70ns,3.43,60,0.7878582041738343,0.7348227552172929,0.009483401402954787
adam_70ns,3.431,60,0.7792744958924355,0.7240931198655444,0.010913760409791
adam_70ns,3.432,60,0.7753864597921045,0.7192330747401307,0.012483224131519305
adam_70ns,3.433,60,0.8048720778173568,0.7560900972716961,0.0072658119292500585
adam_70ns,3.434,60,0.7855857604190952,0.7319822005238688,0.01040632843681793
adam_70ns,3.435,60,0.7963252902860876,0.7454066128576095,0.005764569080505448
adam_70ns,3.436,60,0.805597567243731,0.7569969590546636,0.007934363271458895
adam_70ns,3.437,60,0.7888994735322334,0.7361243419152916,0.007063415927704342
adam_70ns,3.438,60,0.7909595356421378,0.738699419552672,0.00819051304122085
adam_70ns,3.439,60,0.795869032562198,0.7448362907027476,0.006704504200490337
adam_70ns,3.44,60,0.7969339924757646,0.7461674905947058,0.007773981421452119
adam_70ns,3.441,60,0.7931512339451131,0.7414390424313912,0.007087476481409702
adam_70ns,3.442,60,0.7936230428785753,0.7420288035982191,0.01045092592736197
adam_70ns,3.443,60,0.790273261650872,0.7378415770635898,0.007964424026739081
adam_70ns,3.444,60,0.7920666195067108,0.7400832743833882,0.007222920726492956
adam_70ns,3.445,60,0.7911695377268995,0.7389619221586241,0.008363149696249567
adam_70ns,3.446,60,0.7866609674874171,0.7333262093592713,0.00997980945939075
adam_70ns,3.447,60,0.7819633857731927,0.7274542322164907,0.008981270352558392
adam_70ns,3.448,60,0.7667920075935815,0.7084900094919766,0.012798034790367141
adam_70ns,3.449,60,0.8022694383159052,0.7528367978948816,0.005837629617924989
adam_70ns,3.45,60,0.787744808658024,0.7346810108225299,0.008747186042116144
adam_70ns,3.451,60,0.7860034545797044,0.7325043182246305,0.006643833105859195
adam_70ns,3.452,60,0.7740832065003529,0.7176040081254409,0.009274406093401216
adam_70ns,3.453,60,0.7806530999773289,0.725816374971661,0.010175768678638663
adam_70ns,3.454,60,0.7931854942402472,0.741481867800309,0.010515111329063472
adam_70ns,3.455,60,0.7746533755656767,0.7183167194570961,0.012662636946580142
adam_70ns,3.456,60,0.793872559888699,0.7423406998608737,0.007771720062963795
adam_70ns,3.457,60,0.8027693107585492,0.7534616384481863,0.005338146088519931
adam_70ns,3.458,60,0.7939933284984535,0.742491660623067,0.007404296326049198
adam_70ns,3.459,60,0.7822524755578142,0.7278155944472678,0.0060058048074581654
adam_70ns,3.46,60,0.7936359914275024,0.7420449892843781,0.0065794398957800026
adam_70ns,3.461,60,0.7928089090261697,0.7410111362827121,0.009912407619257517
adam_70ns,3.462,60,0.7961923506358052,0.7452404382947563,0.00920906458337
adam_70ns,3.463,60,0.7882855937941905,0.7353569922427383,0.007906894962803925
adam_70ns,3.464,60,0.7893954492292496,0.7367443115365618,0.009715376064978696
adam_70ns,3.465,60,0.7929922652141295,0.7412403315176619,0.005040704473796518
adam_70ns,3.466,60,0.7845568096292116,0.7306960120365144,0.007405473616846384
adam_70ns,3.467,60,0.7815201201199388,0.7269001501499235,0.009521995852186898
adam_70ns,3.468,60,0.7972249948681496,0.7465312435851867,0.00690842878136187
adam_70ns,3.469,60,0.7877327989817478,0.7346659987271847,0.013303119368010109
adam_70ns,3.47,60,0.7835932510154678,0.7294915637693347,0.008144824261880613
adam_70ns,3.471,60,0.7811404862941592,0.7264256078676987,0.007885537012992614
adam_70ns,3.472,60,0.7831587803766668,0.7289484754708333,0.00743939157097702
adam_70ns,3.473,60,0.7925359901390433,0.7406699876738042,0.0077148726196052935
adam_70ns,3.474,60,0.7888126355183895,0.7360157943979867,0.005530922208943919
adam_70ns,3.475,60,0.7874943201125788,0.7343679001407235,0.009189995766086898
adam_70ns,3.476,60,0.7629463960639064,0.7036829950798827,0.0115790740704587
adam_70ns,3.477,60,0.788802008957372,0.7360025111967148,0.007805865899844499
adam_70ns,3.478,60,0.7912880487825923,0.7391100609782402,0.00617651374394926
adam_70ns,3.479,60,0.7948700104590984,0.7435875130738729,0.00694572970075122
adam_70ns,3.48,60,0.7873102379243382,0.7341377974054226,0.010548098079228364
adam_70ns,3.481,60,0.7858309070663705,0.7322886338329632,0.008743365600185479
adam_70ns,3.482,60,0.7908281869737569,0.738535233717196,0.006361091904821246
adam_70ns,3.483,60,0.7967350994205589,0.7459188742756986,0.008307535881488063
adam_70ns,3.484,60,0.7704950074540601,0.7131187593175753,0.010692662210476767
adam_70ns,3.485,60,0.7935143369586001,0.74189292119825,0.008172533755013667
adam_70ns,3.486,60,0.7820550643924629,0.7275688304905784,0.009871517461928504
adam_70ns,3.487,60,0.7769315356823215,0.7211644196029019,0.010906087952100118
adam_70ns,3.488,60,0.7937995949281306,0.7422494936601631,0.007035523030983556
adam_70ns,3.489,60,0.776267625966192,0.7203345324577398,0.009711631900965788
adam_70ns,3.49,60,0.7673455261155341,0.7091819076444177,0.009029775944288589
adam_70ns,3.491,60,0.7779985207411468,0.7224981509264333,0.006418504678742249
adam_70ns,3.492,60,0.7842318555341664,0.7302898194177081,0.010681171844018324
adam_70ns,3.493,60,0.7787027946433631,0.7233784933042039,0.009080583098577604
adam_70ns,3.494,60,0.7879438388347219,0.7349297985434023,0.00906416859914455
adam_70ns,3.495,60,0.7803139427321925,0.7253924284152405,0.008900241416494025
adam_70ns,3.496,60,0.7926729249386364,0.7408411561732957,0.005997560449344924
adam_70ns,3.497,60,0.7813907116586256,0.7267383895732819,0.009874815494597976
adam_70ns,3.498,60,0.7734181744357127,0.7167727180446409,0.010404887697919696
adam_70ns,3.499,60,0.7868912806429562,0.7336141008036949,0.005151826017260092
adam_70ns,3.5,60,0.7710299984965268,0.7137874981206586,0.010399752692018545
